# 25 columns: send_time_s, ee_l x6, ee_r x6, ee_waist x6, cap_l, cap_r, head_att x3, post_segment_delay_s
# EEF arm poses are SDK controller wrist frames in base coordinates; R=Rz(yaw)Ry(pitch)Rx(roll).
# Controller-side IK can choose a different branch, so this EEF task is not collision-certified.
5.0000000000,0.4285376032,0.3031990857,0.5246241456,-0.0699955757,-0.0815568582,-0.4279015966,0.4209470924,-0.1642459284,0.5421547941,0.0073990892,0.0113452620,-0.3272438184,0.1155000000,-0.0000000000,0.7061338532,0.0000000000,0.5235987756,0.0000000000,1.0000000000,1.0000000000,0.0000000000,0.0000000000,0.0000000000,0.0000000000
0.0200000000,0.4285376032,0.3031990857,0.5246241456,-0.0699955757,-0.0815568582,-0.4279015966,0.4209470924,-0.1642459284,0.5421547941,0.0073990892,0.0113452620,-0.3272438184,0.1155000000,-0.0000000000,0.7061338532,0.0000000000,0.5235987756,0.0000000000,1.0000000000,1.0000000000,0.0000000000,0.0000000000,0.0000000000,0.0000000000
0.0200000000,0.4285376032,0.3031990857,0.5246241456,-0.0699955757,-0.0815568582,-0.4279015966,0.4209470924,-0.1642459284,0.5421547941,0.0073990892,0.0113452620,-0.3272438184,0.1155000000,-0.0000000000,0.7061338532,0.0000000000,0.5235987756,0.0000000000,1.0000000000,1.0000000000,0.0000000000,0.0000000000,0.0000000000,0.0000000000
0.0200000000,0.4285376032,0.3031990857,0.5246241456,-0.0699955757,-0.0815568582,-0.4279015966,0.4209470924,-0.1642459284,0.5421547941,0.0073990892,0.0113452620,-0.3272438184,0.1155000000,-0.0000000000,0.7061338532,0.0000000000,0.5235987756,0.0000000000,1.0000000000,1.0000000000,0.0000000000,0.0000000000,0.0000000000,0.0000000000
0.0200000000,0.4285376032,0.3031990857,0.5246241456,-0.0699955757,-0.0815568582,-0.4279015966,0.4209470924,-0.1642459284,0.5421547941,0.0073990892,0.0113452620,-0.3272438184,0.1155000000,-0.0000000000,0.7061338532,0.0000000000,0.5235987756,0.0000000000,1.0000000000,1.0000000000,0.0000000000,0.0000000000,0.0000000000,0.0000000000
0.0200000000,0.4285376032,0.3031990857,0.5246241456,-0.0699955757,-0.0815568582,-0.4279015966,0.4209470924,-0.1642459284,0.5421547941,0.0073990892,0.0113452620,-0.3272438184,0.1155000000,-0.0000000000,0.7061338532,0.0000000000,0.5235987756,0.0000000000,1.0000000000,1.0000000000,0.0000000000,0.0000000000,0.0000000000,0.0000000000
0.0200000000,0.4285376032,0.3031990857,0.5246241456,-0.0699955757,-0.0815568582,-0.4279015966,0.4209470924,-0.1642459284,0.5421547941,0.0073990892,0.0113452620,-0.3272438184,0.1155000000,-0.0000000000,0.7061338532,0.0000000000,0.5235987756,0.0000000000,1.0000000000,1.0000000000,0.0000000000,0.0000000000,0.0000000000,0.0000000000
0.0200000000,0.4285376032,0.3031990857,0.5246241456,-0.0699955757,-0.0815568582,-0.4279015966,0.4209470924,-0.1642459284,0.5421547941,0.0073990892,0.0113452620,-0.3272438184,0.1155000000,-0.0000000000,0.7061338532,0.0000000000,0.5235987756,0.0000000000,1.0000000000,1.0000000000,0.0000000000,0.0000000000,0.0000000000,0.0000000000
0.0200000000,0.4285376032,0.3031990857,0.5246241456,-0.0699955757,-0.0815568582,-0.4279015966,0.4209470924,-0.1642459284,0.5421547941,0.0073990892,0.0113452620,-0.3272438184,0.1155000000,-0.0000000000,0.7061338532,0.0000000000,0.5235987756,0.0000000000,1.0000000000,1.0000000000,0.0000000000,0.0000000000,0.0000000000,0.0000000000
0.0200000000,0.4285376032,0.3031990857,0.5246241456,-0.0699955757,-0.0815568582,-0.4279015966,0.4209470924,-0.1642459284,0.5421547941,0.0073990892,0.0113452620,-0.3272438184,0.1155000000,-0.0000000000,0.7061338532,0.0000000000,0.5235987756,0.0000000000,1.0000000000,1.0000000000,0.0000000000,0.0000000000,0.0000000000,0.0000000000
0.0200000000,0.4285376032,0.3031990857,0.5246241456,-0.0699955757,-0.0815568582,-0.4279015966,0.4209470924,-0.1642459284,0.5421547941,0.0073990892,0.0113452620,-0.3272438184,0.1155000000,-0.0000000000,0.7061338532,0.0000000000,0.5235987756,0.0000000000,1.0000000000,1.0000000000,0.0000000000,0.0000000000,0.0000000000,0.0000000000
0.0200000000,0.4285376032,0.3031990857,0.5246241456,-0.0699955757,-0.0815568582,-0.4279015966,0.4209470924,-0.1642459284,0.5421547941,0.0073990892,0.0113452620,-0.3272438184,0.1155000000,-0.0000000000,0.7061338532,0.0000000000,0.5235987756,0.0000000000,1.0000000000,1.0000000000,0.0000000000,0.0000000000,0.0000000000,0.0000000000
0.0200000000,0.4285376032,0.3031990857,0.5246241456,-0.0699955757,-0.0815568582,-0.4279015966,0.4209470924,-0.1642459284,0.5421547941,0.0073990892,0.0113452620,-0.3272438184,0.1155000000,-0.0000000000,0.7061338532,0.0000000000,0.5235987756,0.0000000000,1.0000000000,1.0000000000,0.0000000000,0.0000000000,0.0000000000,0.0000000000
0.0200000000,0.4285376032,0.3031990857,0.5246241456,-0.0699955757,-0.0815568582,-0.4279015966,0.4209470924,-0.1642459284,0.5421547941,0.0073990892,0.0113452620,-0.3272438184,0.1155000000,-0.0000000000,0.7061338532,0.0000000000,0.5235987756,0.0000000000,1.0000000000,1.0000000000,0.0000000000,0.0000000000,0.0000000000,0.0000000000
0.0200000000,0.4285376032,0.3031990857,0.5246241456,-0.0699955757,-0.0815568582,-0.4279015966,0.4209470924,-0.1642459284,0.5421547941,0.0073990892,0.0113452620,-0.3272438184,0.1155000000,-0.0000000000,0.7061338532,0.0000000000,0.5235987756,0.0000000000,1.0000000000,1.0000000000,0.0000000000,0.0000000000,0.0000000000,0.0000000000
0.0200000000,0.4285376032,0.3031990857,0.5246241456,-0.0699955757,-0.0815568582,-0.4279015966,0.4209470924,-0.1642459284,0.5421547941,0.0073990892,0.0113452620,-0.3272438184,0.1155000000,-0.0000000000,0.7061338532,0.0000000000,0.5235987756,0.0000000000,1.0000000000,1.0000000000,0.0000000000,0.0000000000,0.0000000000,0.0000000000
0.0200000000,0.4285376032,0.3031990857,0.5246241456,-0.0699955757,-0.0815568582,-0.4279015966,0.4209470924,-0.1642459284,0.5421547941,0.0073990892,0.0113452620,-0.3272438184,0.1155000000,-0.0000000000,0.7061338532,0.0000000000,0.5235987756,0.0000000000,1.0000000000,1.0000000000,0.0000000000,0.0000000000,0.0000000000,0.0000000000
0.0200000000,0.4285376032,0.3031990857,0.5246241456,-0.0699955757,-0.0815568582,-0.4279015966,0.4209470924,-0.1642459284,0.5421547941,0.0073990892,0.0113452620,-0.3272438184,0.1155000000,-0.0000000000,0.7061338532,0.0000000000,0.5235987756,0.0000000000,1.0000000000,1.0000000000,0.0000000000,0.0000000000,0.0000000000,0.0000000000
0.0200000000,0.4285376032,0.3031990857,0.5246241456,-0.0699955757,-0.0815568582,-0.4279015966,0.4209470924,-0.1642459284,0.5421547941,0.0073990892,0.0113452620,-0.3272438184,0.1155000000,-0.0000000000,0.7061338532,0.0000000000,0.5235987756,0.0000000000,1.0000000000,1.0000000000,0.0000000000,0.0000000000,0.0000000000,0.0000000000
0.0200000000,0.4285376032,0.3031990857,0.5246241456,-0.0699955757,-0.0815568582,-0.4279015966,0.4209470924,-0.1642459284,0.5421547941,0.0073990892,0.0113452620,-0.3272438184,0.1155000000,-0.0000000000,0.7061338532,0.0000000000,0.5235987756,0.0000000000,1.0000000000,1.0000000000,0.0000000000,0.0000000000,0.0000000000,0.0000000000
0.0200000000,0.4285376032,0.3031990857,0.5246241456,-0.0699955757,-0.0815568582,-0.4279015966,0.4209470924,-0.1642459284,0.5421547941,0.0073990892,0.0113452620,-0.3272438184,0.1155000000,-0.0000000000,0.7061338532,0.0000000000,0.5235987756,0.0000000000,1.0000000000,1.0000000000,0.0000000000,0.0000000000,0.0000000000,0.0000000000
0.0200000000,0.4285376032,0.3031990857,0.5246241456,-0.0699955757,-0.0815568582,-0.4279015966,0.4209470924,-0.1642459284,0.5421547941,0.0073990892,0.0113452620,-0.3272438184,0.1155000000,-0.0000000000,0.7061338532,0.0000000000,0.5235987756,0.0000000000,1.0000000000,1.0000000000,0.0000000000,0.0000000000,0.0000000000,0.0000000000
0.0200000000,0.4285376032,0.3031990857,0.5246241456,-0.0699955757,-0.0815568582,-0.4279015966,0.4209470924,-0.1642459284,0.5421547941,0.0073990892,0.0113452620,-0.3272438184,0.1155000000,-0.0000000000,0.7061338532,0.0000000000,0.5235987756,0.0000000000,1.0000000000,1.0000000000,0.0000000000,0.0000000000,0.0000000000,0.0000000000
0.0200000000,0.4285376032,0.3031990857,0.5246241456,-0.0699955757,-0.0815568582,-0.4279015966,0.4209470924,-0.1642459284,0.5421547941,0.0073990892,0.0113452620,-0.3272438184,0.1155000000,-0.0000000000,0.7061338532,0.0000000000,0.5235987756,0.0000000000,1.0000000000,1.0000000000,0.0000000000,0.0000000000,0.0000000000,0.0000000000
0.0200000000,0.4285376032,0.3031990857,0.5246241456,-0.0699955757,-0.0815568582,-0.4279015966,0.4209470924,-0.1642459284,0.5421547941,0.0073990892,0.0113452620,-0.3272438184,0.1155000000,-0.0000000000,0.7061338532,0.0000000000,0.5235987756,0.0000000000,1.0000000000,1.0000000000,0.0000000000,0.0000000000,0.0000000000,0.0000000000
0.0200000000,0.4285376032,0.3031990857,0.5246241456,-0.0699955757,-0.0815568582,-0.4279015966,0.4209470924,-0.1642459284,0.5421547941,0.0073990892,0.0113452620,-0.3272438184,0.1155000000,-0.0000000000,0.7061338532,0.0000000000,0.5235987756,0.0000000000,1.0000000000,1.0000000000,0.0000000000,0.0000000000,0.0000000000,0.0000000000
0.0200000000,0.4285376032,0.3031990857,0.5246241456,-0.0699955757,-0.0815568582,-0.4279015966,0.4209470924,-0.1642459284,0.5421547941,0.0073990892,0.0113452620,-0.3272438184,0.1155000000,-0.0000000000,0.7061338532,0.0000000000,0.5235987756,0.0000000000,1.0000000000,1.0000000000,0.0000000000,0.0000000000,0.0000000000,0.0000000000
0.0200000000,0.4285376032,0.3031990857,0.5246241456,-0.0699955757,-0.0815568582,-0.4279015966,0.4209470924,-0.1642459284,0.5421547941,0.0073990892,0.0113452620,-0.3272438184,0.1155000000,-0.0000000000,0.7061338532,0.0000000000,0.5235987756,0.0000000000,1.0000000000,1.0000000000,0.0000000000,0.0000000000,0.0000000000,0.0000000000
0.0200000000,0.4285376032,0.3031990857,0.5246241456,-0.0699955757,-0.0815568582,-0.4279015966,0.4209470924,-0.1642459284,0.5421547941,0.0073990892,0.0113452620,-0.3272438184,0.1155000000,-0.0000000000,0.7061338532,0.0000000000,0.5235987756,0.0000000000,1.0000000000,1.0000000000,0.0000000000,0.0000000000,0.0000000000,0.0000000000
0.0200000000,0.4285376032,0.3031990857,0.5246241456,-0.0699955757,-0.0815568582,-0.4279015966,0.4209470924,-0.1642459284,0.5421547941,0.0073990892,0.0113452620,-0.3272438184,0.1155000000,-0.0000000000,0.7061338532,0.0000000000,0.5235987756,0.0000000000,1.0000000000,1.0000000000,0.0000000000,0.0000000000,0.0000000000,0.0000000000
0.0200000000,0.4285376032,0.3031990857,0.5246241456,-0.0699955757,-0.0815568582,-0.4279015966,0.4209470924,-0.1642459284,0.5421547941,0.0073990892,0.0113452620,-0.3272438184,0.1155000000,-0.0000000000,0.7061338532,0.0000000000,0.5235987756,0.0000000000,1.0000000000,1.0000000000,0.0000000000,0.0000000000,0.0000000000,0.0000000000
0.0200000000,0.4285376032,0.3031990857,0.5246241456,-0.0699955757,-0.0815568582,-0.4279015966,0.4209470924,-0.1642459284,0.5421547941,0.0073990892,0.0113452620,-0.3272438184,0.1155000000,-0.0000000000,0.7061338532,0.0000000000,0.5235987756,0.0000000000,1.0000000000,1.0000000000,0.0000000000,0.0000000000,0.0000000000,0.0000000000
0.0200000000,0.4285376032,0.3031990857,0.5246241456,-0.0699955757,-0.0815568582,-0.4279015966,0.4209470924,-0.1642459284,0.5421547941,0.0073990892,0.0113452620,-0.3272438184,0.1155000000,-0.0000000000,0.7061338532,0.0000000000,0.5235987756,0.0000000000,1.0000000000,1.0000000000,0.0000000000,0.0000000000,0.0000000000,0.0000000000
0.0200000000,0.4285376032,0.3031990857,0.5246241456,-0.0699955757,-0.0815568582,-0.4279015966,0.4209470924,-0.1642459284,0.5421547941,0.0073990892,0.0113452620,-0.3272438184,0.1155000000,-0.0000000000,0.7061338532,0.0000000000,0.5235987756,0.0000000000,1.0000000000,1.0000000000,0.0000000000,0.0000000000,0.0000000000,0.0000000000
0.0200000000,0.4285376032,0.3031990857,0.5246241456,-0.0699955757,-0.0815568582,-0.4279015966,0.4209470924,-0.1642459284,0.5421547941,0.0073990892,0.0113452620,-0.3272438184,0.1155000000,-0.0000000000,0.7061338532,0.0000000000,0.5235987756,0.0000000000,1.0000000000,1.0000000000,0.0000000000,0.0000000000,0.0000000000,0.0000000000
0.0200000000,0.4285376032,0.3031990857,0.5246241456,-0.0699955757,-0.0815568582,-0.4279015966,0.4209470924,-0.1642459284,0.5421547941,0.0073990892,0.0113452620,-0.3272438184,0.1155000000,-0.0000000000,0.7061338532,0.0000000000,0.5235987756,0.0000000000,1.0000000000,1.0000000000,0.0000000000,0.0000000000,0.0000000000,0.0000000000
0.0200000000,0.4285376032,0.3031990857,0.5246241456,-0.0699955757,-0.0815568582,-0.4279015966,0.4209470924,-0.1642459284,0.5421547941,0.0073990892,0.0113452620,-0.3272438184,0.1155000000,-0.0000000000,0.7061338532,0.0000000000,0.5235987756,0.0000000000,1.0000000000,1.0000000000,0.0000000000,0.0000000000,0.0000000000,0.0000000000
0.0200000000,0.4285376032,0.3031990857,0.5246241456,-0.0699955757,-0.0815568582,-0.4279015966,0.4209470924,-0.1642459284,0.5421547941,0.0073990892,0.0113452620,-0.3272438184,0.1155000000,-0.0000000000,0.7061338532,0.0000000000,0.5235987756,0.0000000000,1.0000000000,1.0000000000,0.0000000000,0.0000000000,0.0000000000,0.0000000000
0.0200000000,0.4285376032,0.3031990857,0.5246241456,-0.0699955757,-0.0815568582,-0.4279015966,0.4209470924,-0.1642459284,0.5421547941,0.0073990892,0.0113452620,-0.3272438184,0.1155000000,-0.0000000000,0.7061338532,0.0000000000,0.5235987756,0.0000000000,1.0000000000,1.0000000000,0.0000000000,0.0000000000,0.0000000000,0.0000000000
0.0200000000,0.4285376032,0.3031990857,0.5246241456,-0.0699955757,-0.0815568582,-0.4279015966,0.4209470924,-0.1642459284,0.5421547941,0.0073990892,0.0113452620,-0.3272438184,0.1155000000,-0.0000000000,0.7061338532,0.0000000000,0.5235987756,0.0000000000,1.0000000000,1.0000000000,0.0000000000,0.0000000000,0.0000000000,0.0000000000
0.0200000000,0.4285376032,0.3031990857,0.5246241456,-0.0699955757,-0.0815568582,-0.4279015966,0.4209470924,-0.1642459284,0.5421547941,0.0073990892,0.0113452620,-0.3272438184,0.1155000000,-0.0000000000,0.7061338532,0.0000000000,0.5235987756,0.0000000000,1.0000000000,1.0000000000,0.0000000000,0.0000000000,0.0000000000,0.0000000000
0.0200000000,0.4285376032,0.3031990857,0.5246241456,-0.0699955757,-0.0815568582,-0.4279015966,0.4209470924,-0.1642459284,0.5421547941,0.0073990892,0.0113452620,-0.3272438184,0.1155000000,-0.0000000000,0.7061338532,0.0000000000,0.5235987756,0.0000000000,1.0000000000,1.0000000000,0.0000000000,0.0000000000,0.0000000000,0.0000000000
0.0200000000,0.4285376032,0.3031990857,0.5246241456,-0.0699955757,-0.0815568582,-0.4279015966,0.4209470924,-0.1642459284,0.5421547941,0.0073990892,0.0113452620,-0.3272438184,0.1155000000,-0.0000000000,0.7061338532,0.0000000000,0.5235987756,0.0000000000,1.0000000000,1.0000000000,0.0000000000,0.0000000000,0.0000000000,0.0000000000
0.0200000000,0.4285376032,0.3031990857,0.5246241456,-0.0699955757,-0.0815568582,-0.4279015966,0.4209470924,-0.1642459284,0.5421547941,0.0073990892,0.0113452620,-0.3272438184,0.1155000000,-0.0000000000,0.7061338532,0.0000000000,0.5235987756,0.0000000000,1.0000000000,1.0000000000,0.0000000000,0.0000000000,0.0000000000,0.0000000000
0.0200000000,0.4285376032,0.3031990857,0.5246241456,-0.0699955757,-0.0815568582,-0.4279015966,0.4209470924,-0.1642459284,0.5421547941,0.0073990892,0.0113452620,-0.3272438184,0.1155000000,-0.0000000000,0.7061338532,0.0000000000,0.5235987756,0.0000000000,1.0000000000,1.0000000000,0.0000000000,0.0000000000,0.0000000000,0.0000000000
0.0200000000,0.4285376032,0.3031990857,0.5246241456,-0.0699955757,-0.0815568582,-0.4279015966,0.4209470924,-0.1642459284,0.5421547941,0.0073990892,0.0113452620,-0.3272438184,0.1155000000,-0.0000000000,0.7061338532,0.0000000000,0.5235987756,0.0000000000,1.0000000000,1.0000000000,0.0000000000,0.0000000000,0.0000000000,0.0000000000
0.0200000000,0.4285376032,0.3031990857,0.5246241456,-0.0699955757,-0.0815568582,-0.4279015966,0.4209470924,-0.1642459284,0.5421547941,0.0073990892,0.0113452620,-0.3272438184,0.1155000000,-0.0000000000,0.7061338532,0.0000000000,0.5235987756,0.0000000000,1.0000000000,1.0000000000,0.0000000000,0.0000000000,0.0000000000,0.0000000000
0.0200000000,0.4285376032,0.3031990857,0.5246241456,-0.0699955757,-0.0815568582,-0.4279015966,0.4209470924,-0.1642459284,0.5421547941,0.0073990892,0.0113452620,-0.3272438184,0.1155000000,-0.0000000000,0.7061338532,0.0000000000,0.5235987756,0.0000000000,1.0000000000,1.0000000000,0.0000000000,0.0000000000,0.0000000000,0.0000000000
0.0200000000,0.4285376032,0.3031990857,0.5246241456,-0.0699955757,-0.0815568582,-0.4279015966,0.4209470924,-0.1642459284,0.5421547941,0.0073990892,0.0113452620,-0.3272438184,0.1155000000,-0.0000000000,0.7061338532,0.0000000000,0.5235987756,0.0000000000,1.0000000000,1.0000000000,0.0000000000,0.0000000000,0.0000000000,0.0000000000
0.0200000000,0.4285376032,0.3031990857,0.5246241456,-0.0699955757,-0.0815568582,-0.4279015966,0.4209470924,-0.1642459284,0.5421547941,0.0073990892,0.0113452620,-0.3272438184,0.1155000000,-0.0000000000,0.7061338532,0.0000000000,0.5235987756,0.0000000000,1.0000000000,1.0000000000,0.0000000000,0.0000000000,0.0000000000,0.0000000000
0.0200000000,0.4285376032,0.3031990857,0.5246241456,-0.0699955757,-0.0815568582,-0.4279015966,0.4209470924,-0.1642459284,0.5421547941,0.0073990892,0.0113452620,-0.3272438184,0.1155000000,-0.0000000000,0.7061338532,0.0000000000,0.5235987756,0.0000000000,1.0000000000,1.0000000000,0.0000000000,0.0000000000,0.0000000000,0.0000000000
0.0200000000,0.4286055176,0.3032120152,0.5246074058,-0.0705470873,-0.0813526891,-0.4278891704,0.4210820721,-0.1642518149,0.5421528293,0.0071771731,0.0114925114,-0.3272289960,0.1155000000,0.0000000000,0.7061338532,-0.0000000000,0.5235987756,-0.0000000000,1.0000000000,1.0000000000,0.0000000000,0.0000000000,0.0000000000,0.0000000000
0.0200000000,0.4287455357,0.3032370479,0.5245726797,-0.0716859017,-0.0809329613,-0.4278662506,0.4213592980,-0.1642645394,0.5421483034,0.0067180605,0.0117998730,-0.3272015009,0.1155000000,-0.0000000000,0.7061338532,0.0000000000,0.5235987756,0.0000000000,1.0000000000,1.0000000000,0.0000000000,0.0000000000,0.0000000000,0.0000000000
0.0200000000,0.4288897613,0.3032589475,0.5245363682,-0.0728628050,-0.0805036332,-0.4278486617,0.4216421916,-0.1642790313,0.5421423350,0.0062415419,0.0121255372,-0.3271803045,0.1155000000,-0.0000000000,0.7061338532,0.0000000000,0.5235987756,0.0000000000,1.0000000000,1.0000000000,0.0000000000,0.0000000000,0.0000000000,0.0000000000
0.0200000000,0.4290002036,0.3032702556,0.5245077861,-0.0737687777,-0.0801792961,-0.4278434332,0.4218546769,-0.1642918171,0.5421357689,0.0058728102,0.0123877606,-0.3271742649,0.1155000000,-0.0000000000,0.7061338532,0.0000000000,0.5235987756,0.0000000000,1.0000000000,1.0000000000,0.0000000000,0.0000000000,0.0000000000,0.0000000000
0.0200000000,0.4290936664,0.3032748149,0.5244828844,-0.0745396294,-0.0799089297,-0.4278465379,0.4220305809,-0.1643041078,0.5421283436,0.0055576258,0.0126214770,-0.3271785730,0.1155000000,-0.0000000000,0.7061338532,0.0000000000,0.5235987756,0.0000000000,1.0000000000,1.0000000000,0.0000000000,0.0000000000,0.0000000000,0.0000000000
0.0200000000,0.4291843891,0.3032714002,0.5244575005,-0.0752956593,-0.0796527121,-0.4278600649,0.4221963848,-0.1643194159,0.5421180597,0.0052420444,0.0128665136,-0.3271956096,0.1155000000,-0.0000000000,0.7061338532,0.0000000000,0.5235987756,0.0000000000,1.0000000000,1.0000000000,0.0000000000,0.0000000000,0.0000000000,0.0000000000
0.0200000000,0.4292716634,0.3032661244,0.5244325735,-0.0760282971,-0.0794064108,-0.4278751213,0.4223548740,-0.1643346760,0.5421071640,0.0049347990,0.0131099752,-0.3272155863,0.1155000000,-0.0000000000,0.7061338532,0.0000000000,0.5235987756,0.0000000000,1.0000000000,1.0000000000,0.0000000000,0.0000000000,0.0000000000,0.0000000000
0.0200000000,0.4293468406,0.3032660493,0.5244114205,-0.0766611303,-0.0791879201,-0.4278814371,0.4224938967,-0.1643444880,0.5420991051,0.0046762465,0.0133161610,-0.3272273025,0.1155000000,-0.0000000000,0.7061338532,0.0000000000,0.5235987756,0.0000000000,1.0000000000,1.0000000000,0.0000000000,0.0000000000,0.0000000000,0.0000000000
0.0200000000,0.4294532582,0.3032306726,0.5243768463,-0.0775782844,-0.0789131791,-0.4279380488,0.4226707080,-0.1643783472,0.5420747935,0.0042597199,0.0136725214,-0.3272951013,0.1155000000,-0.0000000000,0.7061338532,0.0000000000,0.5235987756,0.0000000000,1.0000000000,1.0000000000,0.0000000000,0.0000000000,0.0000000000,0.0000000000
0.0200000000,0.4296460851,0.3031179561,0.5243074543,-0.0792762624,-0.0784603900,-0.4281046898,0.4229645480,-0.1644679407,0.5420127238,0.0034307190,0.0144097226,-0.3274885255,0.1155000000,-0.0000000000,0.7061338532,0.0000000000,0.5235987756,0.0000000000,1.0000000000,1.0000000000,0.0000000000,0.0000000000,0.0000000000,0.0000000000
0.0200000000,0.4298632337,0.3029020699,0.5242245956,-0.0811369898,-0.0780799719,-0.4284417291,0.4232397130,-0.1646238986,0.5419178673,0.0024077823,0.0153249664,-0.3278290982,0.1155000000,-0.0000000000,0.7061338532,0.0000000000,0.5235987756,0.0000000000,1.0000000000,1.0000000000,0.0000000000,0.0000000000,0.0000000000,0.0000000000
0.0200000000,0.4300664036,0.3025650961,0.5241514027,-0.0826249601,-0.0779945536,-0.4290234794,0.4234056359,-0.1648537293,0.5418064861,0.0014057327,0.0161721331,-0.3283256132,0.1155000000,-0.0000000000,0.7061338532,0.0000000000,0.5235987756,0.0000000000,1.0000000000,1.0000000000,0.0000000000,0.0000000000,0.0000000000,0.0000000000
0.0200000000,0.4302654377,0.3021260461,0.5241001402,-0.0836374702,-0.0782522191,-0.4298418448,0.4234887384,-0.1651425010,0.5417086545,0.0005566439,0.0167470676,-0.3289384907,0.1155000000,-0.0000000000,0.7061338532,0.0000000000,0.5235987756,0.0000000000,1.0000000000,1.0000000000,0.0000000000,0.0000000000,0.0000000000,0.0000000000
0.0200000000,0.4304729264,0.3016404232,0.5240845870,-0.0841468453,-0.0788793194,-0.4307736378,0.4235269610,-0.1654432630,0.5416619979,0.0000394178,0.0168335574,-0.3295630935,0.1155000000,-0.0000000000,0.7061338532,0.0000000000,0.5235987756,0.0000000000,1.0000000000,1.0000000000,0.0000000000,0.0000000000,0.0000000000,0.0000000000
0.0200000000,0.4307199100,0.3011722614,0.5241186795,-0.0842196703,-0.0798794832,-0.4316734054,0.4235564976,-0.1656955189,0.5416907580,-0.0000262178,0.0163401558,-0.3300710716,0.1155000000,-0.0000000000,0.7061338532,0.0000000000,0.5235987756,0.0000000000,1.0000000000,1.0000000000,0.0000000000,0.0000000000,0.0000000000,0.0000000000
0.0200000000,0.4310070726,0.3008427545,0.5242140746,-0.0838461358,-0.0811182093,-0.4322913293,0.4235754238,-0.1657886411,0.5418182181,0.0005668220,0.0151977307,-0.3302342734,0.1155000000,-0.0000000000,0.7061338532,0.0000000000,0.5235987756,0.0000000000,1.0000000000,1.0000000000,0.0000000000,0.0000000000,0.0000000000,0.0000000000
0.0200000000,0.4312726669,0.3007423214,0.5243443079,-0.0831751103,-0.0822182409,-0.4324440245,0.4235508145,-0.1656613684,0.5420165539,0.0017601328,0.0136701680,-0.3299353776,0.1155000000,0.0000000000,0.7061338532,-0.0000000000,0.5235987756,-0.0000000000,1.0000000000,1.0000000000,0.0000000000,0.0000000000,0.0000000000,0.0000000000
0.0200000000,0.4314497943,0.3009414347,0.5244852365,-0.0822849206,-0.0828683857,-0.4320091265,0.4234508016,-0.1653147419,0.5422448660,0.0033536803,0.0120475764,-0.3291330218,0.1155000000,-0.0000000000,0.7061338532,0.0000000000,0.5235987756,0.0000000000,1.0000000000,1.0000000000,0.0000000000,0.0000000000,0.0000000000,0.0000000000
0.0200000000,0.4314955002,0.3015281188,0.5246337445,-0.0811006750,-0.0828671831,-0.4308875510,0.4232505360,-0.1648015517,0.5424733154,0.0050861188,0.0104368663,-0.3277279521,0.1155000000,-0.0000000000,0.7061338532,0.0000000000,0.5235987756,0.0000000000,1.0000000000,1.0000000000,0.0000000000,0.0000000000,0.0000000000,0.0000000000
0.0200000000,0.4314018879,0.3025913749,0.5248059326,-0.0794647792,-0.0821240356,-0.4290811464,0.4228946024,-0.1641504263,0.5426872561,0.0066920701,0.0087298297,-0.3252462908,0.1155000000,-0.0000000000,0.7061338532,0.0000000000,0.5235987756,0.0000000000,1.0000000000,1.0000000000,0.0000000000,0.0000000000,0.0000000000,0.0000000000
0.0200000000,0.4312621337,0.3036964247,0.5249627663,-0.0778897285,-0.0811415190,-0.4274166843,0.4223502325,-0.1634302059,0.5428387279,0.0076901450,0.0070865117,-0.3213474096,0.1155000000,-0.0000000000,0.7061338532,0.0000000000,0.5235987756,0.0000000000,1.0000000000,1.0000000000,0.0000000000,0.0000000000,0.0000000000,0.0000000000
0.0200000000,0.4311539191,0.3044479300,0.5250546619,-0.0769947257,-0.0803467177,-0.4264191775,0.4216933593,-0.1626988371,0.5429149276,0.0080883457,0.0057628240,-0.3166405718,0.1155000000,-0.0000000000,0.7061338532,0.0000000000,0.5235987756,0.0000000000,1.0000000000,1.0000000000,0.0000000000,0.0000000000,0.0000000000,0.0000000000
0.0200000000,0.4310369985,0.3050231736,0.5250820947,-0.0768060752,-0.0794371682,-0.4257628739,0.4210882835,-0.1620761276,0.5429214727,0.0080587397,0.0050126491,-0.3123740924,0.1155000000,-0.0000000000,0.7061338532,0.0000000000,0.5235987756,0.0000000000,1.0000000000,1.0000000000,0.0000000000,0.0000000000,0.0000000000,0.0000000000
0.0200000000,0.4308557883,0.3057802034,0.5250842175,-0.0769540368,-0.0780030601,-0.4249331301,0.4205867919,-0.1615805612,0.5428821881,0.0077913741,0.0047517701,-0.3089078770,0.1155000000,-0.0000000000,0.7061338532,0.0000000000,0.5235987756,0.0000000000,1.0000000000,1.0000000000,0.0000000000,0.0000000000,0.0000000000,0.0000000000
0.0200000000,0.4306008073,0.3068243406,0.5250703223,-0.0774070851,-0.0758854968,-0.4237921383,0.4201179700,-0.1611338210,0.5428032389,0.0073167615,0.0048518092,-0.3057320188,0.1155000000,-0.0000000000,0.7061338532,0.0000000000,0.5235987756,0.0000000000,1.0000000000,1.0000000000,0.0000000000,0.0000000000,0.0000000000,0.0000000000
0.0200000000,0.4303141174,0.3079648361,0.5250113791,-0.0785308364,-0.0732196580,-0.4225644191,0.4196666889,-0.1607294653,0.5426727312,0.0065747707,0.0053881458,-0.3027833358,0.1155000000,-0.0000000000,0.7061338532,0.0000000000,0.5235987756,0.0000000000,1.0000000000,1.0000000000,0.0000000000,0.0000000000,0.0000000000,0.0000000000
0.0200000000,0.4300893005,0.3088124819,0.5248876906,-0.0804838366,-0.0706133877,-0.4216881007,0.4192772219,-0.1604153600,0.5425048713,0.0056609413,0.0062967302,-0.3004130120,0.1155000000,-0.0000000000,0.7061338532,-0.0000000000,0.5235987756,0.0000000000,1.0000000000,1.0000000000,0.0000000000,0.0000000000,0.0000000000,0.0000000000
0.0200000000,0.4299614828,0.3092872865,0.5247051963,-0.0832009603,-0.0682691705,-0.4212519210,0.4189688486,-0.1602223102,0.5423193567,0.0047161388,0.0074431494,-0.2988677752,0.1155000000,-0.0000000000,0.7061338532,0.0000000000,0.5235987756,0.0000000000,1.0000000000,1.0000000000,0.0000000000,0.0000000000,0.0000000000,0.0000000000
0.0200000000,0.4299093683,0.3095365927,0.5245058476,-0.0861824866,-0.0662190446,-0.4210769522,0.4187200451,-0.1601301111,0.5421481762,0.0039344873,0.0085505184,-0.2980560491,0.1155000000,-0.0000000000,0.7061338532,0.0000000000,0.5235987756,0.0000000000,1.0000000000,1.0000000000,0.0000000000,0.0000000000,0.0000000000,0.0000000000
0.0200000000,0.4299106395,0.3096359367,0.5243428308,-0.0886694868,-0.0647335248,-0.4210531746,0.4185224860,-0.1601031567,0.5420290390,0.0034959548,0.0093068417,-0.2977748614,0.1155000000,-0.0000000000,0.7061338532,0.0000000000,0.5235987756,0.0000000000,1.0000000000,1.0000000000,0.0000000000,0.0000000000,0.0000000000,0.0000000000
0.0200000000,0.4299405473,0.3096566648,0.5242256851,-0.0905144270,-0.0637527946,-0.4210947717,0.4183313510,-0.1600977944,0.5419645428,0.0034148241,0.0096430952,-0.2977271032,0.1155000000,-0.0000000000,0.7061338532,0.0000000000,0.5235987756,0.0000000000,1.0000000000,1.0000000000,0.0000000000,0.0000000000,0.0000000000,0.0000000000
0.0200000000,0.4299791849,0.3096555232,0.5241408595,-0.0919036610,-0.0630642332,-0.4211446593,0.4181033645,-0.1600840518,0.5419398730,0.0036208613,0.0096321453,-0.2976902272,0.1155000000,0.0000000000,0.7061338532,-0.0000000000,0.5235987756,-0.0000000000,1.0000000000,1.0000000000,0.0000000000,0.0000000000,0.0000000000,0.0000000000
0.0200000000,0.4300142040,0.3096503623,0.5240992044,-0.0926511997,-0.0627235701,-0.4211757838,0.4178295405,-0.1600483481,0.5419624888,0.0041498037,0.0092055550,-0.2975788521,0.1155000000,0.0000000000,0.7061338532,-0.0000000000,0.5235987756,-0.0000000000,1.0000000000,1.0000000000,0.0000000000,0.0000000000,0.0000000000,0.0000000000
0.0200000000,0.4300343032,0.3096519875,0.5241066861,-0.0926358666,-0.0627628398,-0.4211716418,0.4175260898,-0.1599863942,0.5420318253,0.0049630125,0.0083823532,-0.2973537822,0.1155000000,-0.0000000000,0.7061338532,0.0000000000,0.5235987756,0.0000000000,1.0000000000,1.0000000000,0.0000000000,0.0000000000,0.0000000000,0.0000000000
0.0200000000,0.4300261698,0.3096704003,0.5241593506,-0.0918688924,-0.0631393146,-0.4211225979,0.4171996822,-0.1598964551,0.5421430947,0.0060166055,0.0072068299,-0.2969929524,0.1155000000,-0.0000000000,0.7061338532,0.0000000000,0.5235987756,0.0000000000,1.0000000000,1.0000000000,0.0000000000,0.0000000000,0.0000000000,0.0000000000
0.0200000000,0.4299726243,0.3097167183,0.5242502577,-0.0903970819,-0.0637931859,-0.4210244080,0.4168590909,-0.1597792169,0.5422914281,0.0072670471,0.0057260964,-0.2964912281,0.1155000000,-0.0000000000,0.7061338532,0.0000000000,0.5235987756,0.0000000000,1.0000000000,1.0000000000,0.0000000000,0.0000000000,0.0000000000,0.0000000000
0.0200000000,0.4298702429,0.3097947195,0.5243666275,-0.0884045966,-0.0646258661,-0.4208860771,0.4165135952,-0.1596405025,0.5424654449,0.0086399252,0.0040395048,-0.2958717296,0.1155000000,-0.0000000000,0.7061338532,0.0000000000,0.5235987756,0.0000000000,1.0000000000,1.0000000000,0.0000000000,0.0000000000,0.0000000000,0.0000000000
0.0200000000,0.4297286976,0.3099037754,0.5245114954,-0.0858968340,-0.0656582607,-0.4207108569,0.4161582473,-0.1594774124,0.5426635278,0.0101280569,0.0021558191,-0.2951136361,0.1155000000,-0.0000000000,0.7061338532,0.0000000000,0.5235987756,0.0000000000,1.0000000000,1.0000000000,0.0000000000,0.0000000000,0.0000000000,0.0000000000
0.0200000000,0.4295813285,0.3100271847,0.5246819774,-0.0830159620,-0.0668586282,-0.4205068301,0.4158192860,-0.1592981180,0.5428684013,0.0115988662,0.0002346697,-0.2942412623,0.1155000000,-0.0000000000,0.7061338532,0.0000000000,0.5235987756,0.0000000000,1.0000000000,1.0000000000,0.0000000000,0.0000000000,0.0000000000,0.0000000000
0.0200000000,0.4294617061,0.3101374122,0.5248409046,-0.0803834759,-0.0679560943,-0.4203130907,0.4155458895,-0.1591337907,0.5430431817,0.0128060200,-0.0013893358,-0.2934085635,0.1155000000,-0.0000000000,0.7061338532,0.0000000000,0.5235987756,0.0000000000,1.0000000000,1.0000000000,0.0000000000,0.0000000000,0.0000000000,0.0000000000
0.0200000000,0.4293907716,0.3102145850,0.5249535035,-0.0785482340,-0.0686997066,-0.4201611730,0.4153815438,-0.1590120836,0.5431565790,0.0135411340,-0.0024328497,-0.2927530095,0.1155000000,-0.0000000000,0.7061338532,0.0000000000,0.5235987756,0.0000000000,1.0000000000,1.0000000000,0.0000000000,0.0000000000,0.0000000000,0.0000000000
0.0200000000,0.4293251676,0.3102946055,0.5250489457,-0.0769771387,-0.0692913242,-0.4200098879,0.4152560782,-0.1588851153,0.5432545323,0.0141115065,-0.0033229053,-0.2920204235,0.1155000000,0.0000000000,0.7061338532,-0.0000000000,0.5235987756,-0.0000000000,1.0000000000,1.0000000000,0.0000000000,0.0000000000,0.0000000000,0.0000000000
0.0200000000,0.4292583194,0.3103823413,0.5251294916,-0.0756235214,-0.0697492789,-0.4198567109,0.4151625891,-0.1587460523,0.5433424521,0.0145492367,-0.0041090492,-0.2911715258,0.1155000000,-0.0000000000,0.7061338532,0.0000000000,0.5235987756,0.0000000000,1.0000000000,1.0000000000,0.0000000000,0.0000000000,0.0000000000,0.0000000000
0.0200000000,0.4292045704,0.3104621246,0.5251764558,-0.0748094487,-0.0699636289,-0.4197350360,0.4151321918,-0.1586159909,0.5434002279,0.0147203294,-0.0046055447,-0.2903176046,0.1155000000,-0.0000000000,0.7061338532,0.0000000000,0.5235987756,0.0000000000,1.0000000000,1.0000000000,0.0000000000,0.0000000000,0.0000000000,0.0000000000
0.0200000000,0.4291668621,0.3105317603,0.5251912498,-0.0745244893,-0.0699485094,-0.4196463627,0.4151951155,-0.1584927285,0.5434198948,0.0145244912,-0.0047260093,-0.2894172887,0.1155000000,-0.0000000000,0.7061338532,0.0000000000,0.5235987756,0.0000000000,1.0000000000,1.0000000000,0.0000000000,0.0000000000,0.0000000000,0.0000000000
0.0200000000,0.4291500759,0.3105900567,0.5251789198,-0.0747111681,-0.0697382466,-0.4195869402,0.4154192325,-0.1583647816,0.5433855331,0.0137355393,-0.0042914950,-0.2883329120,0.1155000000,-0.0000000000,0.7061338532,0.0000000000,0.5235987756,0.0000000000,1.0000000000,1.0000000000,0.0000000000,0.0000000000,0.0000000000,0.0000000000
0.0200000000,0.4291510410,0.3106228606,0.5251582208,-0.0750594642,-0.0695058037,-0.4195601416,0.4158066894,-0.1582725115,0.5432956429,0.0124065379,-0.0032805084,-0.2873556035,0.1155000000,0.0000000000,0.7061338532,-0.0000000000,0.5235987756,-0.0000000000,1.0000000000,1.0000000000,0.0000000000,0.0000000000,0.0000000000,0.0000000000
0.0200000000,0.4291562681,0.3106371277,0.5251407897,-0.0753524747,-0.0693355453,-0.4195522691,0.4163855556,-0.1582304304,0.5431525380,0.0105248999,-0.0016811017,-0.2865821284,0.1155000000,0.0000000000,0.7061338532,-0.0000000000,0.5235987756,-0.0000000000,1.0000000000,1.0000000000,0.0000000000,0.0000000000,0.0000000000,0.0000000000
0.0200000000,0.4291452423,0.3106530419,0.5251347036,-0.0754139372,-0.0692618368,-0.4195371504,0.4170739232,-0.1582475662,0.5429934826,0.0084590644,0.0001533485,-0.2861696504,0.1155000000,-0.0000000000,0.7061338532,0.0000000000,0.5235987756,0.0000000000,1.0000000000,1.0000000000,0.0000000000,0.0000000000,0.0000000000,0.0000000000
0.0200000000,0.4291177171,0.3106900126,0.5251341706,-0.0753539876,-0.0691976798,-0.4194960391,0.4177168976,-0.1583079598,0.5428641825,0.0067132221,0.0017320849,-0.2861377969,0.1155000000,-0.0000000000,0.7061338532,0.0000000000,0.5235987756,0.0000000000,1.0000000000,1.0000000000,0.0000000000,0.0000000000,0.0000000000,0.0000000000
0.0200000000,0.4291490708,0.3107343413,0.5251287250,-0.0756356457,-0.0690356947,-0.4194513607,0.4181519658,-0.1583705796,0.5427917797,0.0056566134,0.0026905787,-0.2862981395,0.1155000000,-0.0000000000,0.7061338532,0.0000000000,0.5235987756,0.0000000000,1.0000000000,1.0000000000,0.0000000000,0.0000000000,0.0000000000,0.0000000000
0.0200000000,0.4293369650,0.3107406689,0.5251240807,-0.0765437149,-0.0688460759,-0.4194543424,0.4183793765,-0.1584092210,0.5427595720,0.0051475339,0.0031499703,-0.2864337062,0.1155000000,-0.0000000000,0.7061338532,0.0000000000,0.5235987756,0.0000000000,1.0000000000,1.0000000000,0.0000000000,0.0000000000,0.0000000000,0.0000000000
0.0200000000,0.4297447794,0.3106966612,0.5251347189,-0.0781382923,-0.0687185565,-0.4195159660,0.4184764412,-0.1584267258,0.5427472510,0.0049404203,0.0033353893,-0.2865011338,0.1155000000,-0.0000000000,0.7061338532,0.0000000000,0.5235987756,0.0000000000,1.0000000000,1.0000000000,0.0000000000,0.0000000000,0.0000000000,0.0000000000
0.0200000000,0.4303904145,0.3106311773,0.5251786322,-0.0802944595,-0.0687110000,-0.4195998375,0.4185052912,-0.1584319123,0.5427438869,0.0048806145,0.0033882157,-0.2865215125,0.1155000000,-0.0000000000,0.7061338532,0.0000000000,0.5235987756,0.0000000000,1.0000000000,1.0000000000,0.0000000000,0.0000000000,0.0000000000,0.0000000000
0.0200000000,0.4311901314,0.3106180968,0.5252643523,-0.0826384949,-0.0687857711,-0.4196197744,0.4185084524,-0.1584324655,0.5427436000,0.0048745326,0.0033933714,-0.2865237654,0.1155000000,-0.0000000000,0.7061338532,0.0000000000,0.5235987756,0.0000000000,1.0000000000,1.0000000000,0.0000000000,0.0000000000,0.0000000000,0.0000000000
0.0200000000,0.4320264983,0.3107712051,0.5253928562,-0.0848062513,-0.0687899875,-0.4194463051,0.4185072081,-0.1584322522,0.5427437560,0.0048771990,0.0033910123,-0.2865229828,0.1155000000,-0.0000000000,0.7061338532,0.0000000000,0.5235987756,0.0000000000,1.0000000000,1.0000000000,0.0000000000,0.0000000000,0.0000000000,0.0000000000
0.0200000000,0.4328092783,0.3111235919,0.5255542128,-0.0865848723,-0.0686453912,-0.4190419866,0.4185067342,-0.1584321583,0.5427438512,0.0048784075,0.0033898296,-0.2865226433,0.1155000000,-0.0000000000,0.7061338532,0.0000000000,0.5235987756,0.0000000000,1.0000000000,1.0000000000,0.0000000000,0.0000000000,0.0000000000,0.0000000000
0.0200000000,0.4334975737,0.3116632371,0.5257433299,-0.0878447566,-0.0683724650,-0.4184178255,0.4185063957,-0.1584319690,0.5427442735,0.0048811924,0.0033861822,-0.2865220227,0.1155000000,-0.0000000000,0.7061338532,0.0000000000,0.5235987756,0.0000000000,1.0000000000,1.0000000000,0.0000000000,0.0000000000,0.0000000000,0.0000000000
0.0200000000,0.4340676490,0.3123330409,0.5259504625,-0.0885308443,-0.0680406590,-0.4176366646,0.4185062466,-0.1584319749,0.5427445594,0.0048831827,0.0033838049,-0.2865225532,0.1155000000,-0.0000000000,0.7061338532,0.0000000000,0.5235987756,0.0000000000,1.0000000000,1.0000000000,0.0000000000,0.0000000000,0.0000000000,0.0000000000
0.0200000000,0.4345190090,0.3130423740,0.5261594561,-0.0887305540,-0.0677250820,-0.4168029284,0.4185096302,-0.1584344501,0.5427404610,0.0048571296,0.0034193934,-0.2865332257,0.1155000000,-0.0000000000,0.7061338532,0.0000000000,0.5235987756,0.0000000000,1.0000000000,1.0000000000,0.0000000000,0.0000000000,0.0000000000,0.0000000000
0.0200000000,0.4348713342,0.3136672358,0.5263446296,-0.0887017760,-0.0674855582,-0.4160644263,0.4185261739,-0.1584430131,0.5427174512,0.0047054245,0.0036161851,-0.2865549933,0.1155000000,-0.0000000000,0.7061338532,0.0000000000,0.5235987756,0.0000000000,1.0000000000,1.0000000000,0.0000000000,0.0000000000,0.0000000000,0.0000000000
0.0200000000,0.4351880606,0.3141223935,0.5264877236,-0.0888552190,-0.0673187931,-0.4155275971,0.4185613633,-0.1584540706,0.5426622467,0.0043319234,0.0040828881,-0.2865394284,0.1155000000,0.0000000000,0.7061338532,-0.0000000000,0.5235987756,-0.0000000000,1.0000000000,1.0000000000,0.0000000000,0.0000000000,0.0000000000,0.0000000000
0.0200000000,0.4355208911,0.3143666515,0.5265777100,-0.0895149631,-0.0671893705,-0.4152474296,0.4186051518,-0.1584530496,0.5425792818,0.0037539674,0.0047735624,-0.2863902541,0.1155000000,-0.0000000000,0.7061338532,0.0000000000,0.5235987756,0.0000000000,1.0000000000,1.0000000000,0.0000000000,0.0000000000,0.0000000000,0.0000000000
0.0200000000,0.4359125616,0.3144040476,0.5266130937,-0.0909048059,-0.0670407662,-0.4152251147,0.4186302727,-0.1584180763,0.5424965865,0.0031477665,0.0054402270,-0.2859996279,0.1155000000,-0.0000000000,0.7061338532,0.0000000000,0.5235987756,0.0000000000,1.0000000000,1.0000000000,0.0000000000,0.0000000000,0.0000000000,0.0000000000
0.0200000000,0.4363905032,0.3142789762,0.5266022302,-0.0931075465,-0.0668135487,-0.4154127712,0.4186122701,-0.1583366321,0.5424450851,0.0027196180,0.0058158867,-0.2853314824,0.1155000000,-0.0000000000,0.7061338532,0.0000000000,0.5235987756,0.0000000000,1.0000000000,1.0000000000,0.0000000000,0.0000000000,0.0000000000,0.0000000000
0.0200000000,0.4369743828,0.3140601736,0.5265602792,-0.0961163243,-0.0664516350,-0.4157329875,0.4185439542,-0.1582118115,0.5424451517,0.0026110322,0.0057344704,-0.2844418464,0.1155000000,-0.0000000000,0.7061338532,0.0000000000,0.5235987756,0.0000000000,1.0000000000,1.0000000000,0.0000000000,0.0000000000,0.0000000000,0.0000000000
0.0200000000,0.4376370785,0.3138431609,0.5265150946,-0.0995650076,-0.0659800334,-0.4160677933,0.4184587612,-0.1580712352,0.5424820700,0.0027258602,0.0053460701,-0.2834979734,0.1155000000,-0.0000000000,0.7061338532,0.0000000000,0.5235987756,0.0000000000,1.0000000000,1.0000000000,0.0000000000,0.0000000000,0.0000000000,0.0000000000
0.0200000000,0.4383415361,0.3136890259,0.5264883880,-0.1030686783,-0.0654639447,-0.4163365412,0.4183906676,-0.1579350248,0.5425422453,0.0029601344,0.0047909923,-0.2826131970,0.1155000000,-0.0000000000,0.7061338532,0.0000000000,0.5235987756,0.0000000000,1.0000000000,1.0000000000,0.0000000000,0.0000000000,0.0000000000,0.0000000000
0.0200000000,0.4390515664,0.3136338053,0.5264976496,-0.1062619954,-0.0649933156,-0.4164853530,0.4183612195,-0.1578092350,0.5426242205,0.0032791470,0.0041005997,-0.2818205289,0.1155000000,-0.0000000000,0.7061338532,0.0000000000,0.5235987756,0.0000000000,1.0000000000,1.0000000000,0.0000000000,0.0000000000,0.0000000000,0.0000000000
0.0200000000,0.4397075154,0.3136881849,0.5265512478,-0.1087520893,-0.0646678246,-0.4164872874,0.4183728651,-0.1576917490,0.5427308215,0.0036917887,0.0032544683,-0.2811076308,0.1155000000,-0.0000000000,0.7061338532,0.0000000000,0.5235987756,0.0000000000,1.0000000000,1.0000000000,0.0000000000,0.0000000000,0.0000000000,0.0000000000
0.0200000000,0.4402580907,0.3138556906,0.5266530401,-0.1102350176,-0.0645623411,-0.4163254344,0.4184166992,-0.1575755826,0.5428663203,0.0042260797,0.0022102218,-0.2804335678,0.1155000000,-0.0000000000,0.7061338532,0.0000000000,0.5235987756,0.0000000000,1.0000000000,1.0000000000,0.0000000000,0.0000000000,0.0000000000,0.0000000000
0.0200000000,0.4407467293,0.3141420149,0.5268076924,-0.1108602893,-0.0646614853,-0.4159946897,0.4184842568,-0.1574457587,0.5430395347,0.0049220559,0.0008890892,-0.2797052037,0.1155000000,-0.0000000000,0.7061338532,0.0000000000,0.5235987756,0.0000000000,1.0000000000,1.0000000000,0.0000000000,0.0000000000,0.0000000000,0.0000000000
0.0200000000,0.4411754220,0.3145648110,0.5270207771,-0.1105867128,-0.0649682773,-0.4154717661,0.4185744753,-0.1572981371,0.5432537761,0.0057931546,-0.0007360286,-0.2788979338,0.1155000000,-0.0000000000,0.7061338532,0.0000000000,0.5235987756,0.0000000000,1.0000000000,1.0000000000,0.0000000000,0.0000000000,0.0000000000,0.0000000000
0.0200000000,0.4415166631,0.3151176670,0.5272841245,-0.1093893555,-0.0654594732,-0.4147644422,0.4186831850,-0.1571372961,0.5435009789,0.0068051344,-0.0026042250,-0.2780358052,0.1155000000,-0.0000000000,0.7061338532,0.0000000000,0.5235987756,0.0000000000,1.0000000000,1.0000000000,0.0000000000,0.0000000000,0.0000000000,0.0000000000
0.0200000000,0.4417476150,0.3157500165,0.5275712016,-0.1074566480,-0.0660618847,-0.4139410487,0.4187956551,-0.1569727579,0.5437606847,0.0078764864,-0.0045661385,-0.2771652073,0.1155000000,-0.0000000000,0.7061338532,0.0000000000,0.5235987756,0.0000000000,1.0000000000,1.0000000000,0.0000000000,0.0000000000,0.0000000000,0.0000000000
0.0200000000,0.4418577361,0.3163382525,0.5278301880,-0.1052730317,-0.0666576727,-0.4131657379,0.4188696078,-0.1568236676,0.5439874024,0.0088409016,-0.0062996572,-0.2763775437,0.1155000000,-0.0000000000,0.7061338532,0.0000000000,0.5235987756,0.0000000000,1.0000000000,1.0000000000,0.0000000000,0.0000000000,0.0000000000,0.0000000000
0.0200000000,0.4419080785,0.3168114719,0.5280410461,-0.1033010049,-0.0671909788,-0.4125358641,0.4188745257,-0.1566919940,0.5441641729,0.0096535205,-0.0076991242,-0.2756750853,0.1155000000,-0.0000000000,0.7061338532,0.0000000000,0.5235987756,0.0000000000,1.0000000000,1.0000000000,0.0000000000,0.0000000000,0.0000000000,0.0000000000
0.0200000000,0.4419380398,0.3171431349,0.5281974589,-0.1017734356,-0.0676357066,-0.4120888202,0.4188002958,-0.1565772682,0.5442894396,0.0103225673,-0.0087617202,-0.2750561328,0.1155000000,-0.0000000000,0.7061338532,0.0000000000,0.5235987756,0.0000000000,1.0000000000,1.0000000000,0.0000000000,0.0000000000,0.0000000000,0.0000000000
0.0200000000,0.4419638110,0.3173383810,0.5282986795,-0.1007847813,-0.0679603107,-0.4118212966,0.4186733564,-0.1564814515,0.5443741931,0.0108728805,-0.0095500048,-0.2745392335,0.1155000000,-0.0000000000,0.7061338532,0.0000000000,0.5235987756,0.0000000000,1.0000000000,1.0000000000,0.0000000000,0.0000000000,0.0000000000,0.0000000000
0.0200000000,0.4419836077,0.3174271770,0.5283503525,-0.1002944298,-0.0681439188,-0.4116972540,0.4185514383,-0.1564082213,0.5444364248,0.0113204804,-0.0101537612,-0.2741519863,0.1155000000,0.0000000000,0.7061338532,-0.0000000000,0.5235987756,-0.0000000000,1.0000000000,1.0000000000,0.0000000000,0.0000000000,0.0000000000,0.0000000000
0.0200000000,0.4419931279,0.3174498874,0.5283660383,-0.1001555555,-0.0682057942,-0.4116645735,0.4185073876,-0.1563611590,0.5444918856,0.0116419373,-0.0106326045,-0.2739110805,0.1155000000,-0.0000000000,0.7061338532,0.0000000000,0.5235987756,0.0000000000,1.0000000000,1.0000000000,0.0000000000,0.0000000000,0.0000000000,0.0000000000
0.0200000000,0.4419957314,0.3174531196,0.5283689336,-0.1001324241,-0.0682185582,-0.4116596660,0.4185513590,-0.1563329071,0.5445446782,0.0118311892,-0.0110112454,-0.2737639276,0.1155000000,0.0000000000,0.7061338532,-0.0000000000,0.5235987756,-0.0000000000,1.0000000000,1.0000000000,0.0000000000,0.0000000000,0.0000000000,0.0000000000
0.0200000000,0.4419956644,0.3174525167,0.5283686234,-0.1001355014,-0.0682175654,-0.4116604867,0.4186451183,-0.1563166889,0.5445868660,0.0118936578,-0.0112618514,-0.2736660821,0.1155000000,-0.0000000000,0.7061338532,0.0000000000,0.5235987756,0.0000000000,1.0000000000,1.0000000000,0.0000000000,0.0000000000,0.0000000000,0.0000000000
0.0200000000,0.4419954658,0.3174520836,0.5283683176,-0.1001381621,-0.0682163503,-0.4116611109,0.4187364083,-0.1563075234,0.5446123796,0.0118732767,-0.0113830989,-0.2735956736,0.1155000000,-0.0000000000,0.7061338532,0.0000000000,0.5235987756,0.0000000000,1.0000000000,1.0000000000,0.0000000000,0.0000000000,0.0000000000,0.0000000000
0.0200000000,0.4419954522,0.3174520528,0.5283682961,-0.1001383499,-0.0682162654,-0.4116611556,0.4187909479,-0.1563028387,0.5446226133,0.0118324949,-0.0114162030,-0.2735517524,0.1155000000,-0.0000000000,0.7061338532,0.0000000000,0.5235987756,0.0000000000,1.0000000000,1.0000000000,0.0000000000,0.0000000000,0.0000000000,0.0000000000
0.0200000000,0.4419954523,0.3174520530,0.5283682962,-0.1001383487,-0.0682162659,-0.4116611553,0.4188070553,-0.1563011899,0.5446238686,0.0118093783,-0.0114121963,-0.2735341322,0.1155000000,-0.0000000000,0.7061338532,0.0000000000,0.5235987756,0.0000000000,1.0000000000,1.0000000000,0.0000000000,0.0000000000,0.0000000000,0.0000000000
0.0200000000,0.4419954523,0.3174520530,0.5283682962,-0.1001383487,-0.0682162659,-0.4116611553,0.4188097160,-0.1563008218,0.5446236378,0.0118027624,-0.0114081202,-0.2735298518,0.1155000000,0.0000000000,0.7061338532,-0.0000000000,0.5235987756,-0.0000000000,1.0000000000,1.0000000000,0.0000000000,0.0000000000,0.0000000000,0.0000000000
0.0200000000,0.4419954523,0.3174520530,0.5283682962,-0.1001383487,-0.0682162659,-0.4116611553,0.4188093970,-0.1563008473,0.5446235494,0.0118028282,-0.0114077013,-0.2735300539,0.1155000000,-0.0000000000,0.7061338532,0.0000000000,0.5235987756,0.0000000000,1.0000000000,1.0000000000,0.0000000000,0.0000000000,0.0000000000,0.0000000000
0.0200000000,0.4419954523,0.3174520530,0.5283682962,-0.1001383487,-0.0682162659,-0.4116611553,0.4188091012,-0.1563008810,0.5446235328,0.0118032980,-0.0114078244,-0.2735304134,0.1155000000,-0.0000000000,0.7061338532,0.0000000000,0.5235987756,0.0000000000,1.0000000000,1.0000000000,0.0000000000,0.0000000000,0.0000000000,0.0000000000
0.0200000000,0.4419954523,0.3174520530,0.5283682962,-0.1001383487,-0.0682162659,-0.4116611553,0.4188090803,-0.1563008834,0.5446235315,0.0118033299,-0.0114078317,-0.2735304382,0.1155000000,-0.0000000000,0.7061338532,0.0000000000,0.5235987756,0.0000000000,1.0000000000,1.0000000000,0.0000000000,0.0000000000,0.0000000000,0.0000000000
0.0200000000,0.4419954523,0.3174520530,0.5283682962,-0.1001383487,-0.0682162659,-0.4116611553,0.4188090805,-0.1563008834,0.5446235315,0.0118033295,-0.0114078317,-0.2735304379,0.1155000000,-0.0000000000,0.7061338532,0.0000000000,0.5235987756,0.0000000000,1.0000000000,1.0000000000,0.0000000000,0.0000000000,0.0000000000,0.0000000000
0.0200000000,0.4419954523,0.3174520530,0.5283682962,-0.1001383487,-0.0682162659,-0.4116611553,0.4188090786,-0.1563008837,0.5446235313,0.0118033322,-0.0114078317,-0.2735304408,0.1155000000,-0.0000000000,0.7061338532,0.0000000000,0.5235987756,0.0000000000,1.0000000000,1.0000000000,0.0000000000,0.0000000000,0.0000000000,0.0000000000
0.0200000000,0.4419954523,0.3174520530,0.5283682962,-0.1001383487,-0.0682162659,-0.4116611553,0.4188090060,-0.1563008955,0.5446235234,0.0118034310,-0.0114078314,-0.2735305491,0.1155000000,-0.0000000000,0.7061338532,0.0000000000,0.5235987756,0.0000000000,1.0000000000,1.0000000000,0.0000000000,0.0000000000,0.0000000000,0.0000000000
0.0200000000,0.4419954523,0.3174520530,0.5283682962,-0.1001383487,-0.0682162659,-0.4116611553,0.4188087413,-0.1563009423,0.5446234951,0.0118038015,-0.0114078341,-0.2735309723,0.1155000000,-0.0000000000,0.7061338532,0.0000000000,0.5235987756,0.0000000000,1.0000000000,1.0000000000,0.0000000000,0.0000000000,0.0000000000,0.0000000000
0.0200000000,0.4419954523,0.3174520530,0.5283682962,-0.1001383487,-0.0682162659,-0.4116611553,0.4188090096,-0.1563009709,0.5446235340,0.0118036269,-0.0114079001,-0.2735311177,0.1155000000,-0.0000000000,0.7061338532,0.0000000000,0.5235987756,0.0000000000,1.0000000000,1.0000000000,0.0000000000,0.0000000000,0.0000000000,0.0000000000
0.0200000000,0.4419954523,0.3174520530,0.5283682962,-0.1001383487,-0.0682162659,-0.4116611553,0.4188144656,-0.1563002151,0.5446241688,0.0117966842,-0.0114082181,-0.2735240115,0.1155000000,0.0000000000,0.7061338532,-0.0000000000,0.5235987756,-0.0000000000,1.0000000000,1.0000000000,0.0000000000,0.0000000000,0.0000000000,0.0000000000
0.0200000000,0.4419954523,0.3174520530,0.5283682962,-0.1001383487,-0.0682162659,-0.4116611553,0.4188340905,-0.1562960706,0.5446263346,0.0117683877,-0.0114086603,-0.2734877867,0.1155000000,-0.0000000000,0.7061338532,0.0000000000,0.5235987756,0.0000000000,1.0000000000,1.0000000000,0.0000000000,0.0000000000,0.0000000000,0.0000000000
0.0200000000,0.4419954523,0.3174520530,0.5283682962,-0.1001383487,-0.0682162659,-0.4116611553,0.4188759513,-0.1562838103,0.5446301335,0.0116968030,-0.0114036991,-0.2733841105,0.1155000000,-0.0000000000,0.7061338532,0.0000000000,0.5235987756,0.0000000000,1.0000000000,1.0000000000,0.0000000000,0.0000000000,0.0000000000,0.0000000000
0.0200000000,0.4419954523,0.3174520530,0.5283682962,-0.1001383487,-0.0682162659,-0.4116611553,0.4189349448,-0.1562579067,0.5446321350,0.0115598970,-0.0113718131,-0.2731694153,0.1155000000,0.0000000000,0.7061338532,-0.0000000000,0.5235987756,-0.0000000000,1.0000000000,1.0000000000,0.0000000000,0.0000000000,0.0000000000,0.0000000000
0.0200000000,0.4419954523,0.3174520530,0.5283682962,-0.1001383487,-0.0682162659,-0.4116611553,0.4189879315,-0.1562158484,0.5446237079,0.0113409644,-0.0112661864,-0.2728226373,0.1155000000,-0.0000000000,0.7061338532,0.0000000000,0.5235987756,0.0000000000,1.0000000000,1.0000000000,0.0000000000,0.0000000000,0.0000000000,0.0000000000
0.0200000000,0.4419954523,0.3174520530,0.5283682962,-0.1001383487,-0.0682162659,-0.4116611553,0.4189902072,-0.1561630568,0.5445871490,0.0110207199,-0.0109868291,-0.2723770833,0.1155000000,-0.0000000000,0.7061338532,0.0000000000,0.5235987756,0.0000000000,1.0000000000,1.0000000000,0.0000000000,0.0000000000,0.0000000000,0.0000000000
0.0200000000,0.4419954523,0.3174520530,0.5283682962,-0.1001383487,-0.0682162659,-0.4116611553,0.4189144244,-0.1561169843,0.5445126693,0.0106197131,-0.0104783742,-0.2719586877,0.1155000000,-0.0000000000,0.7061338532,0.0000000000,0.5235987756,0.0000000000,1.0000000000,1.0000000000,0.0000000000,0.0000000000,0.0000000000,0.0000000000
0.0200000000,0.4419954523,0.3174520530,0.5283682962,-0.1001383487,-0.0682162659,-0.4116611553,0.4187588769,-0.1560942915,0.5443996630,0.0101677399,-0.0097345325,-0.2716899012,0.1155000000,-0.0000000000,0.7061338532,0.0000000000,0.5235987756,0.0000000000,1.0000000000,1.0000000000,0.0000000000,0.0000000000,0.0000000000,0.0000000000
0.0200000000,0.4419954523,0.3174520530,0.5283682962,-0.1001383487,-0.0682162659,-0.4116611553,0.4185533288,-0.1561032415,0.5442607057,0.0097036652,-0.0088257182,-0.2716371879,0.1155000000,-0.0000000000,0.7061338532,0.0000000000,0.5235987756,0.0000000000,1.0000000000,1.0000000000,0.0000000000,0.0000000000,0.0000000000,0.0000000000
0.0200000000,0.4419954523,0.3174520530,0.5283682962,-0.1001383487,-0.0682162659,-0.4116611553,0.4183503146,-0.1561400682,0.5441177537,0.0092614956,-0.0078782025,-0.2717824307,0.1155000000,-0.0000000000,0.7061338532,0.0000000000,0.5235987756,0.0000000000,1.0000000000,1.0000000000,0.0000000000,0.0000000000,0.0000000000,0.0000000000
0.0200000000,0.4419954523,0.3174520530,0.5283682962,-0.1001383487,-0.0682162659,-0.4116611553,0.4182151049,-0.1561919060,0.5439966476,0.0088608187,-0.0070398670,-0.2720406038,0.1155000000,-0.0000000000,0.7061338532,0.0000000000,0.5235987756,0.0000000000,1.0000000000,1.0000000000,0.0000000000,0.0000000000,0.0000000000,0.0000000000
0.0200000000,0.4419954523,0.3174520530,0.5283682962,-0.1001383487,-0.0682162659,-0.4116611553,0.4181768045,-0.1562403015,0.5439119474,0.0085059938,-0.0064028935,-0.2722847898,0.1155000000,-0.0000000000,0.7061338532,0.0000000000,0.5235987756,0.0000000000,1.0000000000,1.0000000000,0.0000000000,0.0000000000,0.0000000000,0.0000000000
0.0200000000,0.4419954523,0.3174520530,0.5283682962,-0.1001383487,-0.0682162659,-0.4116611553,0.4182350472,-0.1562738332,0.5438694801,0.0082122265,-0.0060151943,-0.2724398863,0.1155000000,-0.0000000000,0.7061338532,0.0000000000,0.5235987756,0.0000000000,1.0000000000,1.0000000000,0.0000000000,0.0000000000,0.0000000000,0.0000000000
0.0200000000,0.4419954523,0.3174520530,0.5283682962,-0.1001383487,-0.0682162659,-0.4116611553,0.4183621468,-0.1562847538,0.5438653816,0.0079895348,-0.0058714756,-0.2724554814,0.1155000000,-0.0000000000,0.7061338532,0.0000000000,0.5235987756,0.0000000000,1.0000000000,1.0000000000,0.0000000000,0.0000000000,0.0000000000,0.0000000000
0.0200000000,0.4419954523,0.3174520530,0.5283682962,-0.1001383487,-0.0682162659,-0.4116611553,0.4185078553,-0.1562695183,0.5438832520,0.0078186972,-0.0058872304,-0.2723033360,0.1155000000,-0.0000000000,0.7061338532,0.0000000000,0.5235987756,0.0000000000,1.0000000000,1.0000000000,0.0000000000,0.0000000000,0.0000000000,0.0000000000
0.0200000000,0.4419954523,0.3174520530,0.5283682962,-0.1001383487,-0.0682162659,-0.4116611553,0.4185957555,-0.1562295453,0.5438858551,0.0076094841,-0.0058373085,-0.2719720200,0.1155000000,-0.0000000000,0.7061338532,0.0000000000,0.5235987756,0.0000000000,1.0000000000,1.0000000000,0.0000000000,0.0000000000,0.0000000000,0.0000000000
0.0200000000,0.4419954523,0.3174520530,0.5283682962,-0.1001383487,-0.0682162659,-0.4116611553,0.4185621094,-0.1561819286,0.5438240577,0.0072074873,-0.0053902251,-0.2715415264,0.1155000000,-0.0000000000,0.7061338532,0.0000000000,0.5235987756,0.0000000000,1.0000000000,1.0000000000,0.0000000000,0.0000000000,0.0000000000,0.0000000000
0.0200000000,0.4419954523,0.3174520530,0.5283682962,-0.1001383487,-0.0682162659,-0.4116611553,0.4183631267,-0.1561487451,0.5436485782,0.0064315089,-0.0041941399,-0.2711190040,0.1155000000,-0.0000000000,0.7061338532,0.0000000000,0.5235987756,0.0000000000,1.0000000000,1.0000000000,0.0000000000,0.0000000000,0.0000000000,0.0000000000
0.0200000000,0.4419954523,0.3174520530,0.5283682962,-0.1001383487,-0.0682162659,-0.4116611553,0.4179796535,-0.1561558583,0.5433163883,0.0050997787,-0.0019216192,-0.2708378939,0.1155000000,-0.0000000000,0.7061338532,0.0000000000,0.5235987756,0.0000000000,1.0000000000,1.0000000000,0.0000000000,0.0000000000,0.0000000000,0.0000000000
0.0200000000,0.4419954523,0.3174520530,0.5283682962,-0.1001383487,-0.0682162659,-0.4116611553,0.4174243598,-0.1562267649,0.5428038206,0.0030834857,0.0016336080,-0.2708302077,0.1155000000,-0.0000000000,0.7061338532,0.0000000000,0.5235987756,0.0000000000,1.0000000000,1.0000000000,0.0000000000,0.0000000000,0.0000000000,0.0000000000
0.0200000000,0.4419954523,0.3174520530,0.5283682962,-0.1001383487,-0.0682162659,-0.4116611553,0.4167752424,-0.1563787967,0.5421340664,0.0004095074,0.0063670768,-0.2712262517,0.1155000000,0.0000000000,0.7061338532,-0.0000000000,0.5235987756,-0.0000000000,1.0000000000,1.0000000000,0.0000000000,0.0000000000,0.0000000000,0.0000000000
0.0200000000,0.4419954523,0.3174520530,0.5283682962,-0.1001383487,-0.0682162659,-0.4116611553,0.4162498531,-0.1565720491,0.5414927385,-0.0022465523,0.0110010552,-0.2719184147,0.1155000000,-0.0000000000,0.7061338532,0.0000000000,0.5235987756,0.0000000000,1.0000000000,1.0000000000,0.0000000000,0.0000000000,0.0000000000,0.0000000000
0.0200000000,0.4419954523,0.3174520530,0.5283682962,-0.1001383487,-0.0682162659,-0.4116611553,0.4158292089,-0.1567994705,0.5408652955,-0.0049515332,0.0156296874,-0.2728427912,0.1155000000,0.0000000000,0.7061338532,-0.0000000000,0.5235987756,-0.0000000000,1.0000000000,1.0000000000,0.0000000000,0.0000000000,0.0000000000,0.0000000000
0.0200000000,0.4419954523,0.3174520530,0.5283682962,-0.1001383487,-0.0682162659,-0.4116611553,0.4154783492,-0.1570618021,0.5402251098,-0.0078068892,0.0204326129,-0.2739822734,0.1155000000,-0.0000000000,0.7061338532,0.0000000000,0.5235987756,0.0000000000,1.0000000000,1.0000000000,0.0000000000,0.0000000000,0.0000000000,0.0000000000
0.0200000000,0.4419954523,0.3174520530,0.5283682962,-0.1001383487,-0.0682162659,-0.4116611553,0.4152090860,-0.1572982150,0.5396775156,-0.0102933366,0.0245764151,-0.2750387791,0.1155000000,0.0000000000,0.7061338532,-0.0000000000,0.5235987756,-0.0000000000,1.0000000000,1.0000000000,0.0000000000,0.0000000000,0.0000000000,0.0000000000
0.0200000000,0.4419954523,0.3174520530,0.5283682962,-0.1001383487,-0.0682162659,-0.4116611553,0.4150572996,-0.1574535850,0.5393318085,-0.0118894897,0.0272124931,-0.2757464062,0.1155000000,-0.0000000000,0.7061338532,0.0000000000,0.5235987756,0.0000000000,1.0000000000,1.0000000000,0.0000000000,0.0000000000,0.0000000000,0.0000000000
0.0200000000,0.4419954523,0.3174520530,0.5283682962,-0.1001383487,-0.0682162659,-0.4116611553,0.4149508776,-0.1575774857,0.5390653249,-0.0131338572,0.0292560563,-0.2763198330,0.1155000000,-0.0000000000,0.7061338532,0.0000000000,0.5235987756,0.0000000000,1.0000000000,1.0000000000,0.0000000000,0.0000000000,0.0000000000,0.0000000000
0.0200000000,0.4419954523,0.3174520530,0.5283682962,-0.1001383487,-0.0682162659,-0.4116611553,0.4148665384,-0.1576886097,0.5388352541,-0.0142159429,0.0310287849,-0.2768439140,0.1155000000,-0.0000000000,0.7061338532,0.0000000000,0.5235987756,0.0000000000,1.0000000000,1.0000000000,0.0000000000,0.0000000000,0.0000000000,0.0000000000
0.0200000000,0.4419954661,0.3174520451,0.5283682971,-0.1001383911,-0.0682162765,-0.4116611650,0.4148360175,-0.1578082449,0.5386348187,-0.0151925616,0.0326132052,-0.2774528003,0.1155000000,-0.0000000000,0.7061338532,0.0000000000,0.5235987756,0.0000000000,1.0000000000,1.0000000000,0.0000000000,0.0000000000,0.0000000000,0.0000000000
0.0200000000,0.4419954126,0.3174520756,0.5283682938,-0.1001382264,-0.0682162354,-0.4116611273,0.4148749741,-0.1579943626,0.5383847354,-0.0164784166,0.0346607408,-0.2784550622,0.1155000000,-0.0000000000,0.7061338532,0.0000000000,0.5235987756,0.0000000000,1.0000000000,1.0000000000,0.0000000000,0.0000000000,0.0000000000,0.0000000000
0.0200000000,0.4419950929,0.3174522665,0.5283682750,-0.1001372538,-0.0682159716,-0.4116608928,0.4150209327,-0.1582851784,0.5380368304,-0.0183706305,0.0375937642,-0.2800511202,0.1155000000,-0.0000000000,0.7061338532,0.0000000000,0.5235987756,0.0000000000,0.9348135905,1.0000000000,0.0000000000,0.0000000000,0.0000000000,0.0000000000
0.0200000000,0.4419944059,0.3174525780,0.5283682314,-0.1001350327,-0.0682156059,-0.4116604950,0.4153032368,-0.1585884914,0.5377248312,-0.0202536632,0.0403625482,-0.2817385981,0.1155000000,0.0000000000,0.7061338532,-0.0000000000,0.5235987756,-0.0000000000,0.8681469238,1.0000000000,0.0000000000,0.0000000000,0.0000000000,0.0000000000
0.0200000000,0.4419943238,0.3174517878,0.5283682070,-0.1001335916,-0.0682172937,-0.4116613350,0.4157215465,-0.1587915187,0.5376040421,-0.0213571606,0.0417125007,-0.2828982823,0.1155000000,-0.0000000000,0.7061338532,0.0000000000,0.5235987756,0.0000000000,0.8014802571,1.0000000000,0.0000000000,0.0000000000,0.0000000000,0.0000000000
0.0200000000,0.4419977869,0.3174478035,0.5283683539,-0.1001415962,-0.0682240586,-0.4116659394,0.4163145935,-0.1588979073,0.5376734840,-0.0217454555,0.0416853125,-0.2835343041,0.1155000000,-0.0000000000,0.7061338532,0.0000000000,0.5235987756,0.0000000000,0.7348135905,1.0000000000,0.0000000000,0.0000000000,0.0000000000,0.0000000000
0.0200000000,0.4420169504,0.3174358109,0.5283692013,-0.1002030540,-0.0682388850,-0.4116807586,0.4171428851,-0.1588941957,0.5379458501,-0.0214727824,0.0402351007,-0.2835349405,0.1155000000,-0.0000000000,0.7061338532,0.0000000000,0.5235987756,0.0000000000,0.6681469238,1.0000000000,0.0000000000,0.0000000000,0.0000000000,0.0000000000
0.0200000000,0.4421052635,0.3174152409,0.5283743039,-0.1005301023,-0.0682375759,-0.4117116460,0.4181458761,-0.1587076353,0.5384330057,-0.0205074236,0.0372119377,-0.2823996666,0.1155000000,-0.0000000000,0.7061338532,0.0000000000,0.5235987756,0.0000000000,0.6014802571,1.0000000000,0.0000000000,0.0000000000,0.0000000000,0.0000000000
0.0200000000,0.4423076910,0.3174254757,0.5283932096,-0.1012778071,-0.0681599496,-0.4117175424,0.4190692450,-0.1583576381,0.5390075038,-0.0191842427,0.0334130130,-0.2802060659,0.1155000000,-0.0000000000,0.7061338532,0.0000000000,0.5235987756,0.0000000000,0.5348135905,1.0000000000,0.0000000000,0.0000000000,0.0000000000,0.0000000000
0.0200000000,0.4426216474,0.3175131498,0.5284355515,-0.1023795887,-0.0679765627,-0.4116433855,0.4198050214,-0.1579187846,0.5395665848,-0.0178200029,0.0295665012,-0.2774148451,0.1155000000,-0.0000000000,0.7061338532,0.0000000000,0.5235987756,0.0000000000,0.4681469238,1.0000000000,0.0000000000,0.0000000000,0.0000000000,0.0000000000
0.0200000000,0.4430307311,0.3177079565,0.5285097272,-0.1036905470,-0.0676998816,-0.4114509501,0.4203567330,-0.1574404296,0.5400766553,-0.0165323315,0.0259444643,-0.2743458480,0.1155000000,0.0000000000,0.7061338532,-0.0000000000,0.5235987756,-0.0000000000,0.4014802571,1.0000000000,0.0000000000,0.0000000000,0.0000000000,0.0000000000
0.0200000000,0.4435616737,0.3180454695,0.5286305416,-0.1052020572,-0.0673342041,-0.4110979857,0.4208079004,-0.1568954340,0.5405898333,-0.0151932011,0.0222020109,-0.2708368295,0.1155000000,0.0000000000,0.7061338532,-0.0000000000,0.5235987756,-0.0000000000,0.3348135905,1.0000000000,0.0000000000,0.0000000000,0.0000000000,0.0000000000
0.0200000000,0.4441801914,0.3185432313,0.5288083803,-0.1066370312,-0.0669508819,-0.4105547254,0.4211323194,-0.1563197596,0.5410846068,-0.0138187729,0.0184902417,-0.2671377991,0.1155000000,-0.0000000000,0.7061338532,0.0000000000,0.5235987756,0.0000000000,0.2681469238,1.0000000000,0.0000000000,0.0000000000,0.0000000000,0.0000000000
0.0200000000,0.4446853847,0.3190134727,0.5289811662,-0.1075468939,-0.0666997768,-0.4100270382,0.4213139340,-0.1558590783,0.5414682530,-0.0126663455,0.0155496822,-0.2642016372,0.1155000000,-0.0000000000,0.7061338532,0.0000000000,0.5235987756,0.0000000000,0.2014802571,1.0000000000,0.0000000000,0.0000000000,0.0000000000,0.0000000000
0.0200000000,0.4450968321,0.3194481039,0.5291467166,-0.1080386014,-0.0665655896,-0.4095269233,0.4214062012,-0.1554769620,0.5417845574,-0.0116236359,0.0130748951,-0.2617953612,0.1155000000,-0.0000000000,0.7061338532,0.0000000000,0.5235987756,0.0000000000,0.1348135905,1.0000000000,0.0000000000,0.0000000000,0.0000000000,0.0000000000
0.0200000000,0.4454432845,0.3198604395,0.5293124648,-0.1081691300,-0.0665482593,-0.4090393941,0.4214408455,-0.1551271029,0.5420836631,-0.0105248330,0.0106907203,-0.2596347520,0.1155000000,-0.0000000000,0.7061338532,0.0000000000,0.5235987756,0.0000000000,0.0681469238,1.0000000000,0.0000000000,0.0000000000,0.0000000000,0.0000000000
0.0200000000,0.4457475759,0.3202785857,0.5294928212,-0.1078955793,-0.0666731927,-0.4085285837,0.4214182616,-0.1547698408,0.5424065270,-0.0091945971,0.0080684631,-0.2574881150,0.1155000000,-0.0000000000,0.7061338532,0.0000000000,0.5235987756,0.0000000000,0.0016525881,1.0000000000,0.0000000000,0.0000000000,0.0000000000,0.0000000000
0.0200000000,0.4459372732,0.3206112258,0.5296581087,-0.1071026253,-0.0669977871,-0.4080980306,0.4213196416,-0.1544507066,0.5427301449,-0.0076507794,0.0053803025,-0.2556688600,0.1155000000,-0.0000000000,0.7061338532,0.0000000000,0.5235987756,0.0000000000,0.0000000000,1.0000000000,0.0000000000,0.0000000000,0.0000000000,0.0000000000
0.0200000000,0.4460100110,0.3208298210,0.5297946115,-0.1059166836,-0.0674852454,-0.4077870784,0.4211570107,-0.1541886664,0.5430376091,-0.0059814813,0.0027737929,-0.2542853099,0.1155000000,0.0000000000,0.7061338532,-0.0000000000,0.5235987756,-0.0000000000,0.0000000000,1.0000000000,0.0000000000,0.0000000000,0.0000000000,0.0000000000
0.0200000000,0.4459808440,0.3209286113,0.5299035096,-0.1043835675,-0.0681433037,-0.4076040497,0.4209221948,-0.1539782744,0.5433438515,-0.0040910292,0.0001237237,-0.2533237480,0.1155000000,-0.0000000000,0.7061338532,0.0000000000,0.5235987756,0.0000000000,0.0000000000,1.0000000000,0.0000000000,0.0000000000,0.0000000000,0.0000000000
0.0200000000,0.4458641737,0.3209072281,0.5299969523,-0.1024008636,-0.0690528202,-0.4075445123,0.4205739383,-0.1537993208,0.5436927511,-0.0016780740,-0.0029528575,-0.2527235909,0.1155000000,-0.0000000000,0.7061338532,0.0000000000,0.5235987756,0.0000000000,0.0000000000,1.0000000000,0.0000000000,0.0000000000,0.0000000000,0.0000000000
0.0200000000,0.4457023140,0.3207564775,0.5300619275,-0.1003568299,-0.0700866009,-0.4076347610,0.4201453905,-0.1536789462,0.5440461263,0.0010124917,-0.0061199380,-0.2526079508,0.1155000000,0.0000000000,0.7061338532,-0.0000000000,0.5235987756,-0.0000000000,0.0000000000,1.0000000000,0.0000000000,0.0000000000,0.0000000000,0.0000000000
0.0200000000,0.4455885997,0.3205345624,0.5300893515,-0.0989683064,-0.0709378666,-0.4078337353,0.4197487104,-0.1536306066,0.5443260403,0.0033292797,-0.0086662756,-0.2528938902,0.1155000000,-0.0000000000,0.7061338532,0.0000000000,0.5235987756,0.0000000000,0.0000000000,1.0000000000,0.0000000000,0.0000000000,0.0000000000,0.0000000000
0.0200000000,0.4455570565,0.3203043943,0.5300953671,-0.0982926561,-0.0715516915,-0.4080683689,0.4194136421,-0.1536171214,0.5445399586,0.0051957906,-0.0106328476,-0.2533015027,0.1155000000,-0.0000000000,0.7061338532,0.0000000000,0.5235987756,0.0000000000,0.0000000000,1.0000000000,0.0000000000,0.0000000000,0.0000000000,0.0000000000
0.0200000000,0.4456171180,0.3200690588,0.5300879368,-0.0982679487,-0.0719737644,-0.4083308650,0.4191140781,-0.1536207356,0.5447120345,0.0067737104,-0.0122360552,-0.2537504694,0.1155000000,-0.0000000000,0.7061338532,0.0000000000,0.5235987756,0.0000000000,0.0000000000,1.0000000000,0.0000000000,0.0000000000,0.0000000000,0.0000000000
0.0200000000,0.4457823145,0.3198466192,0.5300711757,-0.0989373230,-0.0721799464,-0.4086014537,0.4188572068,-0.1536351180,0.5448358305,0.0080015909,-0.0134217472,-0.2541800811,0.1155000000,0.0000000000,0.7061338532,-0.0000000000,0.5235987756,-0.0000000000,0.0000000000,1.0000000000,0.0000000000,0.0000000000,0.0000000000,0.0000000000
0.0200000000,0.4460590279,0.3196482340,0.5300499157,-0.1002859335,-0.0721745383,-0.4088669405,0.4186396663,-0.1536556293,0.5449099323,0.0088701281,-0.0141836332,-0.2545555620,0.1155000000,-0.0000000000,0.7061338532,0.0000000000,0.5235987756,0.0000000000,0.0000000000,1.0000000000,0.0000000000,0.0000000000,0.0000000000,0.0000000000
0.0200000000,0.4464465653,0.3194905033,0.5300318326,-0.1022337752,-0.0719783774,-0.4091061651,0.4184594573,-0.1536784861,0.5449301787,0.0093522720,-0.0144923348,-0.2548434888,0.1155000000,-0.0000000000,0.7061338532,0.0000000000,0.5235987756,0.0000000000,0.0000000000,1.0000000000,0.0000000000,0.0000000000,0.0000000000,0.0000000000
0.0200000000,0.4469141563,0.3193703873,0.5300230261,-0.1045345944,-0.0716772931,-0.4093151521,0.4183029868,-0.1537011167,0.5449104647,0.0095515022,-0.0144686536,-0.2550539541,0.1155000000,-0.0000000000,0.7061338532,0.0000000000,0.5235987756,0.0000000000,0.0000000000,1.0000000000,0.0000000000,0.0000000000,0.0000000000,0.0000000000
0.0200000000,0.4474398619,0.3192835962,0.5300267925,-0.1070244556,-0.0713289869,-0.4094938260,0.4181644728,-0.1537220212,0.5448608770,0.0095361088,-0.0141965704,-0.2551949980,0.1155000000,-0.0000000000,0.7061338532,0.0000000000,0.5235987756,0.0000000000,0.0000000000,1.0000000000,0.0000000000,0.0000000000,0.0000000000,0.0000000000
0.0200000000,0.4480622167,0.3192200214,0.5300492401,-0.1097999543,-0.0709598376,-0.4096565290,0.4180300855,-0.1537410180,0.5447834572,0.0093423482,-0.0137037919,-0.2552752556,0.1155000000,-0.0000000000,0.7061338532,0.0000000000,0.5235987756,0.0000000000,0.0000000000,1.0000000000,0.0000000000,0.0000000000,0.0000000000,0.0000000000
0.0200000000,0.4488644992,0.3191703656,0.5301037989,-0.1130914755,-0.0705986643,-0.4098210647,0.4178882084,-0.1537563080,0.5446717359,0.0089481639,-0.0129498023,-0.2552766259,0.1155000000,-0.0000000000,0.7061338532,0.0000000000,0.5235987756,0.0000000000,0.0000000000,1.0000000000,0.0000000000,0.0000000000,0.0000000000,0.0000000000
0.0200000000,0.4498566633,0.3191297183,0.5302079737,-0.1167064106,-0.0703742829,-0.4099851419,0.4177511539,-0.1537593449,0.5445291751,0.0083363925,-0.0119521958,-0.2551355892,0.1155000000,-0.0000000000,0.7061338532,0.0000000000,0.5235987756,0.0000000000,0.0000000000,1.0000000000,0.0000000000,0.0000000000,0.0000000000,0.0000000000
0.0200000000,0.4508566717,0.3190863736,0.5303486091,-0.1198695926,-0.0704138670,-0.4101346325,0.4176448468,-0.1537433113,0.5443874607,0.0076391921,-0.0109373621,-0.2548400896,0.1155000000,-0.0000000000,0.7061338532,0.0000000000,0.5235987756,0.0000000000,0.0000000000,1.0000000000,0.0000000000,0.0000000000,0.0000000000,0.0000000000
0.0200000000,0.4518204857,0.3190268770,0.5305141601,-0.1224874376,-0.0707104124,-0.4102805261,0.4175597572,-0.1537085607,0.5442510637,0.0069007997,-0.0099483081,-0.2544042629,0.1155000000,-0.0000000000,0.7061338532,0.0000000000,0.5235987756,0.0000000000,0.0000000000,1.0000000000,0.0000000000,0.0000000000,0.0000000000,0.0000000000
0.0200000000,0.4527704856,0.3189427926,0.5307048537,-0.1246559206,-0.0712604881,-0.4104341782,0.4174731748,-0.1536550892,0.5441084385,0.0060912648,-0.0089139210,-0.2538201132,0.1155000000,-0.0000000000,0.7061338532,0.0000000000,0.5235987756,0.0000000000,0.0000000000,1.0000000000,0.0000000000,0.0000000000,0.0000000000,0.0000000000
0.0200000000,0.4537439207,0.3188279711,0.5309294790,-0.1264352857,-0.0721026784,-0.4106022604,0.4173543497,-0.1535813237,0.5439401121,0.0051436486,-0.0077077625,-0.2530589840,0.1155000000,0.0000000000,0.7061338532,-0.0000000000,0.5235987756,-0.0000000000,0.0000000000,1.0000000000,0.0000000000,0.0000000000,0.0000000000,0.0000000000
0.0200000000,0.4547364576,0.3186816664,0.5311959381,-0.1276878011,-0.0733055717,-0.4107772124,0.4171572074,-0.1534876071,0.5437205626,0.0039844450,-0.0061679512,-0.2521037342,0.1155000000,-0.0000000000,0.7061338532,-0.0000000000,0.5235987756,0.0000000000,0.0000000000,1.0000000000,0.0000000000,0.0000000000,0.0000000000,0.0000000000
0.0200000000,0.4556508354,0.3185324745,0.5314832284,-0.1282400716,-0.0747606730,-0.4109220295,0.4168629534,-0.1533910650,0.5434488662,0.0026722875,-0.0042989344,-0.2510882713,0.1155000000,0.0000000000,0.7061338532,-0.0000000000,0.5235987756,-0.0000000000,0.0000000000,1.0000000000,0.0000000000,0.0000000000,0.0000000000,0.0000000000
0.0200000000,0.4564731578,0.3184019666,0.5317897293,-0.1280719437,-0.0764277649,-0.4110114942,0.4164668580,-0.1533034356,0.5431199149,0.0012051347,-0.0020607081,-0.2500933116,0.1155000000,-0.0000000000,0.7061338532,0.0000000000,0.5235987756,0.0000000000,0.0000000000,1.0000000000,0.0000000000,0.0000000000,0.0000000000,0.0000000000
0.0200000000,0.4571820331,0.3183072783,0.5321093787,-0.1271775528,-0.0782518585,-0.4110272239,0.4159871529,-0.1532345749,0.5427415035,-0.0003851990,0.0005047615,-0.2491958066,0.1155000000,-0.0000000000,0.7061338532,0.0000000000,0.5235987756,0.0000000000,0.0000000000,1.0000000000,0.0000000000,0.0000000000,0.0000000000,0.0000000000
0.0200000000,0.4577760441,0.3182583293,0.5324398405,-0.1255940170,-0.0801979876,-0.4109609064,0.4154500059,-0.1531907046,0.5423234138,-0.0020756536,0.0033454565,-0.2484455326,0.1155000000,-0.0000000000,0.7061338532,0.0000000000,0.5235987756,0.0000000000,0.0000000000,1.0000000000,0.0000000000,0.0000000000,0.0000000000,0.0000000000
0.0200000000,0.4582679357,0.3182626304,0.5327938244,-0.1232169652,-0.0823358724,-0.4107991502,0.4148701418,-0.1531777653,0.5418602937,-0.0039160156,0.0065182541,-0.2478714284,0.1155000000,-0.0000000000,0.7061338532,0.0000000000,0.5235987756,0.0000000000,0.0000000000,1.0000000000,0.0000000000,0.0000000000,0.0000000000,0.0000000000
0.0200000000,0.4586817519,0.3183160896,0.5331791515,-0.1200574595,-0.0847065693,-0.4105483817,0.4142640704,-0.1531954966,0.5413537827,-0.0059284043,0.0100253187,-0.2474670051,0.1155000000,-0.0000000000,0.7061338532,0.0000000000,0.5235987756,0.0000000000,0.0000000000,1.0000000000,0.0000000000,0.0000000000,0.0000000000,0.0000000000
0.0200000000,0.4590297625,0.3184143315,0.5336014368,-0.1160952616,-0.0873484551,-0.4102153700,0.4136586662,-0.1532452662,0.5408107438,-0.0081177348,0.0138354183,-0.2472418152,0.1155000000,-0.0000000000,0.7061338532,0.0000000000,0.5235987756,0.0000000000,0.0000000000,1.0000000000,0.0000000000,0.0000000000,0.0000000000,0.0000000000
0.0200000000,0.4593113036,0.3185494358,0.5340551951,-0.1113929635,-0.0902368621,-0.4098166596,0.4130892619,-0.1533267906,0.5402498779,-0.0104329355,0.0178290530,-0.2472086928,0.1155000000,-0.0000000000,0.7061338532,0.0000000000,0.5235987756,0.0000000000,0.0000000000,1.0000000000,0.0000000000,0.0000000000,0.0000000000,0.0000000000
0.0200000000,0.4595284392,0.3186907760,0.5344921946,-0.1065987752,-0.0930594181,-0.4094211922,0.4126114990,-0.1534227718,0.5397334878,-0.0126179043,0.0215535650,-0.2473142059,0.1155000000,-0.0000000000,0.7061338532,0.0000000000,0.5235987756,0.0000000000,0.0000000000,1.0000000000,0.0000000000,0.0000000000,0.0000000000,0.0000000000
0.0200000000,0.4596726345,0.3188144104,0.5348651465,-0.1022948954,-0.0955118566,-0.4090824529,0.4122797894,-0.1535188695,0.5393203059,-0.0144259522,0.0245805500,-0.2475210296,0.1155000000,-0.0000000000,0.7061338532,0.0000000000,0.5235987756,0.0000000000,0.0000000000,1.0000000000,0.0000000000,0.0000000000,0.0000000000,0.0000000000
0.0200000000,0.4597961589,0.3189283918,0.5352309666,-0.0979700138,-0.0979539882,-0.4087643276,0.4120104309,-0.1536204140,0.5389384910,-0.0161437271,0.0274117647,-0.2477918690,0.1155000000,-0.0000000000,0.7061338532,0.0000000000,0.5235987756,0.0000000000,0.0000000000,1.0000000000,0.0000000000,0.0000000000,0.0000000000,0.0000000000
0.0200000000,0.4599141995,0.3190344656,0.5356056637,-0.0934834173,-0.1004870590,-0.4084586557,0.4117800160,-0.1537287453,0.5385680536,-0.0178513637,0.0301868542,-0.2481155235,0.1155000000,-0.0000000000,0.7061338532,0.0000000000,0.5235987756,0.0000000000,0.0000000000,1.0000000000,0.0000000000,0.0000000000,0.0000000000,0.0000000000
0.0200000000,0.4600259822,0.3191248123,0.5359714333,-0.0890699632,-0.1029905858,-0.4081841484,0.4115930060,-0.1538373684,0.5382251199,-0.0194673220,0.0327798354,-0.2484671744,0.1155000000,-0.0000000000,0.7061338532,0.0000000000,0.5235987756,0.0000000000,0.0000000000,1.0000000000,0.0000000000,0.0000000000,0.0000000000,0.0000000000
0.0200000000,0.4601308077,0.3191959642,0.5363146181,-0.0849122762,-0.1053671915,-0.4079505918,0.4114502575,-0.1539409689,0.5379202259,-0.0209358102,0.0351061719,-0.2488232157,0.1155000000,-0.0000000000,0.7061338532,0.0000000000,0.5235987756,0.0000000000,0.0000000000,1.0000000000,0.0000000000,0.0000000000,0.0000000000,0.0000000000
0.0200000000,0.4602399933,0.3192459866,0.5366564044,-0.0807677801,-0.1077718267,-0.4077505997,0.4113455529,-0.1540452940,0.5376374474,-0.0223339515,0.0372876109,-0.2492040321,0.1155000000,-0.0000000000,0.7061338532,0.0000000000,0.5235987756,0.0000000000,0.0000000000,1.0000000000,0.0000000000,0.0000000000,0.0000000000,0.0000000000
0.0200000000,0.4603728638,0.3192750620,0.5370334122,-0.0762258746,-0.1104628987,-0.4075706078,0.4112577785,-0.1541596053,0.5373445726,-0.0238098143,0.0395652501,-0.2496375642,0.1155000000,-0.0000000000,0.7061338532,0.0000000000,0.5235987756,0.0000000000,0.0000000000,1.0000000000,0.0000000000,0.0000000000,0.0000000000,0.0000000000
0.0200000000,0.4605259872,0.3192835719,0.5374397055,-0.0713549760,-0.1133970835,-0.4074149161,0.4111881624,-0.1542822890,0.5370458540,-0.0253421632,0.0419061882,-0.2501181894,0.1155000000,-0.0000000000,0.7061338532,0.0000000000,0.5235987756,0.0000000000,0.0000000000,1.0000000000,0.0000000000,0.0000000000,0.0000000000,0.0000000000
0.0200000000,0.4606859637,0.3192681124,0.5378285338,-0.0667386003,-0.1162393832,-0.4073070462,0.4111372320,-0.1543983974,0.5367734794,-0.0267567042,0.0440525494,-0.2505842361,0.1155000000,-0.0000000000,0.7061338532,0.0000000000,0.5235987756,0.0000000000,0.0000000000,1.0000000000,0.0000000000,0.0000000000,0.0000000000,0.0000000000
0.0200000000,0.4608532597,0.3192234321,0.5381893105,-0.0625163822,-0.1189191023,-0.4072545538,0.4111079079,-0.1545040873,0.5365371858,-0.0280031924,0.0459279043,-0.2510204635,0.1155000000,-0.0000000000,0.7061338532,0.0000000000,0.5235987756,0.0000000000,0.0000000000,1.0000000000,0.0000000000,0.0000000000,0.0000000000,0.0000000000
0.0200000000,0.4610219260,0.3191587905,0.5385199524,-0.0587038797,-0.1214111230,-0.4072467577,0.4110944132,-0.1545993342,0.5363331393,-0.0290948248,0.0475579135,-0.2514228244,0.1155000000,-0.0000000000,0.7061338532,0.0000000000,0.5235987756,0.0000000000,0.0000000000,1.0000000000,0.0000000000,0.0000000000,0.0000000000,0.0000000000
0.0200000000,0.4611729957,0.3190956507,0.5388057159,-0.0554391982,-0.1235783266,-0.4072589250,0.4110836097,-0.1546810485,0.5361593606,-0.0300261445,0.0489475920,-0.2517704431,0.1155000000,-0.0000000000,0.7061338532,0.0000000000,0.5235987756,0.0000000000,0.0000000000,1.0000000000,0.0000000000,0.0000000000,0.0000000000,0.0000000000
0.0200000000,0.4612897577,0.3190432192,0.5390239474,-0.0529428184,-0.1252337727,-0.4072729863,0.4110765734,-0.1547431198,0.5360285877,-0.0307287454,0.0499947888,-0.2520363795,0.1155000000,-0.0000000000,0.7061338532,0.0000000000,0.5235987756,0.0000000000,0.0000000000,1.0000000000,0.0000000000,0.0000000000,0.0000000000,0.0000000000
0.0200000000,0.4613920629,0.3189897423,0.5391993406,-0.0509706756,-0.1265821085,-0.4073031723,0.4110749289,-0.1547920490,0.5359285185,-0.0312708155,0.0507994484,-0.2522492730,0.1155000000,-0.0000000000,0.7061338532,0.0000000000,0.5235987756,0.0000000000,0.0000000000,1.0000000000,0.0000000000,0.0000000000,0.0000000000,0.0000000000
0.0200000000,0.4615132141,0.3189182347,0.5393770174,-0.0490782167,-0.1279932049,-0.4073767908,0.4110767087,-0.1548400159,0.5358333959,-0.0317897126,0.0515673191,-0.2524613561,0.1155000000,0.0000000000,0.7061338532,-0.0000000000,0.5235987756,-0.0000000000,0.0000000000,1.0000000000,0.0000000000,0.0000000000,0.0000000000,0.0000000000
0.0200000000,0.4616949235,0.3188061713,0.5396118883,-0.0467338744,-0.1299208849,-0.4075331606,0.4110798136,-0.1549016969,0.5357126060,-0.0324493570,0.0525435047,-0.2527364298,0.1155000000,-0.0000000000,0.7061338532,0.0000000000,0.5235987756,0.0000000000,0.0000000000,1.0000000000,0.0000000000,0.0000000000,0.0000000000,0.0000000000
0.0200000000,0.4619464051,0.3186498891,0.5399255108,-0.0436839746,-0.1325242821,-0.4077734893,0.4110825512,-0.1549833762,0.5355526767,-0.0333214349,0.0538356035,-0.2531019194,0.1155000000,-0.0000000000,0.7061338532,0.0000000000,0.5235987756,0.0000000000,0.0000000000,1.0000000000,0.0000000000,0.0000000000,0.0000000000,0.0000000000
0.0200000000,0.4622455999,0.3184600891,0.5402847019,-0.0402784681,-0.1355387537,-0.4080856620,0.4110864934,-0.1550758643,0.5353730381,-0.0343026207,0.0552885620,-0.2535184650,0.1155000000,-0.0000000000,0.7061338532,0.0000000000,0.5235987756,0.0000000000,0.0000000000,1.0000000000,0.0000000000,0.0000000000,0.0000000000,0.0000000000
0.0200000000,0.4625999626,0.3182285207,0.5406669078,-0.0369281573,-0.1388495387,-0.4085188885,0.4110940723,-0.1551712087,0.5351907292,-0.0353035512,0.0567669816,-0.2539516442,0.1155000000,-0.0000000000,0.7061338532,0.0000000000,0.5235987756,0.0000000000,0.0000000000,1.0000000000,0.0000000000,0.0000000000,0.0000000000,0.0000000000
0.0200000000,0.4630019815,0.3179610764,0.5410611139,-0.0337723997,-0.1423759719,-0.4090732540,0.4111026011,-0.1552665295,0.5350104884,-0.0362946842,0.0582305327,-0.2543883016,0.1155000000,-0.0000000000,0.7061338532,0.0000000000,0.5235987756,0.0000000000,0.0000000000,1.0000000000,0.0000000000,0.0000000000,0.0000000000,0.0000000000
0.0200000000,0.4634922735,0.3176247147,0.5414925287,-0.0306742317,-0.1463565563,-0.4098049258,0.4111230924,-0.1553658511,0.5348286483,-0.0373111544,0.0597174973,-0.2548482558,0.1155000000,-0.0000000000,0.7061338532,0.0000000000,0.5235987756,0.0000000000,0.0000000000,1.0000000000,0.0000000000,0.0000000000,0.0000000000,0.0000000000
0.0200000000,0.4640974650,0.3171966543,0.5419780273,-0.0275455715,-0.1509463803,-0.4107508931,0.4111626151,-0.1554715818,0.5346428536,-0.0383760002,0.0612525792,-0.2553430065,0.1155000000,-0.0000000000,0.7061338532,0.0000000000,0.5235987756,0.0000000000,0.0000000000,1.0000000000,0.0000000000,0.0000000000,0.0000000000,0.0000000000
0.0200000000,0.4648331621,0.3166616729,0.5425244030,-0.0243450714,-0.1561778017,-0.4119205405,0.4112413727,-0.1555833522,0.5344623755,-0.0394656307,0.0627768779,-0.2558752341,0.1155000000,-0.0000000000,0.7061338532,0.0000000000,0.5235987756,0.0000000000,0.0000000000,1.0000000000,0.0000000000,0.0000000000,0.0000000000,0.0000000000
0.0200000000,0.4657545011,0.3159704738,0.5431584269,-0.0209555900,-0.1622735696,-0.4133874409,0.4114074501,-0.1557036482,0.5343041982,-0.0405499226,0.0641913915,-0.2564686765,0.1155000000,-0.0000000000,0.7061338532,0.0000000000,0.5235987756,0.0000000000,0.0000000000,1.0000000000,0.0000000000,0.0000000000,0.0000000000,0.0000000000
0.0200000000,0.4669967786,0.3150069768,0.5439536727,-0.0170742296,-0.1699005723,-0.4153790950,0.4117715440,-0.1558436855,0.5342001123,-0.0415966277,0.0653286626,-0.2572080882,0.1155000000,-0.0000000000,0.7061338532,0.0000000000,0.5235987756,0.0000000000,0.0000000000,1.0000000000,0.0000000000,0.0000000000,0.0000000000,0.0000000000
0.0200000000,0.4685750313,0.3136979883,0.5448878484,-0.0129651154,-0.1788999928,-0.4180519663,0.4125547837,-0.1560063325,0.5342771969,-0.0421700271,0.0653454201,-0.2582118977,0.1155000000,-0.0000000000,0.7061338532,0.0000000000,0.5235987756,0.0000000000,0.0000000000,1.0000000000,0.0000000000,0.0000000000,0.0000000000,0.0000000000
0.0200000000,0.4703728575,0.3120973446,0.5458958976,-0.0089060210,-0.1886763436,-0.4213216229,0.4138480286,-0.1561999786,0.5346245640,-0.0418501503,0.0636191194,-0.2596366989,0.1155000000,-0.0000000000,0.7061338532,0.0000000000,0.5235987756,0.0000000000,0.0000000000,1.0000000000,0.0000000000,0.0000000000,0.0000000000,0.0000000000
0.0200000000,0.4722199965,0.3103684553,0.5469066148,-0.0050761761,-0.1984707210,-0.4248844506,0.4155085769,-0.1564259570,0.5352299666,-0.0404819010,0.0601677843,-0.2615312685,0.1155000000,-0.0000000000,0.7061338532,0.0000000000,0.5235987756,0.0000000000,0.0000000000,1.0000000000,0.0000000000,0.0000000000,0.0000000000,0.0000000000
0.0200000000,0.4740191611,0.3086315217,0.5478904341,-0.0014663317,-0.2079283540,-0.4285086688,0.4172974415,-0.1566711316,0.5360145596,-0.0381895539,0.0554532534,-0.2637801801,0.1155000000,-0.0000000000,0.7061338532,0.0000000000,0.5235987756,0.0000000000,0.0000000000,1.0000000000,0.0000000000,0.0000000000,0.0000000000,0.0000000000
0.0200000000,0.4758065914,0.3068750664,0.5488813210,0.0021093751,-0.2173448429,-0.4321891713,0.4190740429,-0.1569163316,0.5369221773,-0.0351539382,0.0498025844,-0.2661611038,0.1155000000,0.0000000000,0.7061338532,-0.0000000000,0.5235987756,-0.0000000000,0.0000000000,1.0000000000,0.0000000000,0.0000000000,0.0000000000,0.0000000000
0.0200000000,0.4776280582,0.3050756941,0.5499106511,0.0057523428,-0.2269920533,-0.4359084678,0.4207146380,-0.1571489846,0.5379128175,-0.0315515159,0.0433649412,-0.2683329711,0.1155000000,-0.0000000000,0.7061338532,0.0000000000,0.5235987756,0.0000000000,0.0000000000,1.0000000000,0.0000000000,0.0000000000,0.0000000000,0.0000000000
0.0200000000,0.4795199028,0.3032359609,0.5509990575,0.0094822292,-0.2369692983,-0.4396349103,0.4221454271,-0.1574123402,0.5389363253,-0.0276727184,0.0363688512,-0.2701802281,0.1155000000,-0.0000000000,0.7061338532,0.0000000000,0.5235987756,0.0000000000,0.0000000000,1.0000000000,0.0000000000,0.0000000000,0.0000000000,0.0000000000
0.0200000000,0.4814406253,0.3014399981,0.5521189695,0.0131658660,-0.2468882200,-0.4432588354,0.4233103181,-0.1577221638,0.5399336210,-0.0237255875,0.0292276064,-0.2718155347,0.1155000000,-0.0000000000,0.7061338532,0.0000000000,0.5235987756,0.0000000000,0.0000000000,1.0000000000,0.0000000000,0.0000000000,0.0000000000,0.0000000000
0.0200000000,0.4832216709,0.2998679874,0.5531658495,0.0164546828,-0.2557724975,-0.4464727527,0.4241343499,-0.1580193276,0.5408043352,-0.0200694513,0.0227554169,-0.2731805735,0.1155000000,-0.0000000000,0.7061338532,0.0000000000,0.5235987756,0.0000000000,0.0000000000,1.0000000000,0.0000000000,0.0000000000,0.0000000000,0.0000000000
0.0200000000,0.4847958593,0.2985536109,0.5540959867,0.0192585188,-0.2633579486,-0.4492127234,0.4246907047,-0.1582608741,0.5415321724,-0.0168269055,0.0172211386,-0.2742838100,0.1155000000,-0.0000000000,0.7061338532,0.0000000000,0.5235987756,0.0000000000,0.0000000000,1.0000000000,0.0000000000,0.0000000000,0.0000000000,0.0000000000
0.0200000000,0.4861409776,0.2974973692,0.5548910910,0.0215517018,-0.2695879547,-0.4514673027,0.4250317939,-0.1584244194,0.5421177146,-0.0140369489,0.0126998367,-0.2751166478,0.1155000000,-0.0000000000,0.7061338532,0.0000000000,0.5235987756,0.0000000000,0.0000000000,1.0000000000,0.0000000000,0.0000000000,0.0000000000,0.0000000000
0.0200000000,0.4873574535,0.2965727369,0.5556126382,0.0235730887,-0.2751043150,-0.4534620153,0.4252755701,-0.1585458838,0.5426308479,-0.0114879218,0.0087154457,-0.2758274578,0.1155000000,-0.0000000000,0.7061338532,0.0000000000,0.5235987756,0.0000000000,0.0000000000,1.0000000000,0.0000000000,0.0000000000,0.0000000000,0.0000000000
0.0200000000,0.4884784632,0.2957371594,0.5562804177,0.0254017528,-0.2801208906,-0.4552723932,0.4254641903,-0.1586364411,0.5430951457,-0.0091108283,0.0051110588,-0.2764647352,0.1155000000,-0.0000000000,0.7061338532,0.0000000000,0.5235987756,0.0000000000,0.0000000000,1.0000000000,0.0000000000,0.0000000000,0.0000000000,0.0000000000
0.0200000000,0.4895207949,0.2949685032,0.5569046652,0.0270787265,-0.2847549888,-0.4569299857,0.4256135680,-0.1587021051,0.5435234726,-0.0068446081,0.0017995062,-0.2770793513,0.1155000000,-0.0000000000,0.7061338532,0.0000000000,0.5235987756,0.0000000000,0.0000000000,1.0000000000,0.0000000000,0.0000000000,0.0000000000,0.0000000000
0.0200000000,0.4905040212,0.2942431762,0.5574975581,0.0286506402,-0.2891289136,-0.4584783783,0.4257434603,-0.1587513113,0.5439290560,-0.0046467666,-0.0013132781,-0.2777022164,0.1155000000,-0.0000000000,0.7061338532,0.0000000000,0.5235987756,0.0000000000,0.0000000000,1.0000000000,0.0000000000,0.0000000000,0.0000000000,0.0000000000
0.0200000000,0.4914043330,0.2935704705,0.5580457076,0.0300804632,-0.2931902940,-0.4598499862,0.4258502073,-0.1587641282,0.5443092733,-0.0024534981,-0.0041566990,-0.2784150435,0.1155000000,-0.0000000000,0.7061338532,0.0000000000,0.5235987756,0.0000000000,0.0000000000,1.0000000000,0.0000000000,0.0000000000,0.0000000000,0.0000000000
0.0200000000,0.4921819367,0.2929796048,0.5585234079,0.0312913647,-0.2967679498,-0.4609590818,0.4259264506,-0.1587284206,0.5446480949,-0.0003156285,-0.0065865018,-0.2792234375,0.1155000000,-0.0000000000,0.7061338532,0.0000000000,0.5235987756,0.0000000000,0.0000000000,1.0000000000,0.0000000000,0.0000000000,0.0000000000,0.0000000000
0.0200000000,0.4927610846,0.2925648560,0.5588668058,0.0319923150,-0.2993050202,-0.4615809004,0.4259265433,-0.1586080388,0.5448858575,0.0015084253,-0.0081430662,-0.2799773756,0.1155000000,0.0000000000,0.7061338532,-0.0000000000,0.5235987756,-0.0000000000,0.0000000000,1.0000000000,0.0000000000,0.0000000000,0.0000000000,0.0000000000
0.0200000000,0.4933477750,0.2922249701,0.5591775727,0.0322874682,-0.3013797581,-0.4619554197,0.4258484117,-0.1584025129,0.5450679213,0.0032266395,-0.0092224097,-0.2805924756,0.1155000000,-0.0000000000,0.7061338532,0.0000000000,0.5235987756,0.0000000000,0.0000000000,1.0000000000,0.0000000000,0.0000000000,0.0000000000,0.0000000000
0.0200000000,0.4940975882,0.2918622056,0.5595438793,0.0323864770,-0.3035353942,-0.4623878019,0.4257273889,-0.1581705611,0.5452421911,0.0049032985,-0.0103025784,-0.2809790549,0.1155000000,-0.0000000000,0.7061338532,0.0000000000,0.5235987756,0.0000000000,0.0000000000,1.0000000000,0.0000000000,0.0000000000,0.0000000000,0.0000000000
0.0200000000,0.4952882983,0.2913082631,0.5601200278,0.0325324075,-0.3067489086,-0.4632222386,0.4255696344,-0.1579302595,0.5454930652,0.0070050011,-0.0120833407,-0.2812471921,0.1155000000,-0.0000000000,0.7061338532,0.0000000000,0.5235987756,0.0000000000,0.0000000000,1.0000000000,0.0000000000,0.0000000000,0.0000000000,0.0000000000
0.0200000000,0.4968322039,0.2905995155,0.5608640999,0.0326665072,-0.3107692037,-0.4643683580,0.4253818893,-0.1577011598,0.5457995498,0.0093375404,-0.0144325975,-0.2813210671,0.1155000000,-0.0000000000,0.7061338532,0.0000000000,0.5235987756,0.0000000000,0.0000000000,1.0000000000,0.0000000000,0.0000000000,0.0000000000,0.0000000000
0.0200000000,0.4986834192,0.2897682070,0.5617399402,0.0325847621,-0.3153017550,-0.4656967545,0.4251579652,-0.1574772671,0.5461331885,0.0116825081,-0.0171474397,-0.2810307095,0.1155000000,-0.0000000000,0.7061338532,0.0000000000,0.5235987756,0.0000000000,0.0000000000,1.0000000000,0.0000000000,0.0000000000,0.0000000000,0.0000000000
0.0200000000,0.5007600675,0.2888768346,0.5626775204,0.0319122651,-0.3198042690,-0.4669653924,0.4248931502,-0.1572344923,0.5464443446,0.0137391091,-0.0198139864,-0.2802107091,0.1155000000,-0.0000000000,0.7061338532,0.0000000000,0.5235987756,0.0000000000,0.0000000000,1.0000000000,0.0000000000,0.0000000000,0.0000000000,0.0000000000
0.0200000000,0.5028242639,0.2880523504,0.5635384174,0.0303831095,-0.3234438626,-0.4678680786,0.4246127562,-0.1569798200,0.5466662153,0.0151243658,-0.0218523132,-0.2789012020,0.1155000000,-0.0000000000,0.7061338532,0.0000000000,0.5235987756,0.0000000000,0.0000000000,1.0000000000,0.0000000000,0.0000000000,0.0000000000,0.0000000000
0.0200000000,0.5044971799,0.2874539253,0.5641602366,0.0282711292,-0.3255332157,-0.4682262624,0.4243736083,-0.1567638630,0.5467579571,0.0156916120,-0.0228380898,-0.2775824071,0.1155000000,-0.0000000000,0.7061338532,0.0000000000,0.5235987756,0.0000000000,0.0000000000,1.0000000000,0.0000000000,0.0000000000,0.0000000000,0.0000000000
0.0200000000,0.5059131995,0.2870069981,0.5646304638,0.0258442899,-0.3266503859,-0.4682518836,0.4241615432,-0.1565834768,0.5467688097,0.0157882842,-0.0231614768,-0.2763742634,0.1155000000,0.0000000000,0.7061338532,-0.0000000000,0.5235987756,-0.0000000000,0.0000000000,1.0000000000,0.0000000000,0.0000000000,0.0000000000,0.0000000000
0.0200000000,0.5071848213,0.2866583636,0.5650129665,0.0232054645,-0.3271651927,-0.4680651769,0.4239607227,-0.1564323962,0.5467278729,0.0156142523,-0.0230637669,-0.2753005813,0.1155000000,-0.0000000000,0.7061338532,0.0000000000,0.5235987756,0.0000000000,0.0000000000,1.0000000000,0.0000000000,0.0000000000,0.0000000000,0.0000000000
0.0200000000,0.5083800623,0.2863826789,0.5653421114,0.0203624715,-0.3272497173,-0.4677048846,0.4237578687,-0.1563062419,0.5466468523,0.0152521348,-0.0226506438,-0.2743484533,0.1155000000,-0.0000000000,0.7061338532,0.0000000000,0.5235987756,0.0000000000,0.0000000000,1.0000000000,0.0000000000,0.0000000000,0.0000000000,0.0000000000
0.0200000000,0.5095037839,0.2861744624,0.5656309709,0.0174242918,-0.3270227138,-0.4672036574,0.4235497021,-0.1562069274,0.5465366395,0.0147761610,-0.0220096100,-0.2735501330,0.1155000000,-0.0000000000,0.7061338532,0.0000000000,0.5235987756,0.0000000000,0.0000000000,1.0000000000,0.0000000000,0.0000000000,0.0000000000,0.0000000000
0.0200000000,0.5105972704,0.2860321073,0.5658967803,0.0143471444,-0.3265278749,-0.4665441651,0.4233246041,-0.1561359246,0.5463980235,0.0142142287,-0.0211574590,-0.2729232699,0.1155000000,-0.0000000000,0.7061338532,-0.0000000000,0.5235987756,0.0000000000,0.0000000000,1.0000000000,0.0000000000,0.0000000000,0.0000000000,0.0000000000
0.0200000000,0.5117312243,0.2859403946,0.5661682861,0.0110446853,-0.3258443277,-0.4657229719,0.4230692253,-0.1560886900,0.5462341932,0.0136000402,-0.0201321304,-0.2724459667,0.1155000000,-0.0000000000,0.7061338532,0.0000000000,0.5235987756,0.0000000000,0.0000000000,1.0000000000,0.0000000000,0.0000000000,0.0000000000,0.0000000000
0.0200000000,0.5129523004,0.2858961280,0.5664639310,0.0074443053,-0.3249982767,-0.4647256035,0.4227753794,-0.1560658783,0.5460472449,0.0129613053,-0.0189570118,-0.2721303108,0.1155000000,-0.0000000000,0.7061338532,0.0000000000,0.5235987756,0.0000000000,0.0000000000,1.0000000000,0.0000000000,0.0000000000,0.0000000000,0.0000000000
0.0200000000,0.5143209466,0.2858943502,0.5668033397,0.0034042694,-0.3239804635,-0.4635269803,0.4224337828,-0.1560681573,0.5458368239,0.0123127831,-0.0176371986,-0.2719852226,0.1155000000,-0.0000000000,0.7061338532,0.0000000000,0.5235987756,0.0000000000,0.0000000000,1.0000000000,0.0000000000,0.0000000000,0.0000000000,0.0000000000
0.0200000000,0.5156541569,0.2859147687,0.5671407016,-0.0005328810,-0.3229480322,-0.4623427440,0.4221027137,-0.1560896096,0.5456406888,0.0117652157,-0.0164130479,-0.2719978447,0.1155000000,-0.0000000000,0.7061338532,0.0000000000,0.5235987756,0.0000000000,0.0000000000,1.0000000000,0.0000000000,0.0000000000,0.0000000000,0.0000000000
0.0200000000,0.5167568542,0.2859295778,0.5674200940,-0.0038263362,-0.3220537209,-0.4613871228,0.4218379710,-0.1561174804,0.5454879103,0.0113703081,-0.0154622812,-0.2720928771,0.1155000000,-0.0000000000,0.7061338532,0.0000000000,0.5235987756,0.0000000000,0.0000000000,1.0000000000,0.0000000000,0.0000000000,0.0000000000,0.0000000000
0.0200000000,0.5176831030,0.2859289124,0.5676510468,-0.0066513354,-0.3212583580,-0.4606248904,0.4216259464,-0.1561471272,0.5453669592,0.0110751798,-0.0147094820,-0.2722249697,0.1155000000,-0.0000000000,0.7061338532,0.0000000000,0.5235987756,0.0000000000,0.0000000000,1.0000000000,0.0000000000,0.0000000000,0.0000000000,0.0000000000
0.0200000000,0.5185615351,0.2859112057,0.5678648139,-0.0093967287,-0.3204574656,-0.4599511374,0.4214331807,-0.1561800209,0.5452563662,0.0108133951,-0.0140183434,-0.2723877579,0.1155000000,-0.0000000000,0.7061338532,0.0000000000,0.5235987756,0.0000000000,0.0000000000,1.0000000000,0.0000000000,0.0000000000,0.0000000000,0.0000000000
0.0200000000,0.5194067356,0.2858780849,0.5680649588,-0.0120964940,-0.3196301451,-0.4593670882,0.4212554108,-0.1562182865,0.5451531953,0.0105790143,-0.0133697387,-0.2725943961,0.1155000000,-0.0000000000,0.7061338532,0.0000000000,0.5235987756,0.0000000000,0.0000000000,1.0000000000,0.0000000000,0.0000000000,0.0000000000,0.0000000000
0.0200000000,0.5202416438,0.2858298626,0.5682568235,-0.0148154743,-0.3187456749,-0.4588664904,0.4210869226,-0.1562650649,0.5450538055,0.0103662142,-0.0127401109,-0.2728651151,0.1155000000,-0.0000000000,0.7061338532,0.0000000000,0.5235987756,0.0000000000,0.0000000000,1.0000000000,0.0000000000,0.0000000000,0.0000000000,0.0000000000
0.0200000000,0.5210998388,0.2857653017,0.5684474133,-0.0176542716,-0.3177456874,-0.4584526121,0.4209210270,-0.1563272390,0.5449538835,0.0101737127,-0.0121008333,-0.2732471029,0.1155000000,-0.0000000000,0.7061338532,0.0000000000,0.5235987756,0.0000000000,0.0000000000,1.0000000000,0.0000000000,0.0000000000,0.0000000000,0.0000000000
0.0200000000,0.5219574721,0.2856807935,0.5686294873,-0.0205610880,-0.3166567609,-0.4581211056,0.4207621354,-0.1564065344,0.5448570265,0.0100184675,-0.0114757500,-0.2737565303,0.1155000000,-0.0000000000,0.7061338532,0.0000000000,0.5235987756,0.0000000000,0.0000000000,1.0000000000,0.0000000000,0.0000000000,0.0000000000,0.0000000000
0.0200000000,0.5228017960,0.2855693726,0.5687973677,-0.0235301240,-0.3154937018,-0.4578619952,0.4206126519,-0.1565055489,0.5447658960,0.0099169751,-0.0108831347,-0.2744154584,0.1155000000,-0.0000000000,0.7061338532,0.0000000000,0.5235987756,0.0000000000,0.0000000000,1.0000000000,0.0000000000,0.0000000000,0.0000000000,0.0000000000
0.0200000000,0.5236206740,0.2854172473,0.5689436794,-0.0265797591,-0.3142749857,-0.4576627938,0.4204744169,-0.1566276121,0.5446839488,0.0098928178,-0.0103478924,-0.2752527504,0.1155000000,-0.0000000000,0.7061338532,0.0000000000,0.5235987756,0.0000000000,0.0000000000,1.0000000000,0.0000000000,0.0000000000,0.0000000000,0.0000000000
0.0200000000,0.5243873214,0.2852137479,0.5690589884,-0.0296573667,-0.3130391543,-0.4575322746,0.4203504448,-0.1567737102,0.5446156853,0.0099693945,-0.0099024333,-0.2762809730,0.1155000000,-0.0000000000,0.7061338532,0.0000000000,0.5235987756,0.0000000000,0.0000000000,1.0000000000,0.0000000000,0.0000000000,0.0000000000,0.0000000000
0.0200000000,0.5250035341,0.2849609342,0.5691225550,-0.0324140882,-0.3119465483,-0.4575123970,0.4202510900,-0.1569311866,0.5445705460,0.0101618301,-0.0096134129,-0.2774163553,0.1155000000,-0.0000000000,0.7061338532,0.0000000000,0.5235987756,0.0000000000,0.0000000000,1.0000000000,0.0000000000,0.0000000000,0.0000000000,0.0000000000
0.0200000000,0.5254087025,0.2846978907,0.5691352506,-0.0344937584,-0.3111468434,-0.4576067346,0.4201792886,-0.1570706371,0.5445465472,0.0103990550,-0.0094676603,-0.2784381616,0.1155000000,0.0000000000,0.7061338532,-0.0000000000,0.5235987756,-0.0000000000,0.0000000000,1.0000000000,0.0000000000,0.0000000000,0.0000000000,0.0000000000
0.0200000000,0.5256308678,0.2844374891,0.5691070514,-0.0359447097,-0.3106100740,-0.4577977529,0.4201287439,-0.1571798987,0.5445350140,0.0106180265,-0.0094051255,-0.2792468367,0.1155000000,-0.0000000000,0.7061338532,0.0000000000,0.5235987756,0.0000000000,0.0000000000,1.0000000000,0.0000000000,0.0000000000,0.0000000000,0.0000000000
0.0200000000,0.5256985559,0.2842075139,0.5690476924,-0.0368417473,-0.3102772163,-0.4580199283,0.4200982455,-0.1572477425,0.5445300377,0.0107652838,-0.0093825874,-0.2797517081,0.1155000000,-0.0000000000,0.7061338532,0.0000000000,0.5235987756,0.0000000000,0.0000000000,1.0000000000,0.0000000000,0.0000000000,0.0000000000,0.0000000000
0.0200000000,0.5256562665,0.2840489743,0.5689700734,-0.0373323258,-0.3100366498,-0.4581651648,0.4200843608,-0.1572775899,0.5445279528,0.0108314282,-0.0093739247,-0.2799741479,0.1155000000,-0.0000000000,0.7061338532,0.0000000000,0.5235987756,0.0000000000,0.0000000000,1.0000000000,0.0000000000,0.0000000000,0.0000000000,0.0000000000
0.0200000000,0.5255446200,0.2840198355,0.5688851720,-0.0375550329,-0.3097267548,-0.4581257096,0.4200806728,-0.1572847426,0.5445272665,0.0108467744,-0.0093707258,-0.2800273278,0.1155000000,-0.0000000000,0.7061338532,0.0000000000,0.5235987756,0.0000000000,0.0000000000,1.0000000000,0.0000000000,0.0000000000,0.0000000000,0.0000000000
0.0200000000,0.5253961223,0.2841568155,0.5688017940,-0.0375976794,-0.3092194440,-0.4578753072,0.4200803254,-0.1572852798,0.5445271787,0.0108478305,-0.0093702706,-0.2800312963,0.1155000000,-0.0000000000,0.7061338532,0.0000000000,0.5235987756,0.0000000000,0.0000000000,1.0000000000,0.0000000000,0.0000000000,0.0000000000,0.0000000000
0.0200000000,0.5252189659,0.2844719928,0.5687230882,-0.0374678339,-0.3084762157,-0.4574212783,0.4200805133,-0.1572848993,0.5445272129,0.0108470149,-0.0093704327,-0.2800284663,0.1155000000,-0.0000000000,0.7061338532,0.0000000000,0.5235987756,0.0000000000,0.0000000000,1.0000000000,0.0000000000,0.0000000000,0.0000000000,0.0000000000
0.0200000000,0.5250149758,0.2849431080,0.5686473631,-0.0371928382,-0.3075194772,-0.4567860886,0.4200805780,-0.1572847730,0.5445272253,0.0108467466,-0.0093704923,-0.2800275276,0.1155000000,-0.0000000000,0.7061338532,0.0000000000,0.5235987756,0.0000000000,0.0000000000,1.0000000000,0.0000000000,0.0000000000,0.0000000000,0.0000000000
0.0200000000,0.5247972713,0.2855200267,0.5685726040,-0.0368638769,-0.3063895911,-0.4560148445,0.4200805794,-0.1572847703,0.5445272256,0.0108467409,-0.0093704934,-0.2800275076,0.1155000000,-0.0000000000,0.7061338532,0.0000000000,0.5235987756,0.0000000000,0.0000000000,1.0000000000,0.0000000000,0.0000000000,0.0000000000,0.0000000000
0.0200000000,0.5246023357,0.2861398864,0.5684994039,-0.0366689699,-0.3050920468,-0.4551653710,0.4200805793,-0.1572847705,0.5445272256,0.0108467414,-0.0093704933,-0.2800275093,0.1155000000,0.0000000000,0.7061338532,-0.0000000000,0.5235987756,-0.0000000000,0.0000000000,1.0000000000,0.0000000000,0.0000000000,0.0000000000,0.0000000000
0.0200000000,0.5244726893,0.2867328316,0.5684292585,-0.0368143007,-0.3036354771,-0.4543066343,0.4200805793,-0.1572847705,0.5445272256,0.0108467414,-0.0093704933,-0.2800275093,0.1155000000,-0.0000000000,0.7061338532,0.0000000000,0.5235987756,0.0000000000,0.0000000000,1.0000000000,0.0000000000,0.0000000000,0.0000000000,0.0000000000
0.0200000000,0.5244306054,0.2872559464,0.5683632677,-0.0374010532,-0.3020430002,-0.4534848638,0.4200805793,-0.1572847705,0.5445272256,0.0108467414,-0.0093704933,-0.2800275093,0.1155000000,-0.0000000000,0.7061338532,0.0000000000,0.5235987756,0.0000000000,0.0000000000,1.0000000000,0.0000000000,0.0000000000,0.0000000000,0.0000000000
0.0200000000,0.5244687730,0.2876885582,0.5683021441,-0.0383729700,-0.3003941173,-0.4527372094,0.4200805793,-0.1572847705,0.5445272256,0.0108467414,-0.0093704933,-0.2800275093,0.1155000000,0.0000000000,0.7061338532,-0.0000000000,0.5235987756,-0.0000000000,0.0000000000,1.0000000000,0.0000000000,0.0000000000,0.0000000000,0.0000000000
0.0200000000,0.5245460014,0.2880256074,0.5682454757,-0.0394970608,-0.2988473190,-0.4521030932,0.4200805793,-0.1572847705,0.5445272256,0.0108467414,-0.0093704933,-0.2800275093,0.1155000000,-0.0000000000,0.7061338532,0.0000000000,0.5235987756,0.0000000000,0.0000000000,1.0000000000,0.0000000000,0.0000000000,0.0000000000,0.0000000000
0.0200000000,0.5245818777,0.2882534123,0.5681923276,-0.0403168358,-0.2977192793,-0.4516638388,0.4200805793,-0.1572847705,0.5445272256,0.0108467414,-0.0093704933,-0.2800275093,0.1155000000,-0.0000000000,0.7061338532,0.0000000000,0.5235987756,0.0000000000,0.0000000000,1.0000000000,0.0000000000,0.0000000000,0.0000000000,0.0000000000
0.0200000000,0.5245163310,0.2883816189,0.5681427475,-0.0404883025,-0.2972118079,-0.4514523173,0.4200805793,-0.1572847705,0.5445272256,0.0108467414,-0.0093704933,-0.2800275093,0.1155000000,-0.0000000000,0.7061338532,0.0000000000,0.5235987756,0.0000000000,0.0000000000,1.0000000000,0.0000000000,0.0000000000,0.0000000000,0.0000000000
0.0200000000,0.5243356524,0.2884452699,0.5680921490,-0.0399912145,-0.2972564082,-0.4514209551,0.4200805793,-0.1572847705,0.5445272256,0.0108467414,-0.0093704933,-0.2800275093,0.1155000000,-0.0000000000,0.7061338532,0.0000000000,0.5235987756,0.0000000000,0.0000000000,1.0000000000,0.0000000000,0.0000000000,0.0000000000,0.0000000000
0.0200000000,0.5240456175,0.2884708746,0.5680388194,-0.0388889969,-0.2977568439,-0.4515230650,0.4200805793,-0.1572847705,0.5445272256,0.0108467414,-0.0093704933,-0.2800275093,0.1155000000,-0.0000000000,0.7061338532,0.0000000000,0.5235987756,0.0000000000,0.0000000000,1.0000000000,0.0000000000,0.0000000000,0.0000000000,0.0000000000
0.0200000000,0.5236467286,0.2884790287,0.5679814101,-0.0372111237,-0.2986498954,-0.4517261701,0.4200805793,-0.1572847705,0.5445272256,0.0108467414,-0.0093704933,-0.2800275093,0.1155000000,-0.0000000000,0.7061338532,0.0000000000,0.5235987756,0.0000000000,0.0000000000,1.0000000000,0.0000000000,0.0000000000,0.0000000000,0.0000000000
0.0200000000,0.5231091598,0.2884840684,0.5679169332,-0.0348304364,-0.2999764253,-0.4520304283,0.4200805793,-0.1572847705,0.5445272256,0.0108467414,-0.0093704933,-0.2800275093,0.1155000000,-0.0000000000,0.7061338532,0.0000000000,0.5235987756,0.0000000000,0.0635877319,1.0000000000,0.0000000000,0.0000000000,0.0000000000,0.0000000000
0.0200000000,0.5224174593,0.2885028568,0.5678439883,-0.0316887514,-0.3017288843,-0.4524265508,0.4200805793,-0.1572847705,0.5445272256,0.0108467414,-0.0093704933,-0.2800275093,0.1155000000,-0.0000000000,0.7061338532,0.0000000000,0.5235987756,0.0000000000,0.1302543985,1.0000000000,0.0000000000,0.0000000000,0.0000000000,0.0000000000
0.0200000000,0.5216381110,0.2885491866,0.5677692663,-0.0281084385,-0.3036910431,-0.4528554140,0.4200805793,-0.1572847705,0.5445272256,0.0108467414,-0.0093704933,-0.2800275093,0.1155000000,-0.0000000000,0.7061338532,0.0000000000,0.5235987756,0.0000000000,0.1969210652,1.0000000000,0.0000000000,0.0000000000,0.0000000000,0.0000000000
0.0200000000,0.5207946863,0.2886342323,0.5676937251,-0.0242252919,-0.3057585623,-0.4532827355,0.4200805793,-0.1572847705,0.5445272256,0.0108467414,-0.0093704933,-0.2800275093,0.1155000000,0.0000000000,0.7061338532,-0.0000000000,0.5235987756,-0.0000000000,0.2635877319,1.0000000000,0.0000000000,0.0000000000,0.0000000000,0.0000000000
0.0200000000,0.5198978906,0.2887640578,0.5676170400,-0.0201118069,-0.3078736167,-0.4536895856,0.4200805793,-0.1572847705,0.5445272256,0.0108467414,-0.0093704933,-0.2800275093,0.1155000000,-0.0000000000,0.7061338532,0.0000000000,0.5235987756,0.0000000000,0.3302543985,1.0000000000,0.0000000000,0.0000000000,0.0000000000,0.0000000000
0.0200000000,0.5189661494,0.2889427558,0.5675379771,-0.0158883239,-0.3099492157,-0.4540525533,0.4200805793,-0.1572847705,0.5445272256,0.0108467414,-0.0093704933,-0.2800275093,0.1155000000,-0.0000000000,0.7061338532,0.0000000000,0.5235987756,0.0000000000,0.3969210652,1.0000000000,0.0000000000,0.0000000000,0.0000000000,0.0000000000
0.0200000000,0.5179963664,0.2891679279,0.5674552627,-0.0115523113,-0.3119856089,-0.4543765626,0.4200805793,-0.1572847705,0.5445272256,0.0108467414,-0.0093704933,-0.2800275093,0.1155000000,-0.0000000000,0.7061338532,0.0000000000,0.5235987756,0.0000000000,0.4635877319,1.0000000000,0.0000000000,0.0000000000,0.0000000000,0.0000000000
0.0200000000,0.5169584555,0.2894441555,0.5673635687,-0.0069999781,-0.3140197870,-0.4546720958,0.4200805793,-0.1572847705,0.5445272256,0.0108467414,-0.0093704933,-0.2800275093,0.1155000000,-0.0000000000,0.7061338532,0.0000000000,0.5235987756,0.0000000000,0.5302543985,1.0000000000,0.0000000000,0.0000000000,0.0000000000,0.0000000000
0.0200000000,0.5159078182,0.2897493229,0.5672684392,-0.0024685431,-0.3159605028,-0.4549357971,0.4200805793,-0.1572847705,0.5445272256,0.0108467414,-0.0093704933,-0.2800275093,0.1155000000,-0.0000000000,0.7061338532,0.0000000000,0.5235987756,0.0000000000,0.5969210652,1.0000000000,0.0000000000,0.0000000000,0.0000000000,0.0000000000
0.0200000000,0.5149960533,0.2900287344,0.5671835312,0.0014002867,-0.3175576755,-0.4551439355,0.4200805793,-0.1572847705,0.5445272256,0.0108467414,-0.0093704933,-0.2800275093,0.1155000000,-0.0000000000,0.7061338532,0.0000000000,0.5235987756,0.0000000000,0.6635877319,1.0000000000,0.0000000000,0.0000000000,0.0000000000,0.0000000000
0.0200000000,0.5142004835,0.2902917967,0.5671045260,0.0046948078,-0.3188401413,-0.4552925632,0.4200805793,-0.1572847705,0.5445272256,0.0108467414,-0.0093704933,-0.2800275093,0.1155000000,-0.0000000000,0.7061338532,0.0000000000,0.5235987756,0.0000000000,0.7302543985,1.0000000000,0.0000000000,0.0000000000,0.0000000000,0.0000000000
0.0200000000,0.5133481247,0.2905857699,0.5670134054,0.0081303062,-0.3201039649,-0.4554257982,0.4200805793,-0.1572847705,0.5445272256,0.0108467414,-0.0093704933,-0.2800275093,0.1155000000,0.0000000000,0.7061338532,-0.0000000000,0.5235987756,-0.0000000000,0.7969210652,1.0000000000,0.0000000000,0.0000000000,0.0000000000,0.0000000000
0.0200000000,0.5123501577,0.2909371287,0.5669014548,0.0120647707,-0.3214874221,-0.4555655571,0.4200805793,-0.1572847705,0.5445272256,0.0108467414,-0.0093704933,-0.2800275093,0.1155000000,-0.0000000000,0.7061338532,0.0000000000,0.5235987756,0.0000000000,0.8635877319,1.0000000000,0.0000000000,0.0000000000,0.0000000000,0.0000000000
0.0200000000,0.5113040217,0.2913118210,0.5667808237,0.0161165230,-0.3228561297,-0.4557009431,0.4200805793,-0.1572847705,0.5445272256,0.0108467414,-0.0093704933,-0.2800275093,0.1155000000,-0.0000000000,0.7061338532,0.0000000000,0.5235987756,0.0000000000,0.9302543985,1.0000000000,0.0000000000,0.0000000000,0.0000000000,0.0000000000
0.0200000000,0.5103760877,0.2916449851,0.5666714221,0.0196551922,-0.3240141390,-0.4558182588,0.4200805793,-0.1572847705,0.5445272256,0.0108467414,-0.0093704933,-0.2800275093,0.1155000000,-0.0000000000,0.7061338532,0.0000000000,0.5235987756,0.0000000000,0.9967538449,1.0000000000,0.0000000000,0.0000000000,0.0000000000,0.0000000000
0.0200000000,0.5096212819,0.2919191183,0.5665773416,0.0224655636,-0.3248800576,-0.4558998255,0.4200805793,-0.1572847705,0.5445272256,0.0108467414,-0.0093704933,-0.2800275093,0.1155000000,-0.0000000000,0.7061338532,0.0000000000,0.5235987756,0.0000000000,1.0000000000,1.0000000000,0.0000000000,0.0000000000,0.0000000000,0.0000000000
0.0200000000,0.5089609267,0.2921619056,0.5664893849,0.0248526189,-0.3255651329,-0.4559575848,0.4200805793,-0.1572847705,0.5445272256,0.0108467414,-0.0093704933,-0.2800275093,0.1155000000,-0.0000000000,0.7061338532,0.0000000000,0.5235987756,0.0000000000,1.0000000000,1.0000000000,0.0000000000,0.0000000000,0.0000000000,0.0000000000
0.0200000000,0.5083226190,0.2923968944,0.5664000506,0.0270970414,-0.3261773650,-0.4560086458,0.4200805793,-0.1572847705,0.5445272256,0.0108467414,-0.0093704933,-0.2800275093,0.1155000000,-0.0000000000,0.7061338532,0.0000000000,0.5235987756,0.0000000000,1.0000000000,1.0000000000,0.0000000000,0.0000000000,0.0000000000,0.0000000000
0.0200000000,0.5076641201,0.2926371558,0.5663067530,0.0293833146,-0.3267910887,-0.4560650100,0.4200805793,-0.1572847705,0.5445272256,0.0108467414,-0.0093704933,-0.2800275093,0.1155000000,-0.0000000000,0.7061338532,0.0000000000,0.5235987756,0.0000000000,1.0000000000,1.0000000000,0.0000000000,0.0000000000,0.0000000000,0.0000000000
0.0200000000,0.5070533462,0.2928591124,0.5662225554,0.0315434606,-0.3273583443,-0.4561122959,0.4200805793,-0.1572847705,0.5445272256,0.0108467414,-0.0093704933,-0.2800275093,0.1155000000,0.0000000000,0.7061338532,-0.0000000000,0.5235987756,-0.0000000000,1.0000000000,1.0000000000,0.0000000000,0.0000000000,0.0000000000,0.0000000000
0.0200000000,0.5064613334,0.2930738488,0.5661381144,0.0336003347,-0.3278717922,-0.4561533142,0.4200805793,-0.1572847705,0.5445272256,0.0108467414,-0.0093704933,-0.2800275093,0.1155000000,-0.0000000000,0.7061338532,0.0000000000,0.5235987756,0.0000000000,1.0000000000,1.0000000000,0.0000000000,0.0000000000,0.0000000000,0.0000000000
0.0200000000,0.5057700326,0.2933229581,0.5660288899,0.0358112428,-0.3283958721,-0.4562127004,0.4200805793,-0.1572847705,0.5445272256,0.0108467414,-0.0093704933,-0.2800275093,0.1155000000,-0.0000000000,0.7061338532,0.0000000000,0.5235987756,0.0000000000,1.0000000000,1.0000000000,0.0000000000,0.0000000000,0.0000000000,0.0000000000
0.0200000000,0.5048767285,0.2936421867,0.5658752689,0.0384122236,-0.3289889298,-0.4563130308,0.4200805793,-0.1572847705,0.5445272256,0.0108467414,-0.0093704933,-0.2800275093,0.1155000000,-0.0000000000,0.7061338532,0.0000000000,0.5235987756,0.0000000000,1.0000000000,1.0000000000,0.0000000000,0.0000000000,0.0000000000,0.0000000000
0.0200000000,0.5037451581,0.2940437966,0.5656762257,0.0415785978,-0.3296867700,-0.4564534325,0.4200805793,-0.1572847705,0.5445272256,0.0108467414,-0.0093704933,-0.2800275093,0.1155000000,-0.0000000000,0.7061338532,0.0000000000,0.5235987756,0.0000000000,1.0000000000,1.0000000000,0.0000000000,0.0000000000,0.0000000000,0.0000000000
0.0200000000,0.5024572114,0.2944978131,0.5654431661,0.0449657525,-0.3304156586,-0.4566429155,0.4200805793,-0.1572847705,0.5445272256,0.0108467414,-0.0093704933,-0.2800275093,0.1155000000,-0.0000000000,0.7061338532,0.0000000000,0.5235987756,0.0000000000,1.0000000000,1.0000000000,0.0000000000,0.0000000000,0.0000000000,0.0000000000
0.0200000000,0.5011010272,0.2949718876,0.5651715105,0.0478487135,-0.3310308610,-0.4569319034,0.4200805793,-0.1572847705,0.5445272256,0.0108467414,-0.0093704933,-0.2800275093,0.1155000000,-0.0000000000,0.7061338532,0.0000000000,0.5235987756,0.0000000000,1.0000000000,1.0000000000,0.0000000000,0.0000000000,0.0000000000,0.0000000000
0.0200000000,0.4996719036,0.2954676563,0.5648636081,0.0502653747,-0.3315409697,-0.4573182311,0.4200805793,-0.1572847705,0.5445272256,0.0108467414,-0.0093704933,-0.2800275093,0.1155000000,-0.0000000000,0.7061338532,0.0000000000,0.5235987756,0.0000000000,1.0000000000,1.0000000000,0.0000000000,0.0000000000,0.0000000000,0.0000000000
0.0200000000,0.4983077590,0.2959343217,0.5645558075,0.0521274996,-0.3319242742,-0.4577488515,0.4200805793,-0.1572847705,0.5445272256,0.0108467414,-0.0093704933,-0.2800275093,0.1155000000,0.0000000000,0.7061338532,-0.0000000000,0.5235987756,-0.0000000000,1.0000000000,1.0000000000,0.0000000000,0.0000000000,0.0000000000,0.0000000000
0.0200000000,0.4970798072,0.2963479665,0.5642627574,0.0533187153,-0.3321629476,-0.4582033603,0.4200805793,-0.1572847705,0.5445272256,0.0108467414,-0.0093704933,-0.2800275093,0.1155000000,-0.0000000000,0.7061338532,0.0000000000,0.5235987756,0.0000000000,1.0000000000,1.0000000000,0.0000000000,0.0000000000,0.0000000000,0.0000000000
0.0200000000,0.4958890102,0.2967386761,0.5639625383,0.0540563106,-0.3322773142,-0.4586934520,0.4200805793,-0.1572847705,0.5445272256,0.0108467414,-0.0093704933,-0.2800275093,0.1155000000,-0.0000000000,0.7061338532,0.0000000000,0.5235987756,0.0000000000,1.0000000000,1.0000000000,0.0000000000,0.0000000000,0.0000000000,0.0000000000
0.0200000000,0.4946189537,0.2971390573,0.5636319074,0.0546281514,-0.3322904254,-0.4592309171,0.4200805793,-0.1572847705,0.5445272256,0.0108467414,-0.0093704933,-0.2800275093,0.1155000000,-0.0000000000,0.7061338532,0.0000000000,0.5235987756,0.0000000000,1.0000000000,1.0000000000,0.0000000000,0.0000000000,0.0000000000,0.0000000000
0.0200000000,0.4932872687,0.2975439131,0.5632758135,0.0549940484,-0.3321993294,-0.4598141237,0.4200805793,-0.1572847705,0.5445272256,0.0108467414,-0.0093704933,-0.2800275093,0.1155000000,-0.0000000000,0.7061338532,0.0000000000,0.5235987756,0.0000000000,1.0000000000,1.0000000000,0.0000000000,0.0000000000,0.0000000000,0.0000000000
0.0200000000,0.4917578088,0.2979803787,0.5628523367,0.0552444293,-0.3319254430,-0.4604699314,0.4200805793,-0.1572847705,0.5445272256,0.0108467414,-0.0093704933,-0.2800275093,0.1155000000,-0.0000000000,0.7061338532,0.0000000000,0.5235987756,0.0000000000,1.0000000000,1.0000000000,0.0000000000,0.0000000000,0.0000000000,0.0000000000
0.0200000000,0.4899932147,0.2984543412,0.5623529923,0.0554057136,-0.3314425050,-0.4612061652,0.4200805793,-0.1572847705,0.5445272256,0.0108467414,-0.0093704933,-0.2800275093,0.1155000000,0.0000000000,0.7061338532,-0.0000000000,0.5235987756,-0.0000000000,1.0000000000,1.0000000000,0.0000000000,0.0000000000,0.0000000000,0.0000000000
0.0200000000,0.4880476533,0.2989383449,0.5617852510,0.0554382630,-0.3306754798,-0.4619752740,0.4200805793,-0.1572847705,0.5445272256,0.0108467414,-0.0093704933,-0.2800275093,0.1155000000,-0.0000000000,0.7061338532,0.0000000000,0.5235987756,0.0000000000,1.0000000000,1.0000000000,0.0000000000,0.0000000000,0.0000000000,0.0000000000
0.0200000000,0.4859659575,0.2994136101,0.5611569827,0.0553175105,-0.3295819384,-0.4627408516,0.4200805793,-0.1572847705,0.5445272256,0.0108467414,-0.0093704933,-0.2800275093,0.1155000000,-0.0000000000,0.7061338532,0.0000000000,0.5235987756,0.0000000000,1.0000000000,1.0000000000,0.0000000000,0.0000000000,0.0000000000,0.0000000000
0.0200000000,0.4839214227,0.2998406288,0.5605166391,0.0550370220,-0.3282191973,-0.4634244367,0.4200805793,-0.1572847705,0.5445272256,0.0108467414,-0.0093704933,-0.2800275093,0.1155000000,-0.0000000000,0.7061338532,0.0000000000,0.5235987756,0.0000000000,1.0000000000,1.0000000000,0.0000000000,0.0000000000,0.0000000000,0.0000000000
0.0200000000,0.4818457689,0.3002362745,0.5598419703,0.0545905283,-0.3265423076,-0.4640438011,0.4200805793,-0.1572847705,0.5445272256,0.0108467414,-0.0093704933,-0.2800275093,0.1155000000,-0.0000000000,0.7061338532,0.0000000000,0.5235987756,0.0000000000,1.0000000000,1.0000000000,0.0000000000,0.0000000000,0.0000000000,0.0000000000
0.0200000000,0.4797463009,0.3005993837,0.5591327279,0.0539727779,-0.3245392088,-0.4645869956,0.4200805793,-0.1572847705,0.5445272256,0.0108467414,-0.0093704933,-0.2800275093,0.1155000000,-0.0000000000,0.7061338532,0.0000000000,0.5235987756,0.0000000000,1.0000000000,1.0000000000,0.0000000000,0.0000000000,0.0000000000,0.0000000000
0.0200000000,0.4776915992,0.3009163824,0.5584071306,0.0531909805,-0.3222478087,-0.4650243774,0.4200805793,-0.1572847705,0.5445272256,0.0108467414,-0.0093704933,-0.2800275093,0.1155000000,-0.0000000000,0.7061338532,0.0000000000,0.5235987756,0.0000000000,1.0000000000,1.0000000000,0.0000000000,0.0000000000,0.0000000000,0.0000000000
0.0200000000,0.4757649047,0.3011732970,0.5576880578,0.0522641259,-0.3197311230,-0.4653241642,0.4200805793,-0.1572847705,0.5445272256,0.0108467414,-0.0093704933,-0.2800275093,0.1155000000,-0.0000000000,0.7061338532,0.0000000000,0.5235987756,0.0000000000,1.0000000000,1.0000000000,0.0000000000,0.0000000000,0.0000000000,0.0000000000
0.0200000000,0.4739608084,0.3013757782,0.5569739504,0.0512055292,-0.3170042094,-0.4654899768,0.4200805793,-0.1572847705,0.5445272256,0.0108467414,-0.0093704933,-0.2800275093,0.1155000000,-0.0000000000,0.7061338532,0.0000000000,0.5235987756,0.0000000000,1.0000000000,1.0000000000,0.0000000000,0.0000000000,0.0000000000,0.0000000000
0.0200000000,0.4722600296,0.3015327079,0.5562591401,0.0500240437,-0.3140626949,-0.4655268490,0.4200805793,-0.1572847705,0.5445272256,0.0108467414,-0.0093704933,-0.2800275093,0.1155000000,-0.0000000000,0.7061338532,0.0000000000,0.5235987756,0.0000000000,1.0000000000,1.0000000000,0.0000000000,0.0000000000,0.0000000000,0.0000000000
0.0200000000,0.4706708302,0.3016476197,0.5555455537,0.0487315768,-0.3109148192,-0.4654285869,0.4200805793,-0.1572847705,0.5445272256,0.0108467414,-0.0093704933,-0.2800275093,0.1155000000,-0.0000000000,0.7061338532,0.0000000000,0.5235987756,0.0000000000,1.0000000000,1.0000000000,0.0000000000,0.0000000000,0.0000000000,0.0000000000
0.0200000000,0.4691898448,0.3017280015,0.5548303319,0.0473341811,-0.3075395061,-0.4651840422,0.4200805793,-0.1572847705,0.5445272256,0.0108467414,-0.0093704933,-0.2800275093,0.1155000000,-0.0000000000,0.7061338532,0.0000000000,0.5235987756,0.0000000000,1.0000000000,1.0000000000,0.0000000000,0.0000000000,0.0000000000,0.0000000000
0.0200000000,0.4678385329,0.3017768371,0.5541196190,0.0458490327,-0.3039498697,-0.4647803719,0.4200805793,-0.1572847705,0.5445272256,0.0108467414,-0.0093704933,-0.2800275093,0.1155000000,-0.0000000000,0.7061338532,0.0000000000,0.5235987756,0.0000000000,1.0000000000,1.0000000000,0.0000000000,0.0000000000,0.0000000000,0.0000000000
0.0200000000,0.4667438619,0.3018049241,0.5534991611,0.0444945205,-0.3006324058,-0.4643034101,0.4200805793,-0.1572847705,0.5445272256,0.0108467414,-0.0093704933,-0.2800275093,0.1155000000,-0.0000000000,0.7061338532,0.0000000000,0.5235987756,0.0000000000,1.0000000000,1.0000000000,0.0000000000,0.0000000000,0.0000000000,0.0000000000
0.0200000000,0.4658418908,0.3018203338,0.5529462400,0.0432393889,-0.2975156431,-0.4637696282,0.4200805793,-0.1572847705,0.5445272256,0.0108467414,-0.0093704933,-0.2800275093,0.1155000000,-0.0000000000,0.7061338532,0.0000000000,0.5235987756,0.0000000000,1.0000000000,1.0000000000,0.0000000000,0.0000000000,0.0000000000,0.0000000000
0.0200000000,0.4650657767,0.3018319797,0.5524431992,0.0420763716,-0.2945686416,-0.4632105989,0.4200805793,-0.1572847705,0.5445272256,0.0108467414,-0.0093704933,-0.2800275093,0.1155000000,-0.0000000000,0.7061338532,0.0000000000,0.5235987756,0.0000000000,1.0000000000,1.0000000000,0.0000000000,0.0000000000,0.0000000000,0.0000000000
0.0200000000,0.4643601687,0.3018464757,0.5519522520,0.0408838068,-0.2915586562,-0.4625840951,0.4200805793,-0.1572847705,0.5445272256,0.0108467414,-0.0093704933,-0.2800275093,0.1155000000,0.0000000000,0.7061338532,-0.0000000000,0.5235987756,-0.0000000000,1.0000000000,1.0000000000,0.0000000000,0.0000000000,0.0000000000,0.0000000000
0.0200000000,0.4635850273,0.3018809100,0.5513768855,0.0393545956,-0.2878684041,-0.4617726337,0.4200805793,-0.1572847705,0.5445272256,0.0108467414,-0.0093704933,-0.2800275093,0.1155000000,-0.0000000000,0.7061338532,0.0000000000,0.5235987756,0.0000000000,1.0000000000,1.0000000000,0.0000000000,0.0000000000,0.0000000000,0.0000000000
0.0200000000,0.4628515404,0.3019253299,0.5508045527,0.0377364287,-0.2840752228,-0.4609115598,0.4200805793,-0.1572847705,0.5445272256,0.0108467414,-0.0093704933,-0.2800275093,0.1155000000,-0.0000000000,0.7061338532,0.0000000000,0.5235987756,0.0000000000,1.0000000000,1.0000000000,0.0000000000,0.0000000000,0.0000000000,0.0000000000
0.0200000000,0.4623078798,0.3019703420,0.5503520885,0.0363391357,-0.2809690804,-0.4601882017,0.4200805793,-0.1572847705,0.5445272256,0.0108467414,-0.0093704933,-0.2800275093,0.1155000000,-0.0000000000,0.7061338532,0.0000000000,0.5235987756,0.0000000000,1.0000000000,1.0000000000,0.0000000000,0.0000000000,0.0000000000,0.0000000000
0.0200000000,0.4618861728,0.3020134994,0.5499655293,0.0350676664,-0.2782048962,-0.4595118476,0.4200805793,-0.1572847705,0.5445272256,0.0108467414,-0.0093704933,-0.2800275093,0.1155000000,-0.0000000000,0.7061338532,0.0000000000,0.5235987756,0.0000000000,1.0000000000,1.0000000000,0.0000000000,0.0000000000,0.0000000000,0.0000000000
0.0200000000,0.4614823955,0.3020457669,0.5495655710,0.0338153912,-0.2752724617,-0.4587493504,0.4200805793,-0.1572847705,0.5445272256,0.0108467414,-0.0093704933,-0.2800275093,0.1155000000,-0.0000000000,0.7061338532,0.0000000000,0.5235987756,0.0000000000,1.0000000000,1.0000000000,0.0000000000,0.0000000000,0.0000000000,0.0000000000
0.0200000000,0.4611052832,0.3020667708,0.5491566269,0.0325883039,-0.2721902158,-0.4579029148,0.4200805793,-0.1572847705,0.5445272256,0.0108467414,-0.0093704933,-0.2800275093,0.1155000000,-0.0000000000,0.7061338532,0.0000000000,0.5235987756,0.0000000000,1.0000000000,1.0000000000,0.0000000000,0.0000000000,0.0000000000,0.0000000000
0.0200000000,0.4607425785,0.3020740013,0.5487313451,0.0314056619,-0.2689074050,-0.4569560586,0.4200805793,-0.1572847705,0.5445272256,0.0108467414,-0.0093704933,-0.2800275093,0.1155000000,-0.0000000000,0.7061338532,0.0000000000,0.5235987756,0.0000000000,1.0000000000,1.0000000000,0.0000000000,0.0000000000,0.0000000000,0.0000000000
0.0200000000,0.4603787968,0.3020630341,0.5482765435,0.0302881456,-0.2653205039,-0.4558719233,0.4200805793,-0.1572847705,0.5445272256,0.0108467414,-0.0093704933,-0.2800275093,0.1155000000,-0.0000000000,0.7061338532,0.0000000000,0.5235987756,0.0000000000,1.0000000000,1.0000000000,0.0000000000,0.0000000000,0.0000000000,0.0000000000
0.0200000000,0.4600222910,0.3020397805,0.5478085873,0.0291986339,-0.2615587750,-0.4547122550,0.4200805793,-0.1572847705,0.5445272256,0.0108467414,-0.0093704933,-0.2800275093,0.1155000000,-0.0000000000,0.7061338532,0.0000000000,0.5235987756,0.0000000000,1.0000000000,1.0000000000,0.0000000000,0.0000000000,0.0000000000,0.0000000000
0.0200000000,0.4596849633,0.3020197559,0.5473610844,0.0280466386,-0.2579260878,-0.4536207330,0.4200805793,-0.1572847705,0.5445272256,0.0108467414,-0.0093704933,-0.2800275093,0.1155000000,-0.0000000000,0.7061338532,0.0000000000,0.5235987756,0.0000000000,1.0000000000,1.0000000000,0.0000000000,0.0000000000,0.0000000000,0.0000000000
0.0200000000,0.4593701362,0.3020032159,0.5469357451,0.0268413977,-0.2544374292,-0.4525978651,0.4200805793,-0.1572847705,0.5445272256,0.0108467414,-0.0093704933,-0.2800275093,0.1155000000,-0.0000000000,0.7061338532,0.0000000000,0.5235987756,0.0000000000,1.0000000000,1.0000000000,0.0000000000,0.0000000000,0.0000000000,0.0000000000
0.0200000000,0.4590679645,0.3019928912,0.5465241087,0.0254505469,-0.2510586935,-0.4516640397,0.4200805793,-0.1572847705,0.5445272256,0.0108467414,-0.0093704933,-0.2800275093,0.1155000000,-0.0000000000,0.7061338532,0.0000000000,0.5235987756,0.0000000000,1.0000000000,1.0000000000,0.0000000000,0.0000000000,0.0000000000,0.0000000000
0.0200000000,0.4587776050,0.3019933238,0.5461285130,0.0238159882,-0.2478317902,-0.4508479801,0.4200805793,-0.1572847705,0.5445272256,0.0108467414,-0.0093704933,-0.2800275093,0.1155000000,-0.0000000000,0.7061338532,0.0000000000,0.5235987756,0.0000000000,1.0000000000,1.0000000000,0.0000000000,0.0000000000,0.0000000000,0.0000000000
0.0200000000,0.4584935409,0.3019995992,0.5457382626,0.0219452701,-0.2446712990,-0.4501159717,0.4200805793,-0.1572847705,0.5445272256,0.0108467414,-0.0093704933,-0.2800275093,0.1155000000,-0.0000000000,0.7061338532,0.0000000000,0.5235987756,0.0000000000,1.0000000000,1.0000000000,0.0000000000,0.0000000000,0.0000000000,0.0000000000
0.0200000000,0.4581920124,0.3019996716,0.5453186271,0.0197441359,-0.2413060555,-0.4493960018,0.4200805793,-0.1572847705,0.5445272256,0.0108467414,-0.0093704933,-0.2800275093,0.1155000000,0.0000000000,0.7061338532,-0.0000000000,0.5235987756,-0.0000000000,1.0000000000,1.0000000000,0.0000000000,0.0000000000,0.0000000000,0.0000000000
0.0200000000,0.4578676019,0.3019929984,0.5448602117,0.0171330837,-0.2376656430,-0.4486814386,0.4200805793,-0.1572847705,0.5445272256,0.0108467414,-0.0093704933,-0.2800275093,0.1155000000,-0.0000000000,0.7061338532,0.0000000000,0.5235987756,0.0000000000,1.0000000000,1.0000000000,0.0000000000,0.0000000000,0.0000000000,0.0000000000
0.0200000000,0.4575388863,0.3019747137,0.5443996835,0.0144495457,-0.2340374392,-0.4480112896,0.4200805793,-0.1572847705,0.5445272256,0.0108467414,-0.0093704933,-0.2800275093,0.1155000000,-0.0000000000,0.7061338532,0.0000000000,0.5235987756,0.0000000000,1.0000000000,1.0000000000,0.0000000000,0.0000000000,0.0000000000,0.0000000000
0.0200000000,0.4572153970,0.3019416191,0.5439534323,0.0118507502,-0.2305495721,-0.4473990942,0.4200805793,-0.1572847705,0.5445272256,0.0108467414,-0.0093704933,-0.2800275093,0.1155000000,-0.0000000000,0.7061338532,0.0000000000,0.5235987756,0.0000000000,1.0000000000,1.0000000000,0.0000000000,0.0000000000,0.0000000000,0.0000000000
0.0200000000,0.4568831063,0.3018974597,0.5435064367,0.0092429734,-0.2270844598,-0.4468282084,0.4200805793,-0.1572847705,0.5445272256,0.0108467414,-0.0093704933,-0.2800275093,0.1155000000,-0.0000000000,0.7061338532,0.0000000000,0.5235987756,0.0000000000,1.0000000000,1.0000000000,0.0000000000,0.0000000000,0.0000000000,0.0000000000
0.0200000000,0.4565268474,0.3018440856,0.5430467935,0.0065880576,-0.2235494897,-0.4462848945,0.4200805793,-0.1572847705,0.5445272256,0.0108467414,-0.0093704933,-0.2800275093,0.1155000000,-0.0000000000,0.7061338532,0.0000000000,0.5235987756,0.0000000000,1.0000000000,1.0000000000,0.0000000000,0.0000000000,0.0000000000,0.0000000000
0.0200000000,0.4561469184,0.3017822492,0.5425757962,0.0038892658,-0.2199552871,-0.4457729987,0.4200805793,-0.1572847705,0.5445272256,0.0108467414,-0.0093704933,-0.2800275093,0.1155000000,-0.0000000000,0.7061338532,0.0000000000,0.5235987756,0.0000000000,1.0000000000,1.0000000000,0.0000000000,0.0000000000,0.0000000000,0.0000000000
0.0200000000,0.4557414575,0.3017174201,0.5420931824,0.0011385517,-0.2162924298,-0.4452894272,0.4200805793,-0.1572847705,0.5445272256,0.0108467414,-0.0093704933,-0.2800275093,0.1155000000,-0.0000000000,0.7061338532,0.0000000000,0.5235987756,0.0000000000,1.0000000000,1.0000000000,0.0000000000,0.0000000000,0.0000000000,0.0000000000
0.0200000000,0.4553161037,0.3016510188,0.5416043332,-0.0016349382,-0.2125971132,-0.4448345013,0.4200805793,-0.1572847705,0.5445272256,0.0108467414,-0.0093704933,-0.2800275093,0.1155000000,-0.0000000000,0.7061338532,0.0000000000,0.5235987756,0.0000000000,1.0000000000,1.0000000000,0.0000000000,0.0000000000,0.0000000000,0.0000000000
0.0200000000,0.4549050498,0.3015919512,0.5411446340,-0.0042314151,-0.2091209702,-0.4444188995,0.4200805793,-0.1572847705,0.5445272256,0.0108467414,-0.0093704933,-0.2800275093,0.1155000000,0.0000000000,0.7061338532,-0.0000000000,0.5235987756,-0.0000000000,1.0000000000,1.0000000000,0.0000000000,0.0000000000,0.0000000000,0.0000000000
0.0200000000,0.4545134825,0.3015416735,0.5407188443,-0.0066231377,-0.2058995112,-0.4440422439,0.4200805793,-0.1572847705,0.5445272256,0.0108467414,-0.0093704933,-0.2800275093,0.1155000000,-0.0000000000,0.7061338532,0.0000000000,0.5235987756,0.0000000000,1.0000000000,1.0000000000,0.0000000000,0.0000000000,0.0000000000,0.0000000000
0.0200000000,0.4541256420,0.3015016752,0.5403071889,-0.0089213127,-0.2027710784,-0.4436683637,0.4200805793,-0.1572847705,0.5445272256,0.0108467414,-0.0093704933,-0.2800275093,0.1155000000,-0.0000000000,0.7061338532,0.0000000000,0.5235987756,0.0000000000,1.0000000000,1.0000000000,0.0000000000,0.0000000000,0.0000000000,0.0000000000
0.0200000000,0.4537348219,0.3014718231,0.5399011713,-0.0111745165,-0.1996672228,-0.4432838272,0.4200805793,-0.1572847705,0.5445272256,0.0108467414,-0.0093704933,-0.2800275093,0.1155000000,0.0000000000,0.7061338532,-0.0000000000,0.5235987756,-0.0000000000,1.0000000000,1.0000000000,0.0000000000,0.0000000000,0.0000000000,0.0000000000
0.0200000000,0.4533477174,0.3014529972,0.5395063844,-0.0133540512,-0.1966272631,-0.4428899314,0.4200805793,-0.1572847705,0.5445272256,0.0108467414,-0.0093704933,-0.2800275093,0.1155000000,0.0000000000,0.7061338532,-0.0000000000,0.5235987756,-0.0000000000,1.0000000000,1.0000000000,0.0000000000,0.0000000000,0.0000000000,0.0000000000
0.0200000000,0.4529836752,0.3014443367,0.5391402666,-0.0153662155,-0.1937856190,-0.4425033426,0.4200805793,-0.1572847705,0.5445272256,0.0108467414,-0.0093704933,-0.2800275093,0.1155000000,-0.0000000000,0.7061338532,0.0000000000,0.5235987756,0.0000000000,1.0000000000,1.0000000000,0.0000000000,0.0000000000,0.0000000000,0.0000000000
0.0200000000,0.4526289925,0.3014479173,0.5387891139,-0.0172854817,-0.1910325097,-0.4421033079,0.4200805793,-0.1572847705,0.5445272256,0.0108467414,-0.0093704933,-0.2800275093,0.1155000000,-0.0000000000,0.7061338532,0.0000000000,0.5235987756,0.0000000000,1.0000000000,1.0000000000,0.0000000000,0.0000000000,0.0000000000,0.0000000000
0.0200000000,0.4521968548,0.3014789224,0.5383682326,-0.0195763176,-0.1876714371,-0.4415567299,0.4200805793,-0.1572847705,0.5445272256,0.0108467414,-0.0093704933,-0.2800275093,0.1155000000,-0.0000000000,0.7061338532,0.0000000000,0.5235987756,0.0000000000,1.0000000000,1.0000000000,0.0000000000,0.0000000000,0.0000000000,0.0000000000
0.0200000000,0.4516652515,0.3015393203,0.5378577007,-0.0223508114,-0.1835349830,-0.4408377188,0.4200805793,-0.1572847705,0.5445272256,0.0108467414,-0.0093704933,-0.2800275093,0.1155000000,-0.0000000000,0.7061338532,0.0000000000,0.5235987756,0.0000000000,1.0000000000,1.0000000000,0.0000000000,0.0000000000,0.0000000000,0.0000000000
0.0200000000,0.4511208434,0.3016337668,0.5373410854,-0.0251745343,-0.1792636191,-0.4400406417,0.4200805793,-0.1572847705,0.5445272256,0.0108467414,-0.0093704933,-0.2800275093,0.1155000000,-0.0000000000,0.7061338532,0.0000000000,0.5235987756,0.0000000000,1.0000000000,1.0000000000,0.0000000000,0.0000000000,0.0000000000,0.0000000000
0.0200000000,0.4506019228,0.3017567426,0.5368536194,-0.0278611231,-0.1751450427,-0.4392207585,0.4200805793,-0.1572847705,0.5445272256,0.0108467414,-0.0093704933,-0.2800275093,0.1155000000,-0.0000000000,0.7061338532,0.0000000000,0.5235987756,0.0000000000,1.0000000000,1.0000000000,0.0000000000,0.0000000000,0.0000000000,0.0000000000
0.0200000000,0.4501884752,0.3018703327,0.5364663487,-0.0300166085,-0.1718219232,-0.4385449408,0.4200805793,-0.1572847705,0.5445272256,0.0108467414,-0.0093704933,-0.2800275093,0.1155000000,-0.0000000000,0.7061338532,0.0000000000,0.5235987756,0.0000000000,1.0000000000,1.0000000000,0.0000000000,0.0000000000,0.0000000000,0.0000000000
0.0200000000,0.4498968667,0.3019712203,0.5361920910,-0.0315682631,-0.1694101275,-0.4380337761,0.4200805793,-0.1572847705,0.5445272256,0.0108467414,-0.0093704933,-0.2800275093,0.1155000000,-0.0000000000,0.7061338532,0.0000000000,0.5235987756,0.0000000000,1.0000000000,1.0000000000,0.0000000000,0.0000000000,0.0000000000,0.0000000000
0.0200000000,0.4496371503,0.3020768522,0.5359447901,-0.0329916993,-0.1671862103,-0.4375547542,0.4200805793,-0.1572847705,0.5445272256,0.0108467414,-0.0093704933,-0.2800275093,0.1155000000,-0.0000000000,0.7061338532,0.0000000000,0.5235987756,0.0000000000,1.0000000000,1.0000000000,0.0000000000,0.0000000000,0.0000000000,0.0000000000
0.0200000000,0.4493586825,0.3021963946,0.5356772086,-0.0345478022,-0.1647515669,-0.4370372249,0.4200805793,-0.1572847705,0.5445272256,0.0108467414,-0.0093704933,-0.2800275093,0.1155000000,-0.0000000000,0.7061338532,0.0000000000,0.5235987756,0.0000000000,1.0000000000,1.0000000000,0.0000000000,0.0000000000,0.0000000000,0.0000000000
0.0200000000,0.4490802149,0.3023262252,0.5354070400,-0.0361387846,-0.1622556681,-0.4365078020,0.4200805793,-0.1572847705,0.5445272256,0.0108467414,-0.0093704933,-0.2800275093,0.1155000000,-0.0000000000,0.7061338532,0.0000000000,0.5235987756,0.0000000000,1.0000000000,1.0000000000,0.0000000000,0.0000000000,0.0000000000,0.0000000000
0.0200000000,0.4488103343,0.3024619578,0.5351402668,-0.0377371884,-0.1597522581,-0.4359805659,0.4200805793,-0.1572847705,0.5445272256,0.0108467414,-0.0093704933,-0.2800275093,0.1155000000,-0.0000000000,0.7061338532,0.0000000000,0.5235987756,0.0000000000,1.0000000000,1.0000000000,0.0000000000,0.0000000000,0.0000000000,0.0000000000
0.0200000000,0.4485572162,0.3025992258,0.5348852815,-0.0392902886,-0.1573204810,-0.4354741802,0.4200805793,-0.1572847705,0.5445272256,0.0108467414,-0.0093704933,-0.2800275093,0.1155000000,-0.0000000000,0.7061338532,0.0000000000,0.5235987756,0.0000000000,1.0000000000,1.0000000000,0.0000000000,0.0000000000,0.0000000000,0.0000000000
0.0200000000,0.4483136638,0.3027417649,0.5346334620,-0.0408553548,-0.1548788484,-0.4349708888,0.4200805793,-0.1572847705,0.5445272256,0.0108467414,-0.0093704933,-0.2800275093,0.1155000000,-0.0000000000,0.7061338532,0.0000000000,0.5235987756,0.0000000000,1.0000000000,1.0000000000,0.0000000000,0.0000000000,0.0000000000,0.0000000000
0.0200000000,0.4480540986,0.3029011682,0.5343515828,-0.0426620344,-0.1521105656,-0.4344091693,0.4200805793,-0.1572847705,0.5445272256,0.0108467414,-0.0093704933,-0.2800275093,0.1155000000,0.0000000000,0.7061338532,-0.0000000000,0.5235987756,-0.0000000000,1.0000000000,1.0000000000,0.0000000000,0.0000000000,0.0000000000,0.0000000000
0.0200000000,0.4477681470,0.3030839111,0.5340286870,-0.0447838502,-0.1489038378,-0.4337667982,0.4200805793,-0.1572847705,0.5445272256,0.0108467414,-0.0093704933,-0.2800275093,0.1155000000,-0.0000000000,0.7061338532,0.0000000000,0.5235987756,0.0000000000,1.0000000000,1.0000000000,0.0000000000,0.0000000000,0.0000000000,0.0000000000
0.0200000000,0.4474807920,0.3032658592,0.5336856296,-0.0471070599,-0.1454818515,-0.4330980114,0.4200805793,-0.1572847705,0.5445272256,0.0108467414,-0.0093704933,-0.2800275093,0.1155000000,-0.0000000000,0.7061338532,0.0000000000,0.5235987756,0.0000000000,1.0000000000,1.0000000000,0.0000000000,0.0000000000,0.0000000000,0.0000000000
0.0200000000,0.4472126225,0.3034300503,0.5333369244,-0.0495628619,-0.1419965701,-0.4324387593,0.4200805793,-0.1572847705,0.5445272256,0.0108467414,-0.0093704933,-0.2800275093,0.1155000000,-0.0000000000,0.7061338532,0.0000000000,0.5235987756,0.0000000000,1.0000000000,1.0000000000,0.0000000000,0.0000000000,0.0000000000,0.0000000000
0.0200000000,0.4469560880,0.3035589024,0.5329677260,-0.0522602548,-0.1383531126,-0.4317941279,0.4200805793,-0.1572847705,0.5445272256,0.0108467414,-0.0093704933,-0.2800275093,0.1155000000,-0.0000000000,0.7061338532,0.0000000000,0.5235987756,0.0000000000,1.0000000000,1.0000000000,0.0000000000,0.0000000000,0.0000000000,0.0000000000
0.0200000000,0.4467072803,0.3036322902,0.5325693433,-0.0552623896,-0.1345169880,-0.4311856855,0.4200805793,-0.1572847705,0.5445272256,0.0108467414,-0.0093704933,-0.2800275093,0.1155000000,0.0000000000,0.7061338532,-0.0000000000,0.5235987756,-0.0000000000,1.0000000000,1.0000000000,0.0000000000,0.0000000000,0.0000000000,0.0000000000
0.0200000000,0.4464602096,0.3036105405,0.5321300874,-0.0586449785,-0.1304722369,-0.4306741380,0.4200805793,-0.1572847705,0.5445272256,0.0108467414,-0.0093704933,-0.2800275093,0.1155000000,-0.0000000000,0.7061338532,0.0000000000,0.5235987756,0.0000000000,1.0000000000,1.0000000000,0.0000000000,0.0000000000,0.0000000000,0.0000000000
0.0200000000,0.4462334384,0.3034669544,0.5317047769,-0.0619285092,-0.1268165059,-0.4304156743,0.4200805793,-0.1572847705,0.5445272256,0.0108467414,-0.0093704933,-0.2800275093,0.1155000000,-0.0000000000,0.7061338532,0.0000000000,0.5235987756,0.0000000000,1.0000000000,1.0000000000,0.0000000000,0.0000000000,0.0000000000,0.0000000000
0.0200000000,0.4460034627,0.3031554219,0.5312960609,-0.0649716648,-0.1237318644,-0.4305745822,0.4200805793,-0.1572847705,0.5445272256,0.0108467414,-0.0093704933,-0.2800275093,0.1155000000,0.0000000000,0.7061338532,-0.0000000000,0.5235987756,-0.0000000000,1.0000000000,1.0000000000,0.0000000000,0.0000000000,0.0000000000,0.0000000000
0.0200000000,0.4457452100,0.3026778396,0.5309061195,-0.0676439744,-0.1212745368,-0.4311884453,0.4200805793,-0.1572847705,0.5445272256,0.0108467414,-0.0093704933,-0.2800275093,0.1155000000,-0.0000000000,0.7061338532,0.0000000000,0.5235987756,0.0000000000,1.0000000000,1.0000000000,0.0000000000,0.0000000000,0.0000000000,0.0000000000
0.0200000000,0.4454640323,0.3020867654,0.5305747325,-0.0695675730,-0.1197117422,-0.4321765532,0.4200805793,-0.1572847705,0.5445272256,0.0108467414,-0.0093704933,-0.2800275093,0.1155000000,-0.0000000000,0.7061338532,0.0000000000,0.5235987756,0.0000000000,1.0000000000,1.0000000000,0.0000000000,0.0000000000,0.0000000000,0.0000000000
0.0200000000,0.4451538005,0.3014057231,0.5302988168,-0.0707445863,-0.1189585758,-0.4334503860,0.4200805793,-0.1572847705,0.5445272256,0.0108467414,-0.0093704933,-0.2800275093,0.1155000000,-0.0000000000,0.7061338532,0.0000000000,0.5235987756,0.0000000000,1.0000000000,1.0000000000,0.0000000000,0.0000000000,0.0000000000,0.0000000000
0.0200000000,0.4448096187,0.3006073255,0.5300701844,-0.0712140850,-0.1189934162,-0.4350416585,0.4200805793,-0.1572847705,0.5445272256,0.0108467414,-0.0093704933,-0.2800275093,0.1155000000,-0.0000000000,0.7061338532,0.0000000000,0.5235987756,0.0000000000,1.0000000000,1.0000000000,0.0000000000,0.0000000000,0.0000000000,0.0000000000
0.0200000000,0.4444925399,0.2997343217,0.5299078945,-0.0710362150,-0.1197989247,-0.4368316134,0.4200805793,-0.1572847705,0.5445272256,0.0108467414,-0.0093704933,-0.2800275093,0.1155000000,-0.0000000000,0.7061338532,0.0000000000,0.5235987756,0.0000000000,1.0000000000,1.0000000000,0.0000000000,0.0000000000,0.0000000000,0.0000000000
0.0200000000,0.4443225219,0.2989340979,0.5298263112,-0.0706167916,-0.1209836349,-0.4384492025,0.4200805793,-0.1572847705,0.5445272256,0.0108467414,-0.0093704933,-0.2800275093,0.1155000000,-0.0000000000,0.7061338532,0.0000000000,0.5235987756,0.0000000000,1.0000000000,1.0000000000,0.0000000000,0.0000000000,0.0000000000,0.0000000000
0.0200000000,0.4443370270,0.2982630821,0.5297974266,-0.0704241763,-0.1220793532,-0.4397230044,0.4200805793,-0.1572847705,0.5445272256,0.0108467414,-0.0093704933,-0.2800275093,0.1155000000,-0.0000000000,0.7061338532,0.0000000000,0.5235987756,0.0000000000,1.0000000000,1.0000000000,0.0000000000,0.0000000000,0.0000000000,0.0000000000
0.0200000000,0.4445253657,0.2977550908,0.5297938581,-0.0707265829,-0.1227606960,-0.4405638759,0.4200805793,-0.1572847705,0.5445272256,0.0108467414,-0.0093704933,-0.2800275093,0.1155000000,-0.0000000000,0.7061338532,0.0000000000,0.5235987756,0.0000000000,1.0000000000,1.0000000000,0.0000000000,0.0000000000,0.0000000000,0.0000000000
0.0200000000,0.4448506125,0.2973900117,0.5297901417,-0.0716381726,-0.1228799764,-0.4410092939,0.4200805793,-0.1572847705,0.5445272256,0.0108467414,-0.0093704933,-0.2800275093,0.1155000000,-0.0000000000,0.7061338532,0.0000000000,0.5235987756,0.0000000000,1.0000000000,1.0000000000,0.0000000000,0.0000000000,0.0000000000,0.0000000000
0.0200000000,0.4452791948,0.2971578650,0.5297626147,-0.0732782608,-0.1222755070,-0.4410726518,0.4200805793,-0.1572847705,0.5445272256,0.0108467414,-0.0093704933,-0.2800275093,0.1155000000,-0.0000000000,0.7061338532,0.0000000000,0.5235987756,0.0000000000,1.0000000000,1.0000000000,0.0000000000,0.0000000000,0.0000000000,0.0000000000
0.0200000000,0.4457427774,0.2970433447,0.5296950801,-0.0755591937,-0.1209342065,-0.4408107600,0.4200805793,-0.1572847705,0.5445272256,0.0108467414,-0.0093704933,-0.2800275093,0.1155000000,-0.0000000000,0.7061338532,0.0000000000,0.5235987756,0.0000000000,1.0000000000,1.0000000000,0.0000000000,0.0000000000,0.0000000000,0.0000000000
0.0200000000,0.4461703158,0.2970165006,0.5295876189,-0.0781930540,-0.1190434711,-0.4403223283,0.4200805793,-0.1572847705,0.5445272256,0.0108467414,-0.0093704933,-0.2800275093,0.1155000000,-0.0000000000,0.7061338532,0.0000000000,0.5235987756,0.0000000000,1.0000000000,1.0000000000,0.0000000000,0.0000000000,0.0000000000,0.0000000000
0.0200000000,0.4465332854,0.2970418370,0.5294501770,-0.0809444425,-0.1168322366,-0.4397114902,0.4200805793,-0.1572847705,0.5445272256,0.0108467414,-0.0093704933,-0.2800275093,0.1155000000,-0.0000000000,0.7061338532,0.0000000000,0.5235987756,0.0000000000,1.0000000000,1.0000000000,0.0000000000,0.0000000000,0.0000000000,0.0000000000
0.0200000000,0.4468335657,0.2970882113,0.5293007836,-0.0836297721,-0.1145646998,-0.4391018604,0.4200805793,-0.1572847705,0.5445272256,0.0108467414,-0.0093704933,-0.2800275093,0.1155000000,0.0000000000,0.7061338532,-0.0000000000,0.5235987756,-0.0000000000,0.9488753474,1.0000000000,0.0000000000,0.0000000000,0.0000000000,0.0000000000
0.0200000000,0.4471121558,0.2971170036,0.5291597312,-0.0861699129,-0.1124665956,-0.4385931606,0.4200805793,-0.1572847705,0.5445272256,0.0108467414,-0.0093704933,-0.2800275093,0.1155000000,-0.0000000000,0.7061338532,0.0000000000,0.5235987756,0.0000000000,0.8822086808,1.0000000000,0.0000000000,0.0000000000,0.0000000000,0.0000000000
0.0200000000,0.4474288822,0.2970753308,0.5290425773,-0.0886053842,-0.1107285530,-0.4381801468,0.4200805793,-0.1572847705,0.5445272256,0.0108467414,-0.0093704933,-0.2800275093,0.1155000000,-0.0000000000,0.7061338532,0.0000000000,0.5235987756,0.0000000000,0.8155420141,1.0000000000,0.0000000000,0.0000000000,0.0000000000,0.0000000000
0.0200000000,0.4478183768,0.2968960581,0.5289480869,-0.0911909844,-0.1095814066,-0.4376798192,0.4200805793,-0.1572847705,0.5445272256,0.0108467414,-0.0093704933,-0.2800275093,0.1155000000,-0.0000000000,0.7061338532,0.0000000000,0.5235987756,0.0000000000,0.7488753474,1.0000000000,0.0000000000,0.0000000000,0.0000000000,0.0000000000
0.0200000000,0.4482972714,0.2965651446,0.5288729353,-0.0941523741,-0.1091015441,-0.4371042827,0.4200805793,-0.1572847705,0.5445272256,0.0108467414,-0.0093704933,-0.2800275093,0.1155000000,0.0000000000,0.7061338532,-0.0000000000,0.5235987756,-0.0000000000,0.6822086808,1.0000000000,0.0000000000,0.0000000000,0.0000000000,0.0000000000
0.0200000000,0.4488583061,0.2961840057,0.5288291265,-0.0972216322,-0.1089818461,-0.4369363042,0.4200805793,-0.1572847705,0.5445272256,0.0108467414,-0.0093704933,-0.2800275093,0.1155000000,-0.0000000000,0.7061338532,0.0000000000,0.5235987756,0.0000000000,0.6155420141,1.0000000000,0.0000000000,0.0000000000,0.0000000000,0.0000000000
0.0200000000,0.4494558274,0.2958160907,0.5288178156,-0.0999996766,-0.1089407329,-0.4373803577,0.4200805793,-0.1572847705,0.5445272256,0.0108467414,-0.0093704933,-0.2800275093,0.1155000000,-0.0000000000,0.7061338532,0.0000000000,0.5235987756,0.0000000000,0.5488753474,1.0000000000,0.0000000000,0.0000000000,0.0000000000,0.0000000000
0.0200000000,0.4500167880,0.2954355658,0.5288105575,-0.1024967100,-0.1089356287,-0.4380329956,0.4200805793,-0.1572847705,0.5445272256,0.0108467414,-0.0093704933,-0.2800275093,0.1155000000,-0.0000000000,0.7061338532,0.0000000000,0.5235987756,0.0000000000,0.4822086808,1.0000000000,0.0000000000,0.0000000000,0.0000000000,0.0000000000
0.0200000000,0.4504996053,0.2950599954,0.5287890244,-0.1048141476,-0.1088875243,-0.4386892115,0.4200805793,-0.1572847705,0.5445272256,0.0108467414,-0.0093704933,-0.2800275093,0.1155000000,-0.0000000000,0.7061338532,0.0000000000,0.5235987756,0.0000000000,0.4155420141,1.0000000000,0.0000000000,0.0000000000,0.0000000000,0.0000000000
0.0200000000,0.4508962053,0.2947304233,0.5287482833,-0.1070293302,-0.1087003778,-0.4392767475,0.4200805793,-0.1572847705,0.5445272256,0.0108467414,-0.0093704933,-0.2800275093,0.1155000000,-0.0000000000,0.7061338532,0.0000000000,0.5235987756,0.0000000000,0.3488753474,1.0000000000,0.0000000000,0.0000000000,0.0000000000,0.0000000000
0.0200000000,0.4512289326,0.2944846837,0.5286925718,-0.1092422000,-0.1083222146,-0.4397197127,0.4200805793,-0.1572847705,0.5445272256,0.0108467414,-0.0093704933,-0.2800275093,0.1155000000,-0.0000000000,0.7061338532,0.0000000000,0.5235987756,0.0000000000,0.2822086808,1.0000000000,0.0000000000,0.0000000000,0.0000000000,0.0000000000
0.0200000000,0.4515423736,0.2943665877,0.5286356624,-0.1115414945,-0.1077399832,-0.4399252650,0.4200805793,-0.1572847705,0.5445272256,0.0108467414,-0.0093704933,-0.2800275093,0.1155000000,0.0000000000,0.7061338532,-0.0000000000,0.5235987756,-0.0000000000,0.2155420141,1.0000000000,0.0000000000,0.0000000000,0.0000000000,0.0000000000
0.0200000000,0.4518874224,0.2943988526,0.5285990888,-0.1139137648,-0.1070274427,-0.4398375931,0.4200805793,-0.1572847705,0.5445272256,0.0108467414,-0.0093704933,-0.2800275093,0.1155000000,-0.0000000000,0.7061338532,0.0000000000,0.5235987756,0.0000000000,0.1488753474,1.0000000000,0.0000000000,0.0000000000,0.0000000000,0.0000000000
0.0200000000,0.4522901303,0.2945831243,0.5286027956,-0.1162150391,-0.1063066475,-0.4394441480,0.4200805793,-0.1572847705,0.5445272256,0.0108467414,-0.0093704933,-0.2800275093,0.1155000000,-0.0000000000,0.7061338532,0.0000000000,0.5235987756,0.0000000000,0.0822086808,1.0000000000,0.0000000000,0.0000000000,0.0000000000,0.0000000000
0.0200000000,0.4527505654,0.2949092419,0.5286640007,-0.1181914462,-0.1057258049,-0.4387577722,0.4200805793,-0.1572847705,0.5445272256,0.0108467414,-0.0093704933,-0.2800275093,0.1155000000,-0.0000000000,0.7061338532,0.0000000000,0.5235987756,0.0000000000,0.0156693926,1.0000000000,0.0000000000,0.0000000000,0.0000000000,0.0000000000
0.0200000000,0.4532502941,0.2953428260,0.5287923598,-0.1195685162,-0.1054353818,-0.4378412379,0.4200805793,-0.1572847705,0.5445272256,0.0108467414,-0.0093704933,-0.2800275093,0.1155000000,0.0000000000,0.7061338532,-0.0000000000,0.5235987756,-0.0000000000,0.0000000000,1.0000000000,0.0000000000,0.0000000000,0.0000000000,0.0000000000
0.0200000000,0.4537374669,0.2958078687,0.5289810809,-0.1200682003,-0.1055632902,-0.4368557735,0.4200805793,-0.1572847705,0.5445272256,0.0108467414,-0.0093704933,-0.2800275093,0.1155000000,-0.0000000000,0.7061338532,0.0000000000,0.5235987756,0.0000000000,0.0000000000,1.0000000000,0.0000000000,0.0000000000,0.0000000000,0.0000000000
0.0200000000,0.4541980992,0.2962534926,0.5292154858,-0.1197444963,-0.1060827679,-0.4359466167,0.4200805793,-0.1572847705,0.5445272256,0.0108467414,-0.0093704933,-0.2800275093,0.1155000000,-0.0000000000,0.7061338532,0.0000000000,0.5235987756,0.0000000000,0.0000000000,1.0000000000,0.0000000000,0.0000000000,0.0000000000,0.0000000000
0.0200000000,0.4546626317,0.2966845394,0.5295031374,-0.1186446831,-0.1069963869,-0.4351374117,0.4200805793,-0.1572847705,0.5445272256,0.0108467414,-0.0093704933,-0.2800275093,0.1155000000,-0.0000000000,0.7061338532,0.0000000000,0.5235987756,0.0000000000,0.0000000000,1.0000000000,0.0000000000,0.0000000000,0.0000000000,0.0000000000
0.0200000000,0.4551126796,0.2970684268,0.5298305352,-0.1168282053,-0.1082847451,-0.4344853688,0.4200805793,-0.1572847705,0.5445272256,0.0108467414,-0.0093704933,-0.2800275093,0.1155000000,-0.0000000000,0.7061338532,0.0000000000,0.5235987756,0.0000000000,0.0000000000,1.0000000000,0.0000000000,0.0000000000,0.0000000000,0.0000000000
0.0200000000,0.4555570255,0.2973961530,0.5302050655,-0.1142650512,-0.1100491522,-0.4339717697,0.4200805793,-0.1572847705,0.5445272256,0.0108467414,-0.0093704933,-0.2800275093,0.1155000000,-0.0000000000,0.7061338532,0.0000000000,0.5235987756,0.0000000000,0.0000000000,1.0000000000,0.0000000000,0.0000000000,0.0000000000,0.0000000000
0.0200000000,0.4559934747,0.2975835999,0.5306209753,-0.1111008921,-0.1125585787,-0.4337089137,0.4200805793,-0.1572847705,0.5445272256,0.0108467414,-0.0093704933,-0.2800275093,0.1155000000,-0.0000000000,0.7061338532,0.0000000000,0.5235987756,0.0000000000,0.0000000000,1.0000000000,0.0000000000,0.0000000000,0.0000000000,0.0000000000
0.0200000000,0.4564261630,0.2975468548,0.5310522567,-0.1077514990,-0.1158644895,-0.4338622622,0.4200805793,-0.1572847705,0.5445272256,0.0108467414,-0.0093704933,-0.2800275093,0.1155000000,-0.0000000000,0.7061338532,0.0000000000,0.5235987756,0.0000000000,0.0000000000,1.0000000000,0.0000000000,0.0000000000,0.0000000000,0.0000000000
0.0200000000,0.4568857565,0.2972804131,0.5315159139,-0.1041061517,-0.1200320025,-0.4344798817,0.4200805793,-0.1572847705,0.5445272256,0.0108467414,-0.0093704933,-0.2800275093,0.1155000000,-0.0000000000,0.7061338532,0.0000000000,0.5235987756,0.0000000000,0.0000000000,1.0000000000,0.0000000000,0.0000000000,0.0000000000,0.0000000000
0.0200000000,0.4573554857,0.2968258937,0.5319840069,-0.1003784210,-0.1246493474,-0.4354917110,0.4200805793,-0.1572847705,0.5445272256,0.0108467414,-0.0093704933,-0.2800275093,0.1155000000,-0.0000000000,0.7061338532,0.0000000000,0.5235987756,0.0000000000,0.0000000000,1.0000000000,0.0000000000,0.0000000000,0.0000000000,0.0000000000
0.0200000000,0.4578364080,0.2963019514,0.5324228119,-0.0970146288,-0.1290857526,-0.4366322146,0.4200805793,-0.1572847705,0.5445272256,0.0108467414,-0.0093704933,-0.2800275093,0.1155000000,-0.0000000000,0.7061338532,0.0000000000,0.5235987756,0.0000000000,0.0000000000,1.0000000000,0.0000000000,0.0000000000,0.0000000000,0.0000000000
0.0200000000,0.4583654441,0.2958595545,0.5328207993,-0.0944053005,-0.1328260666,-0.4375474487,0.4200805793,-0.1572847705,0.5445272256,0.0108467414,-0.0093704933,-0.2800275093,0.1155000000,-0.0000000000,0.7061338532,0.0000000000,0.5235987756,0.0000000000,0.0000000000,1.0000000000,0.0000000000,0.0000000000,0.0000000000,0.0000000000
0.0200000000,0.4590067743,0.2955573393,0.5332149824,-0.0924415189,-0.1359828903,-0.4380966398,0.4200805793,-0.1572847705,0.5445272256,0.0108467414,-0.0093704933,-0.2800275093,0.1155000000,-0.0000000000,0.7061338532,0.0000000000,0.5235987756,0.0000000000,0.0000000000,1.0000000000,0.0000000000,0.0000000000,0.0000000000,0.0000000000
0.0200000000,0.4598231195,0.2953974140,0.5336470742,-0.0909214760,-0.1388292797,-0.4382707980,0.4200805793,-0.1572847705,0.5445272256,0.0108467414,-0.0093704933,-0.2800275093,0.1155000000,-0.0000000000,0.7061338532,0.0000000000,0.5235987756,0.0000000000,0.0000000000,1.0000000000,0.0000000000,0.0000000000,0.0000000000,0.0000000000
0.0200000000,0.4608442871,0.2953759701,0.5341373268,-0.0897357930,-0.1414858025,-0.4381010132,0.4200805793,-0.1572847705,0.5445272256,0.0108467414,-0.0093704933,-0.2800275093,0.1155000000,-0.0000000000,0.7061338532,0.0000000000,0.5235987756,0.0000000000,0.0000000000,1.0000000000,0.0000000000,0.0000000000,0.0000000000,0.0000000000
0.0200000000,0.4620311231,0.2954839720,0.5346728821,-0.0888470564,-0.1438936493,-0.4376566839,0.4200805793,-0.1572847705,0.5445272256,0.0108467414,-0.0093704933,-0.2800275093,0.1155000000,-0.0000000000,0.7061338532,0.0000000000,0.5235987756,0.0000000000,0.0000000000,1.0000000000,0.0000000000,0.0000000000,0.0000000000,0.0000000000
0.0200000000,0.4634701338,0.2957179015,0.5353005345,-0.0880704563,-0.1462615556,-0.4370222340,0.4200805793,-0.1572847705,0.5445272256,0.0108467414,-0.0093704933,-0.2800275093,0.1155000000,0.0000000000,0.7061338532,-0.0000000000,0.5235987756,-0.0000000000,0.0000000000,1.0000000000,0.0000000000,0.0000000000,0.0000000000,0.0000000000
0.0200000000,0.4651494247,0.2960567108,0.5360213302,-0.0873609607,-0.1486375841,-0.4362719475,0.4200805793,-0.1572847705,0.5445272256,0.0108467414,-0.0093704933,-0.2800275093,0.1155000000,0.0000000000,0.7061338532,-0.0000000000,0.5235987756,-0.0000000000,0.0000000000,1.0000000000,0.0000000000,0.0000000000,0.0000000000,0.0000000000
0.0200000000,0.4669854522,0.2964585291,0.5368047711,-0.0867152760,-0.1509875015,-0.4354883806,0.4200805793,-0.1572847705,0.5445272256,0.0108467414,-0.0093704933,-0.2800275093,0.1155000000,-0.0000000000,0.7061338532,0.0000000000,0.5235987756,0.0000000000,0.0000000000,1.0000000000,0.0000000000,0.0000000000,0.0000000000,0.0000000000
0.0200000000,0.4688224574,0.2968631931,0.5375858896,-0.0861705786,-0.1531783194,-0.4347328267,0.4200805793,-0.1572847705,0.5445272256,0.0108467414,-0.0093704933,-0.2800275093,0.1155000000,-0.0000000000,0.7061338532,0.0000000000,0.5235987756,0.0000000000,0.0000000000,1.0000000000,0.0000000000,0.0000000000,0.0000000000,0.0000000000
0.0200000000,0.4706160615,0.2972419832,0.5383452278,-0.0857377569,-0.1552048508,-0.4340221131,0.4200805793,-0.1572847705,0.5445272256,0.0108467414,-0.0093704933,-0.2800275093,0.1155000000,-0.0000000000,0.7061338532,0.0000000000,0.5235987756,0.0000000000,0.0000000000,1.0000000000,0.0000000000,0.0000000000,0.0000000000,0.0000000000
0.0200000000,0.4723699492,0.2975779832,0.5390817500,-0.0854156033,-0.1570857681,-0.4333542792,0.4200805793,-0.1572847705,0.5445272256,0.0108467414,-0.0093704933,-0.2800275093,0.1155000000,-0.0000000000,0.7061338532,0.0000000000,0.5235987756,0.0000000000,0.0000000000,1.0000000000,0.0000000000,0.0000000000,0.0000000000,0.0000000000
0.0200000000,0.4739555216,0.2978588024,0.5397427839,-0.0852641881,-0.1587297093,-0.4327826191,0.4200805793,-0.1572847705,0.5445272256,0.0108467414,-0.0093704933,-0.2800275093,0.1155000000,-0.0000000000,0.7061338532,0.0000000000,0.5235987756,0.0000000000,0.0000000000,1.0000000000,0.0000000000,0.0000000000,0.0000000000,0.0000000000
0.0200000000,0.4752448765,0.2980692485,0.5402755887,-0.0852764651,-0.1600369870,-0.4323494887,0.4200805793,-0.1572847705,0.5445272256,0.0108467414,-0.0093704933,-0.2800275093,0.1155000000,-0.0000000000,0.7061338532,0.0000000000,0.5235987756,0.0000000000,0.0000000000,1.0000000000,0.0000000000,0.0000000000,0.0000000000,0.0000000000
0.0200000000,0.4763600320,0.2982267280,0.5407250520,-0.0854920082,-0.1611165571,-0.4320217096,0.4200805793,-0.1572847705,0.5445272256,0.0108467414,-0.0093704933,-0.2800275093,0.1155000000,-0.0000000000,0.7061338532,0.0000000000,0.5235987756,0.0000000000,0.0000000000,1.0000000000,0.0000000000,0.0000000000,0.0000000000,0.0000000000
0.0200000000,0.4775553297,0.2983695449,0.5411891756,-0.0860660975,-0.1622188293,-0.4317404399,0.4200805793,-0.1572847705,0.5445272256,0.0108467414,-0.0093704933,-0.2800275093,0.1155000000,-0.0000000000,0.7061338532,0.0000000000,0.5235987756,0.0000000000,0.0000000000,1.0000000000,0.0000000000,0.0000000000,0.0000000000,0.0000000000
0.0200000000,0.4789659369,0.2985194517,0.5417235020,-0.0870666277,-0.1634856413,-0.4314749449,0.4200805793,-0.1572847705,0.5445272256,0.0108467414,-0.0093704933,-0.2800275093,0.1155000000,0.0000000000,0.7061338532,-0.0000000000,0.5235987756,-0.0000000000,0.0000000000,1.0000000000,0.0000000000,0.0000000000,0.0000000000,0.0000000000
0.0200000000,0.4804798117,0.2986548947,0.5422817976,-0.0884763431,-0.1647906780,-0.4312597893,0.4200805793,-0.1572847705,0.5445272256,0.0108467414,-0.0093704933,-0.2800275093,0.1155000000,-0.0000000000,0.7061338532,0.0000000000,0.5235987756,0.0000000000,0.0000000000,1.0000000000,0.0000000000,0.0000000000,0.0000000000,0.0000000000
0.0200000000,0.4820454774,0.2987551241,0.5428338754,-0.0904104409,-0.1660407987,-0.4311305365,0.4200805793,-0.1572847705,0.5445272256,0.0108467414,-0.0093704933,-0.2800275093,0.1155000000,0.0000000000,0.7061338532,-0.0000000000,0.5235987756,-0.0000000000,0.0000000000,1.0000000000,0.0000000000,0.0000000000,0.0000000000,0.0000000000
0.0200000000,0.4836815981,0.2988156043,0.5433824630,-0.0929606594,-0.1672371283,-0.4311019116,0.4200805793,-0.1572847705,0.5445272256,0.0108467414,-0.0093704933,-0.2800275093,0.1155000000,-0.0000000000,0.7061338532,0.0000000000,0.5235987756,0.0000000000,0.0000000000,1.0000000000,0.0000000000,0.0000000000,0.0000000000,0.0000000000
0.0200000000,0.4852954156,0.2988437228,0.5439067984,-0.0958177687,-0.1683365007,-0.4311454799,0.4200805793,-0.1572847705,0.5445272256,0.0108467414,-0.0093704933,-0.2800275093,0.1155000000,-0.0000000000,0.7061338532,0.0000000000,0.5235987756,0.0000000000,0.0000000000,1.0000000000,0.0000000000,0.0000000000,0.0000000000,0.0000000000
0.0200000000,0.4866947369,0.2988407684,0.5443491960,-0.0985152920,-0.1692096219,-0.4312273208,0.4200805793,-0.1572847705,0.5445272256,0.0108467414,-0.0093704933,-0.2800275093,0.1155000000,0.0000000000,0.7061338532,-0.0000000000,0.5235987756,-0.0000000000,0.0000000000,1.0000000000,0.0000000000,0.0000000000,0.0000000000,0.0000000000
0.0200000000,0.4878849632,0.2988032712,0.5447059788,-0.1011121384,-0.1698527039,-0.4313571066,0.4200805793,-0.1572847705,0.5445272256,0.0108467414,-0.0093704933,-0.2800275093,0.1155000000,-0.0000000000,0.7061338532,0.0000000000,0.5235987756,0.0000000000,0.0000000000,1.0000000000,0.0000000000,0.0000000000,0.0000000000,0.0000000000
0.0200000000,0.4889695600,0.2987408159,0.5450150445,-0.1037247422,-0.1703545724,-0.4315242751,0.4200805793,-0.1572847705,0.5445272256,0.0108467414,-0.0093704933,-0.2800275093,0.1155000000,-0.0000000000,0.7061338532,0.0000000000,0.5235987756,0.0000000000,0.0000000000,1.0000000000,0.0000000000,0.0000000000,0.0000000000,0.0000000000
0.0200000000,0.4900352747,0.2986623174,0.5453100257,-0.1064354388,-0.1707906043,-0.4317170516,0.4200805793,-0.1572847705,0.5445272256,0.0108467414,-0.0093704933,-0.2800275093,0.1155000000,-0.0000000000,0.7061338532,0.0000000000,0.5235987756,0.0000000000,0.0000000000,1.0000000000,0.0000000000,0.0000000000,0.0000000000,0.0000000000
0.0200000000,0.4911378601,0.2985678993,0.5456094159,-0.1093437492,-0.1711928844,-0.4319371634,0.4200805793,-0.1572847705,0.5445272256,0.0108467414,-0.0093704933,-0.2800275093,0.1155000000,-0.0000000000,0.7061338532,0.0000000000,0.5235987756,0.0000000000,0.0000000000,1.0000000000,0.0000000000,0.0000000000,0.0000000000,0.0000000000
0.0200000000,0.4922492837,0.2984495716,0.5458988295,-0.1124647199,-0.1715212706,-0.4321967906,0.4200805793,-0.1572847705,0.5445272256,0.0108467414,-0.0093704933,-0.2800275093,0.1155000000,0.0000000000,0.7061338532,-0.0000000000,0.5235987756,-0.0000000000,0.0000000000,1.0000000000,0.0000000000,0.0000000000,0.0000000000,0.0000000000
0.0200000000,0.4933284441,0.2983179122,0.5461716519,-0.1156340127,-0.1717845931,-0.4324789193,0.4200805793,-0.1572847705,0.5445272256,0.0108467414,-0.0093704933,-0.2800275093,0.1155000000,-0.0000000000,0.7061338532,0.0000000000,0.5235987756,0.0000000000,0.0000000000,1.0000000000,0.0000000000,0.0000000000,0.0000000000,0.0000000000
0.0200000000,0.4943436827,0.2981861612,0.5464257112,-0.1186835643,-0.1720048730,-0.4327616897,0.4200805793,-0.1572847705,0.5445272256,0.0108467414,-0.0093704933,-0.2800275093,0.1155000000,-0.0000000000,0.7061338532,0.0000000000,0.5235987756,0.0000000000,0.0000000000,1.0000000000,0.0000000000,0.0000000000,0.0000000000,0.0000000000
0.0200000000,0.4952530394,0.2980658605,0.5466539017,-0.1214379359,-0.1721926773,-0.4330234791,0.4200805793,-0.1572847705,0.5445272256,0.0108467414,-0.0093704933,-0.2800275093,0.1155000000,-0.0000000000,0.7061338532,0.0000000000,0.5235987756,0.0000000000,0.0000000000,1.0000000000,0.0000000000,0.0000000000,0.0000000000,0.0000000000
0.0200000000,0.4960087518,0.2979618777,0.5468427110,-0.1237582100,-0.1723365139,-0.4332506397,0.4200805793,-0.1572847705,0.5445272256,0.0108467414,-0.0093704933,-0.2800275093,0.1155000000,0.0000000000,0.7061338532,-0.0000000000,0.5235987756,-0.0000000000,0.0000000000,1.0000000000,0.0000000000,0.0000000000,0.0000000000,0.0000000000
0.0200000000,0.4966285326,0.2978692244,0.5469936476,-0.1257233015,-0.1724292864,-0.4334503399,0.4200805793,-0.1572847705,0.5445272256,0.0108467414,-0.0093704933,-0.2800275093,0.1155000000,-0.0000000000,0.7061338532,0.0000000000,0.5235987756,0.0000000000,0.0000000000,1.0000000000,0.0000000000,0.0000000000,0.0000000000,0.0000000000
0.0200000000,0.4971785443,0.2977785390,0.5471220302,-0.1275471315,-0.1724780548,-0.4336421179,0.4200805793,-0.1572847705,0.5445272256,0.0108467414,-0.0093704933,-0.2800275093,0.1155000000,-0.0000000000,0.7061338532,0.0000000000,0.5235987756,0.0000000000,0.0000000000,1.0000000000,0.0000000000,0.0000000000,0.0000000000,0.0000000000
0.0200000000,0.4977217913,0.2976811999,0.5472432534,-0.1294288594,-0.1724917023,-0.4338451520,0.4200805793,-0.1572847705,0.5445272256,0.0108467414,-0.0093704933,-0.2800275093,0.1155000000,-0.0000000000,0.7061338532,0.0000000000,0.5235987756,0.0000000000,0.0000000000,1.0000000000,0.0000000000,0.0000000000,0.0000000000,0.0000000000
0.0200000000,0.4983132776,0.2975691271,0.5473707255,-0.1315470316,-0.1724761053,-0.4340778574,0.4200805793,-0.1572847705,0.5445272256,0.0108467414,-0.0093704933,-0.2800275093,0.1155000000,-0.0000000000,0.7061338532,0.0000000000,0.5235987756,0.0000000000,0.0000000000,1.0000000000,0.0000000000,0.0000000000,0.0000000000,0.0000000000
0.0200000000,0.4990078793,0.2974341022,0.5475181920,-0.1340799142,-0.1724372467,-0.4343598250,0.4200805793,-0.1572847705,0.5445272256,0.0108467414,-0.0093704933,-0.2800275093,0.1155000000,-0.0000000000,0.7061338532,0.0000000000,0.5235987756,0.0000000000,0.0000000000,1.0000000000,0.0000000000,0.0000000000,0.0000000000,0.0000000000
0.0200000000,0.4998716446,0.2972652824,0.5477020690,-0.1372495482,-0.1723793744,-0.4347173148,0.4200805793,-0.1572847705,0.5445272256,0.0108467414,-0.0093704933,-0.2800275093,0.1155000000,-0.0000000000,0.7061338532,0.0000000000,0.5235987756,0.0000000000,0.0000000000,1.0000000000,0.0000000000,0.0000000000,0.0000000000,0.0000000000
0.0200000000,0.5008878598,0.2970628476,0.5479184397,-0.1410128156,-0.1722971250,-0.4351515534,0.4200805793,-0.1572847705,0.5445272256,0.0108467414,-0.0093704933,-0.2800275093,0.1155000000,-0.0000000000,0.7061338532,0.0000000000,0.5235987756,0.0000000000,0.0000000000,1.0000000000,0.0000000000,0.0000000000,0.0000000000,0.0000000000
0.0200000000,0.5019865194,0.2968385403,0.5481519440,-0.1451289406,-0.1721887408,-0.4356389771,0.4200805793,-0.1572847705,0.5445272256,0.0108467414,-0.0093704933,-0.2800275093,0.1155000000,-0.0000000000,0.7061338532,0.0000000000,0.5235987756,0.0000000000,0.0000000000,1.0000000000,0.0000000000,0.0000000000,0.0000000000,0.0000000000
0.0200000000,0.5031203413,0.2966019734,0.5483927294,-0.1494265782,-0.1720560106,-0.4361604525,0.4200805793,-0.1572847705,0.5445272256,0.0108467414,-0.0093704933,-0.2800275093,0.1155000000,0.0000000000,0.7061338532,-0.0000000000,0.5235987756,-0.0000000000,0.0000000000,1.0000000000,0.0000000000,0.0000000000,0.0000000000,0.0000000000
0.0200000000,0.5042422447,0.2963629900,0.5486304258,-0.1537348790,-0.1719005471,-0.4366948949,0.4200805793,-0.1572847705,0.5445272256,0.0108467414,-0.0093704933,-0.2800275093,0.1155000000,-0.0000000000,0.7061338532,0.0000000000,0.5235987756,0.0000000000,0.0000000000,1.0000000000,0.0000000000,0.0000000000,0.0000000000,0.0000000000
0.0200000000,0.5053447494,0.2961220101,0.5488614461,-0.1580504571,-0.1717112633,-0.4372406878,0.4200805793,-0.1572847705,0.5445272256,0.0108467414,-0.0093704933,-0.2800275093,0.1155000000,0.0000000000,0.7061338532,-0.0000000000,0.5235987756,-0.0000000000,0.0000000000,1.0000000000,0.0000000000,0.0000000000,0.0000000000,0.0000000000
0.0200000000,0.5064744217,0.2958682396,0.5490954379,-0.1625574667,-0.1714797581,-0.4378226027,0.4200805793,-0.1572847705,0.5445272256,0.0108467414,-0.0093704933,-0.2800275093,0.1155000000,0.0000000000,0.7061338532,-0.0000000000,0.5235987756,-0.0000000000,0.0000000000,1.0000000000,0.0000000000,0.0000000000,0.0000000000,0.0000000000
0.0200000000,0.5075856205,0.2956141086,0.5493259134,-0.1670356319,-0.1712334751,-0.4384137819,0.4200805793,-0.1572847705,0.5445272256,0.0108467414,-0.0093704933,-0.2800275093,0.1155000000,-0.0000000000,0.7061338532,0.0000000000,0.5235987756,0.0000000000,0.0000000000,1.0000000000,0.0000000000,0.0000000000,0.0000000000,0.0000000000
0.0200000000,0.5086288432,0.2953730446,0.5495446100,-0.1712537461,-0.1709980881,-0.4389829712,0.4200805793,-0.1572847705,0.5445272256,0.0108467414,-0.0093704933,-0.2800275093,0.1155000000,0.0000000000,0.7061338532,-0.0000000000,0.5235987756,-0.0000000000,0.0000000000,1.0000000000,0.0000000000,0.0000000000,0.0000000000,0.0000000000
0.0200000000,0.5095525030,0.2951591204,0.5497418928,-0.1749765248,-0.1707971123,-0.4394955900,0.4200805793,-0.1572847705,0.5445272256,0.0108467414,-0.0093704933,-0.2800275093,0.1155000000,-0.0000000000,0.7061338532,0.0000000000,0.5235987756,0.0000000000,0.0000000000,1.0000000000,0.0000000000,0.0000000000,0.0000000000,0.0000000000
0.0200000000,0.5102895344,0.2949878153,0.5499001180,-0.1779624402,-0.1706292295,-0.4399122196,0.4200805793,-0.1572847705,0.5445272256,0.0108467414,-0.0093704933,-0.2800275093,0.1155000000,-0.0000000000,0.7061338532,0.0000000000,0.5235987756,0.0000000000,0.0000000000,1.0000000000,0.0000000000,0.0000000000,0.0000000000,0.0000000000
0.0200000000,0.5108634135,0.2948535490,0.5500224319,-0.1803160441,-0.1704840708,-0.4402429041,0.4200805793,-0.1572847705,0.5445272256,0.0108467414,-0.0093704933,-0.2800275093,0.1155000000,-0.0000000000,0.7061338532,0.0000000000,0.5235987756,0.0000000000,0.0000000000,1.0000000000,0.0000000000,0.0000000000,0.0000000000,0.0000000000
0.0200000000,0.5113308099,0.2947435416,0.5501214755,-0.1822516090,-0.1703567357,-0.4405161767,0.4200805793,-0.1572847705,0.5445272256,0.0108467414,-0.0093704933,-0.2800275093,0.1155000000,-0.0000000000,0.7061338532,0.0000000000,0.5235987756,0.0000000000,0.0000000000,1.0000000000,0.0000000000,0.0000000000,0.0000000000,0.0000000000
0.0200000000,0.5117357592,0.2946477608,0.5502074386,-0.1839341586,-0.1702443906,-0.4407550121,0.4200805793,-0.1572847705,0.5445272256,0.0108467414,-0.0093704933,-0.2800275093,0.1155000000,-0.0000000000,0.7061338532,0.0000000000,0.5235987756,0.0000000000,0.0000000000,1.0000000000,0.0000000000,0.0000000000,0.0000000000,0.0000000000
0.0200000000,0.5121221936,0.2945560595,0.5502907490,-0.1855284583,-0.1701443224,-0.4409833626,0.4200805793,-0.1572847705,0.5445272256,0.0108467414,-0.0093704933,-0.2800275093,0.1155000000,-0.0000000000,0.7061338532,0.0000000000,0.5235987756,0.0000000000,0.0000000000,1.0000000000,0.0000000000,0.0000000000,0.0000000000,0.0000000000
0.0200000000,0.5125393031,0.2944569491,0.5503834284,-0.1872177032,-0.1700544147,-0.4412288625,0.4200805793,-0.1572847705,0.5445272256,0.0108467414,-0.0093704933,-0.2800275093,0.1155000000,-0.0000000000,0.7061338532,0.0000000000,0.5235987756,0.0000000000,0.0000000000,1.0000000000,0.0000000000,0.0000000000,0.0000000000,0.0000000000
0.0200000000,0.5130387484,0.2943382316,0.5504982430,-0.1891960047,-0.1699716410,-0.4415216761,0.4200805793,-0.1572847705,0.5445272256,0.0108467414,-0.0093704933,-0.2800275093,0.1155000000,-0.0000000000,0.7061338532,0.0000000000,0.5235987756,0.0000000000,0.0000000000,1.0000000000,0.0000000000,0.0000000000,0.0000000000,0.0000000000
0.0200000000,0.5136618506,0.2941899758,0.5506456655,-0.1916200186,-0.1698930241,-0.4418873544,0.4200805793,-0.1572847705,0.5445272256,0.0108467414,-0.0093704933,-0.2800275093,0.1155000000,-0.0000000000,0.7061338532,0.0000000000,0.5235987756,0.0000000000,0.0000000000,1.0000000000,0.0000000000,0.0000000000,0.0000000000,0.0000000000
0.0200000000,0.5144303899,0.2940071462,0.5508303209,-0.1945938203,-0.1698050028,-0.4423422806,0.4200805793,-0.1572847705,0.5445272256,0.0108467414,-0.0093704933,-0.2800275093,0.1155000000,0.0000000000,0.7061338532,-0.0000000000,0.5235987756,-0.0000000000,0.0000000000,1.0000000000,0.0000000000,0.0000000000,0.0000000000,0.0000000000
0.0200000000,0.5153058988,0.2937989081,0.5510419341,-0.1979967391,-0.1696967128,-0.4428681486,0.4200805793,-0.1572847705,0.5445272256,0.0108467414,-0.0093704933,-0.2800275093,0.1155000000,-0.0000000000,0.7061338532,0.0000000000,0.5235987756,0.0000000000,0.0000000000,1.0000000000,0.0000000000,0.0000000000,0.0000000000,0.0000000000
0.0200000000,0.5162365089,0.2935763091,0.5512714003,-0.2015859630,-0.1695990836,-0.4434339315,0.4200805793,-0.1572847705,0.5445272256,0.0108467414,-0.0093704933,-0.2800275093,0.1155000000,-0.0000000000,0.7061338532,0.0000000000,0.5235987756,0.0000000000,0.0000000000,1.0000000000,0.0000000000,0.0000000000,0.0000000000,0.0000000000
0.0200000000,0.5171662627,0.2933511308,0.5515097679,-0.2050771779,-0.1695577553,-0.4440025040,0.4200805793,-0.1572847705,0.5445272256,0.0108467414,-0.0093704933,-0.2800275093,0.1155000000,0.0000000000,0.7061338532,-0.0000000000,0.5235987756,-0.0000000000,0.0000000000,1.0000000000,0.0000000000,0.0000000000,0.0000000000,0.0000000000
0.0200000000,0.5180474822,0.2931340063,0.5517482489,-0.2082370459,-0.1696056740,-0.4445401882,0.4200805793,-0.1572847705,0.5445272256,0.0108467414,-0.0093704933,-0.2800275093,0.1155000000,-0.0000000000,0.7061338532,0.0000000000,0.5235987756,0.0000000000,0.0000000000,1.0000000000,0.0000000000,0.0000000000,0.0000000000,0.0000000000
0.0200000000,0.5188732701,0.2929286322,0.5519827440,-0.2110678097,-0.1697235009,-0.4450401455,0.4200805793,-0.1572847705,0.5445272256,0.0108467414,-0.0093704933,-0.2800275093,0.1155000000,-0.0000000000,0.7061338532,0.0000000000,0.5235987756,0.0000000000,0.0000000000,1.0000000000,0.0000000000,0.0000000000,0.0000000000,0.0000000000
0.0200000000,0.5196680026,0.2927300369,0.5522169853,-0.2136952694,-0.1698899869,-0.4455180699,0.4200805793,-0.1572847705,0.5445272256,0.0108467414,-0.0093704933,-0.2800275093,0.1155000000,-0.0000000000,0.7061338532,0.0000000000,0.5235987756,0.0000000000,0.0000000000,1.0000000000,0.0000000000,0.0000000000,0.0000000000,0.0000000000
0.0200000000,0.5204393629,0.2925326247,0.5524577828,-0.2160733305,-0.1701537359,-0.4459773923,0.4200805793,-0.1572847705,0.5445272256,0.0108467414,-0.0093704933,-0.2800275093,0.1155000000,-0.0000000000,0.7061338532,0.0000000000,0.5235987756,0.0000000000,0.0000000000,1.0000000000,0.0000000000,0.0000000000,0.0000000000,0.0000000000
0.0200000000,0.5211936671,0.2923304641,0.5527122931,-0.2181408779,-0.1705701703,-0.4464208436,0.4200805793,-0.1572847705,0.5445272256,0.0108467414,-0.0093704933,-0.2800275093,0.1155000000,-0.0000000000,0.7061338532,0.0000000000,0.5235987756,0.0000000000,0.0000000000,1.0000000000,0.0000000000,0.0000000000,0.0000000000,0.0000000000
0.0200000000,0.5219436651,0.2921190198,0.5529867918,-0.2199022566,-0.1711658381,-0.4468543102,0.4200805793,-0.1572847705,0.5445272256,0.0108467414,-0.0093704933,-0.2800275093,0.1155000000,-0.0000000000,0.7061338532,0.0000000000,0.5235987756,0.0000000000,0.0000000000,1.0000000000,0.0000000000,0.0000000000,0.0000000000,0.0000000000
0.0200000000,0.5227008693,0.2918982510,0.5532834942,-0.2214158810,-0.1719264782,-0.4472815929,0.4200805793,-0.1572847705,0.5445272256,0.0108467414,-0.0093704933,-0.2800275093,0.1155000000,-0.0000000000,0.7061338532,0.0000000000,0.5235987756,0.0000000000,0.0000000000,1.0000000000,0.0000000000,0.0000000000,0.0000000000,0.0000000000
0.0200000000,0.5234384286,0.2916736069,0.5535919872,-0.2226235237,-0.1728316374,-0.4476902119,0.4200805793,-0.1572847705,0.5445272256,0.0108467414,-0.0093704933,-0.2800275093,0.1155000000,-0.0000000000,0.7061338532,0.0000000000,0.5235987756,0.0000000000,0.0000000000,1.0000000000,0.0000000000,0.0000000000,0.0000000000,0.0000000000
0.0200000000,0.5241051862,0.2914521959,0.5538962779,-0.2233516935,-0.1738835187,-0.4480560332,0.4200805793,-0.1572847705,0.5445272256,0.0108467414,-0.0093704933,-0.2800275094,0.1155000000,-0.0000000000,0.7061338532,0.0000000000,0.5235987756,0.0000000000,0.0000000000,1.0000000000,0.0000000000,0.0000000000,0.0000000000,0.0000000000
0.0200000000,0.5246650606,0.2912396503,0.5541856794,-0.2234670110,-0.1750919101,-0.4483606108,0.4200805784,-0.1572847709,0.5445272253,0.0108467420,-0.0093704919,-0.2800275124,0.1155000000,-0.0000000000,0.7061338532,0.0000000000,0.5235987756,0.0000000000,0.0000000000,1.0000000000,0.0000000000,0.0000000000,0.0000000000,0.0000000000
0.0200000000,0.5251398295,0.2910335890,0.5544679627,-0.2230259315,-0.1764682662,-0.4486120440,0.4200805759,-0.1572847721,0.5445272245,0.0108467438,-0.0093704878,-0.2800275212,0.1155000000,-0.0000000000,0.7061338532,0.0000000000,0.5235987756,0.0000000000,0.0000000000,1.0000000000,0.0000000000,0.0000000000,0.0000000000,0.0000000000
0.0200000000,0.5255452403,0.2908310333,0.5547421260,-0.2221557054,-0.1779625835,-0.4488224387,0.4200805743,-0.1572847729,0.5445272240,0.0108467450,-0.0093704851,-0.2800275271,0.1155000000,0.0000000000,0.7061338532,-0.0000000000,0.5235987756,-0.0000000000,0.0000000000,1.0000000000,0.0000000000,0.0000000000,0.0000000000,0.0000000000
0.0200000000,0.5258940464,0.2906292708,0.5550051543,-0.2209889803,-0.1795146508,-0.4490037734,0.4200805764,-0.1572847719,0.5445272247,0.0108467434,-0.0093704887,-0.2800275193,0.1155000000,-0.0000000000,0.7061338532,0.0000000000,0.5235987756,0.0000000000,0.0000000000,1.0000000000,0.0000000000,0.0000000000,0.0000000000,0.0000000000
0.0200000000,0.5261870047,0.2904297808,0.5552497628,-0.2196273384,-0.1810545387,-0.4491585932,0.4200805844,-0.1572847680,0.5445272272,0.0108467377,-0.0093705016,-0.2800274914,0.1155000000,-0.0000000000,0.7061338532,0.0000000000,0.5235987756,0.0000000000,0.0000000000,1.0000000000,0.0000000000,0.0000000000,0.0000000000,0.0000000000
0.0200000000,0.5264041243,0.2902426717,0.5554674769,-0.2180404408,-0.1825520642,-0.4492690311,0.4200805945,-0.1572847631,0.5445272304,0.0108467304,-0.0093705182,-0.2800274555,0.1155000000,0.0000000000,0.7061338532,-0.0000000000,0.5235987756,-0.0000000000,0.0000000000,1.0000000000,0.0000000000,0.0000000000,0.0000000000,0.0000000000
0.0200000000,0.5265629548,0.2900580691,0.5556708636,-0.2161846908,-0.1840843067,-0.4493500660,0.4200806084,-0.1572847564,0.5445272347,0.0108467203,-0.0093705410,-0.2800274063,0.1155000000,-0.0000000000,0.7061338532,0.0000000000,0.5235987756,0.0000000000,0.0000000000,1.0000000000,0.0000000000,0.0000000000,0.0000000000,0.0000000000
0.0200000000,0.5266809625,0.2898643739,0.5558728072,-0.2140098240,-0.1857326921,-0.4494185463,0.4200806286,-0.1572847467,0.5445272411,0.0108467057,-0.0093705740,-0.2800273349,0.1155000000,-0.0000000000,0.7061338532,0.0000000000,0.5235987756,0.0000000000,0.0000000000,1.0000000000,0.0000000000,0.0000000000,0.0000000000,0.0000000000
0.0200000000,0.5267755132,0.2896499675,0.5560862522,-0.2114655188,-0.1875787446,-0.4494917035,0.4200806577,-0.1572847326,0.5445272502,0.0108466847,-0.0093706215,-0.2800272323,0.1155000000,-0.0000000000,0.7061338532,0.0000000000,0.5235987756,0.0000000000,0.0000000000,1.0000000000,0.0000000000,0.0000000000,0.0000000000,0.0000000000
0.0200000000,0.5268630811,0.2894013428,0.5563250768,-0.2084773716,-0.1897145096,-0.4495860196,0.4200807009,-0.1572847123,0.5445272639,0.0108466555,-0.0093706934,-0.2800270839,0.1155000000,-0.0000000000,0.7061338532,0.0000000000,0.5235987756,0.0000000000,0.0000000000,1.0000000000,0.0000000000,0.0000000000,0.0000000000,0.0000000000
0.0200000000,0.5269381863,0.2891232839,0.5565794919,-0.2051085887,-0.1920341596,-0.4496743149,0.4200807799,-0.1572846812,0.5445272912,0.0108466257,-0.0093708401,-0.2800268598,0.1155000000,0.0000000000,0.7061338532,-0.0000000000,0.5235987756,-0.0000000000,0.0000000000,1.0000000000,0.0000000000,0.0000000000,0.0000000000,0.0000000000
0.0200000000,0.5269911489,0.2888235688,0.5568437744,-0.2013914350,-0.1945165730,-0.4497609321,0.4200808807,-0.1572846429,0.5445273263,0.0108465930,-0.0093710306,-0.2800265853,0.1155000000,0.0000000000,0.7061338532,-0.0000000000,0.5235987756,-0.0000000000,0.0000000000,1.0000000000,0.0000000000,0.0000000000,0.0000000000,0.0000000000
0.0200000000,0.5270196784,0.2885011134,0.5571248404,-0.1972645327,-0.1972659365,-0.4498791596,0.4200809725,-0.1572846042,0.5445273571,0.0108465484,-0.0093711947,-0.2800263053,0.1155000000,-0.0000000000,0.7061338532,0.0000000000,0.5235987756,0.0000000000,0.0000000000,1.0000000000,0.0000000000,0.0000000000,0.0000000000,0.0000000000
0.0200000000,0.5270212689,0.2881548384,0.5574296130,-0.1926665405,-0.2003866992,-0.4500626044,0.4200810246,-0.1572845719,0.5445273710,0.0108464829,-0.0093712619,-0.2800260645,0.1155000000,-0.0000000000,0.7061338532,0.0000000000,0.5235987756,0.0000000000,0.0000000000,1.0000000000,0.0000000000,0.0000000000,0.0000000000,0.0000000000
0.0200000000,0.5269903670,0.2877795703,0.5577682646,-0.1874674549,-0.2040265808,-0.4503476717,0.4200810136,-0.1572845490,0.5445273580,0.0108463819,-0.0093711738,-0.2800258823,0.1155000000,-0.0000000000,0.7061338532,0.0000000000,0.5235987756,0.0000000000,0.0000000000,1.0000000000,0.0000000000,0.0000000000,0.0000000000,0.0000000000
0.0200000000,0.5269208151,0.2873610298,0.5581478743,-0.1814793392,-0.2082529140,-0.4507190704,0.4200810067,-0.1572845107,0.5445273417,0.0108462257,-0.0093710589,-0.2800255794,0.1155000000,-0.0000000000,0.7061338532,0.0000000000,0.5235987756,0.0000000000,0.0000000000,1.0000000000,0.0000000000,0.0000000000,0.0000000000,0.0000000000
0.0200000000,0.5268213973,0.2869183231,0.5585520644,-0.1750208942,-0.2128616533,-0.4511706826,0.4200809549,-0.1572844802,0.5445273065,0.0108460484,-0.0093708360,-0.2800253266,0.1155000000,-0.0000000000,0.7061338532,0.0000000000,0.5235987756,0.0000000000,0.0000000000,1.0000000000,0.0000000000,0.0000000000,0.0000000000,0.0000000000
0.0200000000,0.5267022153,0.2864768205,0.5589629761,-0.1684740992,-0.2176491125,-0.4517107052,0.4200807655,-0.1572844961,0.5445272214,0.0108458927,-0.0093703380,-0.2800254019,0.1155000000,-0.0000000000,0.7061338532,0.0000000000,0.5235987756,0.0000000000,0.0000000000,1.0000000000,0.0000000000,0.0000000000,0.0000000000,0.0000000000
0.0200000000,0.5265721164,0.2860597693,0.5593651827,-0.1621741322,-0.2224443808,-0.4523465093,0.4200803504,-0.1572845918,0.5445270555,0.0108457879,-0.0093693997,-0.2800260457,0.1155000000,-0.0000000000,0.7061338532,0.0000000000,0.5235987756,0.0000000000,0.0000000000,1.0000000000,0.0000000000,0.0000000000,0.0000000000,0.0000000000
0.0200000000,0.5264191349,0.2856615398,0.5597701554,-0.1559367845,-0.2274298517,-0.4531155570,0.4200796851,-0.1572847506,0.5445267927,0.0108456477,-0.0093679178,-0.2800271223,0.1155000000,0.0000000000,0.7061338532,-0.0000000000,0.5235987756,-0.0000000000,0.0000000000,1.0000000000,0.0000000000,0.0000000000,0.0000000000,0.0000000000
0.0200000000,0.5262459100,0.2852755792,0.5601779316,-0.1497308808,-0.2325665527,-0.4539901567,0.4200788199,-0.1572849711,0.5445264556,0.0108455194,-0.0093660257,-0.2800286322,0.1155000000,-0.0000000000,0.7061338532,0.0000000000,0.5235987756,0.0000000000,0.0000000000,1.0000000000,0.0000000000,0.0000000000,0.0000000000,0.0000000000
0.0200000000,0.5260668114,0.2849037859,0.5605768006,-0.1437267305,-0.2376407097,-0.4549106342,0.4200778124,-0.1572852693,0.5445260757,0.0108455216,-0.0093639141,-0.2800307133,0.1155000000,-0.0000000000,0.7061338532,0.0000000000,0.5235987756,0.0000000000,0.0000000000,1.0000000000,0.0000000000,0.0000000000,0.0000000000,0.0000000000
0.0200000000,0.5258954412,0.2845493483,0.5609551265,-0.1380937479,-0.2424552867,-0.4558243649,0.4200767031,-0.1572856648,0.5445256776,0.0108457681,-0.0093617356,-0.2800335288,0.1155000000,0.0000000000,0.7061338532,-0.0000000000,0.5235987756,-0.0000000000,0.0000000000,1.0000000000,0.0000000000,0.0000000000,0.0000000000,0.0000000000
0.0200000000,0.5257412405,0.2842178536,0.5613030969,-0.1329793235,-0.2468662957,-0.4566975049,0.4200755095,-0.1572861543,0.5445252678,0.0108462619,-0.0093595261,-0.2800370558,0.1155000000,-0.0000000000,0.7061338532,0.0000000000,0.5235987756,0.0000000000,0.0000000000,1.0000000000,0.0000000000,0.0000000000,0.0000000000,0.0000000000
0.0200000000,0.5256007036,0.2839160969,0.5616196471,-0.1284166078,-0.2508996364,-0.4575490003,0.4200741921,-0.1572867057,0.5445248175,0.0108468392,-0.0093571012,-0.2800410335,0.1155000000,-0.0000000000,0.7061338532,0.0000000000,0.5235987756,0.0000000000,0.0000000000,1.0000000000,0.0000000000,0.0000000000,0.0000000000,0.0000000000
0.0200000000,0.5254703277,0.2836382333,0.5619114091,-0.1242957711,-0.2546413298,-0.4583893999,0.4200727502,-0.1572873377,0.5445243327,0.0108475714,-0.0093545055,-0.2800456076,0.1155000000,0.0000000000,0.7061338532,-0.0000000000,0.5235987756,-0.0000000000,0.0000000000,1.0000000000,0.0000000000,0.0000000000,0.0000000000,0.0000000000
0.0200000000,0.5253471802,0.2833750851,0.5621865156,-0.1204755391,-0.2581823993,-0.4592238376,0.4200712028,-0.1572880740,0.5445238305,0.0108485718,-0.0093518510,-0.2800509708,0.1155000000,-0.0000000000,0.7061338532,0.0000000000,0.5235987756,0.0000000000,0.0000000000,1.0000000000,0.0000000000,0.0000000000,0.0000000000,0.0000000000
0.0200000000,0.5252291940,0.2831196378,0.5624508930,-0.1168528715,-0.2615887499,-0.4600565672,0.4200695593,-0.1572889422,0.5445233244,0.0108499562,-0.0093492312,-0.2800573413,0.1155000000,-0.0000000000,0.7061338532,0.0000000000,0.5235987756,0.0000000000,0.0000000000,1.0000000000,0.0000000000,0.0000000000,0.0000000000,0.0000000000
0.0200000000,0.5251141204,0.2828648424,0.5627104852,-0.1133246204,-0.2649264951,-0.4608925279,0.4200678293,-0.1572899699,0.5445228282,0.0108518405,-0.0093467396,-0.2800649377,0.1155000000,-0.0000000000,0.7061338532,0.0000000000,0.5235987756,0.0000000000,0.0000000000,1.0000000000,0.0000000000,0.0000000000,0.0000000000,0.0000000000
0.0200000000,0.5249996746,0.2826031786,0.5629713041,-0.1097854902,-0.2682616771,-0.4617369432,0.4200660184,-0.1572911927,0.5445223557,0.0108543645,-0.0093444750,-0.2800740400,0.1155000000,-0.0000000000,0.7061338532,0.0000000000,0.5235987756,0.0000000000,0.0000000000,1.0000000000,0.0000000000,0.0000000000,0.0000000000,0.0000000000
0.0200000000,0.5248869304,0.2823398084,0.5632288219,-0.1062852817,-0.2715364846,-0.4625693331,0.4200641473,-0.1572924676,0.5445218627,0.0108569633,-0.0093420941,-0.2800835217,0.1155000000,0.0000000000,0.7061338532,-0.0000000000,0.5235987756,-0.0000000000,0.0000000000,1.0000000000,0.0000000000,0.0000000000,0.0000000000,0.0000000000
0.0200000000,0.5247820302,0.2820955546,0.5634655957,-0.1030808772,-0.2745472568,-0.4633469820,0.4200622381,-0.1572935133,0.5445212555,0.0108585235,-0.0093388938,-0.2800911655,0.1155000000,-0.0000000000,0.7061338532,0.0000000000,0.5235987756,0.0000000000,0.0000000000,1.0000000000,0.0000000000,0.0000000000,0.0000000000,0.0000000000
0.0200000000,0.5246834557,0.2818626056,0.5636882864,-0.1000876726,-0.2773780905,-0.4640943132,0.4200602680,-0.1572945049,0.5445205897,0.0108597375,-0.0093352992,-0.2800983512,0.1155000000,-0.0000000000,0.7061338532,0.0000000000,0.5235987756,0.0000000000,0.0000000000,1.0000000000,0.0000000000,0.0000000000,0.0000000000,0.0000000000
0.0200000000,0.5245884863,0.2816298670,0.5639064032,-0.0971810571,-0.2801460811,-0.4648436345,0.4200582109,-0.1572956644,0.5445199367,0.0108614852,-0.0093318545,-0.2801068296,0.1155000000,0.0000000000,0.7061338532,-0.0000000000,0.5235987756,-0.0000000000,0.0000000000,1.0000000000,0.0000000000,0.0000000000,0.0000000000,0.0000000000
0.0200000000,0.5244940677,0.2813846955,0.5641305229,-0.0942249269,-0.2829804197,-0.4656323273,0.4200560311,-0.1572972557,0.5445193784,0.0108648030,-0.0093291893,-0.2801186787,0.1155000000,-0.0000000000,0.7061338532,0.0000000000,0.5235987756,0.0000000000,0.0000000000,1.0000000000,0.0000000000,0.0000000000,0.0000000000,0.0000000000
0.0200000000,0.5243963623,0.2811136436,0.5643722370,-0.0910698773,-0.2860218325,-0.4665007198,0.4200536964,-0.1572995477,0.5445190008,0.0108707544,-0.0093279599,-0.2801360170,0.1155000000,-0.0000000000,0.7061338532,0.0000000000,0.5235987756,0.0000000000,0.0000000000,1.0000000000,0.0000000000,0.0000000000,0.0000000000,0.0000000000
0.0200000000,0.5242916864,0.2808064508,0.5646408483,-0.0875954527,-0.2893823009,-0.4674802419,0.4200511895,-0.1573027295,0.5445188677,0.0108800983,-0.0093286499,-0.2801603383,0.1155000000,-0.0000000000,0.7061338532,0.0000000000,0.5235987756,0.0000000000,0.0000000000,1.0000000000,0.0000000000,0.0000000000,0.0000000000,0.0000000000
0.0200000000,0.5241761062,0.2804517414,0.5649463172,-0.0836754784,-0.2931806684,-0.4686062741,0.4200484821,-0.1573070239,0.5445190497,0.0108937136,-0.0093317986,-0.2801933976,0.1155000000,-0.0000000000,0.7061338532,0.0000000000,0.5235987756,0.0000000000,0.0000000000,1.0000000000,0.0000000000,0.0000000000,0.0000000000,0.0000000000
0.0200000000,0.5240438830,0.2800322535,0.5653025942,-0.0791373566,-0.2975869352,-0.4699347596,0.4200453427,-0.1573126499,0.5445194996,0.0109121164,-0.0093372103,-0.2802368379,0.1155000000,0.0000000000,0.7061338532,-0.0000000000,0.5235987756,-0.0000000000,0.0000000000,1.0000000000,0.0000000000,0.0000000000,0.0000000000,0.0000000000
0.0200000000,0.5238951938,0.2795516442,0.5657060706,-0.0740351071,-0.3025541644,-0.4714577566,0.4200417070,-0.1573195004,0.5445201391,0.0109347498,-0.0093443476,-0.2802897836,0.1155000000,-0.0000000000,0.7061338532,0.0000000000,0.5235987756,0.0000000000,0.0000000000,1.0000000000,0.0000000000,0.0000000000,0.0000000000,0.0000000000
0.0200000000,0.5237409020,0.2790506710,0.5661239462,-0.0687857958,-0.3076747386,-0.4730490295,0.4200380561,-0.1573270117,0.5445210236,0.0109600856,-0.0093533044,-0.2803479559,0.1155000000,-0.0000000000,0.7061338532,0.0000000000,0.5235987756,0.0000000000,0.0000000000,1.0000000000,0.0000000000,0.0000000000,0.0000000000,0.0000000000
0.0200000000,0.5235933787,0.2785717763,0.5665221371,-0.0638153600,-0.3125304481,-0.4745745379,0.4200348950,-0.1573345833,0.5445222081,0.0109864854,-0.0093641558,-0.2804067954,0.1155000000,0.0000000000,0.7061338532,-0.0000000000,0.5235987756,-0.0000000000,0.0000000000,1.0000000000,0.0000000000,0.0000000000,0.0000000000,0.0000000000
0.0200000000,0.5234649288,0.2781519770,0.5668704089,-0.0594974023,-0.3167550105,-0.4759148191,0.4200326129,-0.1573416873,0.5445237092,0.0110124130,-0.0093767677,-0.2804622723,0.1155000000,-0.0000000000,0.7061338532,0.0000000000,0.5235987756,0.0000000000,0.0000000000,1.0000000000,0.0000000000,0.0000000000,0.0000000000,0.0000000000
0.0200000000,0.5233604793,0.2778059536,0.5671563522,-0.0559752898,-0.3202071967,-0.4770215405,0.4200308616,-0.1573478683,0.5445251465,0.0110353539,-0.0093885557,-0.2805106295,0.1155000000,0.0000000000,0.7061338532,-0.0000000000,0.5235987756,-0.0000000000,0.0000000000,1.0000000000,0.0000000000,0.0000000000,0.0000000000,0.0000000000
0.0200000000,0.5232784332,0.2775245366,0.5673868946,-0.0531575835,-0.3229770529,-0.4779216087,0.4200293986,-0.1573532059,0.5445264110,0.0110552187,-0.0093988740,-0.2805523997,0.1155000000,-0.0000000000,0.7061338532,0.0000000000,0.5235987756,0.0000000000,0.0000000000,1.0000000000,0.0000000000,0.0000000000,0.0000000000,0.0000000000
0.0200000000,0.5232149001,0.2772895428,0.5675767274,-0.0508638646,-0.3252422025,-0.4786704691,0.4200284419,-0.1573581690,0.5445278132,0.0110743522,-0.0094098748,-0.2805913933,0.1155000000,-0.0000000000,0.7061338532,0.0000000000,0.5235987756,0.0000000000,0.0000000000,1.0000000000,0.0000000000,0.0000000000,0.0000000000,0.0000000000
0.0200000000,0.5231644475,0.2770807269,0.5677425903,-0.0488885580,-0.3272041054,-0.4793314526,0.4200281860,-0.1573632304,0.5445296521,0.0110950779,-0.0094236419,-0.2806314426,0.1155000000,0.0000000000,0.7061338532,-0.0000000000,0.5235987756,-0.0000000000,0.0000000000,1.0000000000,0.0000000000,0.0000000000,0.0000000000,0.0000000000
0.0200000000,0.5231230573,0.2768823592,0.5678973776,-0.0470755389,-0.3290163128,-0.4799537469,0.4200288458,-0.1573688043,0.5445322149,0.0111195056,-0.0094421576,-0.2806759229,0.1155000000,-0.0000000000,0.7061338532,0.0000000000,0.5235987756,0.0000000000,0.0000000000,1.0000000000,0.0000000000,0.0000000000,0.0000000000,0.0000000000
0.0200000000,0.5230864770,0.2766786825,0.5680540558,-0.0452684606,-0.3308325389,-0.4805870505,0.4200306358,-0.1573753051,0.5445357886,0.0111497454,-0.0094674040,-0.2807282096,0.1155000000,-0.0000000000,0.7061338532,0.0000000000,0.5235987756,0.0000000000,0.0000000000,1.0000000000,0.0000000000,0.0000000000,0.0000000000,0.0000000000
0.0200000000,0.5230499961,0.2764514791,0.5682274997,-0.0432903536,-0.3328273502,-0.4812888214,0.4200338719,-0.1573832622,0.5445407636,0.0111885620,-0.0095020598,-0.2807926298,0.1155000000,-0.0000000000,0.7061338532,0.0000000000,0.5235987756,0.0000000000,0.0000000000,1.0000000000,0.0000000000,0.0000000000,0.0000000000,0.0000000000
0.0200000000,0.5230081049,0.2761825492,0.5684328109,-0.0409600653,-0.3351785769,-0.4821175393,0.4200387589,-0.1573931339,0.5445474405,0.0112382410,-0.0095482124,-0.2808729046,0.1155000000,-0.0000000000,0.7061338532,0.0000000000,0.5235987756,0.0000000000,0.0000000000,1.0000000000,0.0000000000,0.0000000000,0.0000000000,0.0000000000
0.0200000000,0.5229584768,0.2758770462,0.5686667783,-0.0383036125,-0.3378560566,-0.4830616337,0.4200443138,-0.1574042801,0.5445550243,0.0112945361,-0.0096006406,-0.2809635886,0.1155000000,-0.0000000000,0.7061338532,0.0000000000,0.5235987756,0.0000000000,0.0000000000,1.0000000000,0.0000000000,0.0000000000,0.0000000000,0.0000000000
0.0200000000,0.5229048689,0.2755570822,0.5689117969,-0.0355234409,-0.3406577275,-0.4840540113,0.4200495542,-0.1574157567,0.5445625961,0.0113518998,-0.0096532026,-0.2810568184,0.1155000000,0.0000000000,0.7061338532,-0.0000000000,0.5235987756,-0.0000000000,0.0000000000,1.0000000000,0.0000000000,0.0000000000,0.0000000000,0.0000000000
0.0200000000,0.5228523586,0.2752238388,0.5691656431,-0.0326661725,-0.3435438894,-0.4850851135,0.4200558907,-0.1574282947,0.5445712166,0.0114155997,-0.0097127952,-0.2811589046,0.1155000000,-0.0000000000,0.7061338532,0.0000000000,0.5235987756,0.0000000000,0.0000000000,1.0000000000,0.0000000000,0.0000000000,0.0000000000,0.0000000000
0.0200000000,0.5228066714,0.2748731098,0.5694299230,-0.0297412084,-0.3465142629,-0.4861599172,0.4200653884,-0.1574430916,0.5445824927,0.0114939052,-0.0097899169,-0.2812801038,0.1155000000,-0.0000000000,0.7061338532,0.0000000000,0.5235987756,0.0000000000,0.0000000000,1.0000000000,0.0000000000,0.0000000000,0.0000000000,0.0000000000
0.0200000000,0.5227738289,0.2745010882,0.5697059113,-0.0267625560,-0.3495641636,-0.4872818027,0.4200802018,-0.1574613769,0.5445980922,0.0115953492,-0.0098954501,-0.2814309476,0.1155000000,-0.0000000000,0.7061338532,0.0000000000,0.5235987756,0.0000000000,0.0000000000,1.0000000000,0.0000000000,0.0000000000,0.0000000000,0.0000000000
0.0200000000,0.5227532453,0.2741077650,0.5699934410,-0.0237286842,-0.3526932420,-0.4884509868,0.4201001471,-0.1574830456,0.5446179618,0.0117197285,-0.0100291530,-0.2816106585,0.1155000000,-0.0000000000,0.7061338532,0.0000000000,0.5235987756,0.0000000000,0.0000000000,1.0000000000,0.0000000000,0.0000000000,0.0000000000,0.0000000000
0.0200000000,0.5227369854,0.2736956385,0.5702920275,-0.0206083907,-0.3559194907,-0.4896695712,0.4201224990,-0.1575066089,0.5446401746,0.0118574548,-0.0101786673,-0.2818066577,0.1155000000,-0.0000000000,0.7061338532,0.0000000000,0.5235987756,0.0000000000,0.0000000000,1.0000000000,0.0000000000,0.0000000000,0.0000000000,0.0000000000
0.0200000000,0.5227340643,0.2732638637,0.5706014502,-0.0174484553,-0.3592122002,-0.4909305047,0.4201504395,-0.1575337631,0.5446668149,0.0120186339,-0.0103571133,-0.2820330471,0.1155000000,-0.0000000000,0.7061338532,0.0000000000,0.5235987756,0.0000000000,0.0000000000,1.0000000000,0.0000000000,0.0000000000,0.0000000000,0.0000000000
0.0200000000,0.5227670239,0.2728062876,0.5709232066,-0.0143405540,-0.3625188325,-0.4922265206,0.4201918948,-0.1575688434,0.5447033356,0.0122302034,-0.0105991903,-0.2823261463,0.1155000000,-0.0000000000,0.7061338532,0.0000000000,0.5235987756,0.0000000000,0.0000000000,1.0000000000,0.0000000000,0.0000000000,0.0000000000,0.0000000000
0.0200000000,0.5228464943,0.2723066101,0.5712666947,-0.0112387258,-0.3659076460,-0.4935927020,0.4202515700,-0.1576147036,0.5447535606,0.0125121446,-0.0109299835,-0.2827104014,0.1155000000,-0.0000000000,0.7061338532,0.0000000000,0.5235987756,0.0000000000,0.0000000000,1.0000000000,0.0000000000,0.0000000000,0.0000000000,0.0000000000
0.0200000000,0.5229625812,0.2717941098,0.5716142758,-0.0082771483,-0.3692188583,-0.4949559025,0.4203240803,-0.1576678865,0.5448126777,0.0128385239,-0.0113172575,-0.2831556324,0.1155000000,-0.0000000000,0.7061338532,0.0000000000,0.5235987756,0.0000000000,0.0000000000,1.0000000000,0.0000000000,0.0000000000,0.0000000000,0.0000000000
0.0200000000,0.5231215002,0.2713435974,0.5719160027,-0.0059939235,-0.3719052982,-0.4960950607,0.4204060437,-0.1577248273,0.5448756317,0.0131783418,-0.0117250980,-0.2836296240,0.1155000000,-0.0000000000,0.7061338532,0.0000000000,0.5235987756,0.0000000000,0.0000000000,1.0000000000,0.0000000000,0.0000000000,0.0000000000,0.0000000000
0.0200000000,0.5233250526,0.2709600947,0.5721686091,-0.0044253178,-0.3739301412,-0.4969926960,0.4204972850,-0.1577853842,0.5449419663,0.0135288920,-0.0121500636,-0.2841307014,0.1155000000,-0.0000000000,0.7061338532,0.0000000000,0.5235987756,0.0000000000,0.0000000000,1.0000000000,0.0000000000,0.0000000000,0.0000000000,0.0000000000
0.0200000000,0.5235870564,0.2706338716,0.5723848354,-0.0034850592,-0.3753688962,-0.4976487336,0.4206002185,-0.1578526353,0.5450096369,0.0138794022,-0.0125733964,-0.2846772119,0.1155000000,-0.0000000000,0.7061338532,0.0000000000,0.5235987756,0.0000000000,0.0000000000,1.0000000000,0.0000000000,0.0000000000,0.0000000000,0.0000000000
0.0200000000,0.5239122794,0.2703639008,0.5725667997,-0.0031693964,-0.3762253557,-0.4980579006,0.4207157974,-0.1579274652,0.5450783791,0.0142282588,-0.0129919200,-0.2852747536,0.1155000000,-0.0000000000,0.7061338532,0.0000000000,0.5235987756,0.0000000000,0.0000000000,1.0000000000,0.0000000000,0.0000000000,0.0000000000,0.0000000000
0.0200000000,0.5243028066,0.2701634515,0.5727140046,-0.0034634063,-0.3764622017,-0.4981628720,0.4208394794,-0.1580092516,0.5451398400,0.0145322387,-0.0133445926,-0.2859083641,0.1155000000,-0.0000000000,0.7061338532,0.0000000000,0.5235987756,0.0000000000,0.0000000000,1.0000000000,0.0000000000,0.0000000000,0.0000000000,0.0000000000
0.0200000000,0.5247470162,0.2700381233,0.5728263597,-0.0043127803,-0.3761049825,-0.4979594101,0.4209662299,-0.1580958110,0.5451892092,0.0147673229,-0.0135988035,-0.2865572253,0.1155000000,-0.0000000000,0.7061338532,0.0000000000,0.5235987756,0.0000000000,0.0000000000,1.0000000000,0.0000000000,0.0000000000,0.0000000000,0.0000000000
0.0200000000,0.5251799099,0.2699912166,0.5729019367,-0.0054639508,-0.3753501577,-0.4975327832,0.4210778524,-0.1581760662,0.5452181124,0.0148946183,-0.0137078544,-0.2871362550,0.1155000000,-0.0000000000,0.7061338532,0.0000000000,0.5235987756,0.0000000000,0.0000000000,1.0000000000,0.0000000000,0.0000000000,0.0000000000,0.0000000000
0.0200000000,0.5255995762,0.2700178548,0.5729465383,-0.0068599828,-0.3742608848,-0.4969069521,0.4211749376,-0.1582513366,0.5452257107,0.0149105659,-0.0136645497,-0.2876537410,0.1155000000,-0.0000000000,0.7061338532,0.0000000000,0.5235987756,0.0000000000,0.0000000000,1.0000000000,0.0000000000,0.0000000000,0.0000000000,0.0000000000
0.0200000000,0.5260196097,0.2700918471,0.5729789641,-0.0083953667,-0.3729908709,-0.4961559999,0.4212657562,-0.1583276253,0.5452171510,0.0148426489,-0.0135004576,-0.2881575637,0.1155000000,-0.0000000000,0.7061338532,0.0000000000,0.5235987756,0.0000000000,0.0000000000,1.0000000000,0.0000000000,0.0000000000,0.0000000000,0.0000000000
0.0200000000,0.5264746119,0.2702256356,0.5730021505,-0.0101949341,-0.3714253134,-0.4952010243,0.4213594405,-0.1584144705,0.5451882351,0.0146674772,-0.0131726552,-0.2887072055,0.1155000000,-0.0000000000,0.7061338532,0.0000000000,0.5235987756,0.0000000000,0.0000000000,1.0000000000,0.0000000000,0.0000000000,0.0000000000,0.0000000000
0.0200000000,0.5270140437,0.2704397931,0.5730220647,-0.0124259309,-0.3694066455,-0.4939240259,0.4214702466,-0.1585283064,0.5451297612,0.0143354586,-0.0125929902,-0.2894029450,0.1155000000,-0.0000000000,0.7061338532,0.0000000000,0.5235987756,0.0000000000,0.0000000000,1.0000000000,0.0000000000,0.0000000000,0.0000000000,0.0000000000
0.0200000000,0.5276468348,0.2707593093,0.5730389685,-0.0151221730,-0.3668516305,-0.4922373608,0.4216078845,-0.1586869825,0.5450229047,0.0137496357,-0.0116017244,-0.2903435863,0.1155000000,-0.0000000000,0.7061338532,0.0000000000,0.5235987756,0.0000000000,0.0000000000,1.0000000000,0.0000000000,0.0000000000,0.0000000000,0.0000000000
0.0200000000,0.5282395398,0.2711139198,0.5730481392,-0.0176879782,-0.3642716588,-0.4904725769,0.4217563607,-0.1588829100,0.5448670734,0.0129193457,-0.0102096391,-0.2914808379,0.1155000000,-0.0000000000,0.7061338532,0.0000000000,0.5235987756,0.0000000000,0.0000000000,1.0000000000,0.0000000000,0.0000000000,0.0000000000,0.0000000000
0.0200000000,0.5287241418,0.2714205189,0.5730409704,-0.0198624497,-0.3619557728,-0.4889121565,0.4218959176,-0.1591113683,0.5446634718,0.0118761067,-0.0084446619,-0.2927919086,0.1155000000,-0.0000000000,0.7061338532,0.0000000000,0.5235987756,0.0000000000,0.0000000000,1.0000000000,0.0000000000,0.0000000000,0.0000000000,0.0000000000
0.0200000000,0.5290947837,0.2716268987,0.5730110214,-0.0217099289,-0.3599724990,-0.4877194516,0.4219887766,-0.1593503111,0.5444259433,0.0107266284,-0.0064541639,-0.2941537290,0.1155000000,-0.0000000000,0.7061338532,0.0000000000,0.5235987756,0.0000000000,0.0000000000,1.0000000000,0.0000000000,0.0000000000,0.0000000000,0.0000000000
0.0200000000,0.5293913646,0.2717390823,0.5729560862,-0.0234475499,-0.3581643584,-0.4868345803,0.4219925584,-0.1595856434,0.5441530908,0.0095087766,-0.0042699192,-0.2954807938,0.1155000000,-0.0000000000,0.7061338532,0.0000000000,0.5235987756,0.0000000000,0.0000000000,1.0000000000,0.0000000000,0.0000000000,0.0000000000,0.0000000000
0.0200000000,0.5296514987,0.2718023736,0.5728800393,-0.0252122681,-0.3563633651,-0.4860932349,0.4218617309,-0.1598045309,0.5438365679,0.0082259316,-0.0018720197,-0.2966878370,0.1155000000,-0.0000000000,0.7061338532,0.0000000000,0.5235987756,0.0000000000,0.0000000000,1.0000000000,0.0000000000,0.0000000000,0.0000000000,0.0000000000
0.0200000000,0.5298789056,0.2718923424,0.5727890077,-0.0269883069,-0.3545042325,-0.4853207599,0.4215427860,-0.1599921929,0.5434619841,0.0068540167,0.0008001308,-0.2976697702,0.1155000000,0.0000000000,0.7061338532,-0.0000000000,0.5235987756,-0.0000000000,0.0000000000,1.0000000000,0.0000000000,0.0000000000,0.0000000000,0.0000000000
0.0200000000,0.5300379520,0.2721004052,0.5726870437,-0.0286042574,-0.3526285355,-0.4843631294,0.4210062228,-0.1601393132,0.5430168626,0.0053472432,0.0038187134,-0.2983529551,0.1155000000,-0.0000000000,0.7061338532,0.0000000000,0.5235987756,0.0000000000,0.0000000000,1.0000000000,0.0000000000,0.0000000000,0.0000000000,0.0000000000
0.0200000000,0.5300815109,0.2724809251,0.5725733100,-0.0298209210,-0.3508143573,-0.4831301633,0.4202797105,-0.1602509808,0.5425013838,0.0036629048,0.0072159984,-0.2987615771,0.1155000000,-0.0000000000,0.7061338532,0.0000000000,0.5235987756,0.0000000000,0.0000000000,1.0000000000,0.0000000000,0.0000000000,0.0000000000,0.0000000000
0.0200000000,0.5299621955,0.2730638387,0.5724431210,-0.0304033760,-0.3491304408,-0.4815671463,0.4194108820,-0.1603391120,0.5419170267,0.0017441166,0.0110347489,-0.2989630982,0.1155000000,-0.0000000000,0.7061338532,0.0000000000,0.5235987756,0.0000000000,0.0000000000,1.0000000000,0.0000000000,0.0000000000,0.0000000000,0.0000000000
0.0200000000,0.5296556521,0.2738520830,0.5722926174,-0.0302445673,-0.3476119739,-0.4796745889,0.4184810080,-0.1604222147,0.5412714153,-0.0004727764,0.0152994649,-0.2990682654,0.1155000000,-0.0000000000,0.7061338532,0.0000000000,0.5235987756,0.0000000000,0.0000000000,1.0000000000,0.0000000000,0.0000000000,0.0000000000,0.0000000000
0.0200000000,0.5291692276,0.2748310179,0.5721206069,-0.0293970129,-0.3462317325,-0.4774792447,0.4175998012,-0.1605222392,0.5405742281,-0.0030778740,0.0200395665,-0.2992054490,0.1155000000,-0.0000000000,0.7061338532,0.0000000000,0.5235987756,0.0000000000,0.0000000000,1.0000000000,0.0000000000,0.0000000000,0.0000000000,0.0000000000
0.0200000000,0.5285593120,0.2759490193,0.5719319377,-0.0281135189,-0.3448977427,-0.4750583016,0.4168757075,-0.1606582205,0.5398386413,-0.0061396771,0.0252488888,-0.2994892838,0.1155000000,-0.0000000000,0.7061338532,0.0000000000,0.5235987756,0.0000000000,0.0156893541,1.0000000000,0.0000000000,0.0000000000,0.0000000000,0.0000000000
0.0200000000,0.5278913625,0.2771300706,0.5717328519,-0.0266345264,-0.3435196721,-0.4725633125,0.4163406745,-0.1608390242,0.5390744297,-0.0096365518,0.0308759503,-0.2999890993,0.1155000000,-0.0000000000,0.7061338532,0.0000000000,0.5235987756,0.0000000000,0.0823560208,1.0000000000,0.0000000000,0.0000000000,0.0000000000,0.0000000000
0.0200000000,0.5271835018,0.2783137084,0.5715225659,-0.0249257327,-0.3420378627,-0.4702365326,0.4159663539,-0.1610754517,0.5382781015,-0.0135264868,0.0369239885,-0.3007967228,0.1155000000,-0.0000000000,0.7061338532,0.0000000000,0.5235987756,0.0000000000,0.1490226875,1.0000000000,0.0000000000,0.0000000000,0.0000000000,0.0000000000
0.0200000000,0.5263905937,0.2794347426,0.5712791067,-0.0228419937,-0.3404532405,-0.4683591458,0.4156604393,-0.1613826568,0.5374313315,-0.0177473884,0.0434627510,-0.3020458763,0.1155000000,-0.0000000000,0.7061338532,0.0000000000,0.5235987756,0.0000000000,0.2156893541,1.0000000000,0.0000000000,0.0000000000,0.0000000000,0.0000000000
0.0200000000,0.5255281388,0.2802745291,0.5709900615,-0.0207140520,-0.3391022628,-0.4672003987,0.4153452492,-0.1617257440,0.5366282022,-0.0216732245,0.0496516910,-0.3035828299,0.1155000000,-0.0000000000,0.7061338532,0.0000000000,0.5235987756,0.0000000000,0.2823560208,1.0000000000,0.0000000000,0.0000000000,0.0000000000,0.0000000000
0.0200000000,0.5246187397,0.2807682572,0.5706579970,-0.0187861298,-0.3381751713,-0.4666546830,0.4150051324,-0.1620965208,0.5359251848,-0.0250333961,0.0549628392,-0.3052020988,0.1155000000,-0.0000000000,0.7061338532,0.0000000000,0.5235987756,0.0000000000,0.3490226875,1.0000000000,0.0000000000,0.0000000000,0.0000000000,0.0000000000
0.0200000000,0.5236005229,0.2810188972,0.5702688595,-0.0168505867,-0.3375622800,-0.4665293182,0.4146353172,-0.1625446076,0.5352641495,-0.0281934417,0.0598088972,-0.3069733283,0.1155000000,-0.0000000000,0.7061338532,0.0000000000,0.5235987756,0.0000000000,0.4156893541,1.0000000000,0.0000000000,0.0000000000,0.0000000000,0.0000000000
0.0200000000,0.5223825724,0.2810705974,0.5697955625,-0.0146246663,-0.3371918427,-0.4668324879,0.4142357318,-0.1631270379,0.5345939100,-0.0314750160,0.0645588936,-0.3090400830,0.1155000000,-0.0000000000,0.7061338532,0.0000000000,0.5235987756,0.0000000000,0.4823560208,1.0000000000,0.0000000000,0.0000000000,0.0000000000,0.0000000000
0.0200000000,0.5209520220,0.2809252567,0.5692378464,-0.0120328875,-0.3370564007,-0.4676119470,0.4138300834,-0.1638452439,0.5339199884,-0.0348893017,0.0691893770,-0.3114003551,0.1155000000,-0.0000000000,0.7061338532,0.0000000000,0.5235987756,0.0000000000,0.5490226875,1.0000000000,0.0000000000,0.0000000000,0.0000000000,0.0000000000
0.0200000000,0.5194554195,0.2806098659,0.5686555636,-0.0093219321,-0.3371397131,-0.4688003341,0.4134956324,-0.1646052845,0.5333208760,-0.0380608371,0.0732097008,-0.3137885947,0.1155000000,-0.0000000000,0.7061338532,0.0000000000,0.5235987756,0.0000000000,0.6156893541,1.0000000000,0.0000000000,0.0000000000,0.0000000000,0.0000000000
0.0200000000,0.5180210955,0.2802072287,0.5681006348,-0.0067333331,-0.3373565964,-0.4701747094,0.4132528801,-0.1653316053,0.5328220167,-0.0408253580,0.0765017926,-0.3160115507,0.1155000000,-0.0000000000,0.7061338532,0.0000000000,0.5235987756,0.0000000000,0.6823560208,1.0000000000,0.0000000000,0.0000000000,0.0000000000,0.0000000000
0.0200000000,0.5167178110,0.2797789258,0.5675998556,-0.0043946610,-0.3376377617,-0.4715752798,0.4131018557,-0.1659840866,0.5324249262,-0.0431398210,0.0790927889,-0.3179745074,0.1155000000,-0.0000000000,0.7061338532,0.0000000000,0.5235987756,0.0000000000,0.7490226875,1.0000000000,0.0000000000,0.0000000000,0.0000000000,0.0000000000
0.0200000000,0.5155104242,0.2793488125,0.5671401460,-0.0022374299,-0.3379490534,-0.4729534258,0.4130091171,-0.1665826200,0.5320932061,-0.0451622101,0.0812384159,-0.3197489620,0.1155000000,-0.0000000000,0.7061338532,0.0000000000,0.5235987756,0.0000000000,0.8156893541,1.0000000000,0.0000000000,0.0000000000,0.0000000000,0.0000000000
0.0200000000,0.5144285774,0.2789424358,0.5667319771,-0.0003129885,-0.3382617685,-0.4742392338,0.4129627843,-0.1671141348,0.5318220558,-0.0468908746,0.0829796766,-0.3213029025,0.1155000000,-0.0000000000,0.7061338532,0.0000000000,0.5235987756,0.0000000000,0.8823560208,1.0000000000,0.0000000000,0.0000000000,0.0000000000,0.0000000000
0.0200000000,0.5133503504,0.2785154622,0.5663294969,0.0016041358,-0.3386151696,-0.4755780942,0.4129701551,-0.1676344035,0.5315885892,-0.0484915109,0.0844616325,-0.3227933913,0.1155000000,-0.0000000000,0.7061338532,0.0000000000,0.5235987756,0.0000000000,0.9490085881,1.0000000000,0.0000000000,0.0000000000,0.0000000000,0.0000000000
0.0200000000,0.5120561750,0.2779967882,0.5658536613,0.0039133132,-0.3390703958,-0.4772086528,0.4130342380,-0.1682447585,0.5313443697,-0.0502934197,0.0860014514,-0.3245161318,0.1155000000,-0.0000000000,0.7061338532,0.0000000000,0.5235987756,0.0000000000,1.0000000000,1.0000000000,0.0000000000,0.0000000000,0.0000000000,0.0000000000
0.0200000000,0.5105950998,0.2774046459,0.5653247710,0.0065174596,-0.3396137169,-0.4790683647,0.4131497761,-0.1689226123,0.5310979419,-0.0522297914,0.0875460358,-0.3264093269,0.1155000000,-0.0000000000,0.7061338532,0.0000000000,0.5235987756,0.0000000000,1.0000000000,1.0000000000,0.0000000000,0.0000000000,0.0000000000,0.0000000000
0.0200000000,0.5092003172,0.2768446938,0.5648285174,0.0089866461,-0.3401541716,-0.4808280258,0.4132972796,-0.1695552805,0.5308895490,-0.0539811779,0.0888454908,-0.3281604979,0.1155000000,-0.0000000000,0.7061338532,0.0000000000,0.5235987756,0.0000000000,1.0000000000,1.0000000000,0.0000000000,0.0000000000,0.0000000000,0.0000000000
0.0200000000,0.5079276159,0.2763428591,0.5643840802,0.0112312159,-0.3406693733,-0.4824097217,0.4134786443,-0.1701140781,0.5307321399,-0.0554589269,0.0898175433,-0.3296857994,0.1155000000,-0.0000000000,0.7061338532,0.0000000000,0.5235987756,0.0000000000,1.0000000000,1.0000000000,0.0000000000,0.0000000000,0.0000000000,0.0000000000
0.0200000000,0.5067585329,0.2758905887,0.5639821923,0.0132652868,-0.3411593736,-0.4838399772,0.4136787946,-0.1706131008,0.5306118995,-0.0567251201,0.0905510517,-0.3310299649,0.1155000000,-0.0000000000,0.7061338532,0.0000000000,0.5235987756,0.0000000000,1.0000000000,1.0000000000,0.0000000000,0.0000000000,0.0000000000,0.0000000000
0.0200000000,0.5057322799,0.2755023002,0.5636330437,0.0149986248,-0.3415952343,-0.4850675401,0.4138604590,-0.1710449886,0.5305132920,-0.0578064212,0.0911499124,-0.3321873847,0.1155000000,-0.0000000000,0.7061338532,0.0000000000,0.5235987756,0.0000000000,1.0000000000,1.0000000000,0.0000000000,0.0000000000,0.0000000000,0.0000000000
0.0200000000,0.5049165368,0.2751952222,0.5633585811,0.0163779621,-0.3419484912,-0.4860210459,0.4140124018,-0.1713842217,0.5304409063,-0.0586430754,0.0915876474,-0.3330916924,0.1155000000,0.0000000000,0.7061338532,-0.0000000000,0.5235987756,-0.0000000000,1.0000000000,1.0000000000,0.0000000000,0.0000000000,0.0000000000,0.0000000000
0.0200000000,0.5042370081,0.2749477187,0.5631320032,0.0174915109,-0.3422492582,-0.4867873268,0.4141528733,-0.1716587187,0.5303918512,-0.0592948948,0.0918775597,-0.3338120940,0.1155000000,-0.0000000000,0.7061338532,0.0000000000,0.5235987756,0.0000000000,1.0000000000,1.0000000000,0.0000000000,0.0000000000,0.0000000000,0.0000000000
0.0200000000,0.5035603892,0.2747221456,0.5629070380,0.0184746894,-0.3425500202,-0.4875161614,0.4143036695,-0.1719208775,0.5303550481,-0.0598890950,0.0920837936,-0.3344850553,0.1155000000,-0.0000000000,0.7061338532,0.0000000000,0.5235987756,0.0000000000,1.0000000000,1.0000000000,0.0000000000,0.0000000000,0.0000000000,0.0000000000
0.0200000000,0.5027388830,0.2744777738,0.5626338644,0.0194688814,-0.3429104026,-0.4883698226,0.4144895167,-0.1722279952,0.5303191384,-0.0605627446,0.0922720456,-0.3352594118,0.1155000000,-0.0000000000,0.7061338532,0.0000000000,0.5235987756,0.0000000000,1.0000000000,1.0000000000,0.0000000000,0.0000000000,0.0000000000,0.0000000000
0.0200000000,0.5016658301,0.2741799960,0.5622785131,0.0205947268,-0.3433794165,-0.4894615875,0.4147309287,-0.1726220505,0.5302768445,-0.0614148065,0.0924851328,-0.3362434391,0.1155000000,-0.0000000000,0.7061338532,0.0000000000,0.5235987756,0.0000000000,1.0000000000,1.0000000000,0.0000000000,0.0000000000,0.0000000000,0.0000000000
0.0200000000,0.5004489932,0.2738576586,0.5618795554,0.0217523769,-0.3439145617,-0.4906717340,0.4150092120,-0.1730614948,0.5302361704,-0.0623465394,0.0926783365,-0.3373302005,0.1155000000,-0.0000000000,0.7061338532,0.0000000000,0.5235987756,0.0000000000,1.0000000000,1.0000000000,0.0000000000,0.0000000000,0.0000000000,0.0000000000
0.0200000000,0.4991975886,0.2735663105,0.5614737997,0.0227344069,-0.3444483009,-0.4918867524,0.4152926216,-0.1734996301,0.5302024244,-0.0632503112,0.0928212024,-0.3384037847,0.1155000000,-0.0000000000,0.7061338532,0.0000000000,0.5235987756,0.0000000000,1.0000000000,1.0000000000,0.0000000000,0.0000000000,0.0000000000,0.0000000000
0.0200000000,0.4979725395,0.2733433039,0.5610807108,0.0233758136,-0.3449403119,-0.4930477036,0.4155635448,-0.1739089564,0.5301794239,-0.0640604467,0.0928894704,-0.3393935942,0.1155000000,-0.0000000000,0.7061338532,0.0000000000,0.5235987756,0.0000000000,1.0000000000,1.0000000000,0.0000000000,0.0000000000,0.0000000000,0.0000000000
0.0200000000,0.4967496988,0.2731794844,0.5606928909,0.0237007370,-0.3454040206,-0.4941794436,0.4158293897,-0.1742986543,0.5301668326,-0.0647959986,0.0928837280,-0.3403207730,0.1155000000,-0.0000000000,0.7061338532,0.0000000000,0.5235987756,0.0000000000,1.0000000000,1.0000000000,0.0000000000,0.0000000000,0.0000000000,0.0000000000
0.0200000000,0.4955577127,0.2730686000,0.5603213219,0.0238536374,-0.3458192008,-0.4952448507,0.4160768545,-0.1746621470,0.5301599582,-0.0654562335,0.0928383792,-0.3411798194,0.1155000000,-0.0000000000,0.7061338532,0.0000000000,0.5235987756,0.0000000000,1.0000000000,1.0000000000,0.0000000000,0.0000000000,0.0000000000,0.0000000000
0.0200000000,0.4944467991,0.2730043234,0.5599820512,0.0239312032,-0.3461683821,-0.4962036793,0.4162932261,-0.1749878714,0.5301555200,-0.0660303964,0.0927803636,-0.3419506731,0.1155000000,-0.0000000000,0.7061338532,-0.0000000000,0.5235987756,0.0000000000,1.0000000000,1.0000000000,0.0000000000,0.0000000000,0.0000000000,0.0000000000
0.0200000000,0.4934326472,0.2729865318,0.5596783895,0.0238949704,-0.3464539576,-0.4970561984,0.4164797558,-0.1752722327,0.5301547968,-0.0665108051,0.0927021070,-0.3426220219,0.1155000000,-0.0000000000,0.7061338532,0.0000000000,0.5235987756,0.0000000000,1.0000000000,1.0000000000,0.0000000000,0.0000000000,0.0000000000,0.0000000000
0.0200000000,0.4924306942,0.2730170571,0.5593841889,0.0237818589,-0.3466841509,-0.4978469153,0.4166451452,-0.1755362351,0.5301562783,-0.0669333178,0.0926044383,-0.3432444713,0.1155000000,-0.0000000000,0.7061338532,0.0000000000,0.5235987756,0.0000000000,1.0000000000,1.0000000000,0.0000000000,0.0000000000,0.0000000000,0.0000000000
0.0200000000,0.4913264802,0.2731001896,0.5590664160,0.0236687450,-0.3468641710,-0.4986273021,0.4167977428,-0.1758073025,0.5301570700,-0.0673452300,0.0924943930,-0.3438865066,0.1155000000,-0.0000000000,0.7061338532,0.0000000000,0.5235987756,0.0000000000,1.0000000000,1.0000000000,0.0000000000,0.0000000000,0.0000000000,0.0000000000
0.0200000000,0.4900878821,0.2732294905,0.5587182741,0.0235814323,-0.3470134282,-0.4994304160,0.4169460094,-0.1760966999,0.5301570437,-0.0677676870,0.0923711296,-0.3445752296,0.1155000000,-0.0000000000,0.7061338532,0.0000000000,0.5235987756,0.0000000000,1.0000000000,1.0000000000,0.0000000000,0.0000000000,0.0000000000,0.0000000000
0.0200000000,0.4887554631,0.2734087667,0.5583523573,0.0234906506,-0.3471127204,-0.5002242076,0.4170812394,-0.1763914844,0.5301564341,-0.0681775542,0.0922358916,-0.3452792595,0.1155000000,-0.0000000000,0.7061338532,0.0000000000,0.5235987756,0.0000000000,1.0000000000,1.0000000000,0.0000000000,0.0000000000,0.0000000000,0.0000000000
0.0200000000,0.4872547004,0.2736720232,0.5579472681,0.0234235991,-0.3470933326,-0.5009747798,0.4171840208,-0.1766943787,0.5301510136,-0.0685712792,0.0921021298,-0.3460092908,0.1155000000,-0.0000000000,0.7061338532,0.0000000000,0.5235987756,0.0000000000,1.0000000000,1.0000000000,0.0000000000,0.0000000000,0.0000000000,0.0000000000
0.0200000000,0.4855391962,0.2740336151,0.5574946222,0.0233943095,-0.3469462114,-0.5016917740,0.4172518335,-0.1770123965,0.5301397545,-0.0689559016,0.0919691760,-0.3467827705,0.1155000000,-0.0000000000,0.7061338532,0.0000000000,0.5235987756,0.0000000000,1.0000000000,1.0000000000,0.0000000000,0.0000000000,0.0000000000,0.0000000000
0.0200000000,0.4836782182,0.2744789630,0.5570126761,0.0233867957,-0.3466422779,-0.5023388237,0.4172769247,-0.1773282307,0.5301223596,-0.0693092621,0.0918478971,-0.3475592609,0.1155000000,-0.0000000000,0.7061338532,0.0000000000,0.5235987756,0.0000000000,1.0000000000,1.0000000000,0.0000000000,0.0000000000,0.0000000000,0.0000000000
0.0200000000,0.4817727475,0.2749936697,0.5565229447,0.0233876660,-0.3461240884,-0.5028389623,0.4172405419,-0.1776140175,0.5300967205,-0.0695954231,0.0917629589,-0.3482747780,0.1155000000,-0.0000000000,0.7061338532,0.0000000000,0.5235987756,0.0000000000,1.0000000000,1.0000000000,0.0000000000,0.0000000000,0.0000000000,0.0000000000
0.0200000000,0.4798054471,0.2755698108,0.5560216475,0.0233891797,-0.3454065329,-0.5032280071,0.4171540990,-0.1778768561,0.5300648501,-0.0698249425,0.0917022137,-0.3489449015,0.1155000000,-0.0000000000,0.7061338532,0.0000000000,0.5235987756,0.0000000000,1.0000000000,1.0000000000,0.0000000000,0.0000000000,0.0000000000,0.0000000000
0.0200000000,0.4777436283,0.2762029667,0.5554947413,0.0233597850,-0.3444381288,-0.5035227197,0.4170224877,-0.1781179169,0.5300284340,-0.0699953272,0.0916557856,-0.3495736783,0.1155000000,-0.0000000000,0.7061338532,0.0000000000,0.5235987756,0.0000000000,1.0000000000,1.0000000000,0.0000000000,0.0000000000,0.0000000000,0.0000000000
0.0200000000,0.4756172084,0.2768784766,0.5549504417,0.0232949990,-0.3432353552,-0.5037313846,0.4168529879,-0.1783347630,0.5299895297,-0.0701041286,0.0916160349,-0.3501537465,0.1155000000,-0.0000000000,0.7061338532,0.0000000000,0.5235987756,0.0000000000,1.0000000000,1.0000000000,0.0000000000,0.0000000000,0.0000000000,0.0000000000
0.0200000000,0.4736141804,0.2775185451,0.5544331969,0.0231801615,-0.3419140824,-0.5038697767,0.4166797342,-0.1785116815,0.5299571789,-0.0701398749,0.0915554754,-0.3506393770,0.1155000000,-0.0000000000,0.7061338532,0.0000000000,0.5235987756,0.0000000000,1.0000000000,1.0000000000,0.0000000000,0.0000000000,0.0000000000,0.0000000000
0.0200000000,0.4717390987,0.2781212536,0.5539392896,0.0230105175,-0.3404680958,-0.5039324573,0.4165042375,-0.1786471788,0.5299322562,-0.0700982087,0.0914695090,-0.3510268737,0.1155000000,-0.0000000000,0.7061338532,0.0000000000,0.5235987756,0.0000000000,1.0000000000,1.0000000000,0.0000000000,0.0000000000,0.0000000000,0.0000000000
0.0200000000,0.4697167906,0.2787587963,0.5533923199,0.0227395099,-0.3386817211,-0.5039578671,0.4163239423,-0.1787629495,0.5299204495,-0.0699538382,0.0912880971,-0.3513728758,0.1155000000,-0.0000000000,0.7061338532,0.0000000000,0.5235987756,0.0000000000,1.0000000000,1.0000000000,0.0000000000,0.0000000000,0.0000000000,0.0000000000
0.0200000000,0.4674864664,0.2794454356,0.5527780792,0.0223536256,-0.3365010882,-0.5039580882,0.4161398368,-0.1788630732,0.5299239606,-0.0696974024,0.0909900801,-0.3516879585,0.1155000000,-0.0000000000,0.7061338532,0.0000000000,0.5235987756,0.0000000000,1.0000000000,1.0000000000,0.0000000000,0.0000000000,0.0000000000,0.0000000000
0.0200000000,0.4652067018,0.2801225673,0.5521330362,0.0218472899,-0.3340176969,-0.5039331127,0.4159837089,-0.1789345639,0.5299546185,-0.0692990622,0.0905184114,-0.3519311534,0.1155000000,-0.0000000000,0.7061338532,0.0000000000,0.5235987756,0.0000000000,1.0000000000,1.0000000000,0.0000000000,0.0000000000,0.0000000000,0.0000000000
0.0200000000,0.4629211107,0.2807710352,0.5514631130,0.0212079022,-0.3312382765,-0.5038809940,0.4158696074,-0.1789719634,0.5300189279,-0.0687375662,0.0898367757,-0.3520858038,0.1155000000,-0.0000000000,0.7061338532,0.0000000000,0.5235987756,0.0000000000,1.0000000000,1.0000000000,0.0000000000,0.0000000000,0.0000000000,0.0000000000
0.0200000000,0.4605780438,0.2813976592,0.5507446209,0.0203926394,-0.3280435290,-0.5037993611,0.4158230724,-0.1789756340,0.5301361351,-0.0679375216,0.0888067456,-0.3521448088,0.1155000000,-0.0000000000,0.7061338532,0.0000000000,0.5235987756,0.0000000000,1.0000000000,1.0000000000,0.0000000000,0.0000000000,0.0000000000,0.0000000000
0.0200000000,0.4581692812,0.2820053992,0.5499754799,0.0193996400,-0.3244222390,-0.5036874268,0.4158503575,-0.1789486627,0.5303106776,-0.0668853136,0.0873940452,-0.3521130501,0.1155000000,-0.0000000000,0.7061338532,0.0000000000,0.5235987756,0.0000000000,1.0000000000,1.0000000000,0.0000000000,0.0000000000,0.0000000000,0.0000000000
0.0200000000,0.4556684948,0.2825974048,0.5491382634,0.0181894004,-0.3202599895,-0.5035289968,0.4159779854,-0.1788907241,0.5305631785,-0.0655005964,0.0854509217,-0.3519804493,0.1155000000,-0.0000000000,0.7061338532,0.0000000000,0.5235987756,0.0000000000,1.0000000000,1.0000000000,0.0000000000,0.0000000000,0.0000000000,0.0000000000
0.0200000000,0.4531493735,0.2831600495,0.5482534873,0.0167892524,-0.3156373507,-0.5033095486,0.4162178280,-0.1788080188,0.5308980541,-0.0637849180,0.0829466956,-0.3517548615,0.1155000000,0.0000000000,0.7061338532,-0.0000000000,0.5235987756,-0.0000000000,1.0000000000,1.0000000000,0.0000000000,0.0000000000,0.0000000000,0.0000000000
0.0200000000,0.4506833393,0.2836799824,0.5473376212,0.0152216485,-0.3106199827,-0.5030104352,0.4165831046,-0.1787057146,0.5313211811,-0.0617336765,0.0798419386,-0.3514419757,0.1155000000,-0.0000000000,0.7061338532,0.0000000000,0.5235987756,0.0000000000,1.0000000000,1.0000000000,0.0000000000,0.0000000000,0.0000000000,0.0000000000
0.0200000000,0.4482533900,0.2841752047,0.5463810242,0.0134833083,-0.3051350512,-0.5025898634,0.4170875490,-0.1785933590,0.5318444771,-0.0593118758,0.0760445355,-0.3510582601,0.1155000000,0.0000000000,0.7061338532,-0.0000000000,0.5235987756,-0.0000000000,1.0000000000,1.0000000000,0.0000000000,0.0000000000,0.0000000000,0.0000000000
0.0200000000,0.4458628169,0.2846561516,0.5453914432,0.0116068658,-0.2992319400,-0.5020405982,0.4177161749,-0.1784775984,0.5324577081,-0.0565687880,0.0716258811,-0.3506264950,0.1155000000,-0.0000000000,0.7061338532,0.0000000000,0.5235987756,0.0000000000,1.0000000000,1.0000000000,0.0000000000,0.0000000000,0.0000000000,0.0000000000
0.0200000000,0.4435641542,0.2851240180,0.5443960783,0.0096622600,-0.2930746170,-0.5013624882,0.4184401243,-0.1783667542,0.5331371395,-0.0536125700,0.0667552441,-0.3501768935,0.1155000000,0.0000000000,0.7061338532,-0.0000000000,0.5235987756,-0.0000000000,1.0000000000,1.0000000000,0.0000000000,0.0000000000,0.0000000000,0.0000000000
0.0200000000,0.4414772071,0.2855605452,0.5434546390,0.0077837095,-0.2870567536,-0.5006004253,0.4191967724,-0.1782686144,0.5338295429,-0.0506672142,0.0618134406,-0.3497479580,0.1155000000,-0.0000000000,0.7061338532,0.0000000000,0.5235987756,0.0000000000,1.0000000000,1.0000000000,0.0000000000,0.0000000000,0.0000000000,0.0000000000
0.0200000000,0.4394898817,0.2859941384,0.5425218721,0.0058946553,-0.2809076833,-0.4997182041,0.4200008600,-0.1781773695,0.5345536401,-0.0476423243,0.0566672034,-0.3493260596,0.1155000000,-0.0000000000,0.7061338532,0.0000000000,0.5235987756,0.0000000000,1.0000000000,1.0000000000,0.0000000000,0.0000000000,0.0000000000,0.0000000000
0.0200000000,0.4375240681,0.2864431461,0.5415656022,0.0039366373,-0.2744222301,-0.4986902002,0.4208657781,-0.1780881302,0.5353255654,-0.0444638065,0.0512043335,-0.3489002315,0.1155000000,-0.0000000000,0.7061338532,0.0000000000,0.5235987756,0.0000000000,1.0000000000,1.0000000000,0.0000000000,0.0000000000,0.0000000000,0.0000000000
0.0200000000,0.4355790080,0.2869054194,0.5405893380,0.0019185656,-0.2676289148,-0.4975311308,0.4217694747,-0.1779967908,0.5361312303,-0.0411777268,0.0455281907,-0.3484717879,0.1155000000,-0.0000000000,0.7061338532,0.0000000000,0.5235987756,0.0000000000,1.0000000000,1.0000000000,0.0000000000,0.0000000000,0.0000000000,0.0000000000
0.0200000000,0.4336314519,0.2873838427,0.5395770111,-0.0001965265,-0.2604060846,-0.4962208991,0.4227166932,-0.1778977791,0.5369782960,-0.0377458262,0.0395893140,-0.3480306512,0.1155000000,-0.0000000000,0.7061338532,0.0000000000,0.5235987756,0.0000000000,1.0000000000,1.0000000000,0.0000000000,0.0000000000,0.0000000000,0.0000000000
0.0200000000,0.4317642519,0.2878517364,0.5385751490,-0.0023136701,-0.2530956735,-0.4948397945,0.4236548930,-0.1777925304,0.5378231592,-0.0343366612,0.0336948799,-0.3475948457,0.1155000000,-0.0000000000,0.7061338532,0.0000000000,0.5235987756,0.0000000000,1.0000000000,1.0000000000,0.0000000000,0.0000000000,0.0000000000,0.0000000000
0.0200000000,0.4302913379,0.2882226613,0.5377524615,-0.0040762775,-0.2469701781,-0.4936445084,0.4244184123,-0.1776969846,0.5385170665,-0.0315393624,0.0288770670,-0.3472324242,0.1155000000,-0.0000000000,0.7061338532,0.0000000000,0.5235987756,0.0000000000,1.0000000000,1.0000000000,0.0000000000,0.0000000000,0.0000000000,0.0000000000
0.0200000000,0.4291006225,0.2885219226,0.5370577093,-0.0055881448,-0.2417067378,-0.4925915674,0.4250580394,-0.1776071568,0.5391035071,-0.0291735938,0.0248236860,-0.3469180024,0.1155000000,-0.0000000000,0.7061338532,0.0000000000,0.5235987756,0.0000000000,1.0000000000,1.0000000000,0.0000000000,0.0000000000,0.0000000000,0.0000000000
0.0200000000,0.4280479540,0.2887828936,0.5364281715,-0.0069739941,-0.2368792316,-0.4916227045,0.4256367009,-0.1775186349,0.5396385336,-0.0270134750,0.0211389314,-0.3466263017,0.1155000000,0.0000000000,0.7061338532,-0.0000000000,0.5235987756,-0.0000000000,1.0000000000,1.0000000000,0.0000000000,0.0000000000,0.0000000000,0.0000000000
0.0200000000,0.4271235836,0.2890096529,0.5358572176,-0.0082646726,-0.2324464075,-0.4907317169,0.4261627563,-0.1774305077,0.5401285830,-0.0250322965,0.0177767169,-0.3463521185,0.1155000000,-0.0000000000,0.7061338532,0.0000000000,0.5235987756,0.0000000000,1.0000000000,1.0000000000,0.0000000000,0.0000000000,0.0000000000,0.0000000000
0.0200000000,0.4262811259,0.2892154303,0.5353311298,-0.0094852570,-0.2283232309,-0.4899134009,0.4266545743,-0.1773428292,0.5405897530,-0.0231669377,0.0146224560,-0.3460906993,0.1155000000,-0.0000000000,0.7061338532,0.0000000000,0.5235987756,0.0000000000,1.0000000000,1.0000000000,0.0000000000,0.0000000000,0.0000000000,0.0000000000
0.0200000000,0.4255192648,0.2894002138,0.5348435372,-0.0106677826,-0.2244633881,-0.4891590764,0.4271175617,-0.1772538455,0.5410265484,-0.0213979212,0.0116454956,-0.3458369140,0.1155000000,-0.0000000000,0.7061338532,0.0000000000,0.5235987756,0.0000000000,1.0000000000,1.0000000000,0.0000000000,0.0000000000,0.0000000000,0.0000000000
0.0200000000,0.4247295471,0.2895884964,0.5343075870,-0.0121659291,-0.2201741264,-0.4883653090,0.4276372147,-0.1771462368,0.5415171945,-0.0194118333,0.0083181220,-0.3455434955,0.1155000000,0.0000000000,0.7061338532,-0.0000000000,0.5235987756,-0.0000000000,1.0000000000,1.0000000000,0.0000000000,0.0000000000,0.0000000000,0.0000000000
0.0200000000,0.4238667819,0.2897909575,0.5336938737,-0.0140850658,-0.2152134399,-0.4874963182,0.4282427839,-0.1770145528,0.5420898147,-0.0170982032,0.0044521273,-0.3451975286,0.1155000000,-0.0000000000,0.7061338532,0.0000000000,0.5235987756,0.0000000000,1.0000000000,1.0000000000,0.0000000000,0.0000000000,0.0000000000,0.0000000000
0.0200000000,0.4231071031,0.2899634963,0.5331262553,-0.0160006807,-0.2105825600,-0.4867167123,0.4288059532,-0.1768891861,0.5426220216,-0.0149562065,0.0008740693,-0.3448780378,0.1155000000,-0.0000000000,0.7061338532,0.0000000000,0.5235987756,0.0000000000,1.0000000000,1.0000000000,0.0000000000,0.0000000000,0.0000000000,0.0000000000
0.0200000000,0.4225652793,0.2900771759,0.5326772355,-0.0176933003,-0.2068849013,-0.4861280138,0.4292500206,-0.1767880520,0.5430385878,-0.0132889998,-0.0019114351,-0.3446276789,0.1155000000,-0.0000000000,0.7061338532,0.0000000000,0.5235987756,0.0000000000,1.0000000000,1.0000000000,0.0000000000,0.0000000000,0.0000000000,0.0000000000
0.0200000000,0.4221751308,0.2901489293,0.5323063445,-0.0192477557,-0.2038044591,-0.4856656574,0.4296164687,-0.1767028629,0.5433780551,-0.0119395057,-0.0041675309,-0.3444221200,0.1155000000,-0.0000000000,0.7061338532,0.0000000000,0.5235987756,0.0000000000,1.0000000000,1.0000000000,0.0000000000,0.0000000000,0.0000000000,0.0000000000
0.0200000000,0.4218317680,0.2902053106,0.5319575397,-0.0207421704,-0.2008903898,-0.4852330591,0.4299632876,-0.1766235272,0.5436954315,-0.0106881712,-0.0062675772,-0.3442334627,0.1155000000,-0.0000000000,0.7061338532,0.0000000000,0.5235987756,0.0000000000,1.0000000000,1.0000000000,0.0000000000,0.0000000000,0.0000000000,0.0000000000
0.0200000000,0.4215224256,0.2902492191,0.5316230287,-0.0221897105,-0.1980798044,-0.4848170701,0.4302973125,-0.1765486344,0.5439975519,-0.0095067273,-0.0082585919,-0.3440576453,0.1155000000,-0.0000000000,0.7061338532,0.0000000000,0.5235987756,0.0000000000,1.0000000000,1.0000000000,0.0000000000,0.0000000000,0.0000000000,0.0000000000
0.0200000000,0.4212665534,0.2902763614,0.5313138309,-0.0235757735,-0.1954650466,-0.4844370760,0.4306079794,-0.1764800149,0.5442739829,-0.0084362151,-0.0100704280,-0.3438989344,0.1155000000,-0.0000000000,0.7061338532,0.0000000000,0.5235987756,0.0000000000,1.0000000000,1.0000000000,0.0000000000,0.0000000000,0.0000000000,0.0000000000
0.0200000000,0.4210426849,0.2902938188,0.5310221251,-0.0249104066,-0.1929849740,-0.4840805907,0.4309059499,-0.1764158672,0.5445347497,-0.0074368500,-0.0117709532,-0.3437523697,0.1155000000,-0.0000000000,0.7061338532,0.0000000000,0.5235987756,0.0000000000,1.0000000000,1.0000000000,0.0000000000,0.0000000000,0.0000000000,0.0000000000
0.0200000000,0.4208339394,0.2903079354,0.5307451684,-0.0261809232,-0.1906208383,-0.4837416226,0.4311956460,-0.1763554093,0.5447850195,-0.0064866060,-0.0133966876,-0.3436155702,0.1155000000,-0.0000000000,0.7061338532,0.0000000000,0.5235987756,0.0000000000,1.0000000000,1.0000000000,0.0000000000,0.0000000000,0.0000000000,0.0000000000
0.0200000000,0.4206608527,0.2903164569,0.5305087826,-0.0272645908,-0.1885950193,-0.4834528033,0.4314431757,-0.1763036239,0.5449991507,-0.0056748332,-0.0147859601,-0.3434994896,0.1155000000,0.0000000000,0.7061338532,-0.0000000000,0.5235987756,-0.0000000000,1.0000000000,1.0000000000,0.0000000000,0.0000000000,0.0000000000,0.0000000000
0.0200000000,0.4205127398,0.2903183074,0.5302892212,-0.0282860969,-0.1867043668,-0.4831847785,0.4316786802,-0.1762560802,0.5451988332,-0.0049271324,-0.0160743994,-0.3433939399,0.1155000000,-0.0000000000,0.7061338532,0.0000000000,0.5235987756,0.0000000000,1.0000000000,1.0000000000,0.0000000000,0.0000000000,0.0000000000,0.0000000000
0.0200000000,0.4203699493,0.2903136050,0.5300530779,-0.0294149473,-0.1846601788,-0.4828959631,0.4319464099,-0.1762065244,0.5454162766,-0.0041337229,-0.0174629805,-0.3432850764,0.1155000000,-0.0000000000,0.7061338532,0.0000000000,0.5235987756,0.0000000000,1.0000000000,1.0000000000,0.0000000000,0.0000000000,0.0000000000,0.0000000000
0.0200000000,0.4202125246,0.2903024439,0.5297673535,-0.0308201700,-0.1821736423,-0.4825460184,0.4322904427,-0.1761487248,0.5456838348,-0.0031849334,-0.0191527438,-0.3431596456,0.1155000000,-0.0000000000,0.7061338532,0.0000000000,0.5235987756,0.0000000000,1.0000000000,1.0000000000,0.0000000000,0.0000000000,0.0000000000,0.0000000000
0.0200000000,0.4200246713,0.2902838216,0.5294073167,-0.0326253556,-0.1790240953,-0.4821072940,0.4327396885,-0.1760773029,0.5460258675,-0.0019926782,-0.0212980143,-0.3430067760,0.1155000000,0.0000000000,0.7061338532,-0.0000000000,0.5235987756,-0.0000000000,1.0000000000,1.0000000000,0.0000000000,0.0000000000,0.0000000000,0.0000000000
0.0200000000,0.4198270818,0.2902580907,0.5290062864,-0.0346723100,-0.1754929655,-0.4816203831,0.4332570744,-0.1759992782,0.5464118794,-0.0006707614,-0.0237012588,-0.3428426723,0.1155000000,-0.0000000000,0.7061338532,0.0000000000,0.5235987756,0.0000000000,1.0000000000,1.0000000000,0.0000000000,0.0000000000,0.0000000000,0.0000000000
0.0200000000,0.4196534050,0.2902280069,0.5286146200,-0.0367305515,-0.1720145288,-0.4811409277,0.4337964207,-0.1759269335,0.5467957342,0.0005951542,-0.0260559318,-0.3426941076,0.1155000000,-0.0000000000,0.7061338532,0.0000000000,0.5235987756,0.0000000000,1.0000000000,1.0000000000,0.0000000000,0.0000000000,0.0000000000,0.0000000000
0.0200000000,0.4195104240,0.2901928786,0.5282359861,-0.0387932903,-0.1686199376,-0.4806714943,0.4343602722,-0.1758619950,0.5471747690,0.0017852815,-0.0283379993,-0.3425645911,0.1155000000,-0.0000000000,0.7061338532,0.0000000000,0.5235987756,0.0000000000,1.0000000000,1.0000000000,0.0000000000,0.0000000000,0.0000000000,0.0000000000
0.0200000000,0.4193903970,0.2901564799,0.5278800436,-0.0407781205,-0.1654019955,-0.4802264466,0.4349185550,-0.1758039898,0.5475369925,0.0028831748,-0.0304891035,-0.3424521654,0.1155000000,0.0000000000,0.7061338532,-0.0000000000,0.5235987756,-0.0000000000,1.0000000000,1.0000000000,0.0000000000,0.0000000000,0.0000000000,0.0000000000
0.0200000000,0.4192965189,0.2901267472,0.5275896150,-0.0424138247,-0.1627571125,-0.4798596561,0.4353891951,-0.1757580503,0.5478358708,0.0037674939,-0.0322465703,-0.3423653993,0.1155000000,0.0000000000,0.7061338532,-0.0000000000,0.5235987756,-0.0000000000,1.0000000000,1.0000000000,0.0000000000,0.0000000000,0.0000000000,0.0000000000
0.0200000000,0.4192372366,0.2901040429,0.5273802881,-0.0436141532,-0.1608362506,-0.4795903092,0.4357458476,-0.1757270078,0.5480544148,0.0043898162,-0.0335136664,-0.3423085232,0.1155000000,-0.0000000000,0.7061338532,0.0000000000,0.5235987756,0.0000000000,1.0000000000,1.0000000000,0.0000000000,0.0000000000,0.0000000000,0.0000000000
0.0200000000,0.4191979876,0.2900848948,0.5272060177,-0.0446372580,-0.1592219317,-0.4793571736,0.4360674299,-0.1757038347,0.5482395570,0.0048822128,-0.0345611146,-0.3422682409,0.1155000000,-0.0000000000,0.7061338532,0.0000000000,0.5235987756,0.0000000000,1.0000000000,1.0000000000,0.0000000000,0.0000000000,0.0000000000,0.0000000000
0.0200000000,0.4191650772,0.2900667273,0.5270260858,-0.0457128574,-0.1575390691,-0.4791057410,0.4364261253,-0.1756823480,0.5484336235,0.0053602872,-0.0356294094,-0.3422335248,0.1155000000,-0.0000000000,0.7061338532,0.0000000000,0.5235987756,0.0000000000,1.0000000000,1.0000000000,0.0000000000,0.0000000000,0.0000000000,0.0000000000
0.0200000000,0.4191263894,0.2900468726,0.5268052232,-0.0470409820,-0.1554587717,-0.4787897054,0.4368839484,-0.1756570999,0.5486740039,0.0059272264,-0.0369311852,-0.3421949148,0.1155000000,-0.0000000000,0.7061338532,0.0000000000,0.5235987756,0.0000000000,1.0000000000,1.0000000000,0.0000000000,0.0000000000,0.0000000000,0.0000000000
0.0200000000,0.4190850611,0.2900246647,0.5265509203,-0.0485787772,-0.1530464167,-0.4784197709,0.4374258317,-0.1756291791,0.5489537559,0.0065672546,-0.0384290566,-0.3421542963,0.1155000000,-0.0000000000,0.7061338532,0.0000000000,0.5235987756,0.0000000000,1.0000000000,1.0000000000,0.0000000000,0.0000000000,0.0000000000,0.0000000000
0.0200000000,0.4190476937,0.2900051924,0.5262870251,-0.0502028441,-0.1505197156,-0.4780251068,0.4380217687,-0.1756026765,0.5492481342,0.0071927259,-0.0399647555,-0.3421201416,0.1155000000,-0.0000000000,0.7061338532,0.0000000000,0.5235987756,0.0000000000,1.0000000000,1.0000000000,0.0000000000,0.0000000000,0.0000000000,0.0000000000
0.0200000000,0.4190170463,0.2899918420,0.5260335891,-0.0517971813,-0.1480688513,-0.4776335399,0.4386338667,-0.1755798869,0.5495352293,0.0077459068,-0.0414140172,-0.3420961204,0.1155000000,-0.0000000000,0.7061338532,0.0000000000,0.5235987756,0.0000000000,1.0000000000,1.0000000000,0.0000000000,0.0000000000,0.0000000000,0.0000000000
0.0200000000,0.4189931336,0.2899838270,0.5257919683,-0.0533480444,-0.1457091257,-0.4772479317,0.4392538419,-0.1755605971,0.5498133755,0.0082311787,-0.0427744758,-0.3420811029,0.1155000000,-0.0000000000,0.7061338532,0.0000000000,0.5235987756,0.0000000000,1.0000000000,1.0000000000,0.0000000000,0.0000000000,0.0000000000,0.0000000000
0.0200000000,0.4189730021,0.2899866196,0.5255243815,-0.0551361605,-0.1430665989,-0.4768030503,0.4400159500,-0.1755447171,0.5501258025,0.0086599180,-0.0442031533,-0.3420822736,0.1155000000,-0.0000000000,0.7061338532,0.0000000000,0.5235987756,0.0000000000,1.0000000000,1.0000000000,0.0000000000,0.0000000000,0.0000000000,0.0000000000
0.0200000000,0.4189539306,0.2900056644,0.5251921663,-0.0574575708,-0.1397517792,-0.4762330654,0.4410540573,-0.1755314301,0.5505197417,0.0090588789,-0.0458804163,-0.3421044433,0.1155000000,-0.0000000000,0.7061338532,0.0000000000,0.5235987756,0.0000000000,1.0000000000,1.0000000000,0.0000000000,0.0000000000,0.0000000000,0.0000000000
0.0200000000,0.4189391910,0.2900404828,0.5248551649,-0.0598887892,-0.1363476802,-0.4756310243,0.4422213146,-0.1755270929,0.5509237355,0.0092800202,-0.0474322330,-0.3421588340,0.1155000000,0.0000000000,0.7061338532,-0.0000000000,0.5235987756,-0.0000000000,1.0000000000,1.0000000000,0.0000000000,0.0000000000,0.0000000000,0.0000000000
0.0200000000,0.4189293096,0.2900898527,0.5245462724,-0.0621690937,-0.1331794548,-0.4750444981,0.4434489477,-0.1755368761,0.5512957746,0.0092114032,-0.0486156232,-0.3422606554,0.1155000000,-0.0000000000,0.7061338532,0.0000000000,0.5235987756,0.0000000000,1.0000000000,1.0000000000,0.0000000000,0.0000000000,0.0000000000,0.0000000000
0.0200000000,0.4189161348,0.2901515631,0.5242302579,-0.0644508885,-0.1298808079,-0.4743988566,0.4449159323,-0.1755670170,0.5516747289,0.0087630586,-0.0494656151,-0.3424567612,0.1155000000,-0.0000000000,0.7061338532,0.0000000000,0.5235987756,0.0000000000,1.0000000000,1.0000000000,0.0000000000,0.0000000000,0.0000000000,0.0000000000
0.0200000000,0.4188927489,0.2902062057,0.5239563844,-0.0662911309,-0.1269744968,-0.4737999224,0.4464329722,-0.1756191160,0.5519978778,0.0079213168,-0.0497466674,-0.3427575934,0.1155000000,-0.0000000000,0.7061338532,0.0000000000,0.5235987756,0.0000000000,1.0000000000,1.0000000000,0.0000000000,0.0000000000,0.0000000000,0.0000000000
0.0200000000,0.4188510979,0.2902328031,0.5237390971,-0.0675013631,-0.1246444232,-0.4733022074,0.4479714356,-0.1757047365,0.5522351218,0.0065727051,-0.0492633011,-0.3431981180,0.1155000000,-0.0000000000,0.7061338532,0.0000000000,0.5235987756,0.0000000000,1.0000000000,1.0000000000,0.0000000000,0.0000000000,0.0000000000,0.0000000000
0.0200000000,0.4187908477,0.2902067499,0.5235801393,-0.0680145247,-0.1229477406,-0.4729455444,0.4495347866,-0.1758387757,0.5523596149,0.0045527309,-0.0478053254,-0.3438017631,0.1155000000,-0.0000000000,0.7061338532,0.0000000000,0.5235987756,0.0000000000,1.0000000000,1.0000000000,0.0000000000,0.0000000000,0.0000000000,0.0000000000
0.0200000000,0.4187285256,0.2901185304,0.5234859310,-0.0678545445,-0.1219694104,-0.4727641770,0.4509828664,-0.1760113414,0.5523409762,0.0019346246,-0.0453533063,-0.3445122973,0.1155000000,0.0000000000,0.7061338532,-0.0000000000,0.5235987756,-0.0000000000,1.0000000000,1.0000000000,0.0000000000,0.0000000000,0.0000000000,0.0000000000
0.0200000000,0.4186860851,0.2899805306,0.5234504649,-0.0671885544,-0.1216284363,-0.4727333135,0.4522090504,-0.1761975763,0.5521685346,-0.0011373774,-0.0419884288,-0.3452594862,0.1155000000,-0.0000000000,0.7061338532,0.0000000000,0.5235987756,0.0000000000,1.0000000000,1.0000000000,0.0000000000,0.0000000000,0.0000000000,0.0000000000
0.0200000000,0.4186812763,0.2898189856,0.5234544982,-0.0662666251,-0.1216786456,-0.4727753168,0.4532124652,-0.1763728046,0.5518551845,-0.0045727625,-0.0378073226,-0.3459924533,0.1155000000,-0.0000000000,0.7061338532,0.0000000000,0.5235987756,0.0000000000,1.0000000000,1.0000000000,0.0000000000,0.0000000000,0.0000000000,0.0000000000
0.0200000000,0.4187284322,0.2896637559,0.5234800199,-0.0653055234,-0.1218745474,-0.4728019968,0.4540299817,-0.1765146116,0.5514152419,-0.0083441902,-0.0328510911,-0.3466703152,0.1155000000,-0.0000000000,0.7061338532,0.0000000000,0.5235987756,0.0000000000,1.0000000000,1.0000000000,0.0000000000,0.0000000000,0.0000000000,0.0000000000
0.0200000000,0.4188213175,0.2895543607,0.5235113567,-0.0645204185,-0.1220223094,-0.4727454456,0.4546529990,-0.1765988982,0.5509301803,-0.0119985080,-0.0277931478,-0.3472076591,0.1155000000,-0.0000000000,0.7061338532,0.0000000000,0.5235987756,0.0000000000,1.0000000000,1.0000000000,0.0000000000,0.0000000000,0.0000000000,0.0000000000
0.0200000000,0.4189433585,0.2894990118,0.5235464518,-0.0638828521,-0.1221017471,-0.4725938430,0.4551450251,-0.1766318131,0.5504495425,-0.0153880610,-0.0229425588,-0.3476112220,0.1155000000,0.0000000000,0.7061338532,-0.0000000000,0.5235987756,-0.0000000000,1.0000000000,1.0000000000,0.0000000000,0.0000000000,0.0000000000,0.0000000000
0.0200000000,0.4190798736,0.2894880337,0.5235916839,-0.0632597021,-0.1221976709,-0.4723711591,0.4555602824,-0.1766298834,0.5499898634,-0.0185271266,-0.0183582816,-0.3479219594,0.1155000000,-0.0000000000,0.7061338532,0.0000000000,0.5235987756,0.0000000000,1.0000000000,1.0000000000,0.0000000000,0.0000000000,0.0000000000,0.0000000000
0.0200000000,0.4192079872,0.2895116414,0.5236504833,-0.0625875113,-0.1224008331,-0.4721278378,0.4558822501,-0.1766056678,0.5495990346,-0.0211380671,-0.0144858866,-0.3481379189,0.1155000000,-0.0000000000,0.7061338532,0.0000000000,0.5235987756,0.0000000000,1.0000000000,1.0000000000,0.0000000000,0.0000000000,0.0000000000,0.0000000000
0.0200000000,0.4193250593,0.2895578293,0.5237267784,-0.0617868038,-0.1227642680,-0.4718833062,0.4561388514,-0.1765692791,0.5492619049,-0.0233508402,-0.0111624594,-0.3482916700,0.1155000000,-0.0000000000,0.7061338532,0.0000000000,0.5235987756,0.0000000000,1.0000000000,1.0000000000,0.0000000000,0.0000000000,0.0000000000,0.0000000000
0.0200000000,0.4194237148,0.2896098910,0.5238139684,-0.0608844935,-0.1232608226,-0.4716670270,0.4563419732,-0.1765320482,0.5489776654,-0.0251938702,-0.0083733260,-0.3484088938,0.1155000000,-0.0000000000,0.7061338532,0.0000000000,0.5235987756,0.0000000000,1.0000000000,1.0000000000,0.0000000000,0.0000000000,0.0000000000,0.0000000000
0.0200000000,0.4195134587,0.2896705511,0.5239281380,-0.0596797930,-0.1240016635,-0.4714560011,0.4565178914,-0.1764911422,0.5487043744,-0.0269319926,-0.0057184062,-0.3485101912,0.1155000000,-0.0000000000,0.7061338532,0.0000000000,0.5235987756,0.0000000000,1.0000000000,1.0000000000,0.0000000000,0.0000000000,0.0000000000,0.0000000000
0.0200000000,0.4196099991,0.2897474900,0.5241034815,-0.0577577243,-0.1252324934,-0.4712089118,0.4567070471,-0.1764403014,0.5483701425,-0.0290151561,-0.0025134152,-0.3486320751,0.1155000000,-0.0000000000,0.7061338532,0.0000000000,0.5235987756,0.0000000000,1.0000000000,1.0000000000,0.0000000000,0.0000000000,0.0000000000,0.0000000000
0.0200000000,0.4196863269,0.2898153002,0.5242903267,-0.0556424788,-0.1266027924,-0.4709965407,0.4568592481,-0.1763954873,0.5480613721,-0.0309046172,0.0004086040,-0.3487496586,0.1155000000,-0.0000000000,0.7061338532,0.0000000000,0.5235987756,0.0000000000,1.0000000000,1.0000000000,0.0000000000,0.0000000000,0.0000000000,0.0000000000
0.0200000000,0.4197286194,0.2898601552,0.5244677539,-0.0535442681,-0.1279728664,-0.4708555667,0.4569470482,-0.1763655924,0.5478160843,-0.0323511969,0.0026656441,-0.3488515081,0.1155000000,-0.0000000000,0.7061338532,0.0000000000,0.5235987756,0.0000000000,1.0000000000,1.0000000000,0.0000000000,0.0000000000,0.0000000000,0.0000000000
0.0200000000,0.4197572967,0.2898929204,0.5246981468,-0.0507360555,-0.1298263263,-0.4707436771,0.4569977497,-0.1763456992,0.5475285247,-0.0339629736,0.0052023503,-0.3489953091,0.1155000000,0.0000000000,0.7061338532,-0.0000000000,0.5235987756,-0.0000000000,1.0000000000,1.0000000000,0.0000000000,0.0000000000,0.0000000000,0.0000000000
0.0200000000,0.4197714455,0.2899084628,0.5249617428,-0.0474640081,-0.1320062102,-0.4706787635,0.4569959597,-0.1763428535,0.5472156660,-0.0356264492,0.0078406560,-0.3491825960,0.1155000000,-0.0000000000,0.7061338532,0.0000000000,0.5235987756,0.0000000000,1.0000000000,1.0000000000,0.0000000000,0.0000000000,0.0000000000,0.0000000000
0.0200000000,0.4197689984,0.2898990919,0.5252157070,-0.0442516990,-0.1341659059,-0.4706748628,0.4569187703,-0.1763674604,0.5469181579,-0.0370888931,0.0101841677,-0.3494039455,0.1155000000,-0.0000000000,0.7061338532,0.0000000000,0.5235987756,0.0000000000,1.0000000000,1.0000000000,0.0000000000,0.0000000000,0.0000000000,0.0000000000
0.0200000000,0.4197564758,0.2898712084,0.5254199257,-0.0416033481,-0.1359438239,-0.4706937782,0.4567859886,-0.1764143380,0.5466699187,-0.0382014892,0.0119875512,-0.3496297428,0.1155000000,-0.0000000000,0.7061338532,0.0000000000,0.5235987756,0.0000000000,1.0000000000,1.0000000000,0.0000000000,0.0000000000,0.0000000000,0.0000000000
0.0200000000,0.4197370904,0.2898249656,0.5255784659,-0.0394606454,-0.1373769232,-0.4706721620,0.4565954553,-0.1764854498,0.5464485961,-0.0390796940,0.0134330201,-0.3498773051,0.1155000000,-0.0000000000,0.7061338532,0.0000000000,0.5235987756,0.0000000000,1.0000000000,1.0000000000,0.0000000000,0.0000000000,0.0000000000,0.0000000000
0.0200000000,0.4197118246,0.2897590261,0.5256989479,-0.0377262093,-0.1385384609,-0.4705708078,0.4563367803,-0.1765852634,0.5462328148,-0.0398211324,0.0146777163,-0.3501675526,0.1155000000,-0.0000000000,0.7061338532,0.0000000000,0.5235987756,0.0000000000,1.0000000000,1.0000000000,0.0000000000,0.0000000000,0.0000000000,0.0000000000
0.0200000000,0.4196836584,0.2896797172,0.5257828976,-0.0364466010,-0.1394484283,-0.4703919100,0.4559788328,-0.1767260559,0.5460058841,-0.0404651169,0.0157938074,-0.3505314336,0.1155000000,-0.0000000000,0.7061338532,0.0000000000,0.5235987756,0.0000000000,1.0000000000,1.0000000000,0.0000000000,0.0000000000,0.0000000000,0.0000000000
0.0200000000,0.4196594623,0.2896064008,0.5258322759,-0.0356866373,-0.1400842151,-0.4702052912,0.4555105318,-0.1769115992,0.5457702271,-0.0409816992,0.0167387046,-0.3509736120,0.1155000000,-0.0000000000,0.7061338532,0.0000000000,0.5235987756,0.0000000000,1.0000000000,1.0000000000,0.0000000000,0.0000000000,0.0000000000,0.0000000000
0.0200000000,0.4196472264,0.2895634820,0.5258580193,-0.0353821633,-0.1404690520,-0.4701114632,0.4548311337,-0.1771768491,0.5455008707,-0.0413431955,0.0175080391,-0.3515643178,0.1155000000,-0.0000000000,0.7061338532,0.0000000000,0.5235987756,0.0000000000,1.0000000000,1.0000000000,0.0000000000,0.0000000000,0.0000000000,0.0000000000
0.0200000000,0.4196456434,0.2895529268,0.5258688259,-0.0353215867,-0.1406262711,-0.4701101964,0.4539597936,-0.1775006300,0.5452143279,-0.0414882448,0.0180273403,-0.3522552615,0.1155000000,-0.0000000000,0.7061338532,0.0000000000,0.5235987756,0.0000000000,1.0000000000,1.0000000000,0.0000000000,0.0000000000,0.0000000000,0.0000000000
0.0200000000,0.4196460887,0.2895531703,0.5258699363,-0.0353217169,-0.1406391933,-0.4701163108,0.4530386429,-0.1778006226,0.5449508901,-0.0414108878,0.0183027629,-0.3528807372,0.1155000000,-0.0000000000,0.7061338532,0.0000000000,0.5235987756,0.0000000000,1.0000000000,1.0000000000,0.0000000000,0.0000000000,0.0000000000,0.0000000000
0.0200000000,0.4196460064,0.2895532307,0.5258693035,-0.0353235890,-0.1406314921,-0.4701143283,0.4521113059,-0.1780393768,0.5447016891,-0.0412134311,0.0185266551,-0.3533788943,0.1155000000,-0.0000000000,0.7061338532,0.0000000000,0.5235987756,0.0000000000,1.0000000000,1.0000000000,0.0000000000,0.0000000000,0.0000000000,0.0000000000
0.0200000000,0.4196459659,0.2895532560,0.5258690522,-0.0353243476,-0.1406284695,-0.4701134823,0.4511991482,-0.1781922345,0.5444640087,-0.0409302401,0.0187838973,-0.3537060673,0.1155000000,-0.0000000000,0.7061338532,0.0000000000,0.5235987756,0.0000000000,1.0000000000,1.0000000000,0.0000000000,0.0000000000,0.0000000000,0.0000000000
0.0200000000,0.4196459638,0.2895532562,0.5258690408,-0.0353243844,-0.1406283371,-0.4701134405,0.4503114254,-0.1782513844,0.5442387147,-0.0405655079,0.0190897431,-0.3538477634,0.1155000000,-0.0000000000,0.7061338532,0.0000000000,0.5235987756,0.0000000000,1.0000000000,1.0000000000,0.0000000000,0.0000000000,0.0000000000,0.0000000000
0.0200000000,0.4196459640,0.2895532561,0.5258690422,-0.0353243802,-0.1406283542,-0.4701134451,0.4494494559,-0.1782253685,0.5440302044,-0.0401020535,0.0193993578,-0.3538185108,0.1155000000,-0.0000000000,0.7061338532,0.0000000000,0.5235987756,0.0000000000,1.0000000000,1.0000000000,0.0000000000,0.0000000000,0.0000000000,0.0000000000
0.0200000000,0.4196459640,0.2895532561,0.5258690422,-0.0353243802,-0.1406283542,-0.4701134451,0.4486128764,-0.1781407608,0.5438459746,-0.0395170151,0.0196211292,-0.3536663851,0.1155000000,-0.0000000000,0.7061338532,0.0000000000,0.5235987756,0.0000000000,1.0000000000,1.0000000000,0.0000000000,0.0000000000,0.0000000000,0.0000000000
0.0200000000,0.4196459640,0.2895532561,0.5258690422,-0.0353243802,-0.1406283542,-0.4701134451,0.4478046161,-0.1780365877,0.5436903728,-0.0388207914,0.0196832896,-0.3534661238,0.1155000000,-0.0000000000,0.7061338532,0.0000000000,0.5235987756,0.0000000000,1.0000000000,1.0000000000,0.0000000000,0.0000000000,0.0000000000,0.0000000000
0.0200000000,0.4196459640,0.2895532561,0.5258690422,-0.0353243802,-0.1406283542,-0.4701134451,0.4470410308,-0.1779366330,0.5435690560,-0.0380291500,0.0195401913,-0.3532634227,0.1155000000,-0.0000000000,0.7061338532,0.0000000000,0.5235987756,0.0000000000,1.0000000000,1.0000000000,0.0000000000,0.0000000000,0.0000000000,0.0000000000
0.0200000000,0.4196459640,0.2895532561,0.5258690422,-0.0353243802,-0.1406283542,-0.4701134451,0.4463460609,-0.1778519840,0.5434864732,-0.0371677410,0.0191804696,-0.3530803761,0.1155000000,-0.0000000000,0.7061338532,0.0000000000,0.5235987756,0.0000000000,1.0000000000,1.0000000000,0.0000000000,0.0000000000,0.0000000000,0.0000000000
0.0200000000,0.4196459640,0.2895532561,0.5258690422,-0.0353243802,-0.1406283542,-0.4701134451,0.4457466792,-0.1777801867,0.5434463581,-0.0362603293,0.0186160594,-0.3529129512,0.1155000000,-0.0000000000,0.7061338532,0.0000000000,0.5235987756,0.0000000000,1.0000000000,1.0000000000,0.0000000000,0.0000000000,0.0000000000,0.0000000000
0.0200000000,0.4196459640,0.2895532561,0.5258690422,-0.0353243802,-0.1406283542,-0.4701134451,0.4452602055,-0.1777072763,0.5434501292,-0.0353167763,0.0178734474,-0.3527344898,0.1155000000,-0.0000000000,0.7061338532,0.0000000000,0.5235987756,0.0000000000,1.0000000000,1.0000000000,0.0000000000,0.0000000000,0.0000000000,0.0000000000
0.0200000000,0.4196459640,0.2895532561,0.5258690422,-0.0353243802,-0.1406283542,-0.4701134451,0.4448630920,-0.1776202318,0.5434893671,-0.0343294753,0.0169954664,-0.3525210691,0.1155000000,-0.0000000000,0.7061338532,0.0000000000,0.5235987756,0.0000000000,1.0000000000,1.0000000000,0.0000000000,0.0000000000,0.0000000000,0.0000000000
0.0200000000,0.4196459640,0.2895532561,0.5258690422,-0.0353243802,-0.1406283542,-0.4701134451,0.4445243469,-0.1775166198,0.5435586535,-0.0332705188,0.0159786293,-0.3522676659,0.1155000000,-0.0000000000,0.7061338532,0.0000000000,0.5235987756,0.0000000000,1.0000000000,1.0000000000,0.0000000000,0.0000000000,0.0000000000,0.0000000000
0.0200000000,0.4196459640,0.2895532561,0.5258690422,-0.0353243802,-0.1406283542,-0.4701134451,0.4442031455,-0.1774081947,0.5436529197,-0.0321047621,0.0147880160,-0.3519965259,0.1155000000,-0.0000000000,0.7061338532,0.0000000000,0.5235987756,0.0000000000,1.0000000000,1.0000000000,0.0000000000,0.0000000000,0.0000000000,0.0000000000
0.0200000000,0.4196459640,0.2895532561,0.5258690422,-0.0353243802,-0.1406283542,-0.4701134451,0.4438568614,-0.1773229532,0.5437698261,-0.0307925380,0.0133480429,-0.3517610137,0.1155000000,-0.0000000000,0.7061338532,0.0000000000,0.5235987756,0.0000000000,1.0000000000,1.0000000000,0.0000000000,0.0000000000,0.0000000000,0.0000000000
0.0200000000,0.4196459640,0.2895532561,0.5258690422,-0.0353243802,-0.1406283542,-0.4701134451,0.4434484678,-0.1773041346,0.5439119609,-0.0292900395,0.0115369238,-0.3516435488,0.1155000000,-0.0000000000,0.7061338532,0.0000000000,0.5235987756,0.0000000000,1.0000000000,1.0000000000,0.0000000000,0.0000000000,0.0000000000,0.0000000000
0.0200000000,0.4196459640,0.2895532561,0.5258690422,-0.0353243802,-0.1406283542,-0.4701134451,0.4429730171,-0.1773762206,0.5440844795,-0.0275820988,0.0092821505,-0.3516915374,0.1155000000,-0.0000000000,0.7061338532,0.0000000000,0.5235987756,0.0000000000,1.0000000000,1.0000000000,0.0000000000,0.0000000000,0.0000000000,0.0000000000
0.0200000000,0.4196459640,0.2895532561,0.5258690422,-0.0353243802,-0.1406283542,-0.4701134451,0.4424428800,-0.1775465323,0.5443020380,-0.0256198647,0.0064768095,-0.3519161087,0.1155000000,-0.0000000000,0.7061338532,0.0000000000,0.5235987756,0.0000000000,1.0000000000,1.0000000000,0.0000000000,0.0000000000,0.0000000000,0.0000000000
0.0200000000,0.4196459640,0.2895532561,0.5258690422,-0.0353243802,-0.1406283542,-0.4701134451,0.4418914104,-0.1777944764,0.5445875536,-0.0233249430,0.0030055720,-0.3522718933,0.1155000000,-0.0000000000,0.7061338532,0.0000000000,0.5235987756,0.0000000000,1.0000000000,1.0000000000,0.0000000000,0.0000000000,0.0000000000,0.0000000000
0.0200000000,0.4196459640,0.2895532561,0.5258690422,-0.0353243802,-0.1406283542,-0.4701134451,0.4413763640,-0.1780703720,0.5449769733,-0.0205674163,-0.0012902187,-0.3526535617,0.1155000000,-0.0000000000,0.7061338532,0.0000000000,0.5235987756,0.0000000000,1.0000000000,1.0000000000,0.0000000000,0.0000000000,0.0000000000,0.0000000000
0.0200000000,0.4196459640,0.2895532561,0.5258690422,-0.0353243802,-0.1406283542,-0.4701134451,0.4409928675,-0.1782948247,0.5455235049,-0.0171639897,-0.0066288326,-0.3528946836,0.1155000000,-0.0000000000,0.7061338532,0.0000000000,0.5235987756,0.0000000000,1.0000000000,1.0000000000,0.0000000000,0.0000000000,0.0000000000,0.0000000000
0.0200000000,0.4196459640,0.2895532561,0.5258690422,-0.0353243802,-0.1406283542,-0.4701134451,0.4408300508,-0.1784027144,0.5462565926,-0.0130603539,-0.0130547738,-0.3528680646,0.1155000000,-0.0000000000,0.7061338532,0.0000000000,0.5235987756,0.0000000000,1.0000000000,1.0000000000,0.0000000000,0.0000000000,0.0000000000,0.0000000000
0.0200000000,0.4196459640,0.2895532561,0.5258690422,-0.0353243802,-0.1406283542,-0.4701134451,0.4409838280,-0.1783544500,0.5471987619,-0.0082731999,-0.0205680180,-0.3525022724,0.1155000000,-0.0000000000,0.7061338532,0.0000000000,0.5235987756,0.0000000000,1.0000000000,1.0000000000,0.0000000000,0.0000000000,0.0000000000,0.0000000000
0.0200000000,0.4196459640,0.2895532561,0.5258690422,-0.0353243802,-0.1406283542,-0.4701134451,0.4414962837,-0.1781588043,0.5483075410,-0.0031164833,-0.0287535204,-0.3518389194,0.1155000000,-0.0000000000,0.7061338532,0.0000000000,0.5235987756,0.0000000000,1.0000000000,1.0000000000,0.0000000000,0.0000000000,0.0000000000,0.0000000000
0.0200000000,0.4196459640,0.2895532561,0.5258690422,-0.0353243802,-0.1406283542,-0.4701134451,0.4423875305,-0.1778517519,0.5495633441,0.0022295553,-0.0374388921,-0.3509626999,0.1155000000,-0.0000000000,0.7061338532,0.0000000000,0.5235987756,0.0000000000,1.0000000000,1.0000000000,0.0000000000,0.0000000000,0.0000000000,0.0000000000
0.0200000000,0.4196459640,0.2895532561,0.5258690422,-0.0353243802,-0.1406283542,-0.4701134451,0.4436709968,-0.1774811249,0.5509691442,0.0077007016,-0.0466496370,-0.3499759351,0.1155000000,0.0000000000,0.7061338532,-0.0000000000,0.5235987756,-0.0000000000,1.0000000000,1.0000000000,0.0000000000,0.0000000000,0.0000000000,0.0000000000
0.0200000000,0.4196459640,0.2895532561,0.5258690422,-0.0353243802,-0.1406283542,-0.4701134451,0.4452910081,-0.1771075358,0.5524863094,0.0131201188,-0.0561804445,-0.3490133742,0.1155000000,-0.0000000000,0.7061338532,0.0000000000,0.5235987756,0.0000000000,1.0000000000,1.0000000000,0.0000000000,0.0000000000,0.0000000000,0.0000000000
0.0200000000,0.4196459640,0.2895532561,0.5258690422,-0.0353243802,-0.1406283542,-0.4701134451,0.4471645641,-0.1767898341,0.5540481212,0.0182205405,-0.0656417561,-0.3482050876,0.1155000000,-0.0000000000,0.7061338532,0.0000000000,0.5235987756,0.0000000000,1.0000000000,1.0000000000,0.0000000000,0.0000000000,0.0000000000,0.0000000000
0.0200000000,0.4196459640,0.2895532561,0.5258690422,-0.0353243802,-0.1406283542,-0.4701134451,0.4490704167,-0.1765936639,0.5554841874,0.0224525423,-0.0740473362,-0.3476951527,0.1155000000,-0.0000000000,0.7061338532,0.0000000000,0.5235987756,0.0000000000,1.0000000000,1.0000000000,0.0000000000,0.0000000000,0.0000000000,0.0000000000
0.0200000000,0.4196459640,0.2895532561,0.5258690422,-0.0353243802,-0.1406283542,-0.4701134451,0.4509502627,-0.1765428267,0.5567587029,0.0257322617,-0.0812321173,-0.3475222515,0.1155000000,-0.0000000000,0.7061338532,0.0000000000,0.5235987756,0.0000000000,1.0000000000,0.9973066177,0.0000000000,0.0000000000,0.0000000000,0.0000000000
0.0200000000,0.4196459640,0.2895532561,0.5258690422,-0.0353243802,-0.1406283542,-0.4701134451,0.4527520273,-0.1766531351,0.5578287630,0.0279393954,-0.0869644178,-0.3477087357,0.1155000000,-0.0000000000,0.7061338532,0.0000000000,0.5235987756,0.0000000000,1.0000000000,0.9306399510,0.0000000000,0.0000000000,0.0000000000,0.0000000000
0.0200000000,0.4196459640,0.2895532561,0.5258690422,-0.0353243802,-0.1406283542,-0.4701134451,0.4544085978,-0.1768969836,0.5586714911,0.0291140433,-0.0911652041,-0.3481880801,0.1155000000,-0.0000000000,0.7061338532,0.0000000000,0.5235987756,0.0000000000,1.0000000000,0.8639732844,0.0000000000,0.0000000000,0.0000000000,0.0000000000
0.0200000000,0.4196459640,0.2895532561,0.5258690422,-0.0353243802,-0.1406283542,-0.4701134451,0.4559267019,-0.1772462090,0.5593012697,0.0293535272,-0.0939314635,-0.3488962683,0.1155000000,0.0000000000,0.7061338532,-0.0000000000,0.5235987756,-0.0000000000,1.0000000000,0.7973066177,0.0000000000,0.0000000000,0.0000000000,0.0000000000
0.0200000000,0.4196459640,0.2895532561,0.5258690422,-0.0353243802,-0.1406283542,-0.4701134451,0.4573911104,-0.1776918303,0.5597674656,0.0287729371,-0.0955155710,-0.3498135840,0.1155000000,0.0000000000,0.7061338532,-0.0000000000,0.5235987756,-0.0000000000,1.0000000000,0.7306399510,0.0000000000,0.0000000000,0.0000000000,0.0000000000
0.0200000000,0.4196459640,0.2895532561,0.5258690422,-0.0353243802,-0.1406283542,-0.4701134451,0.4589102739,-0.1782385138,0.5601101937,0.0273735295,-0.0960559600,-0.3509366463,0.1155000000,-0.0000000000,0.7061338532,0.0000000000,0.5235987756,0.0000000000,1.0000000000,0.6639732844,0.0000000000,0.0000000000,0.0000000000,0.0000000000
0.0200000000,0.4196459640,0.2895532561,0.5258690422,-0.0353243802,-0.1406283542,-0.4701134451,0.4604379305,-0.1788453270,0.5603416239,0.0253167681,-0.0956961915,-0.3521558243,0.1155000000,-0.0000000000,0.7061338532,0.0000000000,0.5235987756,0.0000000000,1.0000000000,0.5973066177,0.0000000000,0.0000000000,0.0000000000,0.0000000000
0.0200000000,0.4196459640,0.2895532561,0.5258690422,-0.0353243802,-0.1406283542,-0.4701134451,0.4618666943,-0.1794355238,0.5604913176,0.0229896982,-0.0948092370,-0.3532806385,0.1155000000,-0.0000000000,0.7061338532,0.0000000000,0.5235987756,0.0000000000,1.0000000000,0.5306399510,0.0000000000,0.0000000000,0.0000000000,0.0000000000
0.0200000000,0.4196459640,0.2895532561,0.5258690422,-0.0353243802,-0.1406283542,-0.4701134451,0.4633322202,-0.1800498300,0.5606022729,0.0203209299,-0.0935336557,-0.3543702807,0.1155000000,0.0000000000,0.7061338532,-0.0000000000,0.5235987756,-0.0000000000,1.0000000000,0.4639732844,0.0000000000,0.0000000000,0.0000000000,0.0000000000
0.0200000000,0.4196459640,0.2895532561,0.5258690422,-0.0353243802,-0.1406283542,-0.4701134451,0.4648695429,-0.1806930341,0.5606960456,0.0173432500,-0.0919764467,-0.3554310760,0.1155000000,-0.0000000000,0.7061338532,0.0000000000,0.5235987756,0.0000000000,1.0000000000,0.3973066177,0.0000000000,0.0000000000,0.0000000000,0.0000000000
0.0200000000,0.4196459640,0.2895532561,0.5258690422,-0.0353243802,-0.1406283542,-0.4701134451,0.4664618242,-0.1813446632,0.5607876156,0.0141748074,-0.0902685784,-0.3564342600,0.1155000000,-0.0000000000,0.7061338532,0.0000000000,0.5235987756,0.0000000000,1.0000000000,0.3306399510,0.0000000000,0.0000000000,0.0000000000,0.0000000000
0.0200000000,0.4196459640,0.2895532561,0.5258690422,-0.0353243802,-0.1406283542,-0.4701134451,0.4680727753,-0.1819891503,0.5608782069,0.0109036357,-0.0884698957,-0.3573635195,0.1155000000,-0.0000000000,0.7061338532,0.0000000000,0.5235987756,0.0000000000,1.0000000000,0.2639732844,0.0000000000,0.0000000000,0.0000000000,0.0000000000
0.0200000000,0.4196459640,0.2895532561,0.5258690422,-0.0353243802,-0.1406283542,-0.4701134451,0.4694553387,-0.1825330234,0.5609639311,0.0081071049,-0.0869404653,-0.3581429294,0.1155000000,-0.0000000000,0.7061338532,0.0000000000,0.5235987756,0.0000000000,1.0000000000,0.1973066177,0.0000000000,0.0000000000,0.0000000000,0.0000000000
0.0200000000,0.4196459640,0.2895532561,0.5258690422,-0.0353243802,-0.1406283542,-0.4701134451,0.4705666104,-0.1829562799,0.5610397769,0.0058746103,-0.0857349169,-0.3587335524,0.1155000000,-0.0000000000,0.7061338532,0.0000000000,0.5235987756,0.0000000000,1.0000000000,0.1306399510,0.0000000000,0.0000000000,0.0000000000,0.0000000000
0.0200000000,0.4196459640,0.2895532561,0.5258690422,-0.0353243802,-0.1406283542,-0.4701134451,0.4715000962,-0.1832995108,0.5611079905,0.0040073063,-0.0847370474,-0.3591936814,0.1155000000,-0.0000000000,0.7061338532,0.0000000000,0.5235987756,0.0000000000,1.0000000000,0.0639732844,0.0000000000,0.0000000000,0.0000000000,0.0000000000
0.0200000000,0.4196459640,0.2895532561,0.5258690422,-0.0353243802,-0.1406283542,-0.4701134451,0.4723495494,-0.1836066091,0.5611739531,0.0023183920,-0.0838411615,-0.3596034334,0.1155000000,-0.0000000000,0.7061338532,0.0000000000,0.5235987756,0.0000000000,1.0000000000,0.0000000000,0.0000000000,0.0000000000,0.0000000000,0.0000000000
0.0200000000,0.4196459640,0.2895532561,0.5258690422,-0.0353243802,-0.1406283542,-0.4701134451,0.4731654480,-0.1839030715,0.5612407992,0.0007075930,-0.0829895255,-0.3600134067,0.1155000000,-0.0000000000,0.7061338532,0.0000000000,0.5235987756,0.0000000000,1.0000000000,0.0000000000,0.0000000000,0.0000000000,0.0000000000,0.0000000000
0.0200000000,0.4196459640,0.2895532561,0.5258690422,-0.0353243802,-0.1406283542,-0.4701134451,0.4738757467,-0.1841570976,0.5613022338,-0.0006845417,-0.0822607490,-0.3603645544,0.1155000000,-0.0000000000,0.7061338532,0.0000000000,0.5235987756,0.0000000000,1.0000000000,0.0000000000,0.0000000000,0.0000000000,0.0000000000,0.0000000000
0.0200000000,0.4196459640,0.2895532561,0.5258690422,-0.0353243802,-0.1406283542,-0.4701134451,0.4744969787,-0.1843738485,0.5613591044,-0.0018902350,-0.0816380208,-0.3606614912,0.1155000000,-0.0000000000,0.7061338532,0.0000000000,0.5235987756,0.0000000000,1.0000000000,0.0000000000,0.0000000000,0.0000000000,0.0000000000,0.0000000000
0.0200000000,0.4196459640,0.2895532561,0.5258690422,-0.0353243802,-0.1406283542,-0.4701134451,0.4750608478,-0.1845651904,0.5614137649,-0.0029714217,-0.0810878018,-0.3609214967,0.1155000000,-0.0000000000,0.7061338532,0.0000000000,0.5235987756,0.0000000000,1.0000000000,0.0000000000,0.0000000000,0.0000000000,0.0000000000,0.0000000000
0.0200000000,0.4196459640,0.2895532561,0.5258690422,-0.0353243802,-0.1406283542,-0.4701134451,0.4755993075,-0.1847430548,0.5614689128,-0.0039899965,-0.0805766413,-0.3611626189,0.1155000000,-0.0000000000,0.7061338532,0.0000000000,0.5235987756,0.0000000000,1.0000000000,0.0000000000,0.0000000000,0.0000000000,0.0000000000,0.0000000000
0.0200000000,0.4196459640,0.2895532561,0.5258690422,-0.0353243802,-0.1406283542,-0.4701134451,0.4761495378,-0.1849212560,0.5615280464,-0.0050173098,-0.0800660983,-0.3614064526,0.1155000000,-0.0000000000,0.7061338532,0.0000000000,0.5235987756,0.0000000000,1.0000000000,0.0000000000,0.0000000000,0.0000000000,0.0000000000,0.0000000000
0.0200000000,0.4196459640,0.2895532561,0.5258690422,-0.0353243802,-0.1406283542,-0.4701134451,0.4767426037,-0.1851123281,0.5615938988,-0.0061156688,-0.0795213298,-0.3616731496,0.1155000000,-0.0000000000,0.7061338532,0.0000000000,0.5235987756,0.0000000000,1.0000000000,0.0000000000,0.0000000000,0.0000000000,0.0000000000,0.0000000000
0.0200000000,0.4196459640,0.2895532561,0.5258690422,-0.0353243802,-0.1406283542,-0.4701134451,0.4773388935,-0.1853062018,0.5616607014,-0.0072224383,-0.0789697101,-0.3619478320,0.1155000000,-0.0000000000,0.7061338532,0.0000000000,0.5235987756,0.0000000000,1.0000000000,0.0000000000,0.0000000000,0.0000000000,0.0000000000,0.0000000000
0.0200000000,0.4196459640,0.2895532561,0.5258690422,-0.0353243802,-0.1406283542,-0.4701134451,0.4778727486,-0.1854821796,0.5617200708,-0.0082229270,-0.0784678791,-0.3621977255,0.1155000000,0.0000000000,0.7061338532,-0.0000000000,0.5235987756,-0.0000000000,1.0000000000,0.0000000000,0.0000000000,0.0000000000,0.0000000000,0.0000000000
0.0200000000,0.4196459640,0.2895532561,0.5258690422,-0.0353243802,-0.1406283542,-0.4701134451,0.4783818956,-0.1856489654,0.5617779127,-0.0091742010,-0.0779923500,-0.3624354775,0.1155000000,-0.0000000000,0.7061338532,0.0000000000,0.5235987756,0.0000000000,1.0000000000,0.0000000000,0.0000000000,0.0000000000,0.0000000000,0.0000000000
0.0200000000,0.4196459640,0.2895532561,0.5258690422,-0.0353243802,-0.1406283542,-0.4701134451,0.4789380583,-0.1858249126,0.5618453276,-0.0101891868,-0.0774936715,-0.3626895410,0.1155000000,-0.0000000000,0.7061338532,0.0000000000,0.5235987756,0.0000000000,1.0000000000,0.0000000000,0.0000000000,0.0000000000,0.0000000000,0.0000000000
0.0200000000,0.4196459640,0.2895532561,0.5258690422,-0.0353243802,-0.1406283542,-0.4701134451,0.4796020477,-0.1860262447,0.5619319264,-0.0113651602,-0.0769282752,-0.3629859383,0.1155000000,-0.0000000000,0.7061338532,0.0000000000,0.5235987756,0.0000000000,1.0000000000,0.0000000000,0.0000000000,0.0000000000,0.0000000000,0.0000000000
0.0200000000,0.4196459640,0.2895532561,0.5258690422,-0.0353243802,-0.1406283542,-0.4701134451,0.4804331787,-0.1862686129,0.5620477817,-0.0127957828,-0.0762545623,-0.3633508679,0.1155000000,-0.0000000000,0.7061338532,0.0000000000,0.5235987756,0.0000000000,1.0000000000,0.0000000000,0.0000000000,0.0000000000,0.0000000000,0.0000000000
0.0200000000,0.4196459640,0.2895532561,0.5258690422,-0.0353243802,-0.1406283542,-0.4701134451,0.4814928802,-0.1865684743,0.5622040497,-0.0145780457,-0.0754291559,-0.3638132297,0.1155000000,-0.0000000000,0.7061338532,0.0000000000,0.5235987756,0.0000000000,1.0000000000,0.0000000000,0.0000000000,0.0000000000,0.0000000000,0.0000000000
0.0200000000,0.4196459640,0.2895532561,0.5258690422,-0.0353243802,-0.1406283542,-0.4701134451,0.4828606936,-0.1869481778,0.5624154028,-0.0168420606,-0.0743920005,-0.3644126028,0.1155000000,-0.0000000000,0.7061338532,0.0000000000,0.5235987756,0.0000000000,1.0000000000,0.0000000000,0.0000000000,0.0000000000,0.0000000000,0.0000000000
0.0200000000,0.4196459640,0.2895532561,0.5258690422,-0.0353243802,-0.1406283542,-0.4701134451,0.4843852112,-0.1873673586,0.5626605835,-0.0193405509,-0.0732545007,-0.3650893430,0.1155000000,-0.0000000000,0.7061338532,0.0000000000,0.5235987756,0.0000000000,1.0000000000,0.0000000000,0.0000000000,0.0000000000,0.0000000000,0.0000000000
0.0200000000,0.4196459645,0.2895532561,0.5258690423,-0.0353243800,-0.1406283546,-0.4701134448,0.4857745756,-0.1877468205,0.5628923187,-0.0215988134,-0.0722319941,-0.3657148909,0.1155000000,-0.0000000000,0.7061338532,0.0000000000,0.5235987756,0.0000000000,1.0000000000,0.0000000000,0.0000000000,0.0000000000,0.0000000000,0.0000000000
0.0200000000,0.4196459746,0.2895532554,0.5258690445,-0.0353243756,-0.1406283621,-0.4701134387,0.4868776800,-0.1880438588,0.5630833763,-0.0233688725,-0.0714391718,-0.3662142097,0.1155000000,-0.0000000000,0.7061338532,0.0000000000,0.5235987756,0.0000000000,1.0000000000,0.0000000000,0.0000000000,0.0000000000,0.0000000000,0.0000000000
0.0200000000,0.4196460009,0.2895532537,0.5258690502,-0.0353243641,-0.1406283816,-0.4701134228,0.4877337385,-0.1882681215,0.5632379897,-0.0247139337,-0.0708485369,-0.3665986465,0.1155000000,-0.0000000000,0.7061338532,0.0000000000,0.5235987756,0.0000000000,1.0000000000,0.0000000000,0.0000000000,0.0000000000,0.0000000000,0.0000000000
0.0200000000,0.4196460333,0.2895532516,0.5258690573,-0.0353243499,-0.1406284057,-0.4701134032,0.4884090778,-0.1884379449,0.5633656410,-0.0257446782,-0.0704092205,-0.3668957900,0.1155000000,-0.0000000000,0.7061338532,0.0000000000,0.5235987756,0.0000000000,1.0000000000,0.0000000000,0.0000000000,0.0000000000,0.0000000000,0.0000000000
0.0200000000,0.4196460568,0.2895532500,0.5258690624,-0.0353243396,-0.1406284232,-0.4701133891,0.4889658217,-0.1885708132,0.5634759328,-0.0265649184,-0.0700731749,-0.3671333961,0.1155000000,-0.0000000000,0.7061338532,0.0000000000,0.5235987756,0.0000000000,1.0000000000,0.0000000000,0.0000000000,0.0000000000,0.0000000000,0.0000000000
0.0200000000,0.4196460584,0.2895532499,0.5258690628,-0.0353243388,-0.1406284244,-0.4701133880,0.4894843671,-0.1886901952,0.5635819238,-0.0273109028,-0.0697760815,-0.3673503516,0.1155000000,-0.0000000000,0.7061338532,0.0000000000,0.5235987756,0.0000000000,1.0000000000,0.0000000000,0.0000000000,0.0000000000,0.0000000000,0.0000000000
0.0200000000,0.4196460258,0.2895532521,0.5258690556,-0.0353243532,-0.1406284001,-0.4701134078,0.4900265013,-0.1888139985,0.5636941425,-0.0280863653,-0.0694692338,-0.3675770655,0.1155000000,-0.0000000000,0.7061338532,0.0000000000,0.5235987756,0.0000000000,1.0000000000,0.0000000000,0.0000000000,0.0000000000,0.0000000000,0.0000000000
0.0200000000,0.4196459495,0.2895532570,0.5258690390,-0.0353243866,-0.1406283435,-0.4701134538,0.4906482368,-0.1889586289,0.5638224770,-0.0289854718,-0.0691082404,-0.3678420072,0.1155000000,-0.0000000000,0.7061338532,0.0000000000,0.5235987756,0.0000000000,1.0000000000,0.0000000000,0.0000000000,0.0000000000,0.0000000000,0.0000000000
0.0200000000,0.4196458703,0.2895532622,0.5258690218,-0.0353244213,-0.1406282846,-0.4701135015,0.4913024329,-0.1891114856,0.5639586086,-0.0299323419,-0.0687278645,-0.3681233889,0.1155000000,-0.0000000000,0.7061338532,0.0000000000,0.5235987756,0.0000000000,1.0000000000,0.0000000000,0.0000000000,0.0000000000,0.0000000000,0.0000000000
0.0200000000,0.4196457942,0.2895532671,0.5258690052,-0.0353244547,-0.1406282281,-0.4701135473,0.4919445662,-0.1892593656,0.5640948738,-0.0308514055,-0.0683640351,-0.3683984689,0.1155000000,-0.0000000000,0.7061338532,0.0000000000,0.5235987756,0.0000000000,1.0000000000,0.0000000000,0.0000000000,0.0000000000,0.0000000000,0.0000000000
0.0200000000,0.4196456863,0.2895532742,0.5258689816,-0.0353245021,-0.1406281480,-0.4701136123,0.4925863684,-0.1894047252,0.5642336638,-0.0317594805,-0.0680094183,-0.3686719963,0.1155000000,-0.0000000000,0.7061338532,0.0000000000,0.5235987756,0.0000000000,1.0000000000,0.0000000000,0.0000000000,0.0000000000,0.0000000000,0.0000000000
0.0200000000,0.4196455129,0.2895532855,0.5258689438,-0.0353245781,-0.1406280192,-0.4701137168,0.4932407899,-0.1895502710,0.5643777671,-0.0326748283,-0.0676563200,-0.3689493187,0.1155000000,-0.0000000000,0.7061338532,0.0000000000,0.5235987756,0.0000000000,1.0000000000,0.0000000000,0.0000000000,0.0000000000,0.0000000000,0.0000000000
0.0200000000,0.4196452405,0.2895533033,0.5258688844,-0.0353246974,-0.1406278168,-0.4701138814,0.4939207593,-0.1896987266,0.5645300668,-0.0336156534,-0.0672970432,-0.3692359595,0.1155000000,-0.0000000000,0.7061338532,0.0000000000,0.5235987756,0.0000000000,1.0000000000,0.0000000000,0.0000000000,0.0000000000,0.0000000000,0.0000000000
0.0200000000,0.4196448278,0.2895533303,0.5258687944,-0.0353248783,-0.1406275084,-0.4701141304,0.4946395031,-0.1898528480,0.5646936498,-0.0346003325,-0.0669239090,-0.3695376886,0.1155000000,-0.0000000000,0.7061338532,0.0000000000,0.5235987756,0.0000000000,1.0000000000,0.0000000000,0.0000000000,0.0000000000,0.0000000000,0.0000000000
0.0200000000,0.4196440964,0.2895533807,0.5258686287,-0.0353252159,-0.1406268827,-0.4701145450,0.4953594330,-0.1900056248,0.5648601890,-0.0355779805,-0.0665579826,-0.3698399217,0.1155000000,-0.0000000000,0.7061338532,0.0000000000,0.5235987756,0.0000000000,1.0000000000,0.0000000000,0.0000000000,0.0000000000,0.0000000000,0.0000000000
0.0200000000,0.4196429911,0.2895534595,0.5258683711,-0.0353257461,-0.1406258437,-0.4701151399,0.4960296159,-0.1901473834,0.5650178860,-0.0364801778,-0.0662270793,-0.3701220769,0.1155000000,-0.0000000000,0.7061338532,0.0000000000,0.5235987756,0.0000000000,1.0000000000,0.0000000000,0.0000000000,0.0000000000,0.0000000000,0.0000000000
0.0200000000,0.4196418600,0.2895535389,0.5258681110,-0.0353262790,-0.1406248254,-0.4701157640,0.4967504829,-0.1902968452,0.5651898963,-0.0374416920,-0.0658760068,-0.3704240368,0.1155000000,-0.0000000000,0.7061338532,0.0000000000,0.5235987756,0.0000000000,1.0000000000,0.0000000000,0.0000000000,0.0000000000,0.0000000000,0.0000000000
0.0200000000,0.4196410736,0.2895535890,0.5258679435,-0.0353266118,-0.1406242918,-0.4701162572,0.4976308029,-0.1904744926,0.5654022004,-0.0386083346,-0.0654447914,-0.3707906098,0.1155000000,-0.0000000000,0.7061338532,0.0000000000,0.5235987756,0.0000000000,1.0000000000,0.0000000000,0.0000000000,0.0000000000,0.0000000000,0.0000000000
0.0200000000,0.4196409276,0.2895535847,0.5258679476,-0.0353265746,-0.1406246504,-0.4701165041,0.4987874449,-0.1907024809,0.5656841444,-0.0401355740,-0.0648699304,-0.3712719216,0.1155000000,-0.0000000000,0.7061338532,0.0000000000,0.5235987756,0.0000000000,1.0000000000,0.0000000000,0.0000000000,0.0000000000,0.0000000000,0.0000000000
0.0200000000,0.4196391578,0.2895536822,0.5258676098,-0.0353272137,-0.1406239585,-0.4701177861,0.5002670317,-0.1909889138,0.5660529702,-0.0420678060,-0.0641488399,-0.3718891157,0.1155000000,-0.0000000000,0.7061338532,0.0000000000,0.5235987756,0.0000000000,1.0000000000,0.0000000000,0.0000000000,0.0000000000,0.0000000000,0.0000000000
0.0200000000,0.4196423180,0.2895534124,0.5258684309,-0.0353254702,-0.1406280596,-0.4701164881,0.5018933687,-0.1913042316,0.5664596902,-0.0442205352,-0.0633058973,-0.3725825077,0.1155000000,-0.0000000000,0.7061338532,0.0000000000,0.5235987756,0.0000000000,1.0000000000,0.0000000000,0.0000000000,0.0000000000,0.0000000000,0.0000000000
0.0200000000,0.4196541162,0.2895524517,0.5258713188,-0.0353194818,-0.1406411106,-0.4701109096,0.5035958567,-0.1916362519,0.5668821938,-0.0465328579,-0.0623296782,-0.3733300627,0.1155000000,-0.0000000000,0.7061338532,0.0000000000,0.5235987756,0.0000000000,1.0000000000,0.0000000000,0.0000000000,0.0000000000,0.0000000000,0.0000000000
0.0200000000,0.4196966137,0.2895496556,0.5258808021,-0.0352995366,-0.1406750921,-0.4700857283,0.5053429988,-0.1919965229,0.5672964032,-0.0490722169,-0.0611125517,-0.3741495453,0.1155000000,-0.0000000000,0.7061338532,0.0000000000,0.5235987756,0.0000000000,1.0000000000,0.0000000000,0.0000000000,0.0000000000,0.0000000000,0.0000000000
0.0200000000,0.4197975167,0.2895439266,0.5259027074,-0.0352545862,-0.1407463605,-0.4700220086,0.5070788034,-0.1923937395,0.5676694839,-0.0518849855,-0.0595473399,-0.3750517299,0.1155000000,-0.0000000000,0.7061338532,0.0000000000,0.5235987756,0.0000000000,1.0000000000,0.0000000000,0.0000000000,0.0000000000,0.0000000000,0.0000000000
0.0200000000,0.4200335706,0.2895343670,0.5259538781,-0.0351609648,-0.1409068144,-0.4698685727,0.5086014644,-0.1928290848,0.5679126334,-0.0549312465,-0.0574964336,-0.3760121342,0.1155000000,-0.0000000000,0.7061338532,0.0000000000,0.5235987756,0.0000000000,1.0000000000,0.0000000000,0.0000000000,0.0000000000,0.0000000000,0.0000000000
0.0200000000,0.4204764753,0.2895201397,0.5260467760,-0.0351022525,-0.1411980442,-0.4696014576,0.5100069016,-0.1933565608,0.5680170596,-0.0585535318,-0.0546690116,-0.3771384970,0.1155000000,0.0000000000,0.7061338532,-0.0000000000,0.5235987756,-0.0000000000,1.0000000000,0.0000000000,0.0000000000,0.0000000000,0.0000000000,0.0000000000
0.0200000000,0.4210937690,0.2894990202,0.5261633648,-0.0352766174,-0.1415221975,-0.4692653431,0.5111813611,-0.1939382746,0.5679695743,-0.0624842175,-0.0512693892,-0.3783528640,0.1155000000,-0.0000000000,0.7061338532,0.0000000000,0.5235987756,0.0000000000,1.0000000000,0.0000000000,0.0000000000,0.0000000000,0.0000000000,0.0000000000
0.0200000000,0.4217737933,0.2894631287,0.5262616131,-0.0358936559,-0.1416519877,-0.4689366781,0.5120928468,-0.1945154723,0.5678086021,-0.0663618468,-0.0476763812,-0.3795481931,0.1155000000,0.0000000000,0.7061338532,-0.0000000000,0.5235987756,-0.0000000000,1.0000000000,0.0000000000,0.0000000000,0.0000000000,0.0000000000,0.0000000000
0.0200000000,0.4224431035,0.2894092690,0.5263247332,-0.0369122929,-0.1415126658,-0.4686460223,0.5128265363,-0.1950680527,0.5675882178,-0.0700877951,-0.0440771466,-0.3806997849,0.1155000000,-0.0000000000,0.7061338532,0.0000000000,0.5235987756,0.0000000000,1.0000000000,0.0000000000,0.0000000000,0.0000000000,0.0000000000,0.0000000000
0.0200000000,0.4230013603,0.2893404574,0.5263451423,-0.0381054151,-0.1411341497,-0.4684301343,0.5134090437,-0.1955438994,0.5673675875,-0.0733482978,-0.0408487153,-0.3817111770,0.1155000000,-0.0000000000,0.7061338532,0.0000000000,0.5235987756,0.0000000000,1.0000000000,0.0000000000,0.0000000000,0.0000000000,0.0000000000,0.0000000000
0.0200000000,0.4234666261,0.2892691839,0.5263446602,-0.0392851688,-0.1406746421,-0.4682659172,0.5138895820,-0.1959530507,0.5671633179,-0.0761877781,-0.0379969108,-0.3825978095,0.1155000000,-0.0000000000,0.7061338532,0.0000000000,0.5235987756,0.0000000000,1.0000000000,0.0000000000,0.0000000000,0.0000000000,0.0000000000,0.0000000000
0.0200000000,0.4238274078,0.2892040725,0.5263340411,-0.0403014407,-0.1402333979,-0.4681488917,0.5142834271,-0.1962852764,0.5669943455,-0.0785274312,-0.0356317927,-0.3833336709,0.1155000000,-0.0000000000,0.7061338532,0.0000000000,0.5235987756,0.0000000000,1.0000000000,0.0000000000,0.0000000000,0.0000000000,0.0000000000,0.0000000000
0.0200000000,0.4241069142,0.2891418115,0.5263120742,-0.0412244213,-0.1397794058,-0.4680702637,0.5146092770,-0.1965595310,0.5668481297,-0.0805028401,-0.0336122584,-0.3839553648,0.1155000000,-0.0000000000,0.7061338532,0.0000000000,0.5235987756,0.0000000000,1.0000000000,0.0000000000,0.0000000000,0.0000000000,0.0000000000,0.0000000000
0.0200000000,0.4243616534,0.2890797341,0.5262850612,-0.0421331605,-0.1393048857,-0.4680024983,0.5149307075,-0.1968230019,0.5667065792,-0.0824335135,-0.0316290153,-0.3845656516,0.1155000000,-0.0000000000,0.7061338532,0.0000000000,0.5235987756,0.0000000000,1.0000000000,0.0000000000,0.0000000000,0.0000000000,0.0000000000,0.0000000000
0.0200000000,0.4245939162,0.2890204521,0.5262583160,-0.0429834956,-0.1388544277,-0.4679443487,0.5152320029,-0.1970679439,0.5665759126,-0.0842336590,-0.0297783114,-0.3851408204,0.1155000000,0.0000000000,0.7061338532,-0.0000000000,0.5235987756,-0.0000000000,1.0000000000,0.0000000000,0.0000000000,0.0000000000,0.0000000000,0.0000000000
0.0200000000,0.4248002751,0.2889615120,0.5262264574,-0.0438164344,-0.1383851439,-0.4678975400,0.5155266616,-0.1973005398,0.5664503635,-0.0859779773,-0.0279750089,-0.3856995231,0.1155000000,-0.0000000000,0.7061338532,0.0000000000,0.5235987756,0.0000000000,1.0000000000,0.0000000000,0.0000000000,0.0000000000,0.0000000000,0.0000000000
0.0200000000,0.4250081527,0.2888955498,0.5261811557,-0.0447766269,-0.1377911948,-0.4678487412,0.5158904577,-0.1975670649,0.5663058066,-0.0880569918,-0.0258113427,-0.3863622978,0.1155000000,-0.0000000000,0.7061338532,0.0000000000,0.5235987756,0.0000000000,1.0000000000,0.0000000000,0.0000000000,0.0000000000,0.0000000000,0.0000000000
0.0200000000,0.4252454613,0.2888137494,0.5261152125,-0.0460030138,-0.1369799007,-0.4677897537,0.5163840540,-0.1979085742,0.5661214055,-0.0907995990,-0.0229439358,-0.3872398491,0.1155000000,-0.0000000000,0.7061338532,0.0000000000,0.5235987756,0.0000000000,1.0000000000,0.0000000000,0.0000000000,0.0000000000,0.0000000000,0.0000000000
0.0200000000,0.4254970188,0.2887209910,0.5260320593,-0.0474256694,-0.1359943024,-0.4677244895,0.5169796532,-0.1983061882,0.5659083958,-0.0940542829,-0.0195316711,-0.3882900406,0.1155000000,-0.0000000000,0.7061338532,0.0000000000,0.5235987756,0.0000000000,1.0000000000,0.0000000000,0.0000000000,0.0000000000,0.0000000000,0.0000000000
0.0200000000,0.4256847358,0.2886467354,0.5259451939,-0.0487078101,-0.1350117116,-0.4676543173,0.5175875758,-0.1986797081,0.5657107010,-0.0972520297,-0.0161698014,-0.3893109037,0.1155000000,0.0000000000,0.7061338532,-0.0000000000,0.5235987756,-0.0000000000,1.0000000000,0.0000000000,0.0000000000,0.0000000000,0.0000000000,0.0000000000
0.0200000000,0.4258078777,0.2885919370,0.5258563125,-0.0498308884,-0.1340499382,-0.4675795884,0.5181973751,-0.1990237071,0.5655311711,-0.1003416674,-0.0129130388,-0.3902853050,0.1155000000,0.0000000000,0.7061338532,-0.0000000000,0.5235987756,-0.0000000000,1.0000000000,0.0000000000,0.0000000000,0.0000000000,0.0000000000,0.0000000000
0.0200000000,0.4258736184,0.2885612725,0.5257601176,-0.0508546744,-0.1330334000,-0.4674762089,0.5188707129,-0.1993684999,0.5653541525,-0.1036285869,-0.0094530626,-0.3912828183,0.1155000000,-0.0000000000,0.7061338532,0.0000000000,0.5235987756,0.0000000000,1.0000000000,0.0000000000,0.0000000000,0.0000000000,0.0000000000,0.0000000000
0.0200000000,0.4258811664,0.2885578469,0.5256556372,-0.0517830785,-0.1319459890,-0.4673356168,0.5196224835,-0.1997201222,0.5651772393,-0.1071834610,-0.0057203536,-0.3923189936,0.1155000000,-0.0000000000,0.7061338532,0.0000000000,0.5235987756,0.0000000000,1.0000000000,0.0000000000,0.0000000000,0.0000000000,0.0000000000,0.0000000000
0.0200000000,0.4258153493,0.2885983075,0.5255481961,-0.0525221650,-0.1308258680,-0.4671356423,0.5204257661,-0.2000487977,0.5650127828,-0.1108411987,-0.0018861476,-0.3933093426,0.1155000000,-0.0000000000,0.7061338532,0.0000000000,0.5235987756,0.0000000000,1.0000000000,0.0000000000,0.0000000000,0.0000000000,0.0000000000,0.0000000000
0.0200000000,0.4256768029,0.2886865997,0.5254430156,-0.0530271926,-0.1297175890,-0.4668735411,0.5212418821,-0.2003316036,0.5648700418,-0.1144143295,0.0018594127,-0.3941905973,0.1155000000,-0.0000000000,0.7061338532,0.0000000000,0.5235987756,0.0000000000,1.0000000000,0.0000000000,0.0000000000,0.0000000000,0.0000000000,0.0000000000
0.0200000000,0.4255156841,0.2887994364,0.5253550715,-0.0533150360,-0.1287626784,-0.4665923378,0.5219305596,-0.2005243338,0.5647653041,-0.1173234649,0.0049371893,-0.3948405109,0.1155000000,0.0000000000,0.7061338532,-0.0000000000,0.5235987756,-0.0000000000,1.0000000000,0.0000000000,0.0000000000,0.0000000000,0.0000000000,0.0000000000
0.0200000000,0.4253297163,0.2889396164,0.5252760349,-0.0534518190,-0.1278714483,-0.4662756103,0.5225362439,-0.2006413784,0.5646857221,-0.1197797877,0.0075873631,-0.3953106135,0.1155000000,-0.0000000000,0.7061338532,0.0000000000,0.5235987756,0.0000000000,1.0000000000,0.0000000000,0.0000000000,0.0000000000,0.0000000000,0.0000000000
0.0200000000,0.4251193162,0.2891088524,0.5251985015,-0.0535039652,-0.1269621574,-0.4659090340,0.5230947941,-0.2006945873,0.5646201519,-0.1219602815,0.0100153593,-0.3956494372,0.1155000000,-0.0000000000,0.7061338532,0.0000000000,0.5235987756,0.0000000000,1.0000000000,0.0000000000,0.0000000000,0.0000000000,0.0000000000,0.0000000000
0.0200000000,0.4248814827,0.2893116873,0.5251190061,-0.0534939726,-0.1259922256,-0.4654792510,0.5235773134,-0.2006582566,0.5645644856,-0.1237693706,0.0121716884,-0.3958048301,0.1155000000,0.0000000000,0.7061338532,-0.0000000000,0.5235987756,-0.0000000000,1.0000000000,0.0000000000,0.0000000000,0.0000000000,0.0000000000,0.0000000000
0.0200000000,0.4246191786,0.2895467634,0.5250366787,-0.0534390013,-0.1249508888,-0.4649860833,0.5239423013,-0.2005083452,0.5645157732,-0.1250663830,0.0139507786,-0.3957196679,0.1155000000,-0.0000000000,0.7061338532,0.0000000000,0.5235987756,0.0000000000,1.0000000000,0.0000000000,0.0000000000,0.0000000000,0.0000000000,0.0000000000
0.0200000000,0.4243578326,0.2897886877,0.5249544379,-0.0533881557,-0.1238906361,-0.4644754613,0.5241245663,-0.2002406903,0.5644667138,-0.1256803996,0.0151885502,-0.3953645732,0.1155000000,-0.0000000000,0.7061338532,0.0000000000,0.5235987756,0.0000000000,1.0000000000,0.0000000000,0.0000000000,0.0000000000,0.0000000000,0.0000000000
0.0200000000,0.4241113230,0.2900212289,0.5248740318,-0.0533649738,-0.1228467342,-0.4639776134,0.5241058500,-0.1998665983,0.5644112129,-0.1255972427,0.0158640161,-0.3947553330,0.1155000000,-0.0000000000,0.7061338532,0.0000000000,0.5235987756,0.0000000000,1.0000000000,0.0000000000,0.0000000000,0.0000000000,0.0000000000,0.0000000000
0.0200000000,0.4238916504,0.2902288484,0.5247965009,-0.0533914436,-0.1218475953,-0.4635207476,0.5238725898,-0.1994015564,0.5643405700,-0.1248448076,0.0159937986,-0.3939145166,0.1155000000,0.0000000000,0.7061338532,-0.0000000000,0.5235987756,-0.0000000000,1.0000000000,0.0000000000,0.0000000000,0.0000000000,0.0000000000,0.0000000000
0.0200000000,0.4237060049,0.2904017853,0.5247222892,-0.0534803196,-0.1209091112,-0.4631220311,0.5234219896,-0.1988621387,0.5642478201,-0.1234852093,0.0156167690,-0.3928623485,0.1155000000,-0.0000000000,0.7061338532,0.0000000000,0.5235987756,0.0000000000,1.0000000000,0.0016868075,0.0000000000,0.0000000000,0.0000000000,0.0000000000
0.0200000000,0.4235713172,0.2905212357,0.5246532458,-0.0536577367,-0.1200685091,-0.4628143793,0.5227430997,-0.1982803177,0.5641221201,-0.1216161037,0.0147574242,-0.3916161814,0.1155000000,-0.0000000000,0.7061338532,0.0000000000,0.5235987756,0.0000000000,1.0000000000,0.0683534741,0.0000000000,0.0000000000,0.0000000000,0.0000000000
0.0200000000,0.4234945967,0.2905826313,0.5245891858,-0.0539444854,-0.1193256793,-0.4626037260,0.5218783183,-0.1976970801,0.5639640314,-0.1194263852,0.0135302095,-0.3902467462,0.1155000000,0.0000000000,0.7061338532,-0.0000000000,0.5235987756,-0.0000000000,1.0000000000,0.1350201408,0.0000000000,0.0000000000,0.0000000000,0.0000000000
0.0200000000,0.4234831628,0.2905826019,0.5245313480,-0.0543523034,-0.1186933448,-0.4624960841,0.5208758481,-0.1971530390,0.5637795837,-0.1170670596,0.0120331312,-0.3888530062,0.1155000000,-0.0000000000,0.7061338532,0.0000000000,0.5235987756,0.0000000000,1.0000000000,0.2016868075,0.0000000000,0.0000000000,0.0000000000,0.0000000000
0.0200000000,0.4235345708,0.2905292661,0.5244800705,-0.0548754361,-0.1181625683,-0.4624768728,0.5197931680,-0.1966787686,0.5635789722,-0.1146628216,0.0103730471,-0.3875419929,0.1155000000,-0.0000000000,0.7061338532,0.0000000000,0.5235987756,0.0000000000,1.0000000000,0.2683534741,0.0000000000,0.0000000000,0.0000000000,0.0000000000
0.0200000000,0.4236418789,0.2904340416,0.5244340693,-0.0555079327,-0.1177042863,-0.4625235004,0.5186500036,-0.1962782552,0.5633666784,-0.1122354908,0.0085910027,-0.3863548495,0.1155000000,-0.0000000000,0.7061338532,0.0000000000,0.5235987756,0.0000000000,1.0000000000,0.3350201408,0.0000000000,0.0000000000,0.0000000000,0.0000000000
0.0200000000,0.4237754302,0.2903259655,0.5243952951,-0.0561537246,-0.1173160047,-0.4625936498,0.5175366118,-0.1959720322,0.5631614526,-0.1099489751,0.0068229122,-0.3853744894,0.1155000000,-0.0000000000,0.7061338532,0.0000000000,0.5235987756,0.0000000000,1.0000000000,0.4016868075,0.0000000000,0.0000000000,0.0000000000,0.0000000000
0.0200000000,0.4239136226,0.2902202451,0.5243632212,-0.0567561406,-0.1169869037,-0.4626657855,0.5164605374,-0.1957415986,0.5629667982,-0.1077886642,0.0050724977,-0.3845646068,0.1155000000,-0.0000000000,0.7061338532,0.0000000000,0.5235987756,0.0000000000,1.0000000000,0.4683534741,0.0000000000,0.0000000000,0.0000000000,0.0000000000
0.0200000000,0.4240350631,0.2901307884,0.5243378377,-0.0572544171,-0.1167148933,-0.4627220550,0.5154178821,-0.1955701527,0.5627851315,-0.1057155816,0.0033132499,-0.3838861851,0.1155000000,0.0000000000,0.7061338532,-0.0000000000,0.5235987756,-0.0000000000,1.0000000000,0.5350201408,0.0000000000,0.0000000000,0.0000000000,0.0000000000
0.0200000000,0.4241268747,0.2900645981,0.5243196849,-0.0576128188,-0.1165112335,-0.4627584047,0.5144173624,-0.1954485137,0.5626213903,-0.1037181570,0.0015339200,-0.3833196160,0.1155000000,-0.0000000000,0.7061338532,0.0000000000,0.5235987756,0.0000000000,1.0000000000,0.6016868075,0.0000000000,0.0000000000,0.0000000000,0.0000000000
0.0200000000,0.4241859341,0.2900227896,0.5243083456,-0.0578299153,-0.1163760498,-0.4627756136,0.5134686943,-0.1953688397,0.5624797452,-0.1017925417,-0.0002683413,-0.3828490159,0.1155000000,-0.0000000000,0.7061338532,0.0000000000,0.5235987756,0.0000000000,1.0000000000,0.6683534741,0.0000000000,0.0000000000,0.0000000000,0.0000000000
0.0200000000,0.4242149951,0.2900021809,0.5243026271,-0.0579326549,-0.1163051287,-0.4627815069,0.5125954989,-0.1953207755,0.5623690570,-0.0999447908,-0.0020909441,-0.3824557555,0.1155000000,-0.0000000000,0.7061338532,0.0000000000,0.5235987756,0.0000000000,1.0000000000,0.7350201408,0.0000000000,0.0000000000,0.0000000000,0.0000000000
0.0200000000,0.4242271044,0.2899938283,0.5243002186,-0.0579705216,-0.1162719764,-0.4627810179,0.5117911209,-0.1952935519,0.5622858882,-0.0981646989,-0.0039233039,-0.3821172143,0.1155000000,-0.0000000000,0.7061338532,0.0000000000,0.5235987756,0.0000000000,1.0000000000,0.8016868075,0.0000000000,0.0000000000,0.0000000000,0.0000000000
0.0200000000,0.4242328276,0.2899903715,0.5242992162,-0.0579856114,-0.1162558000,-0.4627791349,0.5110599517,-0.1952780316,0.5622309786,-0.0964506282,-0.0057559198,-0.3818155943,0.1155000000,-0.0000000000,0.7061338532,0.0000000000,0.5235987756,0.0000000000,1.0000000000,0.8683534741,0.0000000000,0.0000000000,0.0000000000,0.0000000000
0.0200000000,0.4242362714,0.2899892668,0.5242986107,-0.0579917762,-0.1162423054,-0.4627744078,0.5103913602,-0.1952700892,0.5622005214,-0.0947889708,-0.0075908728,-0.3815404236,0.1155000000,-0.0000000000,0.7061338532,0.0000000000,0.5235987756,0.0000000000,1.0000000000,0.9350201408,0.0000000000,0.0000000000,0.0000000000,0.0000000000
0.0200000000,0.4242428214,0.2899873656,0.5242974901,-0.0580046282,-0.1162172724,-0.4627656337,0.5097752433,-0.1952653112,0.5621942225,-0.0931485515,-0.0094573187,-0.3812782900,0.1155000000,-0.0000000000,0.7061338532,0.0000000000,0.5235987756,0.0000000000,1.0000000000,1.0000000000,0.0000000000,0.0000000000,0.0000000000,0.0000000000
0.0200000000,0.4242518782,0.2899843730,0.5242951956,-0.0580311127,-0.1161766404,-0.4627541389,0.5092252761,-0.1952630107,0.5622078189,-0.0915876052,-0.0112784672,-0.3810364860,0.1155000000,-0.0000000000,0.7061338532,0.0000000000,0.5235987756,0.0000000000,1.0000000000,1.0000000000,0.0000000000,0.0000000000,0.0000000000,0.0000000000
0.0200000000,0.4242635374,0.2899793956,0.5242910439,-0.0580797665,-0.1161161387,-0.4627418673,0.5087507699,-0.1952603754,0.5622307174,-0.0901851911,-0.0129363155,-0.3808209748,0.1155000000,0.0000000000,0.7061338532,-0.0000000000,0.5235987756,-0.0000000000,1.0000000000,1.0000000000,0.0000000000,0.0000000000,0.0000000000,0.0000000000
0.0200000000,0.4242776898,0.2899727446,0.5242853168,-0.0581472086,-0.1160378988,-0.4627283436,0.5083531422,-0.1952578235,0.5622641596,-0.0889360214,-0.0144408149,-0.3806309028,0.1155000000,-0.0000000000,0.7061338532,0.0000000000,0.5235987756,0.0000000000,1.0000000000,1.0000000000,0.0000000000,0.0000000000,0.0000000000,0.0000000000
0.0200000000,0.4242943785,0.2899634037,0.5242768106,-0.0582472833,-0.1159328839,-0.4627153919,0.5079942936,-0.1952549658,0.5623065231,-0.0877452083,-0.0158970273,-0.3804509425,0.1155000000,-0.0000000000,0.7061338532,0.0000000000,0.5235987756,0.0000000000,1.0000000000,1.0000000000,0.0000000000,0.0000000000,0.0000000000,0.0000000000
0.0200000000,0.4243139445,0.2899501366,0.5242640984,-0.0583969061,-0.1157898732,-0.4627049176,0.5076353511,-0.1952512505,0.5623557308,-0.0865201814,-0.0174067149,-0.3802658659,0.1155000000,-0.0000000000,0.7061338532,0.0000000000,0.5235987756,0.0000000000,1.0000000000,1.0000000000,0.0000000000,0.0000000000,0.0000000000,0.0000000000
0.0200000000,0.4243375128,0.2899329543,0.5242471312,-0.0585985682,-0.1156060969,-0.4626955673,0.5072859125,-0.1952470990,0.5624134887,-0.0852792405,-0.0189575993,-0.3800766717,0.1155000000,-0.0000000000,0.7061338532,0.0000000000,0.5235987756,0.0000000000,1.0000000000,1.0000000000,0.0000000000,0.0000000000,0.0000000000,0.0000000000
0.0200000000,0.4243631269,0.2899122189,0.5242264744,-0.0588423515,-0.1153897271,-0.4626889341,0.5069498097,-0.1952419932,0.5624782508,-0.0840370889,-0.0205208606,-0.3798892958,0.1155000000,-0.0000000000,0.7061338532,0.0000000000,0.5235987756,0.0000000000,1.0000000000,1.0000000000,0.0000000000,0.0000000000,0.0000000000,0.0000000000
0.0200000000,0.4243888991,0.2898876319,0.5242019836,-0.0591261670,-0.1151434775,-0.4626876040,0.5066244014,-0.1952351054,0.5625485034,-0.0827903945,-0.0220868770,-0.3797071427,0.1155000000,-0.0000000000,0.7061338532,0.0000000000,0.5235987756,0.0000000000,1.0000000000,1.0000000000,0.0000000000,0.0000000000,0.0000000000,0.0000000000
0.0200000000,0.4244149360,0.2898630381,0.5241769612,-0.0594207018,-0.1148937803,-0.4626876733,0.5063312254,-0.1952291128,0.5626149311,-0.0816554659,-0.0235235197,-0.3795412415,0.1155000000,-0.0000000000,0.7061338532,0.0000000000,0.5235987756,0.0000000000,1.0000000000,1.0000000000,0.0000000000,0.0000000000,0.0000000000,0.0000000000
0.0200000000,0.4244419253,0.2898388186,0.5241516862,-0.0597248000,-0.1146414913,-0.4626879712,0.5060734227,-0.1952244707,0.5626771997,-0.0806436993,-0.0248223675,-0.3793908053,0.1155000000,-0.0000000000,0.7061338532,0.0000000000,0.5235987756,0.0000000000,1.0000000000,1.0000000000,0.0000000000,0.0000000000,0.0000000000,0.0000000000
0.0200000000,0.4244677618,0.2898038534,0.5241166734,-0.0601201237,-0.1143144275,-0.4627022383,0.5057912377,-0.1952129407,0.5627596124,-0.0794362097,-0.0263323332,-0.3792300040,0.1155000000,-0.0000000000,0.7061338532,0.0000000000,0.5235987756,0.0000000000,1.0000000000,1.0000000000,0.0000000000,0.0000000000,0.0000000000,0.0000000000
0.0200000000,0.4244909606,0.2897483056,0.5240635362,-0.0606796231,-0.1138477546,-0.4627422433,0.5054235627,-0.1951872930,0.5628845617,-0.0777264363,-0.0283897942,-0.3790362647,0.1155000000,-0.0000000000,0.7061338532,0.0000000000,0.5235987756,0.0000000000,1.0000000000,1.0000000000,0.0000000000,0.0000000000,0.0000000000,0.0000000000
0.0200000000,0.4245153503,0.2896691974,0.5239888972,-0.0614470607,-0.1132074574,-0.4628084293,0.5049489452,-0.1951464865,0.5630591064,-0.0754186285,-0.0311057679,-0.3788079392,0.1155000000,-0.0000000000,0.7061338532,0.0000000000,0.5235987756,0.0000000000,1.0000000000,1.0000000000,0.0000000000,0.0000000000,0.0000000000,0.0000000000
0.0200000000,0.4245291734,0.2895720545,0.5239000782,-0.0623180579,-0.1124721641,-0.4629043986,0.5044101550,-0.1950923885,0.5632718035,-0.0727005566,-0.0342597644,-0.3785595826,0.1155000000,-0.0000000000,0.7061338532,0.0000000000,0.5235987756,0.0000000000,1.0000000000,1.0000000000,0.0000000000,0.0000000000,0.0000000000,0.0000000000
0.0200000000,0.4245034450,0.2894548966,0.5238010007,-0.0631667487,-0.1117237043,-0.4630556628,0.5038313512,-0.1950179006,0.5635272080,-0.0695930369,-0.0377832530,-0.3782927403,0.1155000000,-0.0000000000,0.7061338532,0.0000000000,0.5235987756,0.0000000000,1.0000000000,1.0000000000,0.0000000000,0.0000000000,0.0000000000,0.0000000000
0.0200000000,0.4244453452,0.2893276553,0.5236993195,-0.0639422423,-0.1110106659,-0.4632450759,0.5032456206,-0.1949318777,0.5638047818,-0.0663304586,-0.0414478616,-0.3780162055,0.1155000000,0.0000000000,0.7061338532,-0.0000000000,0.5235987756,-0.0000000000,1.0000000000,1.0000000000,0.0000000000,0.0000000000,0.0000000000,0.0000000000
0.0200000000,0.4243794727,0.2892247449,0.5236214132,-0.0644683504,-0.1105009978,-0.4634130857,0.5027731945,-0.1948638529,0.5640311628,-0.0637283892,-0.0444401882,-0.3777529197,0.1155000000,-0.0000000000,0.7061338532,0.0000000000,0.5235987756,0.0000000000,1.0000000000,1.0000000000,0.0000000000,0.0000000000,0.0000000000,0.0000000000
0.0200000000,0.4243038253,0.2891426253,0.5235644150,-0.0647657281,-0.1101757125,-0.4635650231,0.5024017294,-0.1948103994,0.5642130765,-0.0617006997,-0.0468460799,-0.3774936283,0.1155000000,-0.0000000000,0.7061338532,0.0000000000,0.5235987756,0.0000000000,1.0000000000,1.0000000000,0.0000000000,0.0000000000,0.0000000000,0.0000000000
0.0200000000,0.4242165452,0.2890673281,0.5235165386,-0.0649384662,-0.1099438086,-0.4637180314,0.5020549674,-0.1947590714,0.5643829293,-0.0598407474,-0.0491135390,-0.3772086420,0.1155000000,-0.0000000000,0.7061338532,0.0000000000,0.5235987756,0.0000000000,1.0000000000,1.0000000000,0.0000000000,0.0000000000,0.0000000000,0.0000000000
0.0200000000,0.4241177779,0.2889892486,0.5234693877,-0.0650656218,-0.1097377423,-0.4638828695,0.5016790544,-0.1947030900,0.5645632977,-0.0578717446,-0.0515585625,-0.3768785992,0.1155000000,-0.0000000000,0.7061338532,0.0000000000,0.5235987756,0.0000000000,1.0000000000,1.0000000000,0.0000000000,0.0000000000,0.0000000000,0.0000000000
0.0200000000,0.4240070712,0.2889124491,0.5234265708,-0.0651122457,-0.1095872432,-0.4640552445,0.5012978293,-0.1946468931,0.5647444690,-0.0559207804,-0.0540491120,-0.3765077532,0.1155000000,-0.0000000000,0.7061338532,0.0000000000,0.5235987756,0.0000000000,1.0000000000,1.0000000000,0.0000000000,0.0000000000,0.0000000000,0.0000000000
0.0200000000,0.4238811196,0.2888357749,0.5233882668,-0.0650640333,-0.1094993599,-0.4642387245,0.5008931548,-0.1945802507,0.5649317623,-0.0538903344,-0.0566546933,-0.3760940903,0.1155000000,-0.0000000000,0.7061338532,0.0000000000,0.5235987756,0.0000000000,1.0000000000,1.0000000000,0.0000000000,0.0000000000,0.0000000000,0.0000000000
0.0200000000,0.4237359438,0.2887571136,0.5233538536,-0.0649132076,-0.1094761549,-0.4644387559,0.5004468961,-0.1944963892,0.5651324455,-0.0516834567,-0.0594689204,-0.3756308603,0.1155000000,0.0000000000,0.7061338532,-0.0000000000,0.5235987756,-0.0000000000,1.0000000000,1.0000000000,0.0000000000,0.0000000000,0.0000000000,0.0000000000
0.0200000000,0.4235719868,0.2886765767,0.5233232692,-0.0646625707,-0.1095163029,-0.4646549416,0.4999623171,-0.1943973019,0.5653460563,-0.0493163864,-0.0624805149,-0.3751206678,0.1155000000,-0.0000000000,0.7061338532,0.0000000000,0.5235987756,0.0000000000,1.0000000000,1.0000000000,0.0000000000,0.0000000000,0.0000000000,0.0000000000
0.0200000000,0.4233924523,0.2885973158,0.5232988346,-0.0642972352,-0.1096312208,-0.4648800762,0.4994393409,-0.1942769031,0.5655655068,-0.0468147870,-0.0656178766,-0.3745724117,0.1155000000,-0.0000000000,0.7061338532,0.0000000000,0.5235987756,0.0000000000,1.0000000000,1.0000000000,0.0000000000,0.0000000000,0.0000000000,0.0000000000
0.0200000000,0.4231969569,0.2885213972,0.5232831126,-0.0637878745,-0.1098410312,-0.4651111635,0.4988707701,-0.1941260153,0.5657877198,-0.0441608372,-0.0688568979,-0.3739887883,0.1155000000,-0.0000000000,0.7061338532,0.0000000000,0.5235987756,0.0000000000,1.0000000000,1.0000000000,0.0000000000,0.0000000000,0.0000000000,0.0000000000
0.0200000000,0.4229879245,0.2884484759,0.5232747536,-0.0631573992,-0.1101303939,-0.4653469898,0.4982616908,-0.1939499031,0.5660123340,-0.0413788192,-0.0721859006,-0.3733753389,0.1155000000,-0.0000000000,0.7061338532,0.0000000000,0.5235987756,0.0000000000,1.0000000000,1.0000000000,0.0000000000,0.0000000000,0.0000000000,0.0000000000
0.0200000000,0.4227725574,0.2883822292,0.5232748330,-0.0624168528,-0.1104927543,-0.4655764488,0.4976143139,-0.1937470347,0.5662294890,-0.0385234183,-0.0755139506,-0.3727414992,0.1155000000,-0.0000000000,0.7061338532,0.0000000000,0.5235987756,0.0000000000,1.0000000000,1.0000000000,0.0000000000,0.0000000000,0.0000000000,0.0000000000
0.0200000000,0.4225535443,0.2883229807,0.5232831903,-0.0615765262,-0.1109224842,-0.4657973874,0.4969375900,-0.1935207751,0.5664373898,-0.0356291069,-0.0788034680,-0.3720969578,0.1155000000,-0.0000000000,0.7061338532,0.0000000000,0.5235987756,0.0000000000,1.0000000000,1.0000000000,0.0000000000,0.0000000000,0.0000000000,0.0000000000
0.0200000000,0.4223201163,0.2882717649,0.5233019267,-0.0605804477,-0.1114499813,-0.4660146682,0.4961779678,-0.1932498548,0.5666404325,-0.0325262943,-0.0822099194,-0.3713984819,0.1155000000,-0.0000000000,0.7061338532,0.0000000000,0.5235987756,0.0000000000,1.0000000000,1.0000000000,0.0000000000,0.0000000000,0.0000000000,0.0000000000
0.0200000000,0.4220570049,0.2882297955,0.5233349968,-0.0593372663,-0.1121269044,-0.4662356389,0.4952587832,-0.1929027853,0.5668459024,-0.0289679457,-0.0859552700,-0.3705890151,0.1155000000,-0.0000000000,0.7061338532,0.0000000000,0.5235987756,0.0000000000,1.0000000000,1.0000000000,0.0000000000,0.0000000000,0.0000000000,0.0000000000
0.0200000000,0.4217747271,0.2881992464,0.5233800546,-0.0579102835,-0.1129152526,-0.4664505492,0.4942172931,-0.1924961926,0.5670454405,-0.0251098240,-0.0898793523,-0.3697080727,0.1155000000,-0.0000000000,0.7061338532,0.0000000000,0.5235987756,0.0000000000,1.0000000000,1.0000000000,0.0000000000,0.0000000000,0.0000000000,0.0000000000
0.0200000000,0.4214798133,0.2881884334,0.5234381533,-0.0563171604,-0.1138033176,-0.4666421583,0.4930464983,-0.1920248980,0.5672226786,-0.0210213460,-0.0938538553,-0.3687614057,0.1155000000,-0.0000000000,0.7061338532,0.0000000000,0.5235987756,0.0000000000,1.0000000000,1.0000000000,0.0000000000,0.0000000000,0.0000000000,0.0000000000
0.0200000000,0.4211762673,0.2881973997,0.5235072610,-0.0545941309,-0.1147669422,-0.4668078297,0.4917653465,-0.1914992667,0.5673756793,-0.0167762896,-0.0978162321,-0.3677651563,0.1155000000,-0.0000000000,0.7061338532,0.0000000000,0.5235987756,0.0000000000,1.0000000000,1.0000000000,0.0000000000,0.0000000000,0.0000000000,0.0000000000
0.0200000000,0.4208788118,0.2882270486,0.5235805412,-0.0528625975,-0.1157225974,-0.4669346422,0.4904406532,-0.1909534660,0.5674919502,-0.0126441917,-0.1015360575,-0.3667571837,0.1155000000,-0.0000000000,0.7061338532,0.0000000000,0.5235987756,0.0000000000,1.0000000000,1.0000000000,0.0000000000,0.0000000000,0.0000000000,0.0000000000
0.0200000000,0.4205881781,0.2882793268,0.5236579351,-0.0511282599,-0.1166663458,-0.4670192873,0.4890701263,-0.1903859080,0.5675676652,-0.0086409533,-0.1049865733,-0.3657310237,0.1155000000,-0.0000000000,0.7061338532,0.0000000000,0.5235987756,0.0000000000,1.0000000000,1.0000000000,0.0000000000,0.0000000000,0.0000000000,0.0000000000
0.0200000000,0.4203046521,0.2883462701,0.5237327359,-0.0494782739,-0.1175586421,-0.4670794372,0.4876910749,-0.1898151279,0.5676157425,-0.0048077008,-0.1081977622,-0.3646967358,0.1155000000,-0.0000000000,0.7061338532,0.0000000000,0.5235987756,0.0000000000,1.0000000000,1.0000000000,0.0000000000,0.0000000000,0.0000000000,0.0000000000
0.0200000000,0.4200300901,0.2884267187,0.5238037622,-0.0479286715,-0.1183876080,-0.4671151422,0.4863164449,-0.1892473397,0.5676364873,-0.0011786077,-0.1111500671,-0.3636571735,0.1155000000,-0.0000000000,0.7061338532,0.0000000000,0.5235987756,0.0000000000,1.0000000000,1.0000000000,0.0000000000,0.0000000000,0.0000000000,0.0000000000
0.0200000000,0.4197576682,0.2885219803,0.5238710304,-0.0464820652,-0.1191708200,-0.4671348353,0.4849162729,-0.1886664219,0.5676329483,0.0023476035,-0.1139204951,-0.3625875655,0.1155000000,-0.0000000000,0.7061338532,0.0000000000,0.5235987756,0.0000000000,1.0000000000,1.0000000000,0.0000000000,0.0000000000,0.0000000000,0.0000000000
0.0200000000,0.4194787445,0.2886327145,0.5239330314,-0.0451657824,-0.1199210479,-0.4671528520,0.4834588713,-0.1880558187,0.5676112236,0.0058877673,-0.1166090235,-0.3614598009,0.1155000000,-0.0000000000,0.7061338532,0.0000000000,0.5235987756,0.0000000000,1.0000000000,1.0000000000,0.0000000000,0.0000000000,0.0000000000,0.0000000000
0.0200000000,0.4191949260,0.2887606607,0.5239897984,-0.0439856966,-0.1206325446,-0.4671650265,0.4819459722,-0.1874165972,0.5675677401,0.0094136435,-0.1191815915,-0.3602719955,0.1155000000,-0.0000000000,0.7061338532,0.0000000000,0.5235987756,0.0000000000,1.0000000000,1.0000000000,0.0000000000,0.0000000000,0.0000000000,0.0000000000
0.0200000000,0.4189038072,0.2889035074,0.5240400661,-0.0429529366,-0.1213021571,-0.4671765170,0.4803745110,-0.1867440683,0.5675073595,0.0129646685,-0.1216666972,-0.3590265028,0.1155000000,-0.0000000000,0.7061338532,0.0000000000,0.5235987756,0.0000000000,1.0000000000,1.0000000000,0.0000000000,0.0000000000,0.0000000000,0.0000000000
0.0200000000,0.4186071875,0.2890595494,0.5240829265,-0.0420958604,-0.1219283634,-0.4671930718,0.4787581275,-0.1860433757,0.5674338803,0.0165286558,-0.1240584562,-0.3577393662,0.1155000000,-0.0000000000,0.7061338532,0.0000000000,0.5235987756,0.0000000000,1.0000000000,1.0000000000,0.0000000000,0.0000000000,0.0000000000,0.0000000000
0.0200000000,0.4183038723,0.2892296013,0.5241188187,-0.0414031011,-0.1225112872,-0.4672124766,0.4770888966,-0.1853112354,0.5673466606,0.0201181074,-0.1263618893,-0.3564034907,0.1155000000,-0.0000000000,0.7061338532,0.0000000000,0.5235987756,0.0000000000,1.0000000000,1.0000000000,0.0000000000,0.0000000000,0.0000000000,0.0000000000
0.0200000000,0.4179759494,0.2894208893,0.5241470096,-0.0408230804,-0.1230413715,-0.4672238479,0.4752721226,-0.1844996488,0.5672378350,0.0239195625,-0.1286668260,-0.3549297302,0.1155000000,-0.0000000000,0.7061338532,0.0000000000,0.5235987756,0.0000000000,1.0000000000,1.0000000000,0.0000000000,0.0000000000,0.0000000000,0.0000000000
0.0200000000,0.4176004209,0.2896464904,0.5241666366,-0.0403404371,-0.1235232779,-0.4672229225,0.4731836833,-0.1835492749,0.5670986488,0.0281753015,-0.1310862686,-0.3532155811,0.1155000000,0.0000000000,0.7061338532,-0.0000000000,0.5235987756,-0.0000000000,1.0000000000,1.0000000000,0.0000000000,0.0000000000,0.0000000000,0.0000000000
0.0200000000,0.4172023854,0.2898898248,0.5241784119,-0.0399491832,-0.1239349402,-0.4672088539,0.4709588511,-0.1825239960,0.5669452740,0.0326301630,-0.1334895507,-0.3513860147,0.1155000000,-0.0000000000,0.7061338532,0.0000000000,0.5235987756,0.0000000000,1.0000000000,1.0000000000,0.0000000000,0.0000000000,0.0000000000,0.0000000000
0.0200000000,0.4168073878,0.2901310266,0.5241791933,-0.0396265361,-0.1242019585,-0.4671645319,0.4687359119,-0.1814785508,0.5667852084,0.0369956381,-0.1356950000,-0.3495320861,0.1155000000,0.0000000000,0.7061338532,-0.0000000000,0.5235987756,-0.0000000000,1.0000000000,1.0000000000,0.0000000000,0.0000000000,0.0000000000,0.0000000000
0.0200000000,0.4164155961,0.2903698845,0.5241684586,-0.0393722541,-0.1243197811,-0.4670882455,0.4665159245,-0.1804124291,0.5666179128,0.0412681441,-0.1376966521,-0.3476504439,0.1155000000,-0.0000000000,0.7061338532,0.0000000000,0.5235987756,0.0000000000,1.0000000000,1.0000000000,0.0000000000,0.0000000000,0.0000000000,0.0000000000
0.0200000000,0.4160488495,0.2905930540,0.5241511462,-0.0391709478,-0.1243334292,-0.4669949043,0.4644153091,-0.1793880434,0.5664602181,0.0452676927,-0.1394670327,-0.3458569204,0.1155000000,0.0000000000,0.7061338532,-0.0000000000,0.5235987756,-0.0000000000,1.0000000000,1.0000000000,0.0000000000,0.0000000000,0.0000000000,0.0000000000
0.0200000000,0.4157425263,0.2907778523,0.5241301902,-0.0390184817,-0.1242561642,-0.4668947803,0.4626335270,-0.1785028838,0.5663271048,0.0486303562,-0.1408728927,-0.3443144565,0.1155000000,-0.0000000000,0.7061338532,0.0000000000,0.5235987756,0.0000000000,1.0000000000,1.0000000000,0.0000000000,0.0000000000,0.0000000000,0.0000000000
0.0200000000,0.4154768874,0.2909369685,0.5241042202,-0.0389129537,-0.1240891429,-0.4667831076,0.4610612836,-0.1777029129,0.5662055001,0.0515542364,-0.1419995044,-0.3429183239,0.1155000000,-0.0000000000,0.7061338532,0.0000000000,0.5235987756,0.0000000000,1.0000000000,1.0000000000,0.0000000000,0.0000000000,0.0000000000,0.0000000000
0.0200000000,0.4152268147,0.2910869004,0.5240733296,-0.0388346125,-0.1238470455,-0.4666550732,0.4595345285,-0.1769061900,0.5660854672,0.0543654027,-0.1430023947,-0.3415251962,0.1155000000,-0.0000000000,0.7061338532,0.0000000000,0.5235987756,0.0000000000,1.0000000000,1.0000000000,0.0000000000,0.0000000000,0.0000000000,0.0000000000
0.0200000000,0.4149695059,0.2912424140,0.5240365585,-0.0387689657,-0.1235287974,-0.4665028364,0.4578999370,-0.1760340239,0.5659590295,0.0573651299,-0.1440103723,-0.3400018745,0.1155000000,0.0000000000,0.7061338532,-0.0000000000,0.5235987756,-0.0000000000,1.0000000000,1.0000000000,0.0000000000,0.0000000000,0.0000000000,0.0000000000
0.0200000000,0.4147044705,0.2914035136,0.5239918705,-0.0387219430,-0.1231097484,-0.4663198292,0.4561472652,-0.1750764602,0.5658245403,0.0605637263,-0.1450048100,-0.3383298967,0.1155000000,-0.0000000000,0.7061338532,0.0000000000,0.5235987756,0.0000000000,1.0000000000,1.0000000000,0.0000000000,0.0000000000,0.0000000000,0.0000000000
0.0200000000,0.4144569192,0.2915549821,0.5239454708,-0.0386930349,-0.1226549964,-0.4661304845,0.4544582918,-0.1741390255,0.5656986329,0.0636391161,-0.1459039689,-0.3366999875,0.1155000000,-0.0000000000,0.7061338532,0.0000000000,0.5235987756,0.0000000000,1.0000000000,1.0000000000,0.0000000000,0.0000000000,0.0000000000,0.0000000000
0.0200000000,0.4142497953,0.2916829294,0.5239056501,-0.0386728847,-0.1222576334,-0.4659662295,0.4530165415,-0.1733344726,0.5655973581,0.0662730485,-0.1466565874,-0.3353135485,0.1155000000,-0.0000000000,0.7061338532,0.0000000000,0.5235987756,0.0000000000,1.0000000000,1.0000000000,0.0000000000,0.0000000000,0.0000000000,0.0000000000
0.0200000000,0.4140937387,0.2917805709,0.5238741793,-0.0386611686,-0.1219353546,-0.4658344815,0.4518973073,-0.1727031305,0.5655217238,0.0683202782,-0.1472206898,-0.3342301997,0.1155000000,-0.0000000000,0.7061338532,0.0000000000,0.5235987756,0.0000000000,1.0000000000,1.0000000000,0.0000000000,0.0000000000,0.0000000000,0.0000000000
0.0200000000,0.4139811484,0.2918525032,0.5238486087,-0.0386600369,-0.1216622481,-0.4657261027,0.4510431768,-0.1722096125,0.5654635788,0.0698764216,-0.1476160600,-0.3333793621,0.1155000000,0.0000000000,0.7061338532,-0.0000000000,0.5235987756,-0.0000000000,1.0000000000,1.0000000000,0.0000000000,0.0000000000,0.0000000000,0.0000000000
0.0200000000,0.4139005441,0.2919060951,0.5238269567,-0.0386699866,-0.1214199100,-0.4656330947,0.4503733330,-0.1718089939,0.5654163366,0.0710889894,-0.1478886015,-0.3326812684,0.1155000000,-0.0000000000,0.7061338532,0.0000000000,0.5235987756,0.0000000000,1.0000000000,1.0000000000,0.0000000000,0.0000000000,0.0000000000,0.0000000000
0.0200000000,0.4138409785,0.2919486116,0.5238072052,-0.0386927838,-0.1211887225,-0.4655471714,0.4498061970,-0.1714553842,0.5653743956,0.0721084884,-0.1480827900,-0.3320566216,0.1155000000,-0.0000000000,0.7061338532,0.0000000000,0.5235987756,0.0000000000,1.0000000000,1.0000000000,0.0000000000,0.0000000000,0.0000000000,0.0000000000
0.0200000000,0.4137869326,0.2919897031,0.5237869553,-0.0387272740,-0.1209468167,-0.4654585840,0.4492381310,-0.1710932419,0.5653321871,0.0731288382,-0.1482601435,-0.3314138700,0.1155000000,-0.0000000000,0.7061338532,0.0000000000,0.5235987756,0.0000000000,1.0000000000,1.0000000000,0.0000000000,0.0000000000,0.0000000000,0.0000000000
0.0200000000,0.4137267292,0.2920368404,0.5237642677,-0.0387737542,-0.1206758076,-0.4653593631,0.4485871689,-0.1706779622,0.5652858197,0.0743042127,-0.1484675121,-0.3306803276,0.1155000000,-0.0000000000,0.7061338532,0.0000000000,0.5235987756,0.0000000000,1.0000000000,1.0000000000,0.0000000000,0.0000000000,0.0000000000,0.0000000000
0.0200000000,0.4136569900,0.2920912855,0.5237391779,-0.0388254106,-0.1203775581,-0.4652493825,0.4478456876,-0.1702086116,0.5652359054,0.0756505407,-0.1487150387,-0.3298580986,0.1155000000,0.0000000000,0.7061338532,-0.0000000000,0.5235987756,-0.0000000000,1.0000000000,1.0000000000,0.0000000000,0.0000000000,0.0000000000,0.0000000000
0.0200000000,0.4135873029,0.2921460130,0.5237138656,-0.0388751270,-0.1200742573,-0.4651373278,0.4470969444,-0.1697335781,0.5651870536,0.0770122949,-0.1489608458,-0.3290288759,0.1155000000,0.0000000000,0.7061338532,-0.0000000000,0.5235987756,-0.0000000000,1.0000000000,1.0000000000,0.0000000000,0.0000000000,0.0000000000,0.0000000000
0.0200000000,0.4135228285,0.2921994036,0.5236880741,-0.0389351579,-0.1197602600,-0.4650224715,0.4463467354,-0.1692501642,0.5651387838,0.0783774659,-0.1491904227,-0.3281838415,0.1155000000,-0.0000000000,0.7061338532,0.0000000000,0.5235987756,0.0000000000,1.0000000000,1.0000000000,0.0000000000,0.0000000000,0.0000000000,0.0000000000
0.0200000000,0.4134649612,0.2922522918,0.5236609032,-0.0390193174,-0.1194242840,-0.4649017448,0.4455740339,-0.1687412935,0.5650896534,0.0797852921,-0.1494053498,-0.3272914842,0.1155000000,-0.0000000000,0.7061338532,0.0000000000,0.5235987756,0.0000000000,1.0000000000,1.0000000000,0.0000000000,0.0000000000,0.0000000000,0.0000000000
0.0200000000,0.4134154940,0.2923052832,0.5236314972,-0.0391410431,-0.1190551196,-0.4647721088,0.4447598838,-0.1681908278,0.5650384781,0.0812713543,-0.1496053848,-0.3263220543,0.1155000000,-0.0000000000,0.7061338532,0.0000000000,0.5235987756,0.0000000000,1.0000000000,1.0000000000,0.0000000000,0.0000000000,0.0000000000,0.0000000000
0.0200000000,0.4133757958,0.2923589138,0.5235991345,-0.0393115606,-0.1186434766,-0.4646311080,0.4438886687,-0.1675856659,0.5649846089,0.0828660645,-0.1497908474,-0.3252523918,0.1155000000,-0.0000000000,0.7061338532,0.0000000000,0.5235987756,0.0000000000,1.0000000000,1.0000000000,0.0000000000,0.0000000000,0.0000000000,0.0000000000
0.0200000000,0.4133373158,0.2924119560,0.5235663319,-0.0394882206,-0.1182265591,-0.4644902661,0.4430261168,-0.1669844605,0.5649340351,0.0844599175,-0.1499724179,-0.3242017448,0.1155000000,-0.0000000000,0.7061338532,0.0000000000,0.5235987756,0.0000000000,1.0000000000,1.0000000000,0.0000000000,0.0000000000,0.0000000000,0.0000000000
0.0200000000,0.4133044670,0.2924646397,0.5235320666,-0.0396891543,-0.1177881246,-0.4643444039,0.4421451239,-0.1663618880,0.5648842832,0.0860967662,-0.1501426890,-0.3231176179,0.1155000000,0.0000000000,0.7061338532,-0.0000000000,0.5235987756,-0.0000000000,1.0000000000,1.0000000000,0.0000000000,0.0000000000,0.0000000000,0.0000000000
0.0200000000,0.4132941164,0.2925193350,0.5234915293,-0.0399968932,-0.1172559947,-0.4641707816,0.4411155384,-0.1656027499,0.5648257477,0.0879960969,-0.1502811211,-0.3217687498,0.1155000000,-0.0000000000,0.7061338532,0.0000000000,0.5235987756,0.0000000000,1.0000000000,1.0000000000,0.0000000000,0.0000000000,0.0000000000,0.0000000000
0.0200000000,0.4133209202,0.2925789304,0.5234396168,-0.0404914974,-0.1165557722,-0.4639466074,0.4398092797,-0.1645948225,0.5647519307,0.0903908607,-0.1503720937,-0.3199460232,0.1155000000,-0.0000000000,0.7061338532,0.0000000000,0.5235987756,0.0000000000,1.0000000000,1.0000000000,0.0000000000,0.0000000000,0.0000000000,0.0000000000
0.0200000000,0.4133843038,0.2926456720,0.5233741826,-0.0411913397,-0.1156603646,-0.4636644792,0.4381875841,-0.1633077296,0.5646664370,0.0933845815,-0.1504225648,-0.3176258984,0.1155000000,-0.0000000000,0.7061338532,0.0000000000,0.5235987756,0.0000000000,1.0000000000,1.0000000000,0.0000000000,0.0000000000,0.0000000000,0.0000000000
0.0200000000,0.4134829023,0.2927052372,0.5233099636,-0.0419643568,-0.1147524210,-0.4633755956,0.4365163885,-0.1619618112,0.5645807989,0.0963651521,-0.1504105003,-0.3150845558,0.1155000000,-0.0000000000,0.7061338532,0.0000000000,0.5235987756,0.0000000000,1.0000000000,1.0000000000,0.0000000000,0.0000000000,0.0000000000,0.0000000000
0.0200000000,0.4136275602,0.2927433752,0.5232588852,-0.0427334813,-0.1139741510,-0.4631199662,0.4350151011,-0.1607178149,0.5644999622,0.0988392561,-0.1502864648,-0.3125319990,0.1155000000,-0.0000000000,0.7061338532,0.0000000000,0.5235987756,0.0000000000,1.0000000000,1.0000000000,0.0000000000,0.0000000000,0.0000000000,0.0000000000
0.0200000000,0.4138017720,0.2927686155,0.5232179906,-0.0434775523,-0.1132905647,-0.4628835540,0.4335518729,-0.1595269503,0.5644086657,0.1008960229,-0.1501194858,-0.3096772235,0.1155000000,0.0000000000,0.7061338532,-0.0000000000,0.5235987756,-0.0000000000,1.0000000000,1.0000000000,0.0000000000,0.0000000000,0.0000000000,0.0000000000
0.0200000000,0.4140001822,0.2927827497,0.5231885662,-0.0441665576,-0.1127138491,-0.4626657658,0.4320794985,-0.1583899272,0.5642959274,0.1024599246,-0.1499410610,-0.3063216003,0.1155000000,-0.0000000000,0.7061338532,0.0000000000,0.5235987756,0.0000000000,1.0000000000,1.0000000000,0.0000000000,0.0000000000,0.0000000000,0.0000000000
0.0200000000,0.4141988539,0.2927874116,0.5231706033,-0.0447460920,-0.1122685273,-0.4624800657,0.4306835895,-0.1573720122,0.5641689712,0.1035338574,-0.1497717396,-0.3027316883,0.1155000000,0.0000000000,0.7061338532,-0.0000000000,0.5235987756,-0.0000000000,1.0000000000,1.0000000000,0.0000000000,0.0000000000,0.0000000000,0.0000000000
0.0200000000,0.4143743961,0.2927842405,0.5231645221,-0.0451601142,-0.1119843964,-0.4623406404,0.4294696572,-0.1565622419,0.5640340081,0.1040427830,-0.1496488584,-0.2991747276,0.1155000000,-0.0000000000,0.7061338532,0.0000000000,0.5235987756,0.0000000000,1.0000000000,1.0000000000,0.0000000000,0.0000000000,0.0000000000,0.0000000000
0.0200000000,0.4145387353,0.2927721711,0.5231708045,-0.0454189929,-0.1118495287,-0.4622382565,0.4282777089,-0.1558398498,0.5638708418,0.1041293877,-0.1495105722,-0.2952620477,0.1155000000,-0.0000000000,0.7061338532,0.0000000000,0.5235987756,0.0000000000,1.0000000000,1.0000000000,0.0000000000,0.0000000000,0.0000000000,0.0000000000
0.0200000000,0.4147038000,0.2927532618,0.5231863705,-0.0455735219,-0.1118118499,-0.4621546909,0.4269661604,-0.1550836635,0.5636731427,0.1040417732,-0.1493181146,-0.2907604074,0.1155000000,0.0000000000,0.7061338532,-0.0000000000,0.5235987756,-0.0000000000,1.0000000000,1.0000000000,0.0000000000,0.0000000000,0.0000000000,0.0000000000
0.0200000000,0.4148607078,0.2927218955,0.5232174065,-0.0455254209,-0.1119474261,-0.4621098958,0.4254788157,-0.1542627043,0.5634240259,0.1037299788,-0.1489801672,-0.2854812356,0.1155000000,0.0000000000,0.7061338532,-0.0000000000,0.5235987756,-0.0000000000,1.0000000000,1.0000000000,0.0000000000,0.0000000000,0.0000000000,0.0000000000
0.0200000000,0.4150012990,0.2926717362,0.5232706800,-0.0451664073,-0.1123360839,-0.4621236977,0.4237079848,-0.1533068160,0.5631024247,0.1032065644,-0.1483747186,-0.2791323520,0.1155000000,-0.0000000000,0.7061338532,0.0000000000,0.5235987756,0.0000000000,1.0000000000,1.0000000000,0.0000000000,0.0000000000,0.0000000000,0.0000000000
0.0200000000,0.4150815392,0.2926116184,0.5233332418,-0.0445381734,-0.1128927837,-0.4621969328,0.4220882725,-0.1524449141,0.5627879718,0.1026254927,-0.1476098467,-0.2733440249,0.1155000000,0.0000000000,0.7061338532,-0.0000000000,0.5235987756,-0.0000000000,1.0000000000,1.0000000000,0.0000000000,0.0000000000,0.0000000000,0.0000000000
0.0200000000,0.4150888447,0.2925423353,0.5234009297,-0.0436680459,-0.1135986112,-0.4623345436,0.4207248934,-0.1517315500,0.5624958151,0.1020027188,-0.1467103083,-0.2685040931,0.1155000000,-0.0000000000,0.7061338532,0.0000000000,0.5235987756,0.0000000000,1.0000000000,1.0000000000,0.0000000000,0.0000000000,0.0000000000,0.0000000000
0.0200000000,0.4150539711,0.2924628743,0.5234708582,-0.0426847482,-0.1144049330,-0.4625191421,0.4194494990,-0.1510740145,0.5622052447,0.1013357433,-0.1456992731,-0.2640044508,0.1155000000,-0.0000000000,0.7061338532,0.0000000000,0.5235987756,0.0000000000,1.0000000000,1.0000000000,0.0000000000,0.0000000000,0.0000000000,0.0000000000
0.0200000000,0.4149716277,0.2923719853,0.5235444440,-0.0416416822,-0.1153717662,-0.4627896928,0.4182221890,-0.1504514387,0.5619037710,0.1005854663,-0.1445262760,-0.2596976296,0.1155000000,-0.0000000000,0.7061338532,0.0000000000,0.5235987756,0.0000000000,1.0000000000,1.0000000000,0.0000000000,0.0000000000,0.0000000000,0.0000000000
0.0200000000,0.4148345234,0.2922654760,0.5236244867,-0.0405977516,-0.1165911345,-0.4632000242,0.4169573284,-0.1498199528,0.5615693975,0.0996934045,-0.1431029046,-0.2552780993,0.1155000000,-0.0000000000,0.7061338532,0.0000000000,0.5235987756,0.0000000000,1.0000000000,1.0000000000,0.0000000000,0.0000000000,0.0000000000,0.0000000000
0.0200000000,0.4146693188,0.2921605738,0.5237014812,-0.0397140082,-0.1178952200,-0.4636956673,0.4157873243,-0.1492431393,0.5612424916,0.0987782864,-0.1416210194,-0.2512004296,0.1155000000,0.0000000000,0.7061338532,-0.0000000000,0.5235987756,-0.0000000000,1.0000000000,1.0000000000,0.0000000000,0.0000000000,0.0000000000,0.0000000000
0.0200000000,0.4145009008,0.2920757975,0.5237642498,-0.0391949075,-0.1191154073,-0.4642293736,0.4148817483,-0.1488030917,0.5609689569,0.0979642038,-0.1402983771,-0.2480463598,0.1155000000,-0.0000000000,0.7061338532,0.0000000000,0.5235987756,0.0000000000,1.0000000000,1.0000000000,0.0000000000,0.0000000000,0.0000000000,0.0000000000
0.0200000000,0.4143085502,0.2919948893,0.5238246433,-0.0388374215,-0.1204048088,-0.4648457172,0.4140472100,-0.1484029562,0.5606951974,0.0971007106,-0.1388999571,-0.2451338626,0.1155000000,-0.0000000000,0.7061338532,0.0000000000,0.5235987756,0.0000000000,1.0000000000,1.0000000000,0.0000000000,0.0000000000,0.0000000000,0.0000000000
0.0200000000,0.4140786721,0.2919091611,0.5238901883,-0.0385481166,-0.1218680507,-0.4655840681,0.4131712570,-0.1479869184,0.5603906020,0.0961027619,-0.1372852834,-0.2420681909,0.1155000000,-0.0000000000,0.7061338532,0.0000000000,0.5235987756,0.0000000000,1.0000000000,1.0000000000,0.0000000000,0.0000000000,0.0000000000,0.0000000000
0.0200000000,0.4138162070,0.2918209033,0.5239579429,-0.0383293096,-0.1234404408,-0.4664151107,0.4122860434,-0.1475710838,0.5600615563,0.0949814964,-0.1354760219,-0.2389584224,0.1155000000,-0.0000000000,0.7061338532,0.0000000000,0.5235987756,0.0000000000,1.0000000000,1.0000000000,0.0000000000,0.0000000000,0.0000000000,0.0000000000
0.0200000000,0.4135180412,0.2917299955,0.5240245160,-0.0381436941,-0.1250586349,-0.4673127249,0.4114005139,-0.1471605888,0.5597006590,0.0936903810,-0.1334093782,-0.2358231330,0.1155000000,-0.0000000000,0.7061338532,0.0000000000,0.5235987756,0.0000000000,1.0000000000,1.0000000000,0.0000000000,0.0000000000,0.0000000000,0.0000000000
0.0200000000,0.4132023719,0.2916412702,0.5240861174,-0.0379997213,-0.1266247323,-0.4682216048,0.4105576234,-0.1467754597,0.5593255225,0.0922926830,-0.1311874551,-0.2328153778,0.1155000000,-0.0000000000,0.7061338532,0.0000000000,0.5235987756,0.0000000000,1.0000000000,1.0000000000,0.0000000000,0.0000000000,0.0000000000,0.0000000000
0.0200000000,0.4129318988,0.2915687279,0.5241323766,-0.0378926267,-0.1278557341,-0.4689638135,0.4098739472,-0.1464670825,0.5589986795,0.0910382825,-0.1292030936,-0.2303588063,0.1155000000,-0.0000000000,0.7061338532,0.0000000000,0.5235987756,0.0000000000,1.0000000000,1.0000000000,0.0000000000,0.0000000000,0.0000000000,0.0000000000
0.0200000000,0.4126895881,0.2915080538,0.5241652075,-0.0378199764,-0.1288289419,-0.4695872824,0.4093046973,-0.1462151245,0.5586952616,0.0898270313,-0.1273067985,-0.2282880131,0.1155000000,-0.0000000000,0.7061338532,0.0000000000,0.5235987756,0.0000000000,1.0000000000,1.0000000000,0.0000000000,0.0000000000,0.0000000000,0.0000000000
0.0200000000,0.4124256388,0.2914453440,0.5241916509,-0.0377685946,-0.1297562188,-0.4702253371,0.4087015674,-0.1459541862,0.5583363253,0.0883444255,-0.1250066744,-0.2260659720,0.1155000000,-0.0000000000,0.7061338532,0.0000000000,0.5235987756,0.0000000000,1.0000000000,1.0000000000,0.0000000000,0.0000000000,0.0000000000,0.0000000000
0.0200000000,0.4121335633,0.2913787758,0.5242127124,-0.0377368083,-0.1306644025,-0.4708949025,0.4080451165,-0.1456762392,0.5579122281,0.0865527510,-0.1222407594,-0.2236259608,0.1155000000,-0.0000000000,0.7061338532,0.0000000000,0.5235987756,0.0000000000,1.0000000000,1.0000000000,0.0000000000,0.0000000000,0.0000000000,0.0000000000
0.0200000000,0.4118477343,0.2913165614,0.5242194019,-0.0377472922,-0.1313704345,-0.4714959842,0.4073895946,-0.1454113626,0.5574138631,0.0843664685,-0.1189024193,-0.2211404168,0.1155000000,-0.0000000000,0.7061338532,0.0000000000,0.5235987756,0.0000000000,1.0000000000,1.0000000000,0.0000000000,0.0000000000,0.0000000000,0.0000000000
0.0200000000,0.4115796890,0.2912602761,0.5242124624,-0.0377965751,-0.1318646297,-0.4720108803,0.4067481788,-0.1451666695,0.5568457174,0.0818001226,-0.1150160327,-0.2186618558,0.1155000000,-0.0000000000,0.7061338532,0.0000000000,0.5235987756,0.0000000000,1.0000000000,1.0000000000,0.0000000000,0.0000000000,0.0000000000,0.0000000000
0.0200000000,0.4113533853,0.2912131469,0.5241937224,-0.0378773894,-0.1321261909,-0.4724027827,0.4061468284,-0.1449575952,0.5562023216,0.0788069207,-0.1105232029,-0.2162794512,0.1155000000,-0.0000000000,0.7061338532,0.0000000000,0.5235987756,0.0000000000,1.0000000000,1.0000000000,0.0000000000,0.0000000000,0.0000000000,0.0000000000
0.0200000000,0.4111871113,0.2911780255,0.5241693011,-0.0379694409,-0.1321939725,-0.4726579262,0.4056251114,-0.1448002041,0.5555166790,0.0755337204,-0.1056494969,-0.2141511350,0.1155000000,-0.0000000000,0.7061338532,0.0000000000,0.5235987756,0.0000000000,1.0000000000,1.0000000000,0.0000000000,0.0000000000,0.0000000000,0.0000000000
0.0200000000,0.4110810270,0.2911545995,0.5241460511,-0.0380520726,-0.1321502961,-0.4727990102,0.4051912346,-0.1446999775,0.5547861380,0.0719602350,-0.1003708997,-0.2123100258,0.1155000000,-0.0000000000,0.7061338532,0.0000000000,0.5235987756,0.0000000000,1.0000000000,1.0000000000,0.0000000000,0.0000000000,0.0000000000,0.0000000000
0.0200000000,0.4110291873,0.2911418280,0.5241293256,-0.0381096320,-0.1320699992,-0.4728544455,0.4048428423,-0.1446658748,0.5539626438,0.0678332934,-0.0943239296,-0.2107379134,0.1155000000,0.0000000000,0.7061338532,-0.0000000000,0.5235987756,-0.0000000000,1.0000000000,1.0000000000,0.0000000000,0.0000000000,0.0000000000,0.0000000000
0.0200000000,0.4110100132,0.2911360938,0.5241206597,-0.0381392170,-0.1320140255,-0.4728697541,0.4045796087,-0.1447060077,0.5530278593,0.0630582559,-0.0873667144,-0.2094641875,0.1155000000,-0.0000000000,0.7061338532,0.0000000000,0.5235987756,0.0000000000,1.0000000000,1.0000000000,0.0000000000,0.0000000000,0.0000000000,0.0000000000
0.0200000000,0.4110069796,0.2911347232,0.5241181524,-0.0381477022,-0.1319931464,-0.4728697740,0.4044394735,-0.1448271975,0.5520952767,0.0582214767,-0.0803383403,-0.2087301080,0.1155000000,-0.0000000000,0.7061338532,0.0000000000,0.5235987756,0.0000000000,1.0000000000,1.0000000000,0.0000000000,0.0000000000,0.0000000000,0.0000000000
0.0200000000,0.4110075395,0.2911347829,0.5241181158,-0.0381478010,-0.1319916948,-0.4728686774,0.4044138687,-0.1450155039,0.5512580507,0.0538413115,-0.0739556729,-0.2086098211,0.1155000000,-0.0000000000,0.7061338532,0.0000000000,0.5235987756,0.0000000000,1.0000000000,1.0000000000,0.0000000000,0.0000000000,0.0000000000,0.0000000000
0.0200000000,0.4110079480,0.2911349116,0.5241183038,-0.0381471540,-0.1319929112,-0.4728683468,0.4044732588,-0.1452505469,0.5505741273,0.0502656349,-0.0686828817,-0.2090739798,0.1155000000,-0.0000000000,0.7061338532,0.0000000000,0.5235987756,0.0000000000,1.0000000000,1.0000000000,0.0000000000,0.0000000000,0.0000000000,0.0000000000
0.0200000000,0.4110079741,0.2911349200,0.5241183160,-0.0381471119,-0.1319929911,-0.4728683265,0.4045975761,-0.1455231815,0.5500820898,0.0477401023,-0.0648319638,-0.2101334942,0.1155000000,-0.0000000000,0.7061338532,0.0000000000,0.5235987756,0.0000000000,1.0000000000,1.0000000000,0.0000000000,0.0000000000,0.0000000000,0.0000000000
0.0200000000,0.4110079709,0.2911349190,0.5241183146,-0.0381471169,-0.1319929815,-0.4728683289,0.4047685258,-0.1458260552,0.5497489867,0.0460999627,-0.0621656902,-0.2116818494,0.1155000000,-0.0000000000,0.7061338532,0.0000000000,0.5235987756,0.0000000000,1.0000000000,1.0000000000,0.0000000000,0.0000000000,0.0000000000,0.0000000000
0.0200000000,0.4110079709,0.2911349190,0.5241183146,-0.0381471169,-0.1319929815,-0.4728683289,0.4049887223,-0.1461590306,0.5495544916,0.0452283003,-0.0605291789,-0.2136778208,0.1155000000,-0.0000000000,0.7061338532,0.0000000000,0.5235987756,0.0000000000,1.0000000000,1.0000000000,0.0000000000,0.0000000000,0.0000000000,0.0000000000
0.0200000000,0.4110079709,0.2911349190,0.5241183146,-0.0381471169,-0.1319929815,-0.4728683289,0.4052648305,-0.1465235457,0.5494649873,0.0449255915,-0.0596615608,-0.2160662078,0.1155000000,-0.0000000000,0.7061338532,0.0000000000,0.5235987756,0.0000000000,1.0000000000,1.0000000000,0.0000000000,0.0000000000,0.0000000000,0.0000000000
0.0200000000,0.4110079709,0.2911349190,0.5241183146,-0.0381471169,-0.1319929815,-0.4728683289,0.4055973504,-0.1469179122,0.5494410091,0.0449613856,-0.0592594860,-0.2187620158,0.1155000000,-0.0000000000,0.7061338532,0.0000000000,0.5235987756,0.0000000000,1.0000000000,1.0000000000,0.0000000000,0.0000000000,0.0000000000,0.0000000000
0.0200000000,0.4110079709,0.2911349190,0.5241183146,-0.0381471169,-0.1319929815,-0.4728683289,0.4059736324,-0.1473351239,0.5494423729,0.0451120424,-0.0590214030,-0.2216472441,0.1155000000,-0.0000000000,0.7061338532,0.0000000000,0.5235987756,0.0000000000,1.0000000000,1.0000000000,0.0000000000,0.0000000000,0.0000000000,0.0000000000
0.0200000000,0.4110079709,0.2911349190,0.5241183146,-0.0381471169,-0.1319929815,-0.4728683289,0.4063485413,-0.1477544183,0.5494310079,0.0451937804,-0.0586824325,-0.2245235983,0.1155000000,-0.0000000000,0.7061338532,0.0000000000,0.5235987756,0.0000000000,1.0000000000,1.0000000000,0.0000000000,0.0000000000,0.0000000000,0.0000000000
0.0200000000,0.4110079709,0.2911349190,0.5241183146,-0.0381471169,-0.1319929815,-0.4728683289,0.4066735687,-0.1481546364,0.5493872044,0.0451332693,-0.0581221233,-0.2272250288,0.1155000000,-0.0000000000,0.7061338532,0.0000000000,0.5235987756,0.0000000000,1.0000000000,1.0000000000,0.0000000000,0.0000000000,0.0000000000,0.0000000000
0.0200000000,0.4110079709,0.2911349190,0.5241183146,-0.0381471169,-0.1319929815,-0.4728683289,0.4069004578,-0.1485136010,0.5493029310,0.0449221629,-0.0573109696,-0.2295989636,0.1155000000,-0.0000000000,0.7061338532,0.0000000000,0.5235987756,0.0000000000,1.0000000000,1.0000000000,0.0000000000,0.0000000000,0.0000000000,0.0000000000
0.0200000000,0.4110079709,0.2911349190,0.5241183146,-0.0381471169,-0.1319929815,-0.4728683289,0.4069959672,-0.1488121800,0.5491807150,0.0445941292,-0.0562917986,-0.2315264454,0.1155000000,-0.0000000000,0.7061338532,0.0000000000,0.5235987756,0.0000000000,1.0000000000,1.0000000000,0.0000000000,0.0000000000,0.0000000000,0.0000000000
0.0200000000,0.4110079709,0.2911349190,0.5241183146,-0.0381471169,-0.1319929815,-0.4728683289,0.4069407324,-0.1490276189,0.5490290175,0.0441883121,-0.0551443374,-0.2328653756,0.1155000000,-0.0000000000,0.7061338532,0.0000000000,0.5235987756,0.0000000000,1.0000000000,1.0000000000,0.0000000000,0.0000000000,0.0000000000,0.0000000000
0.0200000000,0.4110079709,0.2911349190,0.5241183146,-0.0381471169,-0.1319929815,-0.4728683289,0.4067959442,-0.1491701337,0.5488674037,0.0437378306,-0.0539806511,-0.2336960338,0.1155000000,-0.0000000000,0.7061338532,0.0000000000,0.5235987756,0.0000000000,1.0000000000,1.0000000000,0.0000000000,0.0000000000,0.0000000000,0.0000000000
0.0200000000,0.4110079709,0.2911349190,0.5241183146,-0.0381471169,-0.1319929815,-0.4728683289,0.4066292212,-0.1492525465,0.5487089800,0.0432336114,-0.0528587392,-0.2341034711,0.1155000000,-0.0000000000,0.7061338532,0.0000000000,0.5235987756,0.0000000000,1.0000000000,1.0000000000,0.0000000000,0.0000000000,0.0000000000,0.0000000000
0.0200000000,0.4110079709,0.2911349190,0.5241183146,-0.0381471169,-0.1319929815,-0.4728683289,0.4065146821,-0.1492992165,0.5485626843,0.0426529962,-0.0518002569,-0.2342470355,0.1155000000,-0.0000000000,0.7061338532,0.0000000000,0.5235987756,0.0000000000,1.0000000000,1.0000000000,0.0000000000,0.0000000000,0.0000000000,0.0000000000
0.0200000000,0.4110079709,0.2911349190,0.5241183146,-0.0381471169,-0.1319929815,-0.4728683289,0.4065079780,-0.1493437447,0.5484312869,0.0419831523,-0.0507904320,-0.2343517063,0.1155000000,-0.0000000000,0.7061338532,0.0000000000,0.5235987756,0.0000000000,1.0000000000,1.0000000000,0.0000000000,0.0000000000,0.0000000000,0.0000000000
0.0200000000,0.4110079709,0.2911349190,0.5241183146,-0.0381471169,-0.1319929815,-0.4728683289,0.4066421351,-0.1494332610,0.5483103855,0.0412287997,-0.0497715741,-0.2347396322,0.1155000000,-0.0000000000,0.7061338532,0.0000000000,0.5235987756,0.0000000000,1.0000000000,1.0000000000,0.0000000000,0.0000000000,0.0000000000,0.0000000000
0.0200000000,0.4110079709,0.2911349190,0.5241183146,-0.0381471169,-0.1319929815,-0.4728683289,0.4068632944,-0.1495967459,0.5481851638,0.0404401043,-0.0486592684,-0.2356221680,0.1155000000,0.0000000000,0.7061338532,-0.0000000000,0.5235987756,-0.0000000000,1.0000000000,1.0000000000,0.0000000000,0.0000000000,0.0000000000,0.0000000000
0.0200000000,0.4110079709,0.2911349190,0.5241183146,-0.0381471169,-0.1319929815,-0.4728683289,0.4071071575,-0.1498502981,0.5480400341,0.0396568082,-0.0473706042,-0.2371200881,0.1155000000,-0.0000000000,0.7061338532,0.0000000000,0.5235987756,0.0000000000,1.0000000000,1.0000000000,0.0000000000,0.0000000000,0.0000000000,0.0000000000
0.0200000000,0.4110079709,0.2911349190,0.5241183146,-0.0381471169,-0.1319929815,-0.4728683289,0.4073041724,-0.1501921754,0.5478613617,0.0389066779,-0.0458433392,-0.2392294900,0.1155000000,-0.0000000000,0.7061338532,0.0000000000,0.5235987756,0.0000000000,1.0000000000,1.0000000000,0.0000000000,0.0000000000,0.0000000000,0.0000000000
0.0200000000,0.4110079709,0.2911349190,0.5241183146,-0.0381471169,-0.1319929815,-0.4728683289,0.4074038763,-0.1506025862,0.5476433290,0.0381997551,-0.0440661021,-0.2418190009,0.1155000000,-0.0000000000,0.7061338532,0.0000000000,0.5235987756,0.0000000000,1.0000000000,1.0000000000,0.0000000000,0.0000000000,0.0000000000,0.0000000000
0.0200000000,0.4110079709,0.2911349190,0.5241183146,-0.0381471169,-0.1319929815,-0.4728683289,0.4073793801,-0.1510485747,0.5473890211,0.0375361567,-0.0420828167,-0.2446651361,0.1155000000,0.0000000000,0.7061338532,-0.0000000000,0.5235987756,-0.0000000000,1.0000000000,1.0000000000,0.0000000000,0.0000000000,0.0000000000,0.0000000000
0.0200000000,0.4110079709,0.2911349190,0.5241183146,-0.0381471169,-0.1319929815,-0.4728683289,0.4072837603,-0.1514858467,0.5471234777,0.0368981702,-0.0400570099,-0.2474621771,0.1155000000,-0.0000000000,0.7061338532,0.0000000000,0.5235987756,0.0000000000,1.0000000000,1.0000000000,0.0000000000,0.0000000000,0.0000000000,0.0000000000
0.0200000000,0.4110079709,0.2911349190,0.5241183146,-0.0381471169,-0.1319929815,-0.4728683289,0.4071857280,-0.1518876846,0.5468702947,0.0362686220,-0.0381296742,-0.2500233216,0.1155000000,-0.0000000000,0.7061338532,0.0000000000,0.5235987756,0.0000000000,1.0000000000,1.0000000000,0.0000000000,0.0000000000,0.0000000000,0.0000000000
0.0200000000,0.4110079709,0.2911349190,0.5241183146,-0.0381471169,-0.1319929815,-0.4728683289,0.4071681064,-0.1522411940,0.5466510543,0.0356233423,-0.0364163533,-0.2522531619,0.1155000000,-0.0000000000,0.7061338532,0.0000000000,0.5235987756,0.0000000000,1.0000000000,1.0000000000,0.0000000000,0.0000000000,0.0000000000,0.0000000000
0.0200000000,0.4110079709,0.2911349190,0.5241183146,-0.0381471169,-0.1319929815,-0.4728683289,0.4073061136,-0.1525473617,0.5464808762,0.0349376689,-0.0349859278,-0.2541503449,0.1155000000,-0.0000000000,0.7061338532,0.0000000000,0.5235987756,0.0000000000,1.0000000000,1.0000000000,0.0000000000,0.0000000000,0.0000000000,0.0000000000
0.0200000000,0.4110079709,0.2911349190,0.5241183146,-0.0381471169,-0.1319929815,-0.4728683289,0.4076739130,-0.1528147704,0.5463750234,0.0342014310,-0.0339064778,-0.2557692347,0.1155000000,0.0000000000,0.7061338532,-0.0000000000,0.5235987756,-0.0000000000,1.0000000000,1.0000000000,0.0000000000,0.0000000000,0.0000000000,0.0000000000
0.0200000000,0.4110079709,0.2911349190,0.5241183146,-0.0381471169,-0.1319929815,-0.4728683289,0.4082307563,-0.1530671548,0.5463253985,0.0334707541,-0.0331352627,-0.2572867895,0.1155000000,-0.0000000000,0.7061338532,0.0000000000,0.5235987756,0.0000000000,1.0000000000,1.0000000000,0.0000000000,0.0000000000,0.0000000000,0.0000000000
0.0200000000,0.4110079709,0.2911349190,0.5241183146,-0.0381471169,-0.1319929815,-0.4728683289,0.4089167705,-0.1533232259,0.5463278009,0.0328447078,-0.0326723621,-0.2588577841,0.1155000000,-0.0000000000,0.7061338532,0.0000000000,0.5235987756,0.0000000000,1.0000000000,1.0000000000,0.0000000000,0.0000000000,0.0000000000,0.0000000000
0.0200000000,0.4110079709,0.2911349190,0.5241183146,-0.0381471169,-0.1319929815,-0.4728683289,0.4096479731,-0.1536017468,0.5463763543,0.0324516895,-0.0325231332,-0.2606453843,0.1155000000,-0.0000000000,0.7061338532,0.0000000000,0.5235987756,0.0000000000,1.0000000000,1.0000000000,0.0000000000,0.0000000000,0.0000000000,0.0000000000
0.0200000000,0.4110079709,0.2911349190,0.5241183146,-0.0381471169,-0.1319929815,-0.4728683289,0.4103438305,-0.1539203927,0.5464639685,0.0324080153,-0.0326853508,-0.2628015184,0.1155000000,-0.0000000000,0.7061338532,0.0000000000,0.5235987756,0.0000000000,1.0000000000,1.0000000000,0.0000000000,0.0000000000,0.0000000000,0.0000000000
0.0200000000,0.4110079709,0.2911349190,0.5241183146,-0.0381471169,-0.1319929815,-0.4728683289,0.4109325078,-0.1542828026,0.5465849359,0.0327992913,-0.0331673969,-0.2653693962,0.1155000000,-0.0000000000,0.7061338532,0.0000000000,0.5235987756,0.0000000000,1.0000000000,1.0000000000,0.0000000000,0.0000000000,0.0000000000,0.0000000000
0.0200000000,0.4110079709,0.2911349190,0.5241183146,-0.0381471169,-0.1319929815,-0.4728683289,0.4114144225,-0.1546758838,0.5467198280,0.0333853404,-0.0338794067,-0.2679895999,0.1155000000,-0.0000000000,0.7061338532,0.0000000000,0.5235987756,0.0000000000,1.0000000000,1.0000000000,0.0000000000,0.0000000000,0.0000000000,0.0000000000
0.0200000000,0.4110079709,0.2911349190,0.5241183146,-0.0381471169,-0.1319929815,-0.4728683289,0.4118396503,-0.1551661477,0.5468505726,0.0338571608,-0.0347715550,-0.2705658027,0.1155000000,0.0000000000,0.7061338532,-0.0000000000,0.5235987756,-0.0000000000,1.0000000000,1.0000000000,0.0000000000,0.0000000000,0.0000000000,0.0000000000
0.0200000000,0.4110079709,0.2911349190,0.5241183146,-0.0381471169,-0.1319929815,-0.4728683289,0.4122976450,-0.1558019611,0.5469713094,0.0340550370,-0.0357652129,-0.2732552100,0.1155000000,-0.0000000000,0.7061338532,0.0000000000,0.5235987756,0.0000000000,1.0000000000,1.0000000000,0.0000000000,0.0000000000,0.0000000000,0.0000000000
0.0200000000,0.4110079709,0.2911349190,0.5241183146,-0.0381471169,-0.1319929815,-0.4728683289,0.4128679672,-0.1565106324,0.5470949572,0.0340327297,-0.0367809141,-0.2760263309,0.1155000000,-0.0000000000,0.7061338532,0.0000000000,0.5235987756,0.0000000000,1.0000000000,1.0000000000,0.0000000000,0.0000000000,0.0000000000,0.0000000000
0.0200000000,0.4110079709,0.2911349190,0.5241183146,-0.0381471169,-0.1319929815,-0.4728683289,0.4136290718,-0.1571902952,0.5472484248,0.0338941677,-0.0378391426,-0.2786942507,0.1155000000,-0.0000000000,0.7061338532,0.0000000000,0.5235987756,0.0000000000,1.0000000000,1.0000000000,0.0000000000,0.0000000000,0.0000000000,0.0000000000
0.0200000000,0.4110079709,0.2911349190,0.5241183146,-0.0381471169,-0.1319929815,-0.4728683289,0.4145784853,-0.1578063597,0.5474544567,0.0337824709,-0.0390759722,-0.2811941651,0.1155000000,-0.0000000000,0.7061338532,0.0000000000,0.5235987756,0.0000000000,1.0000000000,1.0000000000,0.0000000000,0.0000000000,0.0000000000,0.0000000000
0.0200000000,0.4110079709,0.2911349190,0.5241183146,-0.0381471169,-0.1319929815,-0.4728683289,0.4157026870,-0.1583537266,0.5477362468,0.0338355400,-0.0406752476,-0.2835162715,0.1155000000,-0.0000000000,0.7061338532,0.0000000000,0.5235987756,0.0000000000,1.0000000000,1.0000000000,0.0000000000,0.0000000000,0.0000000000,0.0000000000
0.0200000000,0.4110079709,0.2911349190,0.5241183146,-0.0381471169,-0.1319929815,-0.4728683289,0.4169625803,-0.1588432747,0.5481113045,0.0341863972,-0.0428162433,-0.2856831888,0.1155000000,-0.0000000000,0.7061338532,0.0000000000,0.5235987756,0.0000000000,1.0000000000,1.0000000000,0.0000000000,0.0000000000,0.0000000000,0.0000000000
0.0200000000,0.4110079709,0.2911349190,0.5241183146,-0.0381471169,-0.1319929815,-0.4728683289,0.4182923912,-0.1592960639,0.5485860489,0.0349427006,-0.0456277015,-0.2877385249,0.1155000000,-0.0000000000,0.7061338532,0.0000000000,0.5235987756,0.0000000000,1.0000000000,0.9447017080,0.0000000000,0.0000000000,0.0000000000,0.0000000000
0.0200000000,0.4110079709,0.2911349190,0.5241183146,-0.0381471169,-0.1319929815,-0.4728683289,0.4195852897,-0.1597351683,0.5491635539,0.0362523645,-0.0492606993,-0.2897254030,0.1155000000,-0.0000000000,0.7061338532,0.0000000000,0.5235987756,0.0000000000,1.0000000000,0.8780350413,0.0000000000,0.0000000000,0.0000000000,0.0000000000
0.0200000000,0.4110079709,0.2911349190,0.5241183146,-0.0381471169,-0.1319929815,-0.4728683289,0.4207317474,-0.1601801451,0.5498097511,0.0380888645,-0.0535716740,-0.2916912158,0.1155000000,-0.0000000000,0.7061338532,0.0000000000,0.5235987756,0.0000000000,1.0000000000,0.8113683747,0.0000000000,0.0000000000,0.0000000000,0.0000000000
0.0200000000,0.4110079709,0.2911349190,0.5241183146,-0.0381471169,-0.1319929815,-0.4728683289,0.4216585051,-0.1606456465,0.5504985872,0.0404199359,-0.0584482687,-0.2936717423,0.1155000000,-0.0000000000,0.7061338532,0.0000000000,0.5235987756,0.0000000000,1.0000000000,0.7447017080,0.0000000000,0.0000000000,0.0000000000,0.0000000000
0.0200000000,0.4110079709,0.2911349190,0.5241183146,-0.0381471169,-0.1319929815,-0.4728683289,0.4223347362,-0.1611349078,0.5511768316,0.0430058249,-0.0635147100,-0.2956436909,0.1155000000,-0.0000000000,0.7061338532,0.0000000000,0.5235987756,0.0000000000,1.0000000000,0.6780350413,0.0000000000,0.0000000000,0.0000000000,0.0000000000
0.0200000000,0.4110079709,0.2911349190,0.5241183146,-0.0381471169,-0.1319929815,-0.4728683289,0.4228474459,-0.1616897074,0.5518250163,0.0456012474,-0.0685757791,-0.2977041347,0.1155000000,-0.0000000000,0.7061338532,0.0000000000,0.5235987756,0.0000000000,1.0000000000,0.6113683747,0.0000000000,0.0000000000,0.0000000000,0.0000000000
0.0200000000,0.4110079709,0.2911349190,0.5241183146,-0.0381471169,-0.1319929815,-0.4728683289,0.4233167352,-0.1623091124,0.5523750371,0.0476557090,-0.0729802412,-0.2997754638,0.1155000000,-0.0000000000,0.7061338532,0.0000000000,0.5235987756,0.0000000000,1.0000000000,0.5447017080,0.0000000000,0.0000000000,0.0000000000,0.0000000000
0.0200000000,0.4110079709,0.2911349190,0.5241183146,-0.0381471169,-0.1319929815,-0.4728683289,0.4237941753,-0.1629103874,0.5527963481,0.0489744820,-0.0763540177,-0.3016350437,0.1155000000,-0.0000000000,0.7061338532,0.0000000000,0.5235987756,0.0000000000,1.0000000000,0.4780350413,0.0000000000,0.0000000000,0.0000000000,0.0000000000
0.0200000000,0.4110079709,0.2911349190,0.5241183146,-0.0381471169,-0.1319929815,-0.4728683289,0.4243726586,-0.1635397501,0.5531467750,0.0497196136,-0.0790951391,-0.3034512894,0.1155000000,0.0000000000,0.7061338532,-0.0000000000,0.5235987756,-0.0000000000,1.0000000000,0.4113683747,0.0000000000,0.0000000000,0.0000000000,0.0000000000
0.0200000000,0.4110079709,0.2911349190,0.5241183146,-0.0381471169,-0.1319929815,-0.4728683289,0.4251544093,-0.1642832964,0.5534996210,0.0500986271,-0.0817436358,-0.3055010085,0.1155000000,-0.0000000000,0.7061338532,0.0000000000,0.5235987756,0.0000000000,1.0000000000,0.3447017080,0.0000000000,0.0000000000,0.0000000000,0.0000000000
0.0200000000,0.4110079709,0.2911349190,0.5241183146,-0.0381471169,-0.1319929815,-0.4728683289,0.4261224940,-0.1650885258,0.5538357314,0.0500567524,-0.0841046000,-0.3076451871,0.1155000000,-0.0000000000,0.7061338532,0.0000000000,0.5235987756,0.0000000000,1.0000000000,0.2780350413,0.0000000000,0.0000000000,0.0000000000,0.0000000000
0.0200000000,0.4110079709,0.2911349190,0.5241183146,-0.0381471169,-0.1319929815,-0.4728683289,0.4272747486,-0.1659263605,0.5541552095,0.0496187605,-0.0861351494,-0.3098374605,0.1155000000,-0.0000000000,0.7061338532,0.0000000000,0.5235987756,0.0000000000,1.0000000000,0.2113683747,0.0000000000,0.0000000000,0.0000000000,0.0000000000
0.0200000000,0.4110079709,0.2911349190,0.5241183146,-0.0381471169,-0.1319929815,-0.4728683289,0.4285708514,-0.1667697294,0.5544671449,0.0489146448,-0.0879066838,-0.3120477188,0.1155000000,-0.0000000000,0.7061338532,0.0000000000,0.5235987756,0.0000000000,1.0000000000,0.1447017080,0.0000000000,0.0000000000,0.0000000000,0.0000000000
0.0200000000,0.4110079709,0.2911349190,0.5241183146,-0.0381471169,-0.1319929815,-0.4728683289,0.4298022738,-0.1675193392,0.5547448727,0.0481625589,-0.0893520784,-0.3140223702,0.1155000000,-0.0000000000,0.7061338532,0.0000000000,0.5235987756,0.0000000000,1.0000000000,0.0780350413,0.0000000000,0.0000000000,0.0000000000,0.0000000000
0.0200000000,0.4110079709,0.2911349190,0.5241183146,-0.0381471169,-0.1319929815,-0.4728683289,0.4308613940,-0.1681196037,0.5549707940,0.0474649748,-0.0904178982,-0.3156211030,0.1155000000,-0.0000000000,0.7061338532,0.0000000000,0.5235987756,0.0000000000,1.0000000000,0.0115090954,0.0000000000,0.0000000000,0.0000000000,0.0000000000
0.0200000000,0.4110079709,0.2911349190,0.5241183146,-0.0381471169,-0.1319929815,-0.4728683289,0.4319468545,-0.1686827318,0.5551877763,0.0466899567,-0.0913185467,-0.3171297682,0.1155000000,-0.0000000000,0.7061338532,0.0000000000,0.5235987756,0.0000000000,1.0000000000,0.0000000000,0.0000000000,0.0000000000,0.0000000000,0.0000000000
0.0200000000,0.4110079709,0.2911349190,0.5241183146,-0.0381471169,-0.1319929815,-0.4728683289,0.4333703263,-0.1693757463,0.5554673953,0.0456457525,-0.0923808209,-0.3189814795,0.1155000000,-0.0000000000,0.7061338532,0.0000000000,0.5235987756,0.0000000000,1.0000000000,0.0000000000,0.0000000000,0.0000000000,0.0000000000,0.0000000000
0.0200000000,0.4110079709,0.2911349190,0.5241183146,-0.0381471169,-0.1319929815,-0.4728683289,0.4350191241,-0.1701445452,0.5557895645,0.0444161844,-0.0935089321,-0.3210386474,0.1155000000,-0.0000000000,0.7061338532,0.0000000000,0.5235987756,0.0000000000,1.0000000000,0.0000000000,0.0000000000,0.0000000000,0.0000000000,0.0000000000
0.0200000000,0.4110079709,0.2911349190,0.5241183146,-0.0381471169,-0.1319929815,-0.4728683289,0.4365316561,-0.1708283850,0.5560869092,0.0432792394,-0.0944856555,-0.3228654051,0.1155000000,-0.0000000000,0.7061338532,0.0000000000,0.5235987756,0.0000000000,1.0000000000,0.0000000000,0.0000000000,0.0000000000,0.0000000000,0.0000000000
0.0200000000,0.4110079709,0.2911349190,0.5241183146,-0.0381471169,-0.1319929815,-0.4728683289,0.4377953341,-0.1713729573,0.5563344000,0.0423115513,-0.0952345847,-0.3243099098,0.1155000000,0.0000000000,0.7061338532,-0.0000000000,0.5235987756,-0.0000000000,1.0000000000,0.0000000000,0.0000000000,0.0000000000,0.0000000000,0.0000000000
0.0200000000,0.4110079709,0.2911349190,0.5241183146,-0.0381471169,-0.1319929815,-0.4728683289,0.4388976336,-0.1718211879,0.5565477451,0.0414463070,-0.0958186876,-0.3254887138,0.1155000000,-0.0000000000,0.7061338532,0.0000000000,0.5235987756,0.0000000000,1.0000000000,0.0000000000,0.0000000000,0.0000000000,0.0000000000,0.0000000000
0.0200000000,0.4110079709,0.2911349190,0.5241183146,-0.0381471169,-0.1319929815,-0.4728683289,0.4399117166,-0.1722177481,0.5567432640,0.0406384914,-0.0963144826,-0.3265258471,0.1155000000,-0.0000000000,0.7061338532,0.0000000000,0.5235987756,0.0000000000,1.0000000000,0.0000000000,0.0000000000,0.0000000000,0.0000000000,0.0000000000
0.0200000000,0.4110079709,0.2911349190,0.5241183146,-0.0381471169,-0.1319929815,-0.4728683289,0.4409010273,-0.1726032960,0.5569364303,0.0398530926,-0.0967937834,-0.3275354507,0.1155000000,-0.0000000000,0.7061338532,0.0000000000,0.5235987756,0.0000000000,1.0000000000,0.0000000000,0.0000000000,0.0000000000,0.0000000000,0.0000000000
0.0200000000,0.4110079709,0.2911349190,0.5241183146,-0.0381471169,-0.1319929815,-0.4728683289,0.4418252403,-0.1729570700,0.5571180391,0.0391172101,-0.0972261934,-0.3284599404,0.1155000000,0.0000000000,0.7061338532,-0.0000000000,0.5235987756,-0.0000000000,1.0000000000,0.0000000000,0.0000000000,0.0000000000,0.0000000000,0.0000000000
0.0200000000,0.4110079709,0.2911349190,0.5241183146,-0.0381471169,-0.1319929815,-0.4728683289,0.4426811162,-0.1732739526,0.5572858880,0.0384278711,-0.0975995109,-0.3292835809,0.1155000000,-0.0000000000,0.7061338532,0.0000000000,0.5235987756,0.0000000000,1.0000000000,0.0000000000,0.0000000000,0.0000000000,0.0000000000,0.0000000000
0.0200000000,0.4110079709,0.2911349190,0.5241183146,-0.0381471169,-0.1319929815,-0.4728683289,0.4435030658,-0.1735687816,0.5574465153,0.0377574491,-0.0979315758,-0.3300461529,0.1155000000,-0.0000000000,0.7061338532,0.0000000000,0.5235987756,0.0000000000,1.0000000000,0.0000000000,0.0000000000,0.0000000000,0.0000000000,0.0000000000
0.0200000000,0.4110079709,0.2911349190,0.5241183146,-0.0381471169,-0.1319929815,-0.4728683289,0.4443302226,-0.1738574574,0.5576074682,0.0370738404,-0.0982394598,-0.3307902335,0.1155000000,-0.0000000000,0.7061338532,0.0000000000,0.5235987756,0.0000000000,1.0000000000,0.0000000000,0.0000000000,0.0000000000,0.0000000000,0.0000000000
0.0200000000,0.4110079709,0.2911349190,0.5241183146,-0.0381471169,-0.1319929815,-0.4728683289,0.4451976931,-0.1741561797,0.5577764824,0.0363516573,-0.0985446205,-0.3315603979,0.1155000000,-0.0000000000,0.7061338532,0.0000000000,0.5235987756,0.0000000000,1.0000000000,0.0000000000,0.0000000000,0.0000000000,0.0000000000,0.0000000000
0.0200000000,0.4110079709,0.2911349190,0.5241183146,-0.0381471169,-0.1319929815,-0.4728683289,0.4461048571,-0.1744645634,0.5579540601,0.0355934629,-0.0988493046,-0.3323558344,0.1155000000,-0.0000000000,0.7061338532,0.0000000000,0.5235987756,0.0000000000,1.0000000000,0.0000000000,0.0000000000,0.0000000000,0.0000000000,0.0000000000
0.0200000000,0.4110079709,0.2911349190,0.5241183146,-0.0381471169,-0.1319929815,-0.4728683289,0.4470282671,-0.1747724056,0.5581355292,0.0348177545,-0.0991419296,-0.3331488938,0.1155000000,-0.0000000000,0.7061338532,0.0000000000,0.5235987756,0.0000000000,1.0000000000,0.0000000000,0.0000000000,0.0000000000,0.0000000000,0.0000000000
0.0200000000,0.4110079709,0.2911349190,0.5241183146,-0.0381471169,-0.1319929815,-0.4728683289,0.4479644139,-0.1750785460,0.5583197137,0.0340245724,-0.0994167201,-0.3339366332,0.1155000000,-0.0000000000,0.7061338532,0.0000000000,0.5235987756,0.0000000000,1.0000000000,0.0000000000,0.0000000000,0.0000000000,0.0000000000,0.0000000000
0.0200000000,0.4110079709,0.2911349190,0.5241183146,-0.0381471169,-0.1319929815,-0.4728683289,0.4489137370,-0.1753826500,0.5585057413,0.0332084063,-0.0996651784,-0.3347180124,0.1155000000,-0.0000000000,0.7061338532,0.0000000000,0.5235987756,0.0000000000,1.0000000000,0.0000000000,0.0000000000,0.0000000000,0.0000000000,0.0000000000
0.0200000000,0.4110079709,0.2911349190,0.5241183146,-0.0381471169,-0.1319929815,-0.4728683289,0.4498721036,-0.1756845013,0.5586926472,0.0323715105,-0.0998850447,-0.3354931707,0.1155000000,-0.0000000000,0.7061338532,0.0000000000,0.5235987756,0.0000000000,1.0000000000,0.0000000000,0.0000000000,0.0000000000,0.0000000000,0.0000000000
0.0200000000,0.4110079709,0.2911349190,0.5241183146,-0.0381471169,-0.1319929815,-0.4728683289,0.4507961925,-0.1759722835,0.5588737973,0.0315609700,-0.1000826078,-0.3362330052,0.1155000000,-0.0000000000,0.7061338532,0.0000000000,0.5235987756,0.0000000000,1.0000000000,0.0000000000,0.0000000000,0.0000000000,0.0000000000,0.0000000000
0.0200000000,0.4110079709,0.2911349190,0.5241183146,-0.0381471169,-0.1319929815,-0.4728683289,0.4516509476,-0.1762361540,0.5590439933,0.0308172551,-0.1002673970,-0.3369127026,0.1155000000,-0.0000000000,0.7061338532,0.0000000000,0.5235987756,0.0000000000,1.0000000000,0.0000000000,0.0000000000,0.0000000000,0.0000000000,0.0000000000
0.0200000000,0.4110079709,0.2911349190,0.5241183146,-0.0381471169,-0.1319929815,-0.4728683289,0.4525128039,-0.1764971151,0.5592147193,0.0300560444,-0.1004268842,-0.3375841133,0.1155000000,-0.0000000000,0.7061338532,0.0000000000,0.5235987756,0.0000000000,1.0000000000,0.0000000000,0.0000000000,0.0000000000,0.0000000000,0.0000000000
0.0200000000,0.4110079709,0.2911349190,0.5241183146,-0.0381471169,-0.1319929815,-0.4728683289,0.4535102306,-0.1767900182,0.5594059254,0.0291343577,-0.1005348934,-0.3383342252,0.1155000000,-0.0000000000,0.7061338532,0.0000000000,0.5235987756,0.0000000000,1.0000000000,0.0000000000,0.0000000000,0.0000000000,0.0000000000,0.0000000000
0.0200000000,0.4110079709,0.2911349190,0.5241183146,-0.0381471169,-0.1319929815,-0.4728683289,0.4547412441,-0.1771428474,0.5596349476,0.0279480733,-0.1005774369,-0.3392352206,0.1155000000,-0.0000000000,0.7061338532,0.0000000000,0.5235987756,0.0000000000,1.0000000000,0.0000000000,0.0000000000,0.0000000000,0.0000000000,0.0000000000
0.0200000000,0.4110079709,0.2911349190,0.5241183146,-0.0381471169,-0.1319929815,-0.4728683289,0.4562667503,-0.1775734888,0.5599171183,0.0264481555,-0.1005660056,-0.3403363822,0.1155000000,0.0000000000,0.7061338532,-0.0000000000,0.5235987756,-0.0000000000,1.0000000000,0.0000000000,0.0000000000,0.0000000000,0.0000000000,0.0000000000
0.0200000000,0.4110079709,0.2911349190,0.5241183146,-0.0381471169,-0.1319929815,-0.4728683289,0.4580152394,-0.1780623391,0.5602428090,0.0247103368,-0.1005035599,-0.3415912215,0.1155000000,-0.0000000000,0.7061338532,0.0000000000,0.5235987756,0.0000000000,1.0000000000,0.0000000000,0.0000000000,0.0000000000,0.0000000000,0.0000000000
0.0200000000,0.4110079709,0.2911349190,0.5241183146,-0.0381471169,-0.1319929815,-0.4728683289,0.4598368487,-0.1785653829,0.5605757222,0.0228318896,-0.1003116540,-0.3428847287,0.1155000000,-0.0000000000,0.7061338532,0.0000000000,0.5235987756,0.0000000000,1.0000000000,0.0000000000,0.0000000000,0.0000000000,0.0000000000,0.0000000000
0.0200000000,0.4110079709,0.2911349190,0.5241183146,-0.0381471169,-0.1319929815,-0.4728683289,0.4617085013,-0.1790713807,0.5608995420,0.0207707474,-0.0998873000,-0.3441838026,0.1155000000,-0.0000000000,0.7061338532,0.0000000000,0.5235987756,0.0000000000,1.0000000000,0.0000000000,0.0000000000,0.0000000000,0.0000000000,0.0000000000
0.0200000000,0.4110079709,0.2911349190,0.5241183146,-0.0381471169,-0.1319929815,-0.4728683289,0.4635740434,-0.1795704065,0.5612152983,0.0186413597,-0.0993275510,-0.3454688941,0.1155000000,-0.0000000000,0.7061338532,0.0000000000,0.5235987756,0.0000000000,1.0000000000,0.0000000000,0.0000000000,0.0000000000,0.0000000000,0.0000000000
0.0200000000,0.4110079709,0.2911349190,0.5241183146,-0.0381471169,-0.1319929815,-0.4728683289,0.4651913618,-0.1800023084,0.5614846388,0.0167399586,-0.0987437040,-0.3465858053,0.1155000000,-0.0000000000,0.7061338532,0.0000000000,0.5235987756,0.0000000000,1.0000000000,0.0000000000,0.0000000000,0.0000000000,0.0000000000,0.0000000000
0.0200000000,0.4110079709,0.2911349190,0.5241183146,-0.0381471169,-0.1319929815,-0.4728683289,0.4665029013,-0.1803511233,0.5616939456,0.0151284151,-0.0981544401,-0.3474891079,0.1155000000,-0.0000000000,0.7061338532,0.0000000000,0.5235987756,0.0000000000,1.0000000000,0.0000000000,0.0000000000,0.0000000000,0.0000000000,0.0000000000
0.0200000000,0.4110079709,0.2911349190,0.5241183146,-0.0381471169,-0.1319929815,-0.4728683289,0.4676454892,-0.1806532240,0.5618648014,0.0136482167,-0.0975181742,-0.3482707324,0.1155000000,0.0000000000,0.7061338532,-0.0000000000,0.5235987756,-0.0000000000,1.0000000000,0.0000000000,0.0000000000,0.0000000000,0.0000000000,0.0000000000
0.0200000000,0.4110079709,0.2911349190,0.5241183146,-0.0381471169,-0.1319929815,-0.4728683289,0.4687961630,-0.1809577636,0.5620284867,0.0120975915,-0.0967820372,-0.3490590917,0.1155000000,-0.0000000000,0.7061338532,0.0000000000,0.5235987756,0.0000000000,1.0000000000,0.0000000000,0.0000000000,0.0000000000,0.0000000000,0.0000000000
0.0200000000,0.4110079709,0.2911349190,0.5241183146,-0.0381471169,-0.1319929815,-0.4728683289,0.4700050829,-0.1812792080,0.5621980891,0.0104384017,-0.0959581995,-0.3498946582,0.1155000000,-0.0000000000,0.7061338532,0.0000000000,0.5235987756,0.0000000000,1.0000000000,0.0000000000,0.0000000000,0.0000000000,0.0000000000,0.0000000000
0.0200000000,0.4110079709,0.2911349190,0.5241183146,-0.0381471169,-0.1319929815,-0.4728683289,0.4712156177,-0.1816015846,0.5623617161,0.0087264324,-0.0950511743,-0.3507349818,0.1155000000,0.0000000000,0.7061338532,-0.0000000000,0.5235987756,-0.0000000000,1.0000000000,0.0000000000,0.0000000000,0.0000000000,0.0000000000,0.0000000000
0.0200000000,0.4110079709,0.2911349190,0.5241183146,-0.0381471169,-0.1319929815,-0.4728683289,0.4724954973,-0.1819427435,0.5625264651,0.0068529451,-0.0939913054,-0.3516257409,0.1155000000,-0.0000000000,0.7061338532,0.0000000000,0.5235987756,0.0000000000,1.0000000000,0.0000000000,0.0000000000,0.0000000000,0.0000000000,0.0000000000
0.0200000000,0.4110079709,0.2911349190,0.5241183146,-0.0381471169,-0.1319929815,-0.4728683289,0.4738855430,-0.1823145399,0.5626979375,0.0047551126,-0.0927396180,-0.3525996318,0.1155000000,-0.0000000000,0.7061338532,0.0000000000,0.5235987756,0.0000000000,1.0000000000,0.0000000000,0.0000000000,0.0000000000,0.0000000000,0.0000000000
0.0200000000,0.4110079709,0.2911349190,0.5241183146,-0.0381471169,-0.1319929815,-0.4728683289,0.4753800399,-0.1827147164,0.5628752491,0.0024348214,-0.0912887937,-0.3536523008,0.1155000000,-0.0000000000,0.7061338532,0.0000000000,0.5235987756,0.0000000000,1.0000000000,0.0000000000,0.0000000000,0.0000000000,0.0000000000,0.0000000000
0.0200000000,0.4110079709,0.2911349190,0.5241183146,-0.0381471169,-0.1319929815,-0.4728683289,0.4769746568,-0.1831393896,0.5630592456,-0.0001000453,-0.0896420354,-0.3547741901,0.1155000000,-0.0000000000,0.7061338532,0.0000000000,0.5235987756,0.0000000000,1.0000000000,0.0000000000,0.0000000000,0.0000000000,0.0000000000,0.0000000000
0.0200000000,0.4110079709,0.2911349190,0.5241183146,-0.0381471169,-0.1319929815,-0.4728683289,0.4786783703,-0.1835898219,0.5632531352,-0.0028589556,-0.0877943805,-0.3559712389,0.1155000000,-0.0000000000,0.7061338532,0.0000000000,0.5235987756,0.0000000000,1.0000000000,0.0000000000,0.0000000000,0.0000000000,0.0000000000,0.0000000000
0.0200000000,0.4110079709,0.2911349190,0.5241183146,-0.0381471169,-0.1319929815,-0.4728683289,0.4806185612,-0.1840891107,0.5634806610,-0.0060090495,-0.0856544496,-0.3573081779,0.1155000000,-0.0000000000,0.7061338532,0.0000000000,0.5235987756,0.0000000000,1.0000000000,0.0000000000,0.0000000000,0.0000000000,0.0000000000,0.0000000000
0.0200000000,0.4110079709,0.2911349190,0.5241183146,-0.0381471169,-0.1319929815,-0.4728683289,0.4827212380,-0.1846086118,0.5637459855,-0.0093746120,-0.0833728569,-0.3587152467,0.1155000000,0.0000000000,0.7061338532,-0.0000000000,0.5235987756,-0.0000000000,1.0000000000,0.0000000000,0.0000000000,0.0000000000,0.0000000000,0.0000000000
0.0200000000,0.4110079709,0.2911349190,0.5241183146,-0.0381471169,-0.1319929815,-0.4728683289,0.4847290811,-0.1850613855,0.5640369222,-0.0124317830,-0.0813739548,-0.3599600723,0.1155000000,-0.0000000000,0.7061338532,0.0000000000,0.5235987756,0.0000000000,1.0000000000,0.0000000000,0.0000000000,0.0000000000,0.0000000000,0.0000000000
0.0200000000,0.4110079709,0.2911349190,0.5241183146,-0.0381471169,-0.1319929815,-0.4728683289,0.4869501171,-0.1854865310,0.5644281964,-0.0154811659,-0.0795645069,-0.3611623990,0.1155000000,-0.0000000000,0.7061338532,0.0000000000,0.5235987756,0.0000000000,1.0000000000,0.0000000000,0.0000000000,0.0000000000,0.0000000000,0.0000000000
0.0200000000,0.4110079709,0.2911349190,0.5241183146,-0.0381471169,-0.1319929815,-0.4728683289,0.4892222686,-0.1858242286,0.5649168768,-0.0181621705,-0.0782451077,-0.3621673962,0.1155000000,-0.0000000000,0.7061338532,0.0000000000,0.5235987756,0.0000000000,1.0000000000,0.0000000000,0.0000000000,0.0000000000,0.0000000000,0.0000000000
0.0200000000,0.4110079709,0.2911349190,0.5241183146,-0.0381471169,-0.1319929815,-0.4728683289,0.4913993939,-0.1860216863,0.5654927803,-0.0201716067,-0.0776562711,-0.3628362598,0.1155000000,-0.0000000000,0.7061338532,0.0000000000,0.5235987756,0.0000000000,1.0000000000,0.0000000000,0.0000000000,0.0000000000,0.0000000000,0.0000000000
0.0200000000,0.4110079709,0.2911349190,0.5241183146,-0.0381471169,-0.1319929815,-0.4728683289,0.4935550830,-0.1860730191,0.5661785386,-0.0215469876,-0.0778040235,-0.3631648549,0.1155000000,-0.0000000000,0.7061338532,0.0000000000,0.5235987756,0.0000000000,1.0000000000,0.0000000000,0.0000000000,0.0000000000,0.0000000000,0.0000000000
0.0200000000,0.4110079709,0.2911349190,0.5241183146,-0.0381471169,-0.1319929815,-0.4728683289,0.4957366690,-0.1859549128,0.5670004223,-0.0222481810,-0.0787642131,-0.3631064093,0.1155000000,-0.0000000000,0.7061338532,0.0000000000,0.5235987756,0.0000000000,1.0000000000,0.0000000000,0.0000000000,0.0000000000,0.0000000000,0.0000000000
0.0200000000,0.4110079709,0.2911349190,0.5241183146,-0.0381471169,-0.1319929815,-0.4728683289,0.4978396066,-0.1857224048,0.5678816973,-0.0224468758,-0.0802306235,-0.3627988813,0.1155000000,-0.0000000000,0.7061338532,0.0000000000,0.5235987756,0.0000000000,1.0000000000,0.0000000000,0.0000000000,0.0000000000,0.0000000000,0.0000000000
0.0200000000,0.4110079709,0.2911349190,0.5241183146,-0.0381471169,-0.1319929815,-0.4728683289,0.4999115546,-0.1854134759,0.5688013476,-0.0222471273,-0.0819818684,-0.3624782345,0.1155000000,-0.0000000000,0.7061338532,0.0000000000,0.5235987756,0.0000000000,1.0000000000,0.0000000000,0.0000000000,0.0000000000,0.0000000000,0.0000000000
0.0200000000,0.4110079709,0.2911349190,0.5241183146,-0.0381471169,-0.1319929815,-0.4728683289,0.5020069044,-0.1850575097,0.5697554177,-0.0217285275,-0.0838925227,-0.3623018420,0.1155000000,0.0000000000,0.7061338532,-0.0000000000,0.5235987756,-0.0000000000,1.0000000000,0.0000000000,0.0000000000,0.0000000000,0.0000000000,0.0000000000
0.0200000000,0.4110079709,0.2911349190,0.5241183146,-0.0381471169,-0.1319929815,-0.4728683289,0.5041204636,-0.1847074994,0.5707440346,-0.0211865261,-0.0859410207,-0.3620873646,0.1155000000,-0.0000000000,0.7061338532,0.0000000000,0.5235987756,0.0000000000,1.0000000000,0.0000000000,0.0000000000,0.0000000000,0.0000000000,0.0000000000
0.0200000000,0.4110079709,0.2911349190,0.5241183146,-0.0381471169,-0.1319929815,-0.4728683289,0.5061855390,-0.1843855864,0.5717676871,-0.0207291736,-0.0882496171,-0.3616102196,0.1155000000,-0.0000000000,0.7061338532,0.0000000000,0.5235987756,0.0000000000,1.0000000000,0.0000000000,0.0000000000,0.0000000000,0.0000000000,0.0000000000
0.0200000000,0.4110079709,0.2911349190,0.5241183146,-0.0381471169,-0.1319929815,-0.4728683289,0.5081247600,-0.1840452560,0.5728139121,-0.0199999059,-0.0909444797,-0.3609852532,0.1155000000,-0.0000000000,0.7061338532,0.0000000000,0.5235987756,0.0000000000,1.0000000000,0.0000000000,0.0000000000,0.0000000000,0.0000000000,0.0000000000
0.0200000000,0.4110079709,0.2911349190,0.5241183146,-0.0381471169,-0.1319929815,-0.4728683289,0.5098655131,-0.1836687761,0.5738648480,-0.0187752183,-0.0941159652,-0.3602899519,0.1155000000,0.0000000000,0.7061338532,-0.0000000000,0.5235987756,-0.0000000000,1.0000000000,0.0000000000,0.0000000000,0.0000000000,0.0000000000,0.0000000000
0.0200000000,0.4110079709,0.2911349190,0.5241183146,-0.0381471169,-0.1319929815,-0.4728683289,0.5113535741,-0.1832797555,0.5748918448,-0.0170563108,-0.0977342315,-0.3595769861,0.1155000000,-0.0000000000,0.7061338532,0.0000000000,0.5235987756,0.0000000000,1.0000000000,0.0000000000,0.0000000000,0.0000000000,0.0000000000,0.0000000000
0.0200000000,0.4110079709,0.2911349190,0.5241183146,-0.0381471169,-0.1319929815,-0.4728683289,0.5125603190,-0.1829290982,0.5758511257,-0.0150166609,-0.1016000251,-0.3589381902,0.1155000000,-0.0000000000,0.7061338532,0.0000000000,0.5235987756,0.0000000000,1.0000000000,0.0000000000,0.0000000000,0.0000000000,0.0000000000,0.0000000000
0.0200000000,0.4110079709,0.2911349190,0.5241183146,-0.0381471169,-0.1319929815,-0.4728683289,0.5134308656,-0.1826963988,0.5766548067,-0.0130076282,-0.1052678417,-0.3585124149,0.1155000000,-0.0000000000,0.7061338532,0.0000000000,0.5235987756,0.0000000000,1.0000000000,0.0000000000,0.0000000000,0.0000000000,0.0000000000,0.0000000000
0.0200000000,0.4110079768,0.2911349193,0.5241183173,-0.0381471090,-0.1319930025,-0.4728683283,0.5139857250,-0.1826187733,0.5772383430,-0.0114269116,-0.1082244108,-0.3583596640,0.1155000000,-0.0000000000,0.7061338532,0.0000000000,0.5235987756,0.0000000000,1.0000000000,0.0000000000,0.0000000000,0.0000000000,0.0000000000,0.0000000000
0.0200000000,0.4110078909,0.2911349146,0.5241182775,-0.0381472257,-0.1319926930,-0.4728683360,0.5142242710,-0.1827020403,0.5775462447,-0.0105415082,-0.1100482721,-0.3584985512,0.1155000000,-0.0000000000,0.7061338532,0.0000000000,0.5235987756,0.0000000000,1.0000000000,0.0000000000,0.0000000000,0.0000000000,0.0000000000,0.0000000000
0.0200000000,0.4110072755,0.2911348765,0.5241179962,-0.0381480549,-0.1319905286,-0.4728684144,0.5141658833,-0.1829222891,0.5775529622,-0.0105051851,-0.1104607862,-0.3588947463,0.1155000000,-0.0000000000,0.7061338532,0.0000000000,0.5235987756,0.0000000000,1.0000000000,0.0000000000,0.0000000000,0.0000000000,0.0000000000,0.0000000000
0.0200000000,0.4110068509,0.2911349134,0.5241177519,-0.0381487187,-0.1319883105,-0.4728681394,0.5138699689,-0.1832368498,0.5772740762,-0.0113735329,-0.1093797225,-0.3594611281,0.1155000000,-0.0000000000,0.7061338532,0.0000000000,0.5235987756,0.0000000000,1.0000000000,0.0000000000,0.0000000000,0.0000000000,0.0000000000,0.0000000000
0.0200000000,0.4110147059,0.2911356174,0.5241211660,-0.0381384607,-0.1320134078,-0.4728659935,0.5134356104,-0.1835980669,0.5767497023,-0.0131807323,-0.1067946607,-0.3601056800,0.1155000000,-0.0000000000,0.7061338532,0.0000000000,0.5235987756,0.0000000000,1.0000000000,0.0000000000,0.0000000000,0.0000000000,0.0000000000,0.0000000000
0.0200000000,0.4110502318,0.2911366758,0.5241382075,-0.0380892561,-0.1321502282,-0.4728670477,0.5130230572,-0.1839608611,0.5761084994,-0.0156606262,-0.1032127149,-0.3607580209,0.1155000000,-0.0000000000,0.7061338532,0.0000000000,0.5235987756,0.0000000000,1.0000000000,0.0210471993,0.0000000000,0.0000000000,0.0000000000,0.0000000000
0.0200000000,0.4111393315,0.2911358859,0.5241837760,-0.0379606283,-0.1325336166,-0.4728878945,0.5127639447,-0.1843131193,0.5754519755,-0.0186310558,-0.0990442299,-0.3614029277,0.1155000000,0.0000000000,0.7061338532,-0.0000000000,0.5235987756,-0.0000000000,1.0000000000,0.0877138659,0.0000000000,0.0000000000,0.0000000000,0.0000000000
0.0200000000,0.4112935698,0.2911295832,0.5242676365,-0.0377278357,-0.1332648446,-0.4729529783,0.5127639175,-0.1846641401,0.5748657228,-0.0219360486,-0.0946729117,-0.3620586979,0.1155000000,-0.0000000000,0.7061338532,0.0000000000,0.5235987756,0.0000000000,1.0000000000,0.1543805326,0.0000000000,0.0000000000,0.0000000000,0.0000000000
0.0200000000,0.4114972375,0.2911153193,0.5243869224,-0.0374008337,-0.1343397073,-0.4730818526,0.5130875948,-0.1850372811,0.5744124773,-0.0254394623,-0.0904308878,-0.3627660441,0.1155000000,-0.0000000000,0.7061338532,0.0000000000,0.5235987756,0.0000000000,1.0000000000,0.2210471993,0.0000000000,0.0000000000,0.0000000000,0.0000000000
0.0200000000,0.4117098458,0.2910963014,0.5245268104,-0.0370181991,-0.1356430530,-0.4732760917,0.5137883840,-0.1854696528,0.5741508884,-0.0290105817,-0.0866569695,-0.3635862015,0.1155000000,0.0000000000,0.7061338532,-0.0000000000,0.5235987756,-0.0000000000,1.0000000000,0.2877138659,0.0000000000,0.0000000000,0.0000000000,0.0000000000
0.0200000000,0.4118839680,0.2910811484,0.5246618876,-0.0366442855,-0.1369388725,-0.4734990206,0.5147638454,-0.1859744727,0.5740672883,-0.0324638414,-0.0835394630,-0.3645377342,0.1155000000,-0.0000000000,0.7061338532,0.0000000000,0.5235987756,0.0000000000,1.0000000000,0.3543805326,0.0000000000,0.0000000000,0.0000000000,0.0000000000
0.0200000000,0.4119971840,0.2910739671,0.5247758903,-0.0363218675,-0.1380686735,-0.4737198046,0.5158665659,-0.1865346568,0.5741286079,-0.0355674853,-0.0812225904,-0.3655831830,0.1155000000,-0.0000000000,0.7061338532,0.0000000000,0.5235987756,0.0000000000,1.0000000000,0.4210471993,0.0000000000,0.0000000000,0.0000000000,0.0000000000
0.0200000000,0.4120525118,0.2910726583,0.5248603627,-0.0360778194,-0.1389383484,-0.4739129841,0.5168851323,-0.1870842578,0.5742757191,-0.0380047089,-0.0798063417,-0.3665964406,0.1155000000,-0.0000000000,0.7061338532,0.0000000000,0.5235987756,0.0000000000,1.0000000000,0.4877138659,0.0000000000,0.0000000000,0.0000000000,0.0000000000
0.0200000000,0.4120759258,0.2910723259,0.5249240736,-0.0358922636,-0.1396191312,-0.4740826792,0.5177391932,-0.1875991681,0.5744590367,-0.0397894481,-0.0791245181,-0.3675323471,0.1155000000,-0.0000000000,0.7061338532,0.0000000000,0.5235987756,0.0000000000,1.0000000000,0.5543805326,0.0000000000,0.0000000000,0.0000000000,0.0000000000
0.0200000000,0.4120917616,0.2910694265,0.5249783431,-0.0357365695,-0.1402096754,-0.4742397408,0.5183907445,-0.1880751950,0.5746527905,-0.0409407819,-0.0790944084,-0.3683812206,0.1155000000,-0.0000000000,0.7061338532,0.0000000000,0.5235987756,0.0000000000,1.0000000000,0.6210471993,0.0000000000,0.0000000000,0.0000000000,0.0000000000
0.0200000000,0.4121234861,0.2910639064,0.5250370240,-0.0355715416,-0.1408297546,-0.4743948765,0.5188463753,-0.1885207265,0.5748419914,-0.0415543694,-0.0795931277,-0.3691602623,0.1155000000,-0.0000000000,0.7061338532,0.0000000000,0.5235987756,0.0000000000,1.0000000000,0.6877138659,0.0000000000,0.0000000000,0.0000000000,0.0000000000
0.0200000000,0.4121815188,0.2910596209,0.5251027667,-0.0353865215,-0.1414845392,-0.4745314603,0.5190531033,-0.1888974903,0.5750004496,-0.0415877288,-0.0805523621,-0.3697985881,0.1155000000,-0.0000000000,0.7061338532,0.0000000000,0.5235987756,0.0000000000,1.0000000000,0.7543805326,0.0000000000,0.0000000000,0.0000000000,0.0000000000
0.0200000000,0.4122684631,0.2910611894,0.5251759894,-0.0351762192,-0.1421645030,-0.4746349084,0.5190062760,-0.1891901368,0.5751135914,-0.0410944332,-0.0818655922,-0.3702648264,0.1155000000,-0.0000000000,0.7061338532,0.0000000000,0.5235987756,0.0000000000,1.0000000000,0.8210471993,0.0000000000,0.0000000000,0.0000000000,0.0000000000
0.0200000000,0.4123894402,0.2910740174,0.5252613943,-0.0349223095,-0.1429021401,-0.4746984448,0.5187141465,-0.1894174947,0.5751820037,-0.0401181567,-0.0835335172,-0.3705803763,0.1155000000,-0.0000000000,0.7061338532,0.0000000000,0.5235987756,0.0000000000,1.0000000000,0.8877138659,0.0000000000,0.0000000000,0.0000000000,0.0000000000
0.0200000000,0.4125556222,0.2911032746,0.5253652175,-0.0346026638,-0.1437380195,-0.4747121260,0.5181407727,-0.1895911506,0.5752032213,-0.0385950043,-0.0856560894,-0.3707508727,0.1155000000,-0.0000000000,0.7061338532,0.0000000000,0.5235987756,0.0000000000,1.0000000000,0.9543493053,0.0000000000,0.0000000000,0.0000000000,0.0000000000
0.0200000000,0.4127456978,0.2911453406,0.5254749628,-0.0342559083,-0.1445734169,-0.4746764128,0.5173942048,-0.1897120881,0.5751845799,-0.0367882654,-0.0879431506,-0.3708001538,0.1155000000,-0.0000000000,0.7061338532,0.0000000000,0.5235987756,0.0000000000,1.0000000000,1.0000000000,0.0000000000,0.0000000000,0.0000000000,0.0000000000
0.0200000000,0.4129096440,0.2911987934,0.5255657710,-0.0339527906,-0.1452121173,-0.4745876991,0.5166609982,-0.1897600303,0.5751311576,-0.0351551431,-0.0898294784,-0.3707367803,0.1155000000,-0.0000000000,0.7061338532,0.0000000000,0.5235987756,0.0000000000,1.0000000000,1.0000000000,0.0000000000,0.0000000000,0.0000000000,0.0000000000
0.0200000000,0.4130289563,0.2912806566,0.5256419475,-0.0336641559,-0.1456924930,-0.4744402399,0.5159496828,-0.1897464462,0.5750474691,-0.0337019483,-0.0913397212,-0.3705783800,0.1155000000,-0.0000000000,0.7061338532,0.0000000000,0.5235987756,0.0000000000,1.0000000000,1.0000000000,0.0000000000,0.0000000000,0.0000000000,0.0000000000
0.0200000000,0.4131263576,0.2914198834,0.5257304330,-0.0332868560,-0.1462135964,-0.4742091125,0.5150755909,-0.1896902919,0.5749270752,-0.0319878629,-0.0929906279,-0.3703238033,0.1155000000,-0.0000000000,0.7061338532,0.0000000000,0.5235987756,0.0000000000,1.0000000000,1.0000000000,0.0000000000,0.0000000000,0.0000000000,0.0000000000
0.0200000000,0.4132017953,0.2916038828,0.5258305638,-0.0328344622,-0.1467953162,-0.4739255233,0.5140771903,-0.1896099743,0.5747898576,-0.0300228142,-0.0948004553,-0.3700220206,0.1155000000,-0.0000000000,0.7061338532,0.0000000000,0.5235987756,0.0000000000,1.0000000000,1.0000000000,0.0000000000,0.0000000000,0.0000000000,0.0000000000
0.0200000000,0.4132442811,0.2918261546,0.5259386991,-0.0323230883,-0.1474273613,-0.4736103562,0.5129920883,-0.1895110394,0.5746461925,-0.0278584146,-0.0967218548,-0.3696903253,0.1155000000,-0.0000000000,0.7061338532,0.0000000000,0.5235987756,0.0000000000,1.0000000000,1.0000000000,0.0000000000,0.0000000000,0.0000000000,0.0000000000
0.0200000000,0.4132289523,0.2921344784,0.5260709487,-0.0316622469,-0.1482152520,-0.4732201670,0.5116445130,-0.1893737637,0.5744713676,-0.0251680025,-0.0990572983,-0.3692515922,0.1155000000,-0.0000000000,0.7061338532,0.0000000000,0.5235987756,0.0000000000,1.0000000000,1.0000000000,0.0000000000,0.0000000000,0.0000000000,0.0000000000
0.0200000000,0.4130997699,0.2925473928,0.5262233706,-0.0308450282,-0.1491509567,-0.4727697431,0.5100531166,-0.1891926919,0.5742636528,-0.0220356845,-0.1017510852,-0.3686758926,0.1155000000,-0.0000000000,0.7061338532,0.0000000000,0.5235987756,0.0000000000,1.0000000000,1.0000000000,0.0000000000,0.0000000000,0.0000000000,0.0000000000
0.0200000000,0.4128182653,0.2930270396,0.5263725794,-0.0299732130,-0.1501090962,-0.4723381624,0.5084183764,-0.1889838823,0.5740440481,-0.0188931130,-0.1044380382,-0.3680211252,0.1155000000,-0.0000000000,0.7061338532,0.0000000000,0.5235987756,0.0000000000,1.0000000000,1.0000000000,0.0000000000,0.0000000000,0.0000000000,0.0000000000
0.0200000000,0.4123632157,0.2935507371,0.5265053153,-0.0291073443,-0.1510137642,-0.4719699463,0.5068067266,-0.1887519102,0.5738180565,-0.0158684450,-0.1069621255,-0.3673384340,0.1155000000,-0.0000000000,0.7061338532,0.0000000000,0.5235987756,0.0000000000,1.0000000000,1.0000000000,0.0000000000,0.0000000000,0.0000000000,0.0000000000
0.0200000000,0.4117819306,0.2940873608,0.5266185873,-0.0282883049,-0.1518227452,-0.4716719277,0.5052460377,-0.1885087085,0.5735915086,-0.0129942208,-0.1092743766,-0.3666772839,0.1155000000,-0.0000000000,0.7061338532,0.0000000000,0.5235987756,0.0000000000,1.0000000000,1.0000000000,0.0000000000,0.0000000000,0.0000000000,0.0000000000
0.0200000000,0.4111038097,0.2946167124,0.5267079382,-0.0275497086,-0.1524852527,-0.4714419433,0.5037524443,-0.1882651369,0.5733628836,-0.0103194240,-0.1113230894,-0.3660612057,0.1155000000,-0.0000000000,0.7061338532,0.0000000000,0.5235987756,0.0000000000,1.0000000000,1.0000000000,0.0000000000,0.0000000000,0.0000000000,0.0000000000
0.0200000000,0.4102229354,0.2952147875,0.5267826428,-0.0267989911,-0.1530545621,-0.4712439677,0.5020948969,-0.1879892971,0.5730908294,-0.0074696403,-0.1133796127,-0.3654024468,0.1155000000,-0.0000000000,0.7061338532,0.0000000000,0.5235987756,0.0000000000,1.0000000000,1.0000000000,0.0000000000,0.0000000000,0.0000000000,0.0000000000
0.0200000000,0.4092551431,0.2958057931,0.5268319854,-0.0261382213,-0.1534242841,-0.4710911117,0.5004629697,-0.1877215287,0.5728023886,-0.0048050356,-0.1151776106,-0.3647868300,0.1155000000,-0.0000000000,0.7061338532,0.0000000000,0.5235987756,0.0000000000,1.0000000000,1.0000000000,0.0000000000,0.0000000000,0.0000000000,0.0000000000
0.0200000000,0.4083044232,0.2963245135,0.5268463189,-0.0256514135,-0.1535184759,-0.4709909283,0.4990287267,-0.1874953267,0.5725213445,-0.0026379544,-0.1164944409,-0.3642812855,0.1155000000,-0.0000000000,0.7061338532,0.0000000000,0.5235987756,0.0000000000,1.0000000000,1.0000000000,0.0000000000,0.0000000000,0.0000000000,0.0000000000
0.0200000000,0.4074196133,0.2967711026,0.5268372364,-0.0253018663,-0.1534146018,-0.4709186319,0.4977835802,-0.1873114326,0.5722553413,-0.0009008557,-0.1174351446,-0.3638731955,0.1155000000,-0.0000000000,0.7061338532,0.0000000000,0.5235987756,0.0000000000,1.0000000000,1.0000000000,0.0000000000,0.0000000000,0.0000000000,0.0000000000
0.0200000000,0.4065285634,0.2971862911,0.5268046779,-0.0250530837,-0.1531119863,-0.4708609884,0.4966133432,-0.1871537468,0.5719797519,0.0005702856,-0.1180977474,-0.3635216698,0.1155000000,0.0000000000,0.7061338532,-0.0000000000,0.5235987756,-0.0000000000,1.0000000000,1.0000000000,0.0000000000,0.0000000000,0.0000000000,0.0000000000
0.0200000000,0.4055948166,0.2975900167,0.5267472261,-0.0248917355,-0.1525932054,-0.4708089874,0.4954592382,-0.1870165664,0.5716798076,0.0018444317,-0.1185145972,-0.3632094355,0.1155000000,-0.0000000000,0.7061338532,0.0000000000,0.5235987756,0.0000000000,1.0000000000,1.0000000000,0.0000000000,0.0000000000,0.0000000000,0.0000000000
0.0200000000,0.4046040932,0.2979804924,0.5266553936,-0.0248456139,-0.1517812971,-0.4707586406,0.4943202449,-0.1869072164,0.5713436182,0.0028576969,-0.1186028036,-0.3629463019,0.1155000000,-0.0000000000,0.7061338532,0.0000000000,0.5235987756,0.0000000000,1.0000000000,1.0000000000,0.0000000000,0.0000000000,0.0000000000,0.0000000000
0.0200000000,0.4036645613,0.2983070144,0.5265292126,-0.0249521403,-0.1506882056,-0.4707107794,0.4933387768,-0.1868472137,0.5709976868,0.0034014794,-0.1182421427,-0.3627766204,0.1155000000,-0.0000000000,0.7061338532,0.0000000000,0.5235987756,0.0000000000,1.0000000000,1.0000000000,0.0000000000,0.0000000000,0.0000000000,0.0000000000
0.0200000000,0.4028619497,0.2985413567,0.5263789301,-0.0252002603,-0.1494106503,-0.4706655944,0.4926027499,-0.1868412877,0.5706695692,0.0034179913,-0.1174496826,-0.3627142045,0.1155000000,-0.0000000000,0.7061338532,0.0000000000,0.5235987756,0.0000000000,1.0000000000,1.0000000000,0.0000000000,0.0000000000,0.0000000000,0.0000000000
0.0200000000,0.4022443455,0.2986756780,0.5262163996,-0.0255584754,-0.1480531664,-0.4706210569,0.4921504911,-0.1868836570,0.5703774693,0.0029258980,-0.1162813541,-0.3627557058,0.1155000000,-0.0000000000,0.7061338532,0.0000000000,0.5235987756,0.0000000000,1.0000000000,1.0000000000,0.0000000000,0.0000000000,0.0000000000,0.0000000000
0.0200000000,0.4018177767,0.2987133666,0.5260451218,-0.0260115978,-0.1466468390,-0.4705725486,0.4919869969,-0.1869692904,0.5701233721,0.0019344507,-0.1147430180,-0.3628979411,0.1155000000,-0.0000000000,0.7061338532,0.0000000000,0.5235987756,0.0000000000,1.0000000000,1.0000000000,0.0000000000,0.0000000000,0.0000000000,0.0000000000
0.0200000000,0.4016041337,0.2986603876,0.5258780392,-0.0265171430,-0.1452915808,-0.4705136860,0.4921237036,-0.1870868003,0.5699207062,0.0004994225,-0.1129037541,-0.3631306308,0.1155000000,-0.0000000000,0.7061338532,0.0000000000,0.5235987756,0.0000000000,1.0000000000,1.0000000000,0.0000000000,0.0000000000,0.0000000000,0.0000000000
0.0200000000,0.4016054332,0.2985368521,0.5257336409,-0.0270081724,-0.1441245153,-0.4704389968,0.4925312927,-0.1872173723,0.5697839361,-0.0012231911,-0.1109291709,-0.3634256013,0.1155000000,-0.0000000000,0.7061338532,0.0000000000,0.5235987756,0.0000000000,1.0000000000,1.0000000000,0.0000000000,0.0000000000,0.0000000000,0.0000000000
0.0200000000,0.4017664376,0.2983745530,0.5256162219,-0.0274502526,-0.1431641106,-0.4703427639,0.4931304828,-0.1873468936,0.5697023993,-0.0030979092,-0.1089093860,-0.3637562765,0.1155000000,-0.0000000000,0.7061338532,0.0000000000,0.5235987756,0.0000000000,1.0000000000,1.0000000000,0.0000000000,0.0000000000,0.0000000000,0.0000000000
0.0200000000,0.4020542273,0.2981858911,0.5255166653,-0.0278599395,-0.1423173118,-0.4702056962,0.4939130503,-0.1874767333,0.5696558108,-0.0052083731,-0.1066903841,-0.3641401420,0.1155000000,-0.0000000000,0.7061338532,0.0000000000,0.5235987756,0.0000000000,1.0000000000,1.0000000000,0.0000000000,0.0000000000,0.0000000000,0.0000000000
0.0200000000,0.4024384275,0.2979922278,0.5254398540,-0.0282084691,-0.1416095942,-0.4700211495,0.4948237811,-0.1875954586,0.5696381383,-0.0074476272,-0.1043342910,-0.3645639870,0.1155000000,-0.0000000000,0.7061338532,-0.0000000000,0.5235987756,0.0000000000,1.0000000000,1.0000000000,0.0000000000,0.0000000000,0.0000000000,0.0000000000
0.0200000000,0.4027875898,0.2978516561,0.5253968631,-0.0284239265,-0.1411494897,-0.4698312333,0.4955970292,-0.1876715254,0.5696354210,-0.0092578972,-0.1023742854,-0.3649170879,0.1155000000,-0.0000000000,0.7061338532,0.0000000000,0.5235987756,0.0000000000,1.0000000000,1.0000000000,0.0000000000,0.0000000000,0.0000000000,0.0000000000
0.0200000000,0.4030744875,0.2977638626,0.5253758048,-0.0285388388,-0.1408495453,-0.4696391545,0.4962048708,-0.1877039713,0.5696286386,-0.0106747174,-0.1007480179,-0.3651781900,0.1155000000,-0.0000000000,0.7061338532,0.0000000000,0.5235987756,0.0000000000,1.0000000000,1.0000000000,0.0000000000,0.0000000000,0.0000000000,0.0000000000
0.0200000000,0.4033073895,0.2977134639,0.5253656489,-0.0285951350,-0.1406274467,-0.4694454214,0.4966774284,-0.1876992737,0.5696108344,-0.0118112231,-0.0993437812,-0.3653524278,0.1155000000,-0.0000000000,0.7061338532,0.0000000000,0.5235987756,0.0000000000,1.0000000000,1.0000000000,0.0000000000,0.0000000000,0.0000000000,0.0000000000
0.0200000000,0.4034791153,0.2976960289,0.5253605937,-0.0286122338,-0.1404434452,-0.4692553314,0.4969849969,-0.1876446466,0.5695774937,-0.0126162264,-0.0982055007,-0.3653989273,0.1155000000,-0.0000000000,0.7061338532,0.0000000000,0.5235987756,0.0000000000,1.0000000000,1.0000000000,0.0000000000,0.0000000000,0.0000000000,0.0000000000
0.0200000000,0.4036003435,0.2977113890,0.5253564045,-0.0286003225,-0.1402458012,-0.4690435443,0.4970951013,-0.1874941988,0.5695195096,-0.0130239937,-0.0973126718,-0.3652309781,0.1155000000,-0.0000000000,0.7061338532,0.0000000000,0.5235987756,0.0000000000,1.0000000000,1.0000000000,0.0000000000,0.0000000000,0.0000000000,0.0000000000
0.0200000000,0.4036609632,0.2977554072,0.5253475119,-0.0285785682,-0.1399975413,-0.4688184527,0.4969713356,-0.1872358016,0.5694411870,-0.0129220837,-0.0967891388,-0.3648096230,0.1155000000,-0.0000000000,0.7061338532,0.0000000000,0.5235987756,0.0000000000,1.0000000000,1.0000000000,0.0000000000,0.0000000000,0.0000000000,0.0000000000
0.0200000000,0.4036278239,0.2978321396,0.5253205365,-0.0285809444,-0.1395863757,-0.4685731850,0.4965687803,-0.1868639754,0.5693490605,-0.0121718398,-0.0967983725,-0.3641114665,0.1155000000,-0.0000000000,0.7061338532,0.0000000000,0.5235987756,0.0000000000,1.0000000000,1.0000000000,0.0000000000,0.0000000000,0.0000000000,0.0000000000
0.0200000000,0.4034882019,0.2979404737,0.5252452825,-0.0286899775,-0.1387162193,-0.4682386522,0.4960543551,-0.1864598843,0.5692609576,-0.0111168167,-0.0970979670,-0.3633452509,0.1155000000,-0.0000000000,0.7061338532,0.0000000000,0.5235987756,0.0000000000,1.0000000000,1.0000000000,0.0000000000,0.0000000000,0.0000000000,0.0000000000
0.0200000000,0.4033282372,0.2980159019,0.5251445179,-0.0288996348,-0.1376733807,-0.4679450494,0.4957153766,-0.1862024459,0.5692283674,-0.0102948285,-0.0975006174,-0.3628656880,0.1155000000,-0.0000000000,0.7061338532,0.0000000000,0.5235987756,0.0000000000,1.0000000000,1.0000000000,0.0000000000,0.0000000000,0.0000000000,0.0000000000
0.0200000000,0.4032098183,0.2980492108,0.5250494210,-0.0291311039,-0.1367366454,-0.4677284311,0.4954104557,-0.1859613789,0.5692293224,-0.0094045672,-0.0980994344,-0.3623941207,0.1155000000,-0.0000000000,0.7061338532,0.0000000000,0.5235987756,0.0000000000,1.0000000000,1.0000000000,0.0000000000,0.0000000000,0.0000000000,0.0000000000
0.0200000000,0.4031257621,0.2980604443,0.5249647530,-0.0293533100,-0.1359192248,-0.4675575909,0.4950383031,-0.1856639558,0.5692393130,-0.0082838264,-0.0988988912,-0.3617887136,0.1155000000,-0.0000000000,0.7061338532,0.0000000000,0.5235987756,0.0000000000,1.0000000000,1.0000000000,0.0000000000,0.0000000000,0.0000000000,0.0000000000
0.0200000000,0.4030650484,0.2980511668,0.5248747344,-0.0296079339,-0.1350651532,-0.4673959579,0.4945262457,-0.1852348755,0.5692742015,-0.0066331051,-0.1001480163,-0.3608989561,0.1155000000,-0.0000000000,0.7061338532,0.0000000000,0.5235987756,0.0000000000,1.0000000000,1.0000000000,0.0000000000,0.0000000000,0.0000000000,0.0000000000
0.0200000000,0.4030149016,0.2980236216,0.5247646627,-0.0299335021,-0.1340281877,-0.4672103047,0.4938527714,-0.1846369524,0.5693533837,-0.0042804949,-0.1020165029,-0.3596593634,0.1155000000,-0.0000000000,0.7061338532,0.0000000000,0.5235987756,0.0000000000,1.0000000000,1.0000000000,0.0000000000,0.0000000000,0.0000000000,0.0000000000
0.0200000000,0.4029909467,0.2979771795,0.5246523123,-0.0302820710,-0.1329775493,-0.4670342101,0.4932220903,-0.1839937090,0.5695021907,-0.0016515239,-0.1042790692,-0.3583365544,0.1155000000,-0.0000000000,0.7061338532,0.0000000000,0.5235987756,0.0000000000,1.0000000000,1.0000000000,0.0000000000,0.0000000000,0.0000000000,0.0000000000
0.0200000000,0.4029949142,0.2979183315,0.5245520647,-0.0306086875,-0.1320478661,-0.4668903480,0.4927887008,-0.1833993873,0.5697275721,0.0008760186,-0.1066802202,-0.3571335018,0.1155000000,-0.0000000000,0.7061338532,0.0000000000,0.5235987756,0.0000000000,1.0000000000,1.0000000000,0.0000000000,0.0000000000,0.0000000000,0.0000000000
0.0200000000,0.4030158677,0.2978593382,0.5244751657,-0.0308718100,-0.1313435556,-0.4667934060,0.4926009892,-0.1828874792,0.5700077263,0.0030653327,-0.1089580014,-0.3561249793,0.1155000000,-0.0000000000,0.7061338532,0.0000000000,0.5235987756,0.0000000000,1.0000000000,1.0000000000,0.0000000000,0.0000000000,0.0000000000,0.0000000000
0.0200000000,0.4030388535,0.2978142467,0.5244292995,-0.0310377899,-0.1309330321,-0.4667482566,0.4926425483,-0.1824867341,0.5702864074,0.0046576271,-0.1107320327,-0.3553736221,0.1155000000,-0.0000000000,0.7061338532,0.0000000000,0.5235987756,0.0000000000,1.0000000000,1.0000000000,0.0000000000,0.0000000000,0.0000000000,0.0000000000
0.0200000000,0.4030538824,0.2977876826,0.5244076065,-0.0311211052,-0.1307457764,-0.4667354529,0.4928319953,-0.1822124988,0.5704999904,0.0055132097,-0.1117121857,-0.3549107060,0.1155000000,-0.0000000000,0.7061338532,0.0000000000,0.5235987756,0.0000000000,1.0000000000,1.0000000000,0.0000000000,0.0000000000,0.0000000000,0.0000000000
0.0200000000,0.4030603210,0.2977760243,0.5244000448,-0.0311523737,-0.1306845603,-0.4667358390,0.4930787513,-0.1820733477,0.5705891508,0.0055433412,-0.1116561459,-0.3547629091,0.1155000000,-0.0000000000,0.7061338532,0.0000000000,0.5235987756,0.0000000000,1.0000000000,1.0000000000,0.0000000000,0.0000000000,0.0000000000,0.0000000000
0.0200000000,0.4030616881,0.2977731017,0.5243988146,-0.0311584189,-0.1306765734,-0.4667382372,0.4932467338,-0.1820753909,0.5704857807,0.0047220555,-0.1103619539,-0.3549556003,0.1155000000,-0.0000000000,0.7061338532,0.0000000000,0.5235987756,0.0000000000,1.0000000000,1.0000000000,0.0000000000,0.0000000000,0.0000000000,0.0000000000
0.0200000000,0.4030616823,0.2977730154,0.5243989403,-0.0311581589,-0.1306781137,-0.4667388545,0.4932191309,-0.1822003827,0.5701591069,0.0031750068,-0.1078590619,-0.3554565525,0.1155000000,0.0000000000,0.7061338532,-0.0000000000,0.5235987756,-0.0000000000,1.0000000000,1.0000000000,0.0000000000,0.0000000000,0.0000000000,0.0000000000
0.0200000000,0.4030615939,0.2977732049,0.5243990368,-0.0311577220,-0.1306788097,-0.4667387464,0.4929240123,-0.1824420187,0.5695931884,0.0009711282,-0.1041976916,-0.3562284589,0.1155000000,-0.0000000000,0.7061338532,0.0000000000,0.5235987756,0.0000000000,1.0000000000,1.0000000000,0.0000000000,0.0000000000,0.0000000000,0.0000000000
0.0200000000,0.4030615782,0.2977732379,0.5243990546,-0.0311576431,-0.1306789425,-0.4667387310,0.4924237026,-0.1827854891,0.5688471538,-0.0017534616,-0.0996826437,-0.3572099869,0.1155000000,-0.0000000000,0.7061338532,0.0000000000,0.5235987756,0.0000000000,1.0000000000,1.0000000000,0.0000000000,0.0000000000,0.0000000000,0.0000000000
0.0200000000,0.4030615795,0.2977732352,0.5243990531,-0.0311576497,-0.1306789313,-0.4667387324,0.4918071974,-0.1832266892,0.5679791809,-0.0049214252,-0.0945463237,-0.3583887359,0.1155000000,-0.0000000000,0.7061338532,0.0000000000,0.5235987756,0.0000000000,1.0000000000,1.0000000000,0.0000000000,0.0000000000,0.0000000000,0.0000000000
0.0200000000,0.4030615795,0.2977732352,0.5243990531,-0.0311576497,-0.1306789313,-0.4667387324,0.4911622008,-0.1837570119,0.5670531508,-0.0084147013,-0.0890700782,-0.3597448640,0.1155000000,-0.0000000000,0.7061338532,0.0000000000,0.5235987756,0.0000000000,1.0000000000,1.0000000000,0.0000000000,0.0000000000,0.0000000000,0.0000000000
0.0200000000,0.4030615795,0.2977732352,0.5243990531,-0.0311576497,-0.1306789313,-0.4667387324,0.4905550376,-0.1843502048,0.5661433365,-0.0119962506,-0.0836656526,-0.3612143807,0.1155000000,0.0000000000,0.7061338532,-0.0000000000,0.5235987756,-0.0000000000,1.0000000000,1.0000000000,0.0000000000,0.0000000000,0.0000000000,0.0000000000
0.0200000000,0.4030615795,0.2977732352,0.5243990531,-0.0311576497,-0.1306789313,-0.4667387324,0.4900236206,-0.1849435528,0.5653537455,-0.0151830152,-0.0790374763,-0.3626354552,0.1155000000,0.0000000000,0.7061338532,-0.0000000000,0.5235987756,-0.0000000000,1.0000000000,1.0000000000,0.0000000000,0.0000000000,0.0000000000,0.0000000000
0.0200000000,0.4030615795,0.2977732352,0.5243990531,-0.0311576497,-0.1306789313,-0.4667387324,0.4895928069,-0.1854170507,0.5647994813,-0.0173609504,-0.0759772332,-0.3637065311,0.1155000000,-0.0000000000,0.7061338532,0.0000000000,0.5235987756,0.0000000000,1.0000000000,1.0000000000,0.0000000000,0.0000000000,0.0000000000,0.0000000000
0.0200000000,0.4030615795,0.2977732352,0.5243990531,-0.0311576497,-0.1306789313,-0.4667387324,0.4892061279,-0.1857739961,0.5644312425,-0.0186536877,-0.0742409991,-0.3644135738,0.1155000000,-0.0000000000,0.7061338532,0.0000000000,0.5235987756,0.0000000000,1.0000000000,1.0000000000,0.0000000000,0.0000000000,0.0000000000,0.0000000000
0.0200000000,0.4030615795,0.2977732352,0.5243990531,-0.0311576497,-0.1306789313,-0.4667387324,0.4888046797,-0.1860493518,0.5641881648,-0.0192604049,-0.0735122036,-0.3648295550,0.1155000000,-0.0000000000,0.7061338532,0.0000000000,0.5235987756,0.0000000000,1.0000000000,1.0000000000,0.0000000000,0.0000000000,0.0000000000,0.0000000000
0.0200000000,0.4030615795,0.2977732352,0.5243990531,-0.0311576497,-0.1306789313,-0.4667387324,0.4883613786,-0.1862457115,0.5640522413,-0.0192042870,-0.0737100033,-0.3649774972,0.1155000000,-0.0000000000,0.7061338532,0.0000000000,0.5235987756,0.0000000000,1.0000000000,1.0000000000,0.0000000000,0.0000000000,0.0000000000,0.0000000000
0.0200000000,0.4030615795,0.2977732352,0.5243990531,-0.0311576497,-0.1306789313,-0.4667387324,0.4878376053,-0.1863413065,0.5640308287,-0.0183252178,-0.0749557220,-0.3648529720,0.1155000000,-0.0000000000,0.7061338532,0.0000000000,0.5235987756,0.0000000000,1.0000000000,1.0000000000,0.0000000000,0.0000000000,0.0000000000,0.0000000000
0.0200000000,0.4030615795,0.2977732352,0.5243990531,-0.0311576497,-0.1306789313,-0.4667387324,0.4872201126,-0.1863325304,0.5641121187,-0.0166318267,-0.0771618414,-0.3645039700,0.1155000000,-0.0000000000,0.7061338532,0.0000000000,0.5235987756,0.0000000000,1.0000000000,1.0000000000,0.0000000000,0.0000000000,0.0000000000,0.0000000000
0.0200000000,0.4030615795,0.2977732352,0.5243990531,-0.0311576497,-0.1306789313,-0.4667387324,0.4865299106,-0.1862116629,0.5642845529,-0.0142043746,-0.0801509224,-0.3639818231,0.1155000000,-0.0000000000,0.7061338532,0.0000000000,0.5235987756,0.0000000000,1.0000000000,1.0000000000,0.0000000000,0.0000000000,0.0000000000,0.0000000000
0.0200000000,0.4030615795,0.2977732352,0.5243990531,-0.0311576497,-0.1306789313,-0.4667387324,0.4858626208,-0.1860289349,0.5644944113,-0.0115704192,-0.0833008081,-0.3634104284,0.1155000000,0.0000000000,0.7061338532,-0.0000000000,0.5235987756,-0.0000000000,1.0000000000,1.0000000000,0.0000000000,0.0000000000,0.0000000000,0.0000000000
0.0200000000,0.4030615795,0.2977732352,0.5243990531,-0.0311576497,-0.1306789313,-0.4667387324,0.4852877592,-0.1858189781,0.5647044733,-0.0090988717,-0.0861803620,-0.3628696945,0.1155000000,-0.0000000000,0.7061338532,0.0000000000,0.5235987756,0.0000000000,1.0000000000,1.0000000000,0.0000000000,0.0000000000,0.0000000000,0.0000000000
0.0200000000,0.4030615795,0.2977732352,0.5243990531,-0.0311576497,-0.1306789313,-0.4667387324,0.4847502880,-0.1855869687,0.5649163318,-0.0066791671,-0.0889529136,-0.3623255888,0.1155000000,-0.0000000000,0.7061338532,0.0000000000,0.5235987756,0.0000000000,1.0000000000,1.0000000000,0.0000000000,0.0000000000,0.0000000000,0.0000000000
0.0200000000,0.4030615795,0.2977732352,0.5243990531,-0.0311576497,-0.1306789313,-0.4667387324,0.4842131275,-0.1853396469,0.5651298763,-0.0042469748,-0.0917200151,-0.3617612490,0.1155000000,0.0000000000,0.7061338532,-0.0000000000,0.5235987756,-0.0000000000,1.0000000000,1.0000000000,0.0000000000,0.0000000000,0.0000000000,0.0000000000
0.0200000000,0.4030615795,0.2977732352,0.5243990531,-0.0311576497,-0.1306789313,-0.4667387324,0.4836913622,-0.1850787530,0.5653429829,-0.0018434299,-0.0944272049,-0.3611892781,0.1155000000,-0.0000000000,0.7061338532,0.0000000000,0.5235987756,0.0000000000,1.0000000000,1.0000000000,0.0000000000,0.0000000000,0.0000000000,0.0000000000
0.0200000000,0.4030615795,0.2977732352,0.5243990531,-0.0311576497,-0.1306789313,-0.4667387324,0.4831924240,-0.1848192336,0.5655462297,0.0004530511,-0.0969952215,-0.3606302766,0.1155000000,-0.0000000000,0.7061338532,0.0000000000,0.5235987756,0.0000000000,1.0000000000,1.0000000000,0.0000000000,0.0000000000,0.0000000000,0.0000000000
0.0200000000,0.4030615795,0.2977732352,0.5243990531,-0.0311576497,-0.1306789313,-0.4667387324,0.4827496028,-0.1845828791,0.5657273047,0.0024934434,-0.0992692509,-0.3601271401,0.1155000000,-0.0000000000,0.7061338532,0.0000000000,0.5235987756,0.0000000000,1.0000000000,1.0000000000,0.0000000000,0.0000000000,0.0000000000,0.0000000000
0.0200000000,0.4030615795,0.2977732352,0.5243990531,-0.0311576497,-0.1306789313,-0.4667387324,0.4823306338,-0.1843461667,0.5658976895,0.0044239880,-0.1013981959,-0.3596307754,0.1155000000,-0.0000000000,0.7061338532,0.0000000000,0.5235987756,0.0000000000,1.0000000000,1.0000000000,0.0000000000,0.0000000000,0.0000000000,0.0000000000
0.0200000000,0.4030615795,0.2977732352,0.5243990531,-0.0311576497,-0.1306789313,-0.4667387324,0.4818494358,-0.1840586046,0.5660861648,0.0066099668,-0.1037646777,-0.3590359479,0.1155000000,-0.0000000000,0.7061338532,0.0000000000,0.5235987756,0.0000000000,1.0000000000,1.0000000000,0.0000000000,0.0000000000,0.0000000000,0.0000000000
0.0200000000,0.4030615795,0.2977732352,0.5243990531,-0.0311576497,-0.1306789313,-0.4667387324,0.4812396924,-0.1836810588,0.5663168680,0.0093398970,-0.1066731819,-0.3582655857,0.1155000000,-0.0000000000,0.7061338532,0.0000000000,0.5235987756,0.0000000000,1.0000000000,1.0000000000,0.0000000000,0.0000000000,0.0000000000,0.0000000000
0.0200000000,0.4030615795,0.2977732352,0.5243990531,-0.0311576497,-0.1306789313,-0.4667387324,0.4805205822,-0.1832258972,0.5665841266,0.0125317465,-0.1100366451,-0.3573515677,0.1155000000,-0.0000000000,0.7061338532,0.0000000000,0.5235987756,0.0000000000,1.0000000000,1.0000000000,0.0000000000,0.0000000000,0.0000000000,0.0000000000
0.0200000000,0.4030615795,0.2977732352,0.5243990531,-0.0311576497,-0.1306789313,-0.4667387324,0.4798057293,-0.1827640221,0.5668405372,0.0156540644,-0.1132766016,-0.3564397685,0.1155000000,-0.0000000000,0.7061338532,0.0000000000,0.5235987756,0.0000000000,1.0000000000,1.0000000000,0.0000000000,0.0000000000,0.0000000000,0.0000000000
0.0200000000,0.4030615795,0.2977732352,0.5243990531,-0.0311576497,-0.1306789313,-0.4667387324,0.4792184000,-0.1823740198,0.5670434380,0.0181799412,-0.1158512514,-0.3556809024,0.1155000000,-0.0000000000,0.7061338532,0.0000000000,0.5235987756,0.0000000000,1.0000000000,1.0000000000,0.0000000000,0.0000000000,0.0000000000,0.0000000000
0.0200000000,0.4030615795,0.2977732352,0.5243990531,-0.0311576497,-0.1306789313,-0.4667387324,0.4786647048,-0.1819937594,0.5672206875,0.0204929290,-0.1181427399,-0.3549489301,0.1155000000,-0.0000000000,0.7061338532,0.0000000000,0.5235987756,0.0000000000,1.0000000000,1.0000000000,0.0000000000,0.0000000000,0.0000000000,0.0000000000
0.0200000000,0.4030615795,0.2977732352,0.5243990531,-0.0311576497,-0.1306789313,-0.4667387324,0.4779899198,-0.1815176342,0.5674077788,0.0231672366,-0.1206776890,-0.3540412747,0.1155000000,-0.0000000000,0.7061338532,0.0000000000,0.5235987756,0.0000000000,1.0000000000,1.0000000000,0.0000000000,0.0000000000,0.0000000000,0.0000000000
0.0200000000,0.4030615795,0.2977732352,0.5243990531,-0.0311576497,-0.1306789313,-0.4667387324,0.4771560478,-0.1809217769,0.5676249102,0.0263961099,-0.1236672668,-0.3529194702,0.1155000000,-0.0000000000,0.7061338532,0.0000000000,0.5235987756,0.0000000000,1.0000000000,1.0000000000,0.0000000000,0.0000000000,0.0000000000,0.0000000000
0.0200000000,0.4030615795,0.2977732352,0.5243990531,-0.0311576497,-0.1306789313,-0.4667387324,0.4761355794,-0.1801848048,0.5678467679,0.0301180080,-0.1269349909,-0.3515495603,0.1155000000,-0.0000000000,0.7061338532,0.0000000000,0.5235987756,0.0000000000,1.0000000000,1.0000000000,0.0000000000,0.0000000000,0.0000000000,0.0000000000
0.0200000000,0.4030615795,0.2977732352,0.5243990531,-0.0311576497,-0.1306789313,-0.4667387324,0.4747855295,-0.1791991939,0.5680485605,0.0345667190,-0.1304641833,-0.3497389387,0.1155000000,-0.0000000000,0.7061338532,0.0000000000,0.5235987756,0.0000000000,1.0000000000,1.0000000000,0.0000000000,0.0000000000,0.0000000000,0.0000000000
0.0200000000,0.4030615795,0.2977732352,0.5243990531,-0.0311576497,-0.1306789313,-0.4667387324,0.4732886906,-0.1781186544,0.5681685649,0.0389435606,-0.1334959266,-0.3477749390,0.1155000000,0.0000000000,0.7061338532,-0.0000000000,0.5235987756,-0.0000000000,1.0000000000,1.0000000000,0.0000000000,0.0000000000,0.0000000000,0.0000000000
0.0200000000,0.4030615819,0.2977732367,0.5243990502,-0.0311576560,-0.1306788947,-0.4667387168,0.4717462334,-0.1770366819,0.5681689001,0.0427848632,-0.1356034687,-0.3458152979,0.1155000000,-0.0000000000,0.7061338532,0.0000000000,0.5235987756,0.0000000000,1.0000000000,1.0000000000,0.0000000000,0.0000000000,0.0000000000,0.0000000000
0.0200000000,0.4030615784,0.2977732345,0.5243990545,-0.0311576467,-0.1306789487,-0.4667387398,0.4701724970,-0.1759914849,0.5680445662,0.0460065461,-0.1367595087,-0.3439117302,0.1155000000,-0.0000000000,0.7061338532,0.0000000000,0.5235987756,0.0000000000,1.0000000000,1.0000000000,0.0000000000,0.0000000000,0.0000000000,0.0000000000
0.0200000000,0.4030615358,0.2977732070,0.5243991076,-0.0311575308,-0.1306796239,-0.4667390275,0.4684872570,-0.1749563878,0.5677825737,0.0487156628,-0.1369960619,-0.3420006691,0.1155000000,-0.0000000000,0.7061338532,0.0000000000,0.5235987756,0.0000000000,1.0000000000,1.0000000000,0.0000000000,0.0000000000,0.0000000000,0.0000000000
0.0200000000,0.4030614103,0.2977731178,0.5243992840,-0.0311571424,-0.1306818450,-0.4667399596,0.4669290850,-0.1740874220,0.5674409333,0.0506330599,-0.1364559299,-0.3403788180,0.1155000000,-0.0000000000,0.7061338532,0.0000000000,0.5235987756,0.0000000000,1.0000000000,1.0000000000,0.0000000000,0.0000000000,0.0000000000,0.0000000000
0.0200000000,0.4030612175,0.2977730356,0.5243994304,-0.0311568319,-0.1306838032,-0.4667408755,0.4653878969,-0.1733180985,0.5670158699,0.0520089774,-0.1352647422,-0.3389334495,0.1155000000,-0.0000000000,0.7061338532,0.0000000000,0.5235987756,0.0000000000,1.0000000000,1.0000000000,0.0000000000,0.0000000000,0.0000000000,0.0000000000
0.0200000000,0.4030610999,0.2977731603,0.5243991089,-0.0311575923,-0.1306802243,-0.4667397442,0.4637561911,-0.1725716070,0.5665138749,0.0531373496,-0.1335948120,-0.3375367039,0.1155000000,-0.0000000000,0.7061338532,0.0000000000,0.5235987756,0.0000000000,1.0000000000,1.0000000000,0.0000000000,0.0000000000,0.0000000000,0.0000000000
0.0200000000,0.4030615767,0.2977738627,0.5243975851,-0.0311610424,-0.1306618706,-0.4667326882,0.4622757519,-0.1719473681,0.5660220110,0.0539222746,-0.1317875495,-0.3363749198,0.1155000000,-0.0000000000,0.7061338532,0.0000000000,0.5235987756,0.0000000000,1.0000000000,1.0000000000,0.0000000000,0.0000000000,0.0000000000,0.0000000000
0.0200000000,0.4030647900,0.2977762424,0.5243931006,-0.0311708082,-0.1306051286,-0.4667086701,0.4608005955,-0.1713589705,0.5655171695,0.0545856323,-0.1298509027,-0.3352860688,0.1155000000,-0.0000000000,0.7061338532,0.0000000000,0.5235987756,0.0000000000,1.0000000000,1.0000000000,0.0000000000,0.0000000000,0.0000000000,0.0000000000
0.0200000000,0.4030741617,0.2977814205,0.5243841874,-0.0311896461,-0.1304879540,-0.4666557573,0.4593719187,-0.1707975174,0.5650386865,0.0552498395,-0.1280171529,-0.3342516755,0.1155000000,-0.0000000000,0.7061338532,0.0000000000,0.5235987756,0.0000000000,1.0000000000,1.0000000000,0.0000000000,0.0000000000,0.0000000000,0.0000000000
0.0200000000,0.4030923119,0.2977897719,0.5243705678,-0.0312178447,-0.1303034696,-0.4665686058,0.4581084510,-0.1702853835,0.5646482760,0.0559880952,-0.1265990507,-0.3333105445,0.1155000000,-0.0000000000,0.7061338532,0.0000000000,0.5235987756,0.0000000000,1.0000000000,1.0000000000,0.0000000000,0.0000000000,0.0000000000,0.0000000000
0.0200000000,0.4031216657,0.2978006151,0.5243526316,-0.0312549147,-0.1300544036,-0.4664469330,0.4569171310,-0.1697666685,0.5643303056,0.0569371008,-0.1255878831,-0.3323596313,0.1155000000,-0.0000000000,0.7061338532,0.0000000000,0.5235987756,0.0000000000,1.0000000000,1.0000000000,0.0000000000,0.0000000000,0.0000000000,0.0000000000
0.0200000000,0.4031642480,0.2978122284,0.5243315960,-0.0312991351,-0.1297550269,-0.4662962642,0.4557610345,-0.1692074058,0.5640897297,0.0582145042,-0.1250538472,-0.3313395592,0.1155000000,-0.0000000000,0.7061338532,0.0000000000,0.5235987756,0.0000000000,1.0000000000,1.0000000000,0.0000000000,0.0000000000,0.0000000000,0.0000000000
0.0200000000,0.4032216398,0.2978229864,0.5243086226,-0.0313488819,-0.1294192567,-0.4661222788,0.4546162972,-0.1685848998,0.5639314135,0.0599051758,-0.1250509743,-0.3302143016,0.1155000000,-0.0000000000,0.7061338532,0.0000000000,0.5235987756,0.0000000000,1.0000000000,1.0000000000,0.0000000000,0.0000000000,0.0000000000,0.0000000000
0.0200000000,0.4032992822,0.2978276935,0.5242872262,-0.0313992767,-0.1290899928,-0.4659423319,0.4534134478,-0.1678033453,0.5638946485,0.0623880034,-0.1258997137,-0.3288121649,0.1155000000,-0.0000000000,0.7061338532,0.0000000000,0.5235987756,0.0000000000,1.0000000000,1.0000000000,0.0000000000,0.0000000000,0.0000000000,0.0000000000
0.0200000000,0.4033926613,0.2978248066,0.5242697200,-0.0314457256,-0.1288005367,-0.4657735056,0.4521704536,-0.1668723119,0.5639789116,0.0656187573,-0.1275659731,-0.3271570203,0.1155000000,-0.0000000000,0.7061338532,0.0000000000,0.5235987756,0.0000000000,1.0000000000,1.0000000000,0.0000000000,0.0000000000,0.0000000000,0.0000000000
0.0200000000,0.4034786775,0.2978141339,0.5242611385,-0.0314755955,-0.1286325210,-0.4656622429,0.4510970457,-0.1659521577,0.5641559505,0.0689831580,-0.1296636926,-0.3255362490,0.1155000000,-0.0000000000,0.7061338532,0.0000000000,0.5235987756,0.0000000000,1.0000000000,1.0000000000,0.0000000000,0.0000000000,0.0000000000,0.0000000000
0.0200000000,0.4035569045,0.2977968511,0.5242607037,-0.0314897840,-0.1285760258,-0.4656037651,0.4501521531,-0.1650276390,0.5644139941,0.0724866875,-0.1321654584,-0.3238864873,0.1155000000,-0.0000000000,0.7061338532,0.0000000000,0.5235987756,0.0000000000,1.0000000000,1.0000000000,0.0000000000,0.0000000000,0.0000000000,0.0000000000
0.0200000000,0.4036286112,0.2977753094,0.5242660223,-0.0314925129,-0.1285987436,-0.4655828538,0.4492579316,-0.1640740596,0.5647257596,0.0761496598,-0.1349514974,-0.3221692164,0.1155000000,-0.0000000000,0.7061338532,0.0000000000,0.5235987756,0.0000000000,1.0000000000,1.0000000000,0.0000000000,0.0000000000,0.0000000000,0.0000000000
0.0200000000,0.4036932919,0.2977488574,0.5242784908,-0.0314805150,-0.1287180438,-0.4656062419,0.4483909684,-0.1630596818,0.5651127419,0.0800688767,-0.1382180250,-0.3202151264,0.1155000000,-0.0000000000,0.7061338532,0.0000000000,0.5235987756,0.0000000000,1.0000000000,1.0000000000,0.0000000000,0.0000000000,0.0000000000,0.0000000000
0.0200000000,0.4037531387,0.2977172657,0.5242997422,-0.0314493874,-0.1289495657,-0.4656766149,0.4474300401,-0.1618820536,0.5656188786,0.0845392875,-0.1424417213,-0.3175347147,0.1155000000,-0.0000000000,0.7061338532,0.0000000000,0.5235987756,0.0000000000,1.0000000000,1.0000000000,0.0000000000,0.0000000000,0.0000000000,0.0000000000
0.0200000000,0.4038072736,0.2976813298,0.5243294353,-0.0313993575,-0.1292887005,-0.4657919036,0.4463766021,-0.1605527696,0.5662415070,0.0895129447,-0.1476062020,-0.3141242825,0.1155000000,-0.0000000000,0.7061338532,0.0000000000,0.5235987756,0.0000000000,1.0000000000,1.0000000000,0.0000000000,0.0000000000,0.0000000000,0.0000000000
0.0200000000,0.4038452224,0.2976469841,0.5243660218,-0.0313295444,-0.1297171386,-0.4659452254,0.4452967529,-0.1591856443,0.5669445425,0.0944424915,-0.1535501390,-0.3098402792,0.1155000000,-0.0000000000,0.7061338532,0.0000000000,0.5235987756,0.0000000000,1.0000000000,1.0000000000,0.0000000000,0.0000000000,0.0000000000,0.0000000000
0.0200000000,0.4038645019,0.2976159244,0.5244090795,-0.0312396955,-0.1302288599,-0.4661338810,0.4441979112,-0.1577953540,0.5677233049,0.0992344197,-0.1602694481,-0.3046145782,0.1155000000,-0.0000000000,0.7061338532,0.0000000000,0.5235987756,0.0000000000,1.0000000000,1.0000000000,0.0000000000,0.0000000000,0.0000000000,0.0000000000
0.0200000000,0.4038588665,0.2975934118,0.5244579685,-0.0311269957,-0.1308115038,-0.4663498641,0.4430627668,-0.1563277963,0.5686090541,0.1039605219,-0.1680881550,-0.2980347134,0.1155000000,-0.0000000000,0.7061338532,0.0000000000,0.5235987756,0.0000000000,1.0000000000,1.0000000000,0.0000000000,0.0000000000,0.0000000000,0.0000000000
0.0200000000,0.4038303790,0.2975801480,0.5245104576,-0.0309969971,-0.1314362851,-0.4665815973,0.4419169749,-0.1548030242,0.5695784125,0.1085810295,-0.1767444044,-0.2903713639,0.1155000000,-0.0000000000,0.7061338532,0.0000000000,0.5235987756,0.0000000000,1.0000000000,1.0000000000,0.0000000000,0.0000000000,0.0000000000,0.0000000000
0.0200000000,0.4037825162,0.2975790063,0.5245600183,-0.0308648347,-0.1320223226,-0.4667969331,0.4408682302,-0.1532980237,0.5705607307,0.1128902048,-0.1854704924,-0.2823891962,0.1155000000,-0.0000000000,0.7061338532,0.0000000000,0.5235987756,0.0000000000,1.0000000000,1.0000000000,0.0000000000,0.0000000000,0.0000000000,0.0000000000
0.0200000000,0.4037174424,0.2975886166,0.5246064238,-0.0307323729,-0.1325677454,-0.4669960155,0.4399101379,-0.1517800173,0.5715665186,0.1169745233,-0.1943035393,-0.2740653296,0.1155000000,0.0000000000,0.7061338532,-0.0000000000,0.5235987756,-0.0000000000,1.0000000000,1.0000000000,0.0000000000,0.0000000000,0.0000000000,0.0000000000
0.0200000000,0.4036367883,0.2976079399,0.5246498950,-0.0305999583,-0.1330753483,-0.4671801252,0.4390238728,-0.1501947046,0.5726206420,0.1209880706,-0.2033881588,-0.2652960739,0.1155000000,-0.0000000000,0.7061338532,0.0000000000,0.5235987756,0.0000000000,1.0000000000,1.0000000000,0.0000000000,0.0000000000,0.0000000000,0.0000000000
0.0200000000,0.4035467186,0.2976317564,0.5246881485,-0.0304784163,-0.1335258688,-0.4673484508,0.4382607142,-0.1485994028,0.5736760536,0.1247016886,-0.2122955928,-0.2564003566,0.1155000000,0.0000000000,0.7061338532,-0.0000000000,0.5235987756,-0.0000000000,1.0000000000,1.0000000000,0.0000000000,0.0000000000,0.0000000000,0.0000000000
0.0200000000,0.4034525705,0.2976558183,0.5247206139,-0.0303729683,-0.1339172427,-0.4675038218,0.4376331717,-0.1470374214,0.5746995466,0.1280070966,-0.2207617282,-0.2476263302,0.1155000000,-0.0000000000,0.7061338532,0.0000000000,0.5235987756,0.0000000000,1.0000000000,1.0000000000,0.0000000000,0.0000000000,0.0000000000,0.0000000000
0.0200000000,0.4033622850,0.2976725536,0.5247471460,-0.0302906148,-0.1342566581,-0.4676559937,0.4371546835,-0.1455991887,0.5756280699,0.1307374307,-0.2283112240,-0.2394726484,0.1155000000,-0.0000000000,0.7061338532,0.0000000000,0.5235987756,0.0000000000,1.0000000000,1.0000000000,0.0000000000,0.0000000000,0.0000000000,0.0000000000
0.0200000000,0.4032736944,0.2976762601,0.5247696889,-0.0302315078,-0.1345799612,-0.4678292043,0.4368083178,-0.1442529193,0.5764798977,0.1329583943,-0.2351145198,-0.2317505401,0.1155000000,-0.0000000000,0.7061338532,0.0000000000,0.5235987756,0.0000000000,1.0000000000,1.0000000000,0.0000000000,0.0000000000,0.0000000000,0.0000000000
0.0200000000,0.4031835348,0.2976615437,0.5247904440,-0.0301949645,-0.1349257787,-0.4680489428,0.4365711601,-0.1429566230,0.5772813125,0.1347639182,-0.2414035691,-0.2242202245,0.1155000000,-0.0000000000,0.7061338532,0.0000000000,0.5235987756,0.0000000000,1.0000000000,1.0000000000,0.0000000000,0.0000000000,0.0000000000,0.0000000000
0.0200000000,0.4030965401,0.2976164820,0.5248099911,-0.0301903325,-0.1353213551,-0.4683432899,0.4364592626,-0.1418310741,0.5779604305,0.1360186020,-0.2466268924,-0.2175880760,0.1155000000,-0.0000000000,0.7061338532,0.0000000000,0.5235987756,0.0000000000,1.0000000000,1.0000000000,0.0000000000,0.0000000000,0.0000000000,0.0000000000
0.0200000000,0.4030066824,0.2975319039,0.5248309180,-0.0302196914,-0.1358197132,-0.4687528048,0.4364492913,-0.1408426216,0.5785471771,0.1368606467,-0.2510392712,-0.2116842920,0.1155000000,-0.0000000000,0.7061338532,0.0000000000,0.5235987756,0.0000000000,1.0000000000,1.0000000000,0.0000000000,0.0000000000,0.0000000000,0.0000000000
0.0200000000,0.4029077661,0.2973975717,0.5248559676,-0.0302858618,-0.1364769740,-0.4693214300,0.4365111236,-0.1399720630,0.5790678972,0.1374541942,-0.2548711609,-0.2064419054,0.1155000000,-0.0000000000,0.7061338532,0.0000000000,0.5235987756,0.0000000000,1.0000000000,1.0000000000,0.0000000000,0.0000000000,0.0000000000,0.0000000000
0.0200000000,0.4027976191,0.2972037133,0.5248868743,-0.0303937431,-0.1373321593,-0.4700836708,0.4366212036,-0.1392562347,0.5795200403,0.1379282190,-0.2581265040,-0.2021352246,0.1155000000,-0.0000000000,0.7061338532,0.0000000000,0.5235987756,0.0000000000,1.0000000000,1.0000000000,0.0000000000,0.0000000000,0.0000000000,0.0000000000
0.0200000000,0.4026648887,0.2969216426,0.5249286596,-0.0305582615,-0.1385065105,-0.4711464069,0.4367594715,-0.1386505357,0.5799550736,0.1384985499,-0.2612069029,-0.1985612171,0.1155000000,-0.0000000000,0.7061338532,0.0000000000,0.5235987756,0.0000000000,1.0000000000,1.0000000000,0.0000000000,0.0000000000,0.0000000000,0.0000000000
0.0200000000,0.4025235724,0.2965298391,0.5249850098,-0.0307892537,-0.1400620691,-0.4725607969,0.4368826978,-0.1381920594,0.5803811506,0.1393929487,-0.2642129310,-0.1960326810,0.1155000000,-0.0000000000,0.7061338532,0.0000000000,0.5235987756,0.0000000000,1.0000000000,1.0000000000,0.0000000000,0.0000000000,0.0000000000,0.0000000000
0.0200000000,0.4024276564,0.2960497390,0.5250534938,-0.0310690047,-0.1418684061,-0.4741894673,0.4369704014,-0.1378742903,0.5807775108,0.1405356545,-0.2670192444,-0.1944781072,0.1155000000,-0.0000000000,0.7061338532,0.0000000000,0.5235987756,0.0000000000,1.0000000000,1.0000000000,0.0000000000,0.0000000000,0.0000000000,0.0000000000
0.0200000000,0.4024274602,0.2955896604,0.5251184726,-0.0313317128,-0.1434918153,-0.4756264305,0.4370272261,-0.1377035783,0.5810602864,0.1414954381,-0.2690177461,-0.1937750054,0.1155000000,-0.0000000000,0.7061338532,0.0000000000,0.5235987756,0.0000000000,1.0000000000,1.0000000000,0.0000000000,0.0000000000,0.0000000000,0.0000000000
0.0200000000,0.4025176025,0.2951773263,0.5251755810,-0.0315618935,-0.1448434442,-0.4767925299,0.4370745014,-0.1376405298,0.5812234975,0.1421044793,-0.2701497793,-0.1936141504,0.1155000000,-0.0000000000,0.7061338532,0.0000000000,0.5235987756,0.0000000000,1.0000000000,1.0000000000,0.0000000000,0.0000000000,0.0000000000,0.0000000000
0.0200000000,0.4026903668,0.2947854819,0.5252283416,-0.0317762482,-0.1460282922,-0.4777820491,0.4371351749,-0.1376585401,0.5812767332,0.1423024648,-0.2704642698,-0.1938077942,0.1155000000,-0.0000000000,0.7061338532,0.0000000000,0.5235987756,0.0000000000,1.0000000000,1.0000000000,0.0000000000,0.0000000000,0.0000000000,0.0000000000
0.0200000000,0.4029437486,0.2944161340,0.5252762174,-0.0319743744,-0.1470410405,-0.4785910276,0.4372218825,-0.1377661950,0.5811966173,0.1419608737,-0.2697782918,-0.1943625139,0.1155000000,-0.0000000000,0.7061338532,0.0000000000,0.5235987756,0.0000000000,1.0000000000,1.0000000000,0.0000000000,0.0000000000,0.0000000000,0.0000000000
0.0200000000,0.4032525815,0.2940926510,0.5253162314,-0.0321449123,-0.1478274784,-0.4791798673,0.4373409656,-0.1379657780,0.5809658127,0.1409797470,-0.2679592222,-0.1952566653,0.1155000000,-0.0000000000,0.7061338532,0.0000000000,0.5235987756,0.0000000000,1.0000000000,1.0000000000,0.0000000000,0.0000000000,0.0000000000,0.0000000000
0.0200000000,0.4035981974,0.2938164512,0.5253486948,-0.0322879947,-0.1484045153,-0.4795699074,0.4374970844,-0.1382616490,0.5805728516,0.1392969104,-0.2649169517,-0.1964971338,0.1155000000,-0.0000000000,0.7061338532,0.0000000000,0.5235987756,0.0000000000,1.0000000000,1.0000000000,0.0000000000,0.0000000000,0.0000000000,0.0000000000
0.0200000000,0.4039455009,0.2935923838,0.5253738114,-0.0324021677,-0.1487956606,-0.4797943378,0.4376760832,-0.1386202125,0.5800671636,0.1371186012,-0.2610250211,-0.1979526269,0.1155000000,-0.0000000000,0.7061338532,0.0000000000,0.5235987756,0.0000000000,1.0000000000,1.0000000000,0.0000000000,0.0000000000,0.0000000000,0.0000000000
0.0200000000,0.4042214495,0.2934371126,0.5253907586,-0.0324801988,-0.1490266168,-0.4799015597,0.4378366128,-0.1389494308,0.5795880510,0.1350433708,-0.2573449241,-0.1992659302,0.1155000000,0.0000000000,0.7061338532,-0.0000000000,0.5235987756,-0.0000000000,1.0000000000,1.0000000000,0.0000000000,0.0000000000,0.0000000000,0.0000000000
0.0200000000,0.4044285705,0.2933472258,0.5253997849,-0.0325241717,-0.1491066356,-0.4798984628,0.4379811191,-0.1392522838,0.5791313134,0.1330515744,-0.2538440002,-0.2004477900,0.1155000000,-0.0000000000,0.7061338532,0.0000000000,0.5235987756,0.0000000000,1.0000000000,1.0000000000,0.0000000000,0.0000000000,0.0000000000,0.0000000000
0.0200000000,0.4046149256,0.2932755465,0.5254067754,-0.0325585655,-0.1491469610,-0.4798670558,0.4381276223,-0.1395594057,0.5786615511,0.1309921604,-0.2502424513,-0.2016365467,0.1155000000,-0.0000000000,0.7061338532,0.0000000000,0.5235987756,0.0000000000,1.0000000000,1.0000000000,0.0000000000,0.0000000000,0.0000000000,0.0000000000
0.0200000000,0.4047952401,0.2932067347,0.5254136782,-0.0325913259,-0.1491848025,-0.4798352812,0.4382799016,-0.1398778900,0.5781720741,0.1288386548,-0.2464862354,-0.2028681005,0.1155000000,-0.0000000000,0.7061338532,0.0000000000,0.5235987756,0.0000000000,1.0000000000,1.0000000000,0.0000000000,0.0000000000,0.0000000000,0.0000000000
0.0200000000,0.4049594152,0.2931514050,0.5254190940,-0.0326169991,-0.1491943041,-0.4797835813,0.4384345040,-0.1402021588,0.5776688574,0.1266160754,-0.2426227742,-0.2041167749,0.1155000000,-0.0000000000,0.7061338532,0.0000000000,0.5235987756,0.0000000000,1.0000000000,1.0000000000,0.0000000000,0.0000000000,0.0000000000,0.0000000000
0.0200000000,0.4051117688,0.2931049174,0.5254236052,-0.0326379878,-0.1491869029,-0.4797205947,0.4385964805,-0.1405392634,0.5771416583,0.1242753307,-0.2385707199,-0.2054101995,0.1155000000,-0.0000000000,0.7061338532,0.0000000000,0.5235987756,0.0000000000,1.0000000000,1.0000000000,0.0000000000,0.0000000000,0.0000000000,0.0000000000
0.0200000000,0.4052576848,0.2930614568,0.5254279733,-0.0326572494,-0.1491770901,-0.4796572625,0.4387729861,-0.1409001068,0.5765742963,0.1217398955,-0.2342021987,-0.2067912428,0.1155000000,-0.0000000000,0.7061338532,0.0000000000,0.5235987756,0.0000000000,1.0000000000,1.0000000000,0.0000000000,0.0000000000,0.0000000000,0.0000000000
0.0200000000,0.4053974451,0.2930224940,0.5254319809,-0.0326739608,-0.1491595106,-0.4795885754,0.4389620580,-0.1412851319,0.5759662869,0.1190114855,-0.2295144067,-0.2082650816,0.1155000000,-0.0000000000,0.7061338532,0.0000000000,0.5235987756,0.0000000000,1.0000000000,1.0000000000,0.0000000000,0.0000000000,0.0000000000,0.0000000000
0.0200000000,0.4055284610,0.2929886328,0.5254355338,-0.0326879477,-0.1491346614,-0.4795160857,0.4391604539,-0.1416869911,0.5753295432,0.1161416546,-0.2245973763,-0.2098050504,0.1155000000,-0.0000000000,0.7061338532,0.0000000000,0.5235987756,0.0000000000,1.0000000000,1.0000000000,0.0000000000,0.0000000000,0.0000000000,0.0000000000
0.0200000000,0.4056486494,0.2929586807,0.5254387763,-0.0327000051,-0.1491086838,-0.4794462950,0.4393666552,-0.1420987053,0.5746755585,0.1131771101,-0.2195365570,-0.2113845178,0.1155000000,-0.0000000000,0.7061338532,0.0000000000,0.5235987756,0.0000000000,1.0000000000,1.0000000000,0.0000000000,0.0000000000,0.0000000000,0.0000000000
0.0200000000,0.4057558246,0.2929321984,0.5254417572,-0.0327104770,-0.1490853631,-0.4793835275,0.4395748889,-0.1425087585,0.5740231709,0.1102032966,-0.2144769995,-0.2129607637,0.1155000000,-0.0000000000,0.7061338532,0.0000000000,0.5235987756,0.0000000000,1.0000000000,1.0000000000,0.0000000000,0.0000000000,0.0000000000,0.0000000000
0.0200000000,0.4058485664,0.2929104903,0.5254443087,-0.0327186330,-0.1490619705,-0.4793256788,0.4397804331,-0.1429117118,0.5733809957,0.1072640738,-0.2094877843,-0.2145143162,0.1155000000,0.0000000000,0.7061338532,-0.0000000000,0.5235987756,-0.0000000000,1.0000000000,1.0000000000,0.0000000000,0.0000000000,0.0000000000,0.0000000000
0.0200000000,0.4059310426,0.2928920422,0.5254465737,-0.0327252182,-0.1490390203,-0.4792717346,0.4400016746,-0.1433353485,0.5727041945,0.1041432308,-0.2042154256,-0.2161483240,0.1155000000,-0.0000000000,0.7061338532,0.0000000000,0.5235987756,0.0000000000,1.0000000000,1.0000000000,0.0000000000,0.0000000000,0.0000000000,0.0000000000
0.0200000000,0.4060070255,0.2928752019,0.5254487224,-0.0327310737,-0.1490179038,-0.4792216508,0.4402572066,-0.1438084452,0.5719468616,0.1006180592,-0.1982955002,-0.2179733996,0.1155000000,-0.0000000000,0.7061338532,0.0000000000,0.5235987756,0.0000000000,1.0000000000,1.0000000000,0.0000000000,0.0000000000,0.0000000000,0.0000000000
0.0200000000,0.4060789231,0.2928592019,0.5254508441,-0.0327365280,-0.1489987142,-0.4791745510,0.4405514407,-0.1443443463,0.5710889822,0.0965980712,-0.1915692581,-0.2200499779,0.1155000000,0.0000000000,0.7061338532,-0.0000000000,0.5235987756,-0.0000000000,1.0000000000,1.0000000000,0.0000000000,0.0000000000,0.0000000000,0.0000000000
0.0200000000,0.4061452173,0.2928446270,0.5254528654,-0.0327413003,-0.1489811118,-0.4791306844,0.4408764323,-0.1449328533,0.5701480431,0.0921657375,-0.1841703562,-0.2223473634,0.1155000000,-0.0000000000,0.7061338532,0.0000000000,0.5235987756,0.0000000000,1.0000000000,1.0000000000,0.0000000000,0.0000000000,0.0000000000,0.0000000000
0.0200000000,0.4062003253,0.2928324768,0.5254546235,-0.0327451567,-0.1489672039,-0.4790944087,0.4412420447,-0.1455727924,0.5691249902,0.0872941601,-0.1760887398,-0.2248557564,0.1155000000,-0.0000000000,0.7061338532,0.0000000000,0.5235987756,0.0000000000,1.0000000000,1.0000000000,0.0000000000,0.0000000000,0.0000000000,0.0000000000
0.0200000000,0.4062416449,0.2928230728,0.5254560512,-0.0327480786,-0.1489584364,-0.4790681897,0.4416605100,-0.1462764214,0.5680005142,0.0818715585,-0.1671579493,-0.2276258742,0.1155000000,-0.0000000000,0.7061338532,0.0000000000,0.5235987756,0.0000000000,1.0000000000,1.0000000000,0.0000000000,0.0000000000,0.0000000000,0.0000000000
0.0200000000,0.4062716582,0.2928160316,0.5254571870,-0.0327501706,-0.1489534948,-0.4790498758,0.4421082914,-0.1470171703,0.5668198953,0.0761283641,-0.1577374872,-0.2305705130,0.1155000000,-0.0000000000,0.7061338532,0.0000000000,0.5235987756,0.0000000000,1.0000000000,1.0000000000,0.0000000000,0.0000000000,0.0000000000,0.0000000000
0.0200000000,0.4062923100,0.2928111102,0.5254579994,-0.0327516143,-0.1489505552,-0.4790375243,0.4425227899,-0.1476907508,0.5657501763,0.0708778082,-0.1491603469,-0.2332750526,0.1155000000,-0.0000000000,0.7061338532,0.0000000000,0.5235987756,0.0000000000,1.0000000000,1.0000000000,0.0000000000,0.0000000000,0.0000000000,0.0000000000
0.0200000000,0.4063025370,0.2928085602,0.5254584417,-0.0327523417,-0.1489497518,-0.4790317709,0.4428984403,-0.1482792716,0.5648175083,0.0662435551,-0.1416399611,-0.2356515602,0.1155000000,-0.0000000000,0.7061338532,0.0000000000,0.5235987756,0.0000000000,1.0000000000,1.0000000000,0.0000000000,0.0000000000,0.0000000000,0.0000000000
0.0200000000,0.4063059283,0.2928075830,0.5254586367,-0.0327525926,-0.1489502742,-0.4790302855,0.4432493164,-0.1488100283,0.5639785547,0.0620264374,-0.1348387085,-0.2378060659,0.1155000000,0.0000000000,0.7061338532,-0.0000000000,0.5235987756,-0.0000000000,1.0000000000,1.0000000000,0.0000000000,0.0000000000,0.0000000000,0.0000000000
0.0200000000,0.4063085532,0.2928068572,0.5254587765,-0.0327527890,-0.1489505025,-0.4790290191,0.4435823760,-0.1493071325,0.5631964227,0.0580677080,-0.1284723026,-0.2398415838,0.1155000000,-0.0000000000,0.7061338532,0.0000000000,0.5235987756,0.0000000000,1.0000000000,1.0000000000,0.0000000000,0.0000000000,0.0000000000,0.0000000000
0.0200000000,0.4063095458,0.2928065788,0.5254588311,-0.0327528706,-0.1489506258,-0.4790285227,0.4438967325,-0.1497656092,0.5624776788,0.0543977708,-0.1225954494,-0.2417307155,0.1155000000,-0.0000000000,0.7061338532,0.0000000000,0.5235987756,0.0000000000,1.0000000000,1.0000000000,0.0000000000,0.0000000000,0.0000000000,0.0000000000
0.0200000000,0.4063090163,0.2928066868,0.5254588172,-0.0327528452,-0.1489508290,-0.4790288541,0.4441991164,-0.1501949374,0.5618076978,0.0509449465,-0.1170911444,-0.2435102345,0.1155000000,-0.0000000000,0.7061338532,0.0000000000,0.5235987756,0.0000000000,1.0000000000,1.0000000000,0.0000000000,0.0000000000,0.0000000000,0.0000000000
0.0200000000,0.4063084584,0.2928068084,0.5254587992,-0.0327528170,-0.1489509880,-0.4790291856,0.4444992497,-0.1506136325,0.5611587276,0.0475765827,-0.1117364008,-0.2452599997,0.1155000000,-0.0000000000,0.7061338532,0.0000000000,0.5235987756,0.0000000000,1.0000000000,1.0000000000,0.0000000000,0.0000000000,0.0000000000,0.0000000000
0.0200000000,0.4063076957,0.2928069896,0.5254587683,-0.0327527744,-0.1489511015,-0.4790296078,0.4448017544,-0.1510250082,0.5605250574,0.0442581316,-0.1064822997,-0.2469905327,0.1155000000,-0.0000000000,0.7061338532,0.0000000000,0.5235987756,0.0000000000,1.0000000000,1.0000000000,0.0000000000,0.0000000000,0.0000000000,0.0000000000
0.0200000000,0.4063067949,0.2928072101,0.5254587297,-0.0327527201,-0.1489511945,-0.4790300986,0.4450941163,-0.1514136092,0.5599314433,0.0411239744,-0.1015360288,-0.2486383735,0.1155000000,-0.0000000000,0.7061338532,0.0000000000,0.5235987756,0.0000000000,1.0000000000,1.0000000000,0.0000000000,0.0000000000,0.0000000000,0.0000000000
0.0200000000,0.4063061871,0.2928073587,0.5254587041,-0.0327526817,-0.1489512614,-0.4790304341,0.4453637569,-0.1517650549,0.5594002357,0.0382993906,-0.0970883507,-0.2501424876,0.1155000000,-0.0000000000,0.7061338532,0.0000000000,0.5235987756,0.0000000000,1.0000000000,1.0000000000,0.0000000000,0.0000000000,0.0000000000,0.0000000000
0.0200000000,0.4063058570,0.2928074394,0.5254586908,-0.0327526582,-0.1489513020,-0.4790306226,0.4456110104,-0.1520786489,0.5589314963,0.0357854771,-0.0931425153,-0.2514951262,0.1155000000,-0.0000000000,0.7061338532,0.0000000000,0.5235987756,0.0000000000,1.0000000000,1.0000000000,0.0000000000,0.0000000000,0.0000000000,0.0000000000
0.0200000000,0.4063056710,0.2928074855,0.5254586835,-0.0327526430,-0.1489513240,-0.4790307317,0.4458510477,-0.1523709760,0.5585038668,0.0334675037,-0.0895152975,-0.2527707272,0.1155000000,0.0000000000,0.7061338532,-0.0000000000,0.5235987756,-0.0000000000,1.0000000000,1.0000000000,0.0000000000,0.0000000000,0.0000000000,0.0000000000
0.0200000000,0.4063056201,0.2928074984,0.5254586816,-0.0327526375,-0.1489513294,-0.4790307636,0.4461036117,-0.1526632493,0.5580904225,0.0311975033,-0.0859723547,-0.2540667362,0.1155000000,-0.0000000000,0.7061338532,0.0000000000,0.5235987756,0.0000000000,1.0000000000,1.0000000000,0.0000000000,0.0000000000,0.0000000000,0.0000000000
0.0200000000,0.4063056441,0.2928074930,0.5254586827,-0.0327526376,-0.1489513257,-0.4790307525,0.4463367343,-0.1529175718,0.5577456920,0.0292754013,-0.0829803528,-0.2552151891,0.1155000000,-0.0000000000,0.7061338532,0.0000000000,0.5235987756,0.0000000000,1.0000000000,1.0000000000,0.0000000000,0.0000000000,0.0000000000,0.0000000000
0.0200000000,0.4063056474,0.2928074923,0.5254586828,-0.0327526374,-0.1489513251,-0.4790307512,0.4465136973,-0.1530889592,0.5575360059,0.0280669807,-0.0811067832,-0.2560166261,0.1155000000,0.0000000000,0.7061338532,-0.0000000000,0.5235987756,-0.0000000000,1.0000000000,1.0000000000,0.0000000000,0.0000000000,0.0000000000,0.0000000000
0.0200000000,0.4063056474,0.2928074923,0.5254586828,-0.0327526374,-0.1489513251,-0.4790307512,0.4466472295,-0.1531911623,0.5574418343,0.0274661601,-0.0801859346,-0.2565294806,0.1155000000,0.0000000000,0.7061338532,-0.0000000000,0.5235987756,-0.0000000000,1.0000000000,1.0000000000,0.0000000000,0.0000000000,0.0000000000,0.0000000000
0.0200000000,0.4063056474,0.2928074923,0.5254586828,-0.0327526374,-0.1489513251,-0.4790307512,0.4467428800,-0.1532299480,0.5574555502,0.0274314874,-0.0801524622,-0.2567790816,0.1155000000,-0.0000000000,0.7061338532,0.0000000000,0.5235987756,0.0000000000,1.0000000000,1.0000000000,0.0000000000,0.0000000000,0.0000000000,0.0000000000
0.0200000000,0.4063056474,0.2928074923,0.5254586828,-0.0327526374,-0.1489513251,-0.4790307512,0.4467981602,-0.1532021397,0.5575815601,0.0279868876,-0.0810444032,-0.2567507876,0.1155000000,-0.0000000000,0.7061338532,0.0000000000,0.5235987756,0.0000000000,1.0000000000,0.9366201898,0.0000000000,0.0000000000,0.0000000000,0.0000000000
0.0200000000,0.4063056474,0.2928074923,0.5254586828,-0.0327526374,-0.1489513251,-0.4790307512,0.4468203249,-0.1531044604,0.5578396966,0.0292237894,-0.0830028574,-0.2564497478,0.1155000000,-0.0000000000,0.7061338532,0.0000000000,0.5235987756,0.0000000000,1.0000000000,0.8699535231,0.0000000000,0.0000000000,0.0000000000,0.0000000000
0.0200000000,0.4063056474,0.2928074923,0.5254586828,-0.0327526374,-0.1489513251,-0.4790307512,0.4468194565,-0.1529455399,0.5582352521,0.0311679116,-0.0860498953,-0.2559434866,0.1155000000,0.0000000000,0.7061338532,-0.0000000000,0.5235987756,-0.0000000000,1.0000000000,0.8032868565,0.0000000000,0.0000000000,0.0000000000,0.0000000000
0.0200000000,0.4063056474,0.2928074923,0.5254586828,-0.0327526374,-0.1489513251,-0.4790307512,0.4468142168,-0.1527860561,0.5586830740,0.0334189500,-0.0894956025,-0.2555245932,0.1155000000,-0.0000000000,0.7061338532,0.0000000000,0.5235987756,0.0000000000,1.0000000000,0.7366201898,0.0000000000,0.0000000000,0.0000000000,0.0000000000
0.0200000000,0.4063056474,0.2928074923,0.5254586828,-0.0327526374,-0.1489513251,-0.4790307512,0.4468325261,-0.1526965275,0.5590927008,0.0355534253,-0.0925982133,-0.2555402215,0.1155000000,-0.0000000000,0.7061338532,0.0000000000,0.5235987756,0.0000000000,1.0000000000,0.6699535231,0.0000000000,0.0000000000,0.0000000000,0.0000000000
0.0200000000,0.4063056474,0.2928074923,0.5254586828,-0.0327526374,-0.1489513251,-0.4790307512,0.4469004125,-0.1527316933,0.5594207817,0.0373931325,-0.0949822389,-0.2562991375,0.1155000000,-0.0000000000,0.7061338532,0.0000000000,0.5235987756,0.0000000000,1.0000000000,0.6032868565,0.0000000000,0.0000000000,0.0000000000,0.0000000000
0.0200000000,0.4063056474,0.2928074923,0.5254586828,-0.0327526374,-0.1489513251,-0.4790307512,0.4470285657,-0.1528954086,0.5596857099,0.0390328692,-0.0967729763,-0.2578507869,0.1155000000,-0.0000000000,0.7061338532,0.0000000000,0.5235987756,0.0000000000,1.0000000000,0.5366201898,0.0000000000,0.0000000000,0.0000000000,0.0000000000
0.0200000000,0.4063056474,0.2928074923,0.5254586828,-0.0327526374,-0.1489513251,-0.4790307512,0.4472224885,-0.1531682718,0.5599248900,0.0406327805,-0.0982508453,-0.2601104748,0.1155000000,-0.0000000000,0.7061338532,0.0000000000,0.5235987756,0.0000000000,1.0000000000,0.4699535231,0.0000000000,0.0000000000,0.0000000000,0.0000000000
0.0200000000,0.4063056474,0.2928074923,0.5254586828,-0.0327526374,-0.1489513251,-0.4790307512,0.4474899898,-0.1535228719,0.5601779079,0.0423407283,-0.0997103937,-0.2629376689,0.1155000000,-0.0000000000,0.7061338532,0.0000000000,0.5235987756,0.0000000000,1.0000000000,0.4032868565,0.0000000000,0.0000000000,0.0000000000,0.0000000000
0.0200000000,0.4063056474,0.2928074923,0.5254586828,-0.0327526374,-0.1489513251,-0.4790307512,0.4478397432,-0.1539160927,0.5604809089,0.0442490007,-0.1014205301,-0.2660771683,0.1155000000,-0.0000000000,0.7061338532,0.0000000000,0.5235987756,0.0000000000,1.0000000000,0.3366201898,0.0000000000,0.0000000000,0.0000000000,0.0000000000
0.0200000000,0.4063056474,0.2928074923,0.5254586828,-0.0327526374,-0.1489513251,-0.4790307512,0.4482880892,-0.1542849151,0.5608667214,0.0463150385,-0.1036461462,-0.2690189859,0.1155000000,0.0000000000,0.7061338532,-0.0000000000,0.5235987756,-0.0000000000,1.0000000000,0.2699535231,0.0000000000,0.0000000000,0.0000000000,0.0000000000
0.0200000000,0.4063056474,0.2928074923,0.5254586828,-0.0327526374,-0.1489513251,-0.4790307512,0.4488573069,-0.1546509644,0.5613394026,0.0483645310,-0.1064790811,-0.2715412835,0.1155000000,-0.0000000000,0.7061338532,0.0000000000,0.5235987756,0.0000000000,1.0000000000,0.2032868565,0.0000000000,0.0000000000,0.0000000000,0.0000000000
0.0200000000,0.4063056474,0.2928074923,0.5254586828,-0.0327526374,-0.1489513251,-0.4790307512,0.4495929947,-0.1550950367,0.5618942188,0.0503372326,-0.1098541311,-0.2739738791,0.1155000000,-0.0000000000,0.7061338532,0.0000000000,0.5235987756,0.0000000000,1.0000000000,0.1366201898,0.0000000000,0.0000000000,0.0000000000,0.0000000000
0.0200000000,0.4063056474,0.2928074923,0.5254586828,-0.0327526374,-0.1489513251,-0.4790307512,0.4505360998,-0.1556363713,0.5625237365,0.0522074040,-0.1136103191,-0.2765408885,0.1155000000,-0.0000000000,0.7061338532,0.0000000000,0.5235987756,0.0000000000,1.0000000000,0.0699535231,0.0000000000,0.0000000000,0.0000000000,0.0000000000
0.0200000000,0.4063056474,0.2928074923,0.5254586828,-0.0327526374,-0.1489513251,-0.4790307512,0.4517081810,-0.1562983010,0.5632053142,0.0538296418,-0.1175339571,-0.2793288140,0.1155000000,-0.0000000000,0.7061338532,0.0000000000,0.5235987756,0.0000000000,1.0000000000,0.0034534121,0.0000000000,0.0000000000,0.0000000000,0.0000000000
0.0200000000,0.4063056474,0.2928074923,0.5254586828,-0.0327526374,-0.1489513251,-0.4790307512,0.4531322546,-0.1572085603,0.5638958217,0.0548787834,-0.1213697781,-0.2825895377,0.1155000000,-0.0000000000,0.7061338532,0.0000000000,0.5235987756,0.0000000000,1.0000000000,0.0000000000,0.0000000000,0.0000000000,0.0000000000,0.0000000000
0.0200000000,0.4063056474,0.2928074923,0.5254586828,-0.0327526374,-0.1489513251,-0.4790307512,0.4547656704,-0.1585028605,0.5645391967,0.0550835947,-0.1248633961,-0.2865954363,0.1155000000,-0.0000000000,0.7061338532,0.0000000000,0.5235987756,0.0000000000,1.0000000000,0.0000000000,0.0000000000,0.0000000000,0.0000000000,0.0000000000
0.0200000000,0.4063056474,0.2928074923,0.5254586828,-0.0327526374,-0.1489513251,-0.4790307512,0.4565307560,-0.1602416881,0.5650814862,0.0542769892,-0.1277489386,-0.2914565005,0.1155000000,-0.0000000000,0.7061338532,0.0000000000,0.5235987756,0.0000000000,1.0000000000,0.0000000000,0.0000000000,0.0000000000,0.0000000000,0.0000000000
0.0200000000,0.4063056474,0.2928074923,0.5254586828,-0.0327526374,-0.1489513251,-0.4790307512,0.4582733169,-0.1622622322,0.5654756447,0.0525847445,-0.1297089545,-0.2968358623,0.1155000000,-0.0000000000,0.7061338532,0.0000000000,0.5235987756,0.0000000000,1.0000000000,0.0000000000,0.0000000000,0.0000000000,0.0000000000,0.0000000000
0.0200000000,0.4063056474,0.2928074923,0.5254586828,-0.0327526374,-0.1489513251,-0.4790307512,0.4600032900,-0.1644477336,0.5657446681,0.0502058451,-0.1307449254,-0.3025959539,0.1155000000,-0.0000000000,0.7061338532,0.0000000000,0.5235987756,0.0000000000,1.0000000000,0.0000000000,0.0000000000,0.0000000000,0.0000000000,0.0000000000
0.0200000000,0.4063056474,0.2928074923,0.5254586828,-0.0327526374,-0.1489513251,-0.4790307512,0.4618782802,-0.1668369726,0.5659334566,0.0470605778,-0.1309425235,-0.3088746633,0.1155000000,-0.0000000000,0.7061338532,0.0000000000,0.5235987756,0.0000000000,1.0000000000,0.0000000000,0.0000000000,0.0000000000,0.0000000000,0.0000000000
0.0200000000,0.4063056474,0.2928074923,0.5254586828,-0.0327526374,-0.1489513251,-0.4790307512,0.4639468849,-0.1693443080,0.5660825587,0.0432099780,-0.1304511834,-0.3153700344,0.1155000000,-0.0000000000,0.7061338532,0.0000000000,0.5235987756,0.0000000000,1.0000000000,0.0000000000,0.0000000000,0.0000000000,0.0000000000,0.0000000000
0.0200000000,0.4063056474,0.2928074923,0.5254586828,-0.0327526374,-0.1489513251,-0.4790307512,0.4661862124,-0.1718153936,0.5662274156,0.0388654264,-0.1294486364,-0.3216354317,0.1155000000,-0.0000000000,0.7061338532,0.0000000000,0.5235987756,0.0000000000,1.0000000000,0.0000000000,0.0000000000,0.0000000000,0.0000000000,0.0000000000
0.0200000000,0.4063056474,0.2928074923,0.5254586828,-0.0327526374,-0.1489513251,-0.4790307512,0.4686287716,-0.1742278260,0.5663971662,0.0341186816,-0.1280520482,-0.3276502992,0.1155000000,0.0000000000,0.7061338532,-0.0000000000,0.5235987756,-0.0000000000,1.0000000000,0.0000000000,0.0000000000,0.0000000000,0.0000000000,0.0000000000
0.0200000000,0.4063056474,0.2928074923,0.5254586828,-0.0327526374,-0.1489513251,-0.4790307512,0.4711364674,-0.1764262008,0.5666036820,0.0293665797,-0.1264726039,-0.3330708392,0.1155000000,-0.0000000000,0.7061338532,0.0000000000,0.5235987756,0.0000000000,1.0000000000,0.0000000000,0.0000000000,0.0000000000,0.0000000000,0.0000000000
0.0200000000,0.4063056474,0.2928074923,0.5254586828,-0.0327526374,-0.1489513251,-0.4790307512,0.4736082875,-0.1783505589,0.5668482362,0.0248576560,-0.1248808522,-0.3377767106,0.1155000000,-0.0000000000,0.7061338532,0.0000000000,0.5235987756,0.0000000000,1.0000000000,0.0000000000,0.0000000000,0.0000000000,0.0000000000,0.0000000000
0.0200000000,0.4063056474,0.2928074923,0.5254586828,-0.0327526374,-0.1489513251,-0.4790307512,0.4759975574,-0.1800223271,0.5671267156,0.0206852781,-0.1233753178,-0.3418464049,0.1155000000,-0.0000000000,0.7061338532,0.0000000000,0.5235987756,0.0000000000,1.0000000000,0.0000000000,0.0000000000,0.0000000000,0.0000000000,0.0000000000
0.0200000000,0.4063056474,0.2928074923,0.5254586828,-0.0327526374,-0.1489513251,-0.4790307512,0.4782350508,-0.1814615029,0.5674259546,0.0169887177,-0.1220278850,-0.3453927886,0.1155000000,-0.0000000000,0.7061338532,0.0000000000,0.5235987756,0.0000000000,1.0000000000,0.0000000000,0.0000000000,0.0000000000,0.0000000000,0.0000000000
0.0200000000,0.4063056474,0.2928074923,0.5254586828,-0.0327526374,-0.1489513251,-0.4790307512,0.4803073615,-0.1826836875,0.5677380856,0.0137794680,-0.1208499422,-0.3484611224,0.1155000000,-0.0000000000,0.7061338532,0.0000000000,0.5235987756,0.0000000000,1.0000000000,0.0000000000,0.0000000000,0.0000000000,0.0000000000,0.0000000000
0.0200000000,0.4063056474,0.2928074923,0.5254586828,-0.0327526374,-0.1489513251,-0.4790307512,0.4822174799,-0.1837400082,0.5680552932,0.0110464184,-0.1198349216,-0.3512034175,0.1155000000,0.0000000000,0.7061338532,-0.0000000000,0.5235987756,-0.0000000000,1.0000000000,0.0000000000,0.0000000000,0.0000000000,0.0000000000,0.0000000000
0.0200000000,0.4063056474,0.2928074923,0.5254586828,-0.0327526374,-0.1489513251,-0.4790307512,0.4839528896,-0.1846139430,0.5683739629,0.0088286314,-0.1189995161,-0.3535810818,0.1155000000,-0.0000000000,0.7061338532,0.0000000000,0.5235987756,0.0000000000,1.0000000000,0.0000000000,0.0000000000,0.0000000000,0.0000000000,0.0000000000
0.0200000000,0.4063056474,0.2928074923,0.5254586828,-0.0327526374,-0.1489513251,-0.4790307512,0.4854684227,-0.1853503358,0.5686677771,0.0069828505,-0.1183109947,-0.3556108585,0.1155000000,-0.0000000000,0.7061338532,0.0000000000,0.5235987756,0.0000000000,1.0000000000,0.0000000000,0.0000000000,0.0000000000,0.0000000000,0.0000000000
0.0200000000,0.4063056474,0.2928074923,0.5254586828,-0.0327526374,-0.1489513251,-0.4790307512,0.4866915463,-0.1859455764,0.5689124710,0.0055100735,-0.1177779986,-0.3572378451,0.1155000000,0.0000000000,0.7061338532,-0.0000000000,0.5235987756,-0.0000000000,1.0000000000,0.0000000000,0.0000000000,0.0000000000,0.0000000000,0.0000000000
0.0200000000,0.4063056474,0.2928074923,0.5254586828,-0.0327526374,-0.1489513251,-0.4790307512,0.4876121307,-0.1863752962,0.5691060831,0.0044658246,-0.1174188798,-0.3584157420,0.1155000000,0.0000000000,0.7061338532,-0.0000000000,0.5235987756,-0.0000000000,1.0000000000,0.0000000000,0.0000000000,0.0000000000,0.0000000000,0.0000000000
0.0200000000,0.4063056474,0.2928074923,0.5254586828,-0.0327526374,-0.1489513251,-0.4790307512,0.4883273548,-0.1866911093,0.5692649241,0.0037092720,-0.1171876465,-0.3592720538,0.1155000000,-0.0000000000,0.7061338532,0.0000000000,0.5235987756,0.0000000000,1.0000000000,0.0000000000,0.0000000000,0.0000000000,0.0000000000,0.0000000000
0.0200000000,0.4063056474,0.2928074923,0.5254586828,-0.0327526374,-0.1489513251,-0.4790307512,0.4889426123,-0.1869529176,0.5694079619,0.0030802830,-0.1170341938,-0.3599500398,0.1155000000,-0.0000000000,0.7061338532,0.0000000000,0.5235987756,0.0000000000,1.0000000000,0.0000000000,0.0000000000,0.0000000000,0.0000000000,0.0000000000
0.0200000000,0.4063056474,0.2928074923,0.5254586828,-0.0327526374,-0.1489513251,-0.4790307512,0.4895830535,-0.1872318631,0.5695588076,0.0023942051,-0.1168945523,-0.3606286356,0.1155000000,-0.0000000000,0.7061338532,0.0000000000,0.5235987756,0.0000000000,1.0000000000,0.0000000000,0.0000000000,0.0000000000,0.0000000000,0.0000000000
0.0200000000,0.4063056474,0.2928074923,0.5254586828,-0.0327526374,-0.1489513251,-0.4790307512,0.4902911528,-0.1875526415,0.5697251931,0.0015893229,-0.1167394273,-0.3613772578,0.1155000000,-0.0000000000,0.7061338532,0.0000000000,0.5235987756,0.0000000000,1.0000000000,0.0000000000,0.0000000000,0.0000000000,0.0000000000,0.0000000000
0.0200000000,0.4063056474,0.2928074923,0.5254586828,-0.0327526374,-0.1489513251,-0.4790307512,0.4909870180,-0.1878704314,0.5698906470,0.0007830092,-0.1165988884,-0.3620920238,0.1155000000,-0.0000000000,0.7061338532,0.0000000000,0.5235987756,0.0000000000,1.0000000000,0.0000000000,0.0000000000,0.0000000000,0.0000000000,0.0000000000
0.0200000000,0.4063056474,0.2928074923,0.5254586828,-0.0327526374,-0.1489513251,-0.4790307512,0.4916563968,-0.1881763026,0.5700533396,-0.0000035653,-0.1164908265,-0.3627420431,0.1155000000,0.0000000000,0.7061338532,-0.0000000000,0.5235987756,-0.0000000000,1.0000000000,0.0000000000,0.0000000000,0.0000000000,0.0000000000,0.0000000000
0.0200000000,0.4063056474,0.2928074923,0.5254586828,-0.0327526374,-0.1489513251,-0.4790307512,0.4923277964,-0.1884853368,0.5702211665,-0.0008134575,-0.1164236286,-0.3633453444,0.1155000000,-0.0000000000,0.7061338532,0.0000000000,0.5235987756,0.0000000000,1.0000000000,0.0000000000,0.0000000000,0.0000000000,0.0000000000,0.0000000000
0.0200000000,0.4063056474,0.2928074923,0.5254586828,-0.0327526374,-0.1489513251,-0.4790307512,0.4930312890,-0.1888132997,0.5704023101,-0.0016888895,-0.1164007610,-0.3639283055,0.1155000000,-0.0000000000,0.7061338532,0.0000000000,0.5235987756,0.0000000000,1.0000000000,0.0000000000,0.0000000000,0.0000000000,0.0000000000,0.0000000000
0.0200000000,0.4063056474,0.2928074923,0.5254586828,-0.0327526374,-0.1489513251,-0.4790307512,0.4937827113,-0.1891689710,0.5706008679,-0.0026536687,-0.1164198955,-0.3645084700,0.1155000000,-0.0000000000,0.7061338532,0.0000000000,0.5235987756,0.0000000000,1.0000000000,0.0000000000,0.0000000000,0.0000000000,0.0000000000,0.0000000000
0.0200000000,0.4063056474,0.2928074923,0.5254586828,-0.0327526374,-0.1489513251,-0.4790307512,0.4945299387,-0.1895278479,0.5707998657,-0.0036482001,-0.1164502101,-0.3650574042,0.1155000000,-0.0000000000,0.7061338532,0.0000000000,0.5235987756,0.0000000000,1.0000000000,0.0000000000,0.0000000000,0.0000000000,0.0000000000,0.0000000000
0.0200000000,0.4063056474,0.2928074923,0.5254586828,-0.0327526374,-0.1489513251,-0.4790307512,0.4952794603,-0.1898920155,0.5710024066,-0.0046748466,-0.1165032617,-0.3655743216,0.1155000000,-0.0000000000,0.7061338532,0.0000000000,0.5235987756,0.0000000000,1.0000000000,0.0000000000,0.0000000000,0.0000000000,0.0000000000,0.0000000000
0.0200000000,0.4063056474,0.2928074923,0.5254586828,-0.0327526374,-0.1489513251,-0.4790307512,0.4961656017,-0.1903247704,0.5712546995,-0.0058854935,-0.1166664716,-0.3661292757,0.1155000000,0.0000000000,0.7061338532,-0.0000000000,0.5235987756,-0.0000000000,1.0000000000,0.0000000000,0.0000000000,0.0000000000,0.0000000000,0.0000000000
0.0200000000,0.4063056474,0.2928074923,0.5254586828,-0.0327526374,-0.1489513251,-0.4790307512,0.4973231790,-0.1908903722,0.5716035738,-0.0074351938,-0.1170167710,-0.3668004034,0.1155000000,-0.0000000000,0.7061338532,0.0000000000,0.5235987756,0.0000000000,1.0000000000,0.0000000000,0.0000000000,0.0000000000,0.0000000000,0.0000000000
0.0200000000,0.4063056474,0.2928074923,0.5254586828,-0.0327526374,-0.1489513251,-0.4790307512,0.4987526745,-0.1915902180,0.5720516886,-0.0093258754,-0.1175493416,-0.3675952090,0.1155000000,-0.0000000000,0.7061338532,0.0000000000,0.5235987756,0.0000000000,1.0000000000,0.0000000000,0.0000000000,0.0000000000,0.0000000000,0.0000000000
0.0200000000,0.4063056474,0.2928074923,0.5254586828,-0.0327526374,-0.1489513251,-0.4790307512,0.5001554414,-0.1922748341,0.5725123850,-0.0111135206,-0.1181877422,-0.3683636945,0.1155000000,-0.0000000000,0.7061338532,0.0000000000,0.5235987756,0.0000000000,1.0000000000,0.0000000000,0.0000000000,0.0000000000,0.0000000000,0.0000000000
0.0200000000,0.4063056474,0.2928074923,0.5254586828,-0.0327526374,-0.1489513251,-0.4790307512,0.5014022301,-0.1928779426,0.5729467763,-0.0125988000,-0.1189070428,-0.3690365673,0.1155000000,-0.0000000000,0.7061338532,0.0000000000,0.5235987756,0.0000000000,1.0000000000,0.0000000000,0.0000000000,0.0000000000,0.0000000000,0.0000000000
0.0200000000,0.4063056474,0.2928074923,0.5254586828,-0.0327526374,-0.1489513251,-0.4790307512,0.5025410214,-0.1934264990,0.5733592294,-0.0138961067,-0.1196522400,-0.3696469921,0.1155000000,-0.0000000000,0.7061338532,0.0000000000,0.5235987756,0.0000000000,1.0000000000,0.0000000000,0.0000000000,0.0000000000,0.0000000000,0.0000000000
0.0200000000,0.4063056474,0.2928074923,0.5254586828,-0.0327526374,-0.1489513251,-0.4790307512,0.5036344498,-0.1939504893,0.5737625132,-0.0151210289,-0.1203917233,-0.3702328102,0.1155000000,-0.0000000000,0.7061338532,0.0000000000,0.5235987756,0.0000000000,1.0000000000,0.0000000000,0.0000000000,0.0000000000,0.0000000000,0.0000000000
0.0200000000,0.4063056474,0.2928074923,0.5254586828,-0.0327526374,-0.1489513251,-0.4790307512,0.5048039815,-0.1945040893,0.5741673920,-0.0165719687,-0.1209300527,-0.3708771091,0.1155000000,-0.0000000000,0.7061338532,0.0000000000,0.5235987756,0.0000000000,1.0000000000,0.0000000000,0.0000000000,0.0000000000,0.0000000000,0.0000000000
0.0200000000,0.4063056474,0.2928074923,0.5254586828,-0.0327526374,-0.1489513251,-0.4790307512,0.5059079625,-0.1950174484,0.5744640924,-0.0183673891,-0.1207131323,-0.3715380882,0.1155000000,0.0000000000,0.7061338532,-0.0000000000,0.5235987756,-0.0000000000,1.0000000000,0.0000000000,0.0000000000,0.0000000000,0.0000000000,0.0000000000
0.0200000000,0.4063056474,0.2928074923,0.5254586828,-0.0327526374,-0.1489513251,-0.4790307512,0.5067987426,-0.1954378550,0.5745437105,-0.0206212593,-0.1192412225,-0.3721833335,0.1155000000,0.0000000000,0.7061338532,-0.0000000000,0.5235987756,-0.0000000000,1.0000000000,0.0000000000,0.0000000000,0.0000000000,0.0000000000,0.0000000000
0.0200000000,0.4063056474,0.2928074923,0.5254586828,-0.0327526374,-0.1489513251,-0.4790307512,0.5075030285,-0.1958365213,0.5743884218,-0.0235712847,-0.1163715677,-0.3728940603,0.1155000000,0.0000000000,0.7061338532,-0.0000000000,0.5235987756,-0.0000000000,1.0000000000,0.0000000000,0.0000000000,0.0000000000,0.0000000000,0.0000000000
0.0200000000,0.4063056474,0.2928074923,0.5254586828,-0.0327526374,-0.1489513251,-0.4790307512,0.5080458758,-0.1962928175,0.5740604302,-0.0270736334,-0.1126064637,-0.3737100239,0.1155000000,0.0000000000,0.7061338532,-0.0000000000,0.5235987756,-0.0000000000,1.0000000000,0.0000000000,0.0000000000,0.0000000000,0.0000000000,0.0000000000
0.0200000000,0.4063056474,0.2928074923,0.5254586828,-0.0327526374,-0.1489513251,-0.4790307512,0.5083923433,-0.1968023867,0.5736523757,-0.0305826946,-0.1087876609,-0.3745543013,0.1155000000,-0.0000000000,0.7061338532,0.0000000000,0.5235987756,0.0000000000,1.0000000000,0.0000000000,0.0000000000,0.0000000000,0.0000000000,0.0000000000
0.0200000000,0.4063056474,0.2928074923,0.5254586828,-0.0327526374,-0.1489513251,-0.4790307512,0.5085367226,-0.1973221166,0.5732439331,-0.0336323476,-0.1055402682,-0.3753306004,0.1155000000,-0.0000000000,0.7061338532,0.0000000000,0.5235987756,0.0000000000,1.0000000000,0.0000000000,0.0000000000,0.0000000000,0.0000000000,0.0000000000
0.0200000000,0.4063056474,0.2928074923,0.5254586828,-0.0327526374,-0.1489513251,-0.4790307512,0.5085150321,-0.1978690650,0.5728390673,-0.0363089253,-0.1028131555,-0.3760601435,0.1155000000,-0.0000000000,0.7061338532,0.0000000000,0.5235987756,0.0000000000,1.0000000000,0.0000000000,0.0000000000,0.0000000000,0.0000000000,0.0000000000
0.0200000000,0.4063056474,0.2928074923,0.5254586828,-0.0327526374,-0.1489513251,-0.4790307512,0.5083080769,-0.1984743004,0.5724252393,-0.0386685698,-0.1005891430,-0.3767635792,0.1155000000,0.0000000000,0.7061338532,-0.0000000000,0.5235987756,-0.0000000000,1.0000000000,0.0000000000,0.0000000000,0.0000000000,0.0000000000,0.0000000000
0.0200000000,0.4063056474,0.2928074923,0.5254586828,-0.0327526374,-0.1489513251,-0.4790307512,0.5079169690,-0.1991133544,0.5720223901,-0.0405831238,-0.0990036497,-0.3774024973,0.1155000000,0.0000000000,0.7061338532,-0.0000000000,0.5235987756,-0.0000000000,1.0000000000,0.0000000000,0.0000000000,0.0000000000,0.0000000000,0.0000000000
0.0200000000,0.4063056474,0.2928074923,0.5254586828,-0.0327526374,-0.1489513251,-0.4790307512,0.5073758263,-0.1997275459,0.5716659437,-0.0418809934,-0.0981924325,-0.3779144087,0.1155000000,-0.0000000000,0.7061338532,0.0000000000,0.5235987756,0.0000000000,1.0000000000,0.0000000000,0.0000000000,0.0000000000,0.0000000000,0.0000000000
0.0200000000,0.4063056474,0.2928074923,0.5254586828,-0.0327526374,-0.1489513251,-0.4790307512,0.5067059849,-0.2002867561,0.5713691547,-0.0425075354,-0.0981731900,-0.3782720303,0.1155000000,-0.0000000000,0.7061338532,0.0000000000,0.5235987756,0.0000000000,1.0000000000,0.0000000000,0.0000000000,0.0000000000,0.0000000000,0.0000000000
0.0200000000,0.4063056474,0.2928074923,0.5254586828,-0.0327526374,-0.1489513251,-0.4790307512,0.5059131057,-0.2007577354,0.5711469893,-0.0423580747,-0.0990189623,-0.3784383404,0.1155000000,-0.0000000000,0.7061338532,0.0000000000,0.5235987756,0.0000000000,1.0000000000,0.0000000000,0.0000000000,0.0000000000,0.0000000000,0.0000000000
0.0200000000,0.4063056474,0.2928074923,0.5254586828,-0.0327526374,-0.1489513251,-0.4790307512,0.5050984174,-0.2010164709,0.5710575802,-0.0412166337,-0.1008071239,-0.3783189077,0.1155000000,-0.0000000000,0.7061338532,0.0000000000,0.5235987756,0.0000000000,1.0000000000,0.0000000000,0.0000000000,0.0000000000,0.0000000000,0.0000000000
0.0200000000,0.4063056474,0.2928074923,0.5254586828,-0.0327526374,-0.1489513251,-0.4790307512,0.5043941093,-0.2009705828,0.5711299294,-0.0391260066,-0.1033249560,-0.3778866204,0.1155000000,-0.0000000000,0.7061338532,0.0000000000,0.5235987756,0.0000000000,1.0000000000,0.0000000000,0.0000000000,0.0000000000,0.0000000000,0.0000000000
0.0200000000,0.4063056474,0.2928074923,0.5254586828,-0.0327526374,-0.1489513251,-0.4790307512,0.5038291444,-0.2006145636,0.5713494060,-0.0362212987,-0.1063711908,-0.3771688192,0.1155000000,-0.0000000000,0.7061338532,0.0000000000,0.5235987756,0.0000000000,1.0000000000,0.0000000000,0.0000000000,0.0000000000,0.0000000000,0.0000000000
0.0200000000,0.4063056474,0.2928074923,0.5254586828,-0.0327526374,-0.1489513251,-0.4790307512,0.5033807811,-0.1999844545,0.5716894492,-0.0326528969,-0.1098352683,-0.3761845762,0.1155000000,-0.0000000000,0.7061338532,0.0000000000,0.5235987756,0.0000000000,1.0000000000,0.0000000000,0.0000000000,0.0000000000,0.0000000000,0.0000000000
0.0200000000,0.4063056474,0.2928074923,0.5254586828,-0.0327526374,-0.1489513251,-0.4790307512,0.5029712319,-0.1991575241,0.5721061988,-0.0286273285,-0.1136757274,-0.3749022409,0.1155000000,-0.0000000000,0.7061338532,0.0000000000,0.5235987756,0.0000000000,1.0000000000,0.0000000000,0.0000000000,0.0000000000,0.0000000000,0.0000000000
0.0200000000,0.4063056540,0.2928074861,0.5254586826,-0.0327526435,-0.1489513288,-0.4790307583,0.5024768091,-0.1981592227,0.5725488608,-0.0242209808,-0.1178760998,-0.3731958055,0.1155000000,-0.0000000000,0.7061338532,0.0000000000,0.5235987756,0.0000000000,1.0000000000,0.0000000000,0.0000000000,0.0000000000,0.0000000000,0.0000000000
0.0200000000,0.4063052087,0.2928079061,0.5254587021,-0.0327522203,-0.1489511189,-0.4790302856,0.5017949096,-0.1970196489,0.5729717410,-0.0194256879,-0.1223328788,-0.3711422282,0.1155000000,-0.0000000000,0.7061338532,0.0000000000,0.5235987756,0.0000000000,1.0000000000,0.0000000000,0.0000000000,0.0000000000,0.0000000000,0.0000000000
0.0200000000,0.4063038990,0.2928091347,0.5254587209,-0.0327510864,-0.1489501226,-0.4790287988,0.5009008602,-0.1958356522,0.5733512170,-0.0143435270,-0.1269431399,-0.3689988583,0.1155000000,-0.0000000000,0.7061338532,0.0000000000,0.5235987756,0.0000000000,1.0000000000,0.0000000000,0.0000000000,0.0000000000,0.0000000000,0.0000000000
0.0200000000,0.4063059457,0.2928071340,0.5254582890,-0.0327540284,-0.1489477545,-0.4790301532,0.4998256079,-0.1947124686,0.5736821606,-0.0091490209,-0.1316319334,-0.3669973941,0.1155000000,-0.0000000000,0.7061338532,0.0000000000,0.5235987756,0.0000000000,1.0000000000,0.0000000000,0.0000000000,0.0000000000,0.0000000000,0.0000000000
0.0200000000,0.4063296757,0.2927847923,0.5254568818,-0.0327775583,-0.1489551168,-0.4790541333,0.4986508278,-0.1937414593,0.5739773375,-0.0040368208,-0.1363358901,-0.3653330304,0.1155000000,-0.0000000000,0.7061338532,0.0000000000,0.5235987756,0.0000000000,1.0000000000,0.0513904132,0.0000000000,0.0000000000,0.0000000000,0.0000000000
0.0200000000,0.4064291313,0.2926925540,0.5254569403,-0.0328587430,-0.1490433646,-0.4791682479,0.4974994931,-0.1930348483,0.5742552401,0.0007204465,-0.1409591485,-0.3642364841,0.1155000000,-0.0000000000,0.7061338532,0.0000000000,0.5235987756,0.0000000000,1.0000000000,0.1180570799,0.0000000000,0.0000000000,0.0000000000,0.0000000000
0.0200000000,0.4066416434,0.2924946083,0.5254666610,-0.0330071470,-0.1493298489,-0.4794421224,0.4965056025,-0.1926328639,0.5745265526,0.0048960508,-0.1452286753,-0.3638431504,0.1155000000,-0.0000000000,0.7061338532,0.0000000000,0.5235987756,0.0000000000,1.0000000000,0.1847237465,0.0000000000,0.0000000000,0.0000000000,0.0000000000
0.0200000000,0.4069404353,0.2922107500,0.5254952815,-0.0331806071,-0.1498931580,-0.4798852116,0.4956865654,-0.1924693062,0.5747968465,0.0086198106,-0.1490174662,-0.3640830584,0.1155000000,-0.0000000000,0.7061338532,0.0000000000,0.5235987756,0.0000000000,1.0000000000,0.2513904132,0.0000000000,0.0000000000,0.0000000000,0.0000000000
0.0200000000,0.4072521185,0.2919049478,0.5255452096,-0.0333160564,-0.1507013880,-0.4804315389,0.4950291088,-0.1924936842,0.5750413460,0.0117409136,-0.1522076403,-0.3646492964,0.1155000000,-0.0000000000,0.7061338532,0.0000000000,0.5235987756,0.0000000000,1.0000000000,0.3180570799,0.0000000000,0.0000000000,0.0000000000,0.0000000000
0.0200000000,0.4075349399,0.2916127243,0.5256190518,-0.0333746315,-0.1517519389,-0.4810502034,0.4944342451,-0.1927070418,0.5752447136,0.0141781434,-0.1551396069,-0.3651869912,0.1155000000,-0.0000000000,0.7061338532,0.0000000000,0.5235987756,0.0000000000,1.0000000000,0.3847237465,0.0000000000,0.0000000000,0.0000000000,0.0000000000
0.0200000000,0.4077639011,0.2913551123,0.5257221191,-0.0333229054,-0.1530815967,-0.4817347826,0.4938151213,-0.1931063301,0.5754060333,0.0160372104,-0.1581119864,-0.3655738832,0.1155000000,-0.0000000000,0.7061338532,0.0000000000,0.5235987756,0.0000000000,1.0000000000,0.4513904132,0.0000000000,0.0000000000,0.0000000000,0.0000000000
0.0200000000,0.4079119999,0.2911608880,0.5258504221,-0.0331463198,-0.1546175234,-0.4824329584,0.4931488404,-0.1936248710,0.5755271240,0.0174835001,-0.1611209115,-0.3658113866,0.1155000000,-0.0000000000,0.7061338532,0.0000000000,0.5235987756,0.0000000000,1.0000000000,0.5180570799,0.0000000000,0.0000000000,0.0000000000,0.0000000000
0.0200000000,0.4079704833,0.2910507130,0.5259859052,-0.0328761076,-0.1561417712,-0.4830478521,0.4924722548,-0.1941229912,0.5756177561,0.0187771145,-0.1639212928,-0.3659810735,0.1155000000,-0.0000000000,0.7061338532,0.0000000000,0.5235987756,0.0000000000,1.0000000000,0.5847237465,0.0000000000,0.0000000000,0.0000000000,0.0000000000
0.0200000000,0.4079593965,0.2910114994,0.5261211558,-0.0325445716,-0.1575838229,-0.4835653102,0.4917878020,-0.1945604354,0.5756881854,0.0200474720,-0.1665214160,-0.3660986225,0.1155000000,-0.0000000000,0.7061338532,0.0000000000,0.5235987756,0.0000000000,1.0000000000,0.6513904132,0.0000000000,0.0000000000,0.0000000000,0.0000000000
0.0200000000,0.4078994048,0.2910274800,0.5262522586,-0.0321766055,-0.1589143800,-0.4839879438,0.4910843005,-0.1949166570,0.5757473085,0.0214024417,-0.1689878000,-0.3661640168,0.1155000000,0.0000000000,0.7061338532,-0.0000000000,0.5235987756,-0.0000000000,1.0000000000,0.7180570799,0.0000000000,0.0000000000,0.0000000000,0.0000000000
0.0200000000,0.4078043134,0.2910886257,0.5263796478,-0.0317799990,-0.1601438290,-0.4843250529,0.4903228010,-0.1951823335,0.5758026902,0.0229721316,-0.1714659601,-0.3661566616,0.1155000000,-0.0000000000,0.7061338532,0.0000000000,0.5235987756,0.0000000000,1.0000000000,0.7847237465,0.0000000000,0.0000000000,0.0000000000,0.0000000000
0.0200000000,0.4076988648,0.2911714264,0.5264938514,-0.0314009277,-0.1612022935,-0.4845785593,0.4895675013,-0.1953512611,0.5758545182,0.0246263244,-0.1737994371,-0.3660877197,0.1155000000,-0.0000000000,0.7061338532,0.0000000000,0.5235987756,0.0000000000,1.0000000000,0.8513904132,0.0000000000,0.0000000000,0.0000000000,0.0000000000
0.0200000000,0.4076028732,0.2912572553,0.5265870905,-0.0310761385,-0.1620343294,-0.4847491696,0.4888692948,-0.1954202212,0.5759026433,0.0262608169,-0.1758670543,-0.3659670848,0.1155000000,-0.0000000000,0.7061338532,0.0000000000,0.5235987756,0.0000000000,1.0000000000,0.9180570799,0.0000000000,0.0000000000,0.0000000000,0.0000000000
0.0200000000,0.4075116700,0.2913479118,0.5266687969,-0.0307783870,-0.1627355368,-0.4848662673,0.4881686558,-0.1954013647,0.5759521474,0.0280125491,-0.1778604323,-0.3657888676,0.1155000000,0.0000000000,0.7061338532,-0.0000000000,0.5235987756,-0.0000000000,1.0000000000,0.9845955185,0.0000000000,0.0000000000,0.0000000000,0.0000000000
0.0200000000,0.4074257918,0.2914400627,0.5267455595,-0.0304928876,-0.1633773709,-0.4849572279,0.4874347833,-0.1953143818,0.5760070621,0.0299421098,-0.1798975865,-0.3655624286,0.1155000000,-0.0000000000,0.7061338532,0.0000000000,0.5235987756,0.0000000000,1.0000000000,1.0000000000,0.0000000000,0.0000000000,0.0000000000,0.0000000000
0.0200000000,0.4073464492,0.2915340730,0.5268168724,-0.0302204154,-0.1639538892,-0.4850181335,0.4866462529,-0.1951349727,0.5760699617,0.0321344247,-0.1820255527,-0.3652642382,0.1155000000,-0.0000000000,0.7061338532,0.0000000000,0.5235987756,0.0000000000,1.0000000000,1.0000000000,0.0000000000,0.0000000000,0.0000000000,0.0000000000
0.0200000000,0.4072752652,0.2916293972,0.5268869928,-0.0299499063,-0.1645064425,-0.4850606564,0.4857324132,-0.1948242015,0.5761494219,0.0348209794,-0.1844347919,-0.3648487936,0.1155000000,-0.0000000000,0.7061338532,0.0000000000,0.5235987756,0.0000000000,1.0000000000,1.0000000000,0.0000000000,0.0000000000,0.0000000000,0.0000000000
0.0200000000,0.4072122908,0.2917253985,0.5269557560,-0.0296822969,-0.1650350395,-0.4850860611,0.4846997945,-0.1943887230,0.5762459319,0.0379768514,-0.1871105557,-0.3643269444,0.1155000000,0.0000000000,0.7061338532,-0.0000000000,0.5235987756,-0.0000000000,1.0000000000,1.0000000000,0.0000000000,0.0000000000,0.0000000000,0.0000000000
0.0200000000,0.4071647137,0.2918142455,0.5270189365,-0.0294354554,-0.1655086086,-0.4850937279,0.4835547590,-0.1938076521,0.5763606192,0.0415873769,-0.1900388498,-0.3636446439,0.1155000000,-0.0000000000,0.7061338532,0.0000000000,0.5235987756,0.0000000000,1.0000000000,1.0000000000,0.0000000000,0.0000000000,0.0000000000,0.0000000000
0.0200000000,0.4071340648,0.2918938985,0.5270754690,-0.0292138422,-0.1659203685,-0.4850841081,0.4823041128,-0.1930819646,0.5764944372,0.0456312400,-0.1932037580,-0.3628025463,0.1155000000,-0.0000000000,0.7061338532,0.0000000000,0.5235987756,0.0000000000,1.0000000000,1.0000000000,0.0000000000,0.0000000000,0.0000000000,0.0000000000
0.0200000000,0.4071166233,0.2919562721,0.5271191981,-0.0290413748,-0.1662312035,-0.4850663145,0.4811853809,-0.1923852644,0.5766197072,0.0492798646,-0.1960203976,-0.3619685288,0.1155000000,-0.0000000000,0.7061338532,0.0000000000,0.5235987756,0.0000000000,1.0000000000,1.0000000000,0.0000000000,0.0000000000,0.0000000000,0.0000000000
0.0200000000,0.4071130559,0.2919974162,0.5271474056,-0.0289287425,-0.1664230026,-0.4850422538,0.4802705980,-0.1917631944,0.5767261619,0.0522875235,-0.1983116829,-0.3611759598,0.1155000000,-0.0000000000,0.7061338532,0.0000000000,0.5235987756,0.0000000000,1.0000000000,1.0000000000,0.0000000000,0.0000000000,0.0000000000,0.0000000000
0.0200000000,0.4071171044,0.2920281052,0.5271672245,-0.0288474584,-0.1665485389,-0.4850119616,0.4794424662,-0.1911580224,0.5768258291,0.0550314312,-0.2003741208,-0.3603684808,0.1155000000,-0.0000000000,0.7061338532,0.0000000000,0.5235987756,0.0000000000,1.0000000000,1.0000000000,0.0000000000,0.0000000000,0.0000000000,0.0000000000
0.0200000000,0.4071226285,0.2920573915,0.5271846043,-0.0287738073,-0.1666522203,-0.4849765438,0.4786155674,-0.1905329018,0.5769281207,0.0577796282,-0.2024246520,-0.3595107776,0.1155000000,-0.0000000000,0.7061338532,0.0000000000,0.5235987756,0.0000000000,1.0000000000,1.0000000000,0.0000000000,0.0000000000,0.0000000000,0.0000000000
0.0200000000,0.4071304696,0.2920842209,0.5271989769,-0.0287102031,-0.1667300082,-0.4849360625,0.4777939216,-0.1898869029,0.5770327014,0.0605205274,-0.2044535726,-0.3585966239,0.1155000000,-0.0000000000,0.7061338532,0.0000000000,0.5235987756,0.0000000000,1.0000000000,1.0000000000,0.0000000000,0.0000000000,0.0000000000,0.0000000000
0.0200000000,0.4071411053,0.2921076266,0.5272093391,-0.0286601562,-0.1667738607,-0.4848895750,0.4769963146,-0.1892307059,0.5771371244,0.0631947365,-0.2064120148,-0.3576403213,0.1155000000,-0.0000000000,0.7061338532,0.0000000000,0.5235987756,0.0000000000,1.0000000000,1.0000000000,0.0000000000,0.0000000000,0.0000000000,0.0000000000
0.0200000000,0.4071523789,0.2921301395,0.5272169921,-0.0286180344,-0.1667930935,-0.4848369182,0.4762186840,-0.1885718286,0.5772414688,0.0658130157,-0.2083093578,-0.3566672026,0.1155000000,-0.0000000000,0.7061338532,0.0000000000,0.5235987756,0.0000000000,1.0000000000,1.0000000000,0.0000000000,0.0000000000,0.0000000000,0.0000000000
0.0200000000,0.4071634725,0.2921523520,0.5272225732,-0.0285816684,-0.1667933224,-0.4847794071,0.4754644715,-0.1879177055,0.5773452615,0.0683640678,-0.2101391013,-0.3556941592,0.1155000000,-0.0000000000,0.7061338532,0.0000000000,0.5235987756,0.0000000000,1.0000000000,1.0000000000,0.0000000000,0.0000000000,0.0000000000,0.0000000000
0.0200000000,0.4071751729,0.2921731237,0.5272256375,-0.0285532384,-0.1667718614,-0.4847177506,0.4747386846,-0.1872682809,0.5774479032,0.0708330447,-0.2118903169,-0.3547148466,0.1155000000,-0.0000000000,0.7061338532,0.0000000000,0.5235987756,0.0000000000,1.0000000000,1.0000000000,0.0000000000,0.0000000000,0.0000000000,0.0000000000
0.0200000000,0.4071872239,0.2921937150,0.5272262590,-0.0285313909,-0.1667271621,-0.4846491551,0.4740254585,-0.1866123187,0.5775508020,0.0732686706,-0.2135979696,-0.3537137355,0.1155000000,-0.0000000000,0.7061338532,0.0000000000,0.5235987756,0.0000000000,1.0000000000,1.0000000000,0.0000000000,0.0000000000,0.0000000000,0.0000000000
0.0200000000,0.4071990264,0.2922161826,0.5272244993,-0.0285140869,-0.1666562858,-0.4845691324,0.4733032113,-0.1859345838,0.5776560686,0.0757375248,-0.2153082966,-0.3526710923,0.1155000000,-0.0000000000,0.7061338532,0.0000000000,0.5235987756,0.0000000000,1.0000000000,1.0000000000,0.0000000000,0.0000000000,0.0000000000,0.0000000000
0.0200000000,0.4072103404,0.2922415145,0.5272206886,-0.0284995569,-0.1665606285,-0.4844763031,0.4725580395,-0.1852264562,0.5777657351,0.0782851622,-0.2170549186,-0.3515792210,0.1155000000,0.0000000000,0.7061338532,-0.0000000000,0.5235987756,-0.0000000000,1.0000000000,1.0000000000,0.0000000000,0.0000000000,0.0000000000,0.0000000000
0.0200000000,0.4072217393,0.2922681254,0.5272149911,-0.0284888157,-0.1664443413,-0.4843745500,0.4718021200,-0.1844963480,0.5778794261,0.0808784160,-0.2188162625,-0.3504507257,0.1155000000,-0.0000000000,0.7061338532,0.0000000000,0.5235987756,0.0000000000,1.0000000000,1.0000000000,0.0000000000,0.0000000000,0.0000000000,0.0000000000
0.0200000000,0.4072327142,0.2922969125,0.5272070568,-0.0284819874,-0.1663027268,-0.4842611719,0.4710349573,-0.1837449453,0.5779960272,0.0835111839,-0.2205846375,-0.3492854592,0.1155000000,-0.0000000000,0.7061338532,0.0000000000,0.5235987756,0.0000000000,1.0000000000,1.0000000000,0.0000000000,0.0000000000,0.0000000000,0.0000000000
0.0200000000,0.4072424713,0.2923294710,0.5271964833,-0.0284787033,-0.1661294483,-0.4841318418,0.4702512736,-0.1829701825,0.5781145691,0.0861897058,-0.2223601503,-0.3480798939,0.1155000000,0.0000000000,0.7061338532,-0.0000000000,0.5235987756,-0.0000000000,1.0000000000,1.0000000000,0.0000000000,0.0000000000,0.0000000000,0.0000000000
0.0200000000,0.4072504890,0.2923660777,0.5271833726,-0.0284784837,-0.1659253324,-0.4839867737,0.4694606287,-0.1821836362,0.5782330528,0.0888767974,-0.2241175317,-0.3468530588,0.1155000000,-0.0000000000,0.7061338532,0.0000000000,0.5235987756,0.0000000000,1.0000000000,1.0000000000,0.0000000000,0.0000000000,0.0000000000,0.0000000000
0.0200000000,0.4072582676,0.2924006960,0.5271703511,-0.0284799583,-0.1657260296,-0.4838473799,0.4687195851,-0.1814395941,0.5783482228,0.0914112886,-0.2257689706,-0.3456982012,0.1155000000,0.0000000000,0.7061338532,-0.0000000000,0.5235987756,-0.0000000000,1.0000000000,1.0000000000,0.0000000000,0.0000000000,0.0000000000,0.0000000000
0.0200000000,0.4072641676,0.2924415506,0.5271536714,-0.0284854284,-0.1654808806,-0.4836834148,0.4679396622,-0.1806511286,0.5784666896,0.0940551584,-0.2274618692,-0.3444671211,0.1155000000,0.0000000000,0.7061338532,-0.0000000000,0.5235987756,-0.0000000000,1.0000000000,1.0000000000,0.0000000000,0.0000000000,0.0000000000,0.0000000000
0.0200000000,0.4072657542,0.2924998763,0.5271282633,-0.0284979621,-0.1651211031,-0.4834538350,0.4670051186,-0.1797058859,0.5785981174,0.0971508066,-0.2293850591,-0.3429738914,0.1155000000,-0.0000000000,0.7061338532,0.0000000000,0.5235987756,0.0000000000,1.0000000000,1.0000000000,0.0000000000,0.0000000000,0.0000000000,0.0000000000
0.0200000000,0.4072620990,0.2925836752,0.5270906415,-0.0285194425,-0.1645977988,-0.4831283893,0.4658178167,-0.1785069984,0.5787564247,0.1010137333,-0.2317216742,-0.3410719157,0.1155000000,-0.0000000000,0.7061338532,0.0000000000,0.5235987756,0.0000000000,1.0000000000,1.0000000000,0.0000000000,0.0000000000,0.0000000000,0.0000000000
0.0200000000,0.4072537162,0.2926904011,0.5270419617,-0.0285492966,-0.1639258172,-0.4827159876,0.4644040159,-0.1770817159,0.5789436189,0.1055758838,-0.2344296400,-0.3388223221,0.1155000000,-0.0000000000,0.7061338532,0.0000000000,0.5235987756,0.0000000000,1.0000000000,1.0000000000,0.0000000000,0.0000000000,0.0000000000,0.0000000000
0.0200000000,0.4072338072,0.2928200431,0.5269815691,-0.0285897322,-0.1631037469,-0.4822238901,0.4628871124,-0.1755756122,0.5791239594,0.1103135194,-0.2371254609,-0.3364378267,0.1155000000,-0.0000000000,0.7061338532,0.0000000000,0.5235987756,0.0000000000,1.0000000000,1.0000000000,0.0000000000,0.0000000000,0.0000000000,0.0000000000
0.0200000000,0.4071994773,0.2929750085,0.5269082065,-0.0286421368,-0.1621160290,-0.4816455057,0.4612875135,-0.1740162570,0.5792875777,0.1151135196,-0.2397126287,-0.3339529465,0.1155000000,-0.0000000000,0.7061338532,0.0000000000,0.5235987756,0.0000000000,1.0000000000,1.0000000000,0.0000000000,0.0000000000,0.0000000000,0.0000000000
0.0200000000,0.4071567652,0.2931382190,0.5268302327,-0.0286999835,-0.1610712260,-0.4810418410,0.4597133681,-0.1725070806,0.5794341044,0.1197111044,-0.2420889255,-0.3315530656,0.1155000000,-0.0000000000,0.7061338532,0.0000000000,0.5235987756,0.0000000000,1.0000000000,1.0000000000,0.0000000000,0.0000000000,0.0000000000,0.0000000000
0.0200000000,0.4071122332,0.2932864665,0.5267588371,-0.0287546668,-0.1601186871,-0.4804986088,0.4583627082,-0.1712392964,0.5795450121,0.1235362907,-0.2439770319,-0.3295394370,0.1155000000,0.0000000000,0.7061338532,-0.0000000000,0.5235987756,-0.0000000000,1.0000000000,1.0000000000,0.0000000000,0.0000000000,0.0000000000,0.0000000000
0.0200000000,0.4070640635,0.2934244862,0.5266915519,-0.0288083123,-0.1592273083,-0.4799989245,0.4572006076,-0.1701786301,0.5796170105,0.1266670357,-0.2454108795,-0.3278370628,0.1155000000,-0.0000000000,0.7061338532,0.0000000000,0.5235987756,0.0000000000,1.0000000000,1.0000000000,0.0000000000,0.0000000000,0.0000000000,0.0000000000
0.0200000000,0.4070067121,0.2935701244,0.5266192774,-0.0288688227,-0.1582773600,-0.4794762712,0.4560351709,-0.1691469895,0.5796666658,0.1296532644,-0.2466710733,-0.3261661739,0.1155000000,0.0000000000,0.7061338532,-0.0000000000,0.5235987756,-0.0000000000,1.0000000000,1.0000000000,0.0000000000,0.0000000000,0.0000000000,0.0000000000
0.0200000000,0.4069383264,0.2937322554,0.5265379116,-0.0289390977,-0.1572117289,-0.4788969884,0.4547636427,-0.1680463028,0.5797088572,0.1328166856,-0.2479330251,-0.3243843542,0.1155000000,-0.0000000000,0.7061338532,0.0000000000,0.5235987756,0.0000000000,1.0000000000,1.0000000000,0.0000000000,0.0000000000,0.0000000000,0.0000000000
0.0200000000,0.4068601630,0.2939071669,0.5264494786,-0.0290172214,-0.1560557709,-0.4782747694,0.4534262244,-0.1669130305,0.5797410489,0.1360460073,-0.2491410505,-0.3225488507,0.1155000000,-0.0000000000,0.7061338532,0.0000000000,0.5235987756,0.0000000000,1.0000000000,1.0000000000,0.0000000000,0.0000000000,0.0000000000,0.0000000000
0.0200000000,0.4067684668,0.2940965099,0.5263517743,-0.0291077331,-0.1547867725,-0.4776038819,0.4520083632,-0.1657471730,0.5797541228,0.1393178281,-0.2502438184,-0.3206514579,0.1155000000,-0.0000000000,0.7061338532,0.0000000000,0.5235987756,0.0000000000,1.0000000000,1.0000000000,0.0000000000,0.0000000000,0.0000000000,0.0000000000
0.0200000000,0.4066586951,0.2943047724,0.5262415237,-0.0292155099,-0.1533658910,-0.4768686349,0.4504727465,-0.1645279813,0.5797424108,0.1426777006,-0.2512257369,-0.3186541894,0.1155000000,-0.0000000000,0.7061338532,0.0000000000,0.5235987756,0.0000000000,1.0000000000,1.0000000000,0.0000000000,0.0000000000,0.0000000000,0.0000000000
0.0200000000,0.4065323520,0.2945304123,0.5261200898,-0.0293384652,-0.1518067862,-0.4760742365,0.4488325071,-0.1632630765,0.5797102041,0.1461147047,-0.2520934908,-0.3165745081,0.1155000000,-0.0000000000,0.7061338532,0.0000000000,0.5235987756,0.0000000000,1.0000000000,1.0000000000,0.0000000000,0.0000000000,0.0000000000,0.0000000000
0.0200000000,0.4063826292,0.2947763178,0.5259828619,-0.0294866566,-0.1500616824,-0.4752084850,0.4470437333,-0.1619343452,0.5796434924,0.1496420768,-0.2527739994,-0.3143749820,0.1155000000,-0.0000000000,0.7061338532,0.0000000000,0.5235987756,0.0000000000,1.0000000000,1.0000000000,0.0000000000,0.0000000000,0.0000000000,0.0000000000
0.0200000000,0.4062040900,0.2950480283,0.5258260004,-0.0296657649,-0.1480826961,-0.4742515588,0.4450621908,-0.1605144620,0.5795381314,0.1533314391,-0.2532468129,-0.3120184775,0.1155000000,-0.0000000000,0.7061338532,0.0000000000,0.5235987756,0.0000000000,1.0000000000,1.0000000000,0.0000000000,0.0000000000,0.0000000000,0.0000000000
0.0200000000,0.4060081221,0.2953274767,0.5256593474,-0.0298657794,-0.1459933075,-0.4732648786,0.4430030391,-0.1590906803,0.5794015593,0.1569283363,-0.2534884168,-0.3096185848,0.1155000000,0.0000000000,0.7061338532,-0.0000000000,0.5235987756,-0.0000000000,1.0000000000,1.0000000000,0.0000000000,0.0000000000,0.0000000000,0.0000000000
0.0200000000,0.4058108893,0.2955868524,0.5254969786,-0.0300736148,-0.1439790806,-0.4723442998,0.4410489285,-0.1577966350,0.5792363189,0.1600499533,-0.2534211068,-0.3073836635,0.1155000000,0.0000000000,0.7061338532,-0.0000000000,0.5235987756,-0.0000000000,1.0000000000,1.0000000000,0.0000000000,0.0000000000,0.0000000000,0.0000000000
0.0200000000,0.4056048448,0.2958367645,0.5253320008,-0.0302983859,-0.1419553765,-0.4714510552,0.4391070795,-0.1565832359,0.5790305616,0.1627431578,-0.2530626563,-0.3051281899,0.1155000000,-0.0000000000,0.7061338532,0.0000000000,0.5235987756,0.0000000000,1.0000000000,1.0000000000,0.0000000000,0.0000000000,0.0000000000,0.0000000000
0.0200000000,0.4053831584,0.2960868175,0.5251578386,-0.0305495030,-0.1398402994,-0.4705481355,0.4370792279,-0.1554055114,0.5787748017,0.1650020045,-0.2524527702,-0.3026255896,0.1155000000,-0.0000000000,0.7061338532,0.0000000000,0.5235987756,0.0000000000,1.0000000000,1.0000000000,0.0000000000,0.0000000000,0.0000000000,0.0000000000
0.0200000000,0.4051419224,0.2963389021,0.5249714595,-0.0308338011,-0.1376006506,-0.4696262320,0.4349213285,-0.1542589141,0.5784536889,0.1667498403,-0.2515490898,-0.2997377113,0.1155000000,-0.0000000000,0.7061338532,0.0000000000,0.5235987756,0.0000000000,1.0000000000,1.0000000000,0.0000000000,0.0000000000,0.0000000000,0.0000000000
0.0200000000,0.4048615921,0.2966050707,0.5247575851,-0.0311829180,-0.1350675143,-0.4686322112,0.4324315244,-0.1531163633,0.5780031149,0.1676706860,-0.2501903838,-0.2958869157,0.1155000000,-0.0000000000,0.7061338532,0.0000000000,0.5235987756,0.0000000000,1.0000000000,1.0000000000,0.0000000000,0.0000000000,0.0000000000,0.0000000000
0.0200000000,0.4045495631,0.2968714897,0.5245216936,-0.0315950198,-0.1323159011,-0.4676090400,0.4296282655,-0.1520118740,0.5774033214,0.1676498483,-0.2482507090,-0.2909644333,0.1155000000,-0.0000000000,0.7061338532,0.0000000000,0.5235987756,0.0000000000,1.0000000000,1.0000000000,0.0000000000,0.0000000000,0.0000000000,0.0000000000
0.0200000000,0.4042333888,0.2971054242,0.5242833655,-0.0320460366,-0.1295942864,-0.4666682438,0.4266642614,-0.1510158286,0.5766533076,0.1666987011,-0.2456123787,-0.2851041777,0.1155000000,-0.0000000000,0.7061338532,0.0000000000,0.5235987756,0.0000000000,1.0000000000,1.0000000000,0.0000000000,0.0000000000,0.0000000000,0.0000000000
0.0200000000,0.4039517252,0.2972837144,0.5240713291,-0.0324768036,-0.1272236206,-0.4659093670,0.4238218960,-0.1501226092,0.5758470502,0.1653822467,-0.2424529605,-0.2791455441,0.1155000000,-0.0000000000,0.7061338532,0.0000000000,0.5235987756,0.0000000000,1.0000000000,1.0000000000,0.0000000000,0.0000000000,0.0000000000,0.0000000000
0.0200000000,0.4037117332,0.2974061563,0.5238914230,-0.0328705060,-0.1252673053,-0.4653430191,0.4211014736,-0.1492801245,0.5749954712,0.1638014003,-0.2387519410,-0.2731891541,0.1155000000,-0.0000000000,0.7061338532,0.0000000000,0.5235987756,0.0000000000,1.0000000000,1.0000000000,0.0000000000,0.0000000000,0.0000000000,0.0000000000
0.0200000000,0.4035085964,0.2974816426,0.5237440921,-0.0332172165,-0.1237230120,-0.4649539672,0.4183912913,-0.1484181327,0.5740789836,0.1618509666,-0.2344165095,-0.2669571715,0.1155000000,0.0000000000,0.7061338532,-0.0000000000,0.5235987756,-0.0000000000,1.0000000000,1.0000000000,0.0000000000,0.0000000000,0.0000000000,0.0000000000
0.0200000000,0.4033434505,0.2975124961,0.5236375163,-0.0334913420,-0.1226802021,-0.4647607341,0.4156458361,-0.1474996453,0.5730872083,0.1594150136,-0.2294040663,-0.2601788541,0.1155000000,-0.0000000000,0.7061338532,0.0000000000,0.5235987756,0.0000000000,1.0000000000,1.0000000000,0.0000000000,0.0000000000,0.0000000000,0.0000000000
0.0200000000,0.4032153899,0.2975085898,0.5235816278,-0.0336554305,-0.1222314783,-0.4647690726,0.4129446026,-0.1465238897,0.5720714112,0.1566285108,-0.2240240419,-0.2528906639,0.1155000000,-0.0000000000,0.7061338532,0.0000000000,0.5235987756,0.0000000000,1.0000000000,1.0000000000,0.0000000000,0.0000000000,0.0000000000,0.0000000000
0.0200000000,0.4031072061,0.2974837055,0.5235722700,-0.0337085383,-0.1223216726,-0.4649519302,0.4102300768,-0.1454548503,0.5710436085,0.1535876912,-0.2184084141,-0.2448883862,0.1155000000,-0.0000000000,0.7061338532,0.0000000000,0.5235987756,0.0000000000,1.0000000000,1.0000000000,0.0000000000,0.0000000000,0.0000000000,0.0000000000
0.0200000000,0.4030047045,0.2974409980,0.5236073073,-0.0336544430,-0.1229352801,-0.4653128175,0.4073580783,-0.1442166193,0.5699818548,0.1502696694,-0.2124812370,-0.2356617015,0.1155000000,-0.0000000000,0.7061338532,0.0000000000,0.5235987756,0.0000000000,1.0000000000,1.0000000000,0.0000000000,0.0000000000,0.0000000000,0.0000000000
0.0200000000,0.4029085448,0.2973784987,0.5236769335,-0.0335230308,-0.1239627540,-0.4658252986,0.4043969643,-0.1428285190,0.5689507943,0.1469430342,-0.2066486632,-0.2254163893,0.1155000000,-0.0000000000,0.7061338532,0.0000000000,0.5235987756,0.0000000000,1.0000000000,1.0000000000,0.0000000000,0.0000000000,0.0000000000,0.0000000000
0.0200000000,0.4028413732,0.2972885192,0.5237538890,-0.0333968544,-0.1250914390,-0.4663961102,0.4016487648,-0.1414362236,0.5680884120,0.1441346375,-0.2017597746,-0.2152843947,0.1155000000,-0.0000000000,0.7061338532,0.0000000000,0.5235987756,0.0000000000,1.0000000000,1.0000000000,0.0000000000,0.0000000000,0.0000000000,0.0000000000
0.0200000000,0.4028209220,0.2971674604,0.5238090285,-0.0333589359,-0.1259924725,-0.4669224047,0.3992656376,-0.1401593073,0.5674312376,0.1420299096,-0.1980554508,-0.2061217255,0.1155000000,-0.0000000000,0.7061338532,0.0000000000,0.5235987756,0.0000000000,1.0000000000,1.0000000000,0.0000000000,0.0000000000,0.0000000000,0.0000000000
0.0200000000,0.4028474239,0.2970166525,0.5238299826,-0.0334415351,-0.1265329128,-0.4673628949,0.3972483109,-0.1390346928,0.5669451149,0.1405248711,-0.1953419637,-0.1981472450,0.1155000000,-0.0000000000,0.7061338532,0.0000000000,0.5235987756,0.0000000000,1.0000000000,1.0000000000,0.0000000000,0.0000000000,0.0000000000,0.0000000000
0.0200000000,0.4029121699,0.2968309969,0.5238131577,-0.0336595539,-0.1266983298,-0.4677321053,0.3954735920,-0.1380148798,0.5665690441,0.1394073382,-0.1932641377,-0.1909818215,0.1155000000,-0.0000000000,0.7061338532,0.0000000000,0.5235987756,0.0000000000,1.0000000000,1.0000000000,0.0000000000,0.0000000000,0.0000000000,0.0000000000
0.0200000000,0.4029995593,0.2966119794,0.5237554984,-0.0340211433,-0.1264700623,-0.4680368161,0.3939254186,-0.1371009707,0.5662776125,0.1385738410,-0.1916680340,-0.1846035297,0.1155000000,0.0000000000,0.7061338532,-0.0000000000,0.5235987756,-0.0000000000,1.0000000000,1.0000000000,0.0000000000,0.0000000000,0.0000000000,0.0000000000
0.0200000000,0.4030938065,0.2963518361,0.5236489060,-0.0345577312,-0.1257932151,-0.4682932302,0.3925654060,-0.1362727582,0.5660490305,0.1379343699,-0.1904274400,-0.1788523500,0.1155000000,-0.0000000000,0.7061338532,0.0000000000,0.5235987756,0.0000000000,1.0000000000,1.0000000000,0.0000000000,0.0000000000,0.0000000000,0.0000000000
0.0200000000,0.4031763572,0.2960324241,0.5234818913,-0.0353207911,-0.1245994131,-0.4685384465,0.3912747625,-0.1354586620,0.5658498756,0.1373650646,-0.1893460404,-0.1732097300,0.1155000000,-0.0000000000,0.7061338532,0.0000000000,0.5235987756,0.0000000000,1.0000000000,1.0000000000,0.0000000000,0.0000000000,0.0000000000,0.0000000000
0.0200000000,0.4032128071,0.2956669546,0.5232576120,-0.0362926288,-0.1229251879,-0.4687900789,0.3900583726,-0.1346536875,0.5656722547,0.1368088441,-0.1883698309,-0.1676236561,0.1155000000,-0.0000000000,0.7061338532,0.0000000000,0.5235987756,0.0000000000,1.0000000000,1.0000000000,0.0000000000,0.0000000000,0.0000000000,0.0000000000
0.0200000000,0.4031777482,0.2953245798,0.5230215540,-0.0372823763,-0.1211396635,-0.4690342149,0.3890590942,-0.1339437760,0.5655310608,0.1362859515,-0.1875798957,-0.1626804293,0.1155000000,-0.0000000000,0.7061338532,0.0000000000,0.5235987756,0.0000000000,1.0000000000,1.0000000000,0.0000000000,0.0000000000,0.0000000000,0.0000000000
0.0200000000,0.4030848239,0.2950545312,0.5228189800,-0.0381141624,-0.1196203789,-0.4692608309,0.3883215246,-0.1333597360,0.5654313692,0.1358144573,-0.1870170168,-0.1585987121,0.1155000000,-0.0000000000,0.7061338532,0.0000000000,0.5235987756,0.0000000000,1.0000000000,1.0000000000,0.0000000000,0.0000000000,0.0000000000,0.0000000000
0.0200000000,0.4029716758,0.2948718190,0.5226749368,-0.0386994962,-0.1185738384,-0.4694588473,0.3878190816,-0.1328839473,0.5653779448,0.1354303880,-0.1867343596,-0.1552792077,0.1155000000,-0.0000000000,0.7061338532,0.0000000000,0.5235987756,0.0000000000,1.0000000000,1.0000000000,0.0000000000,0.0000000000,0.0000000000,0.0000000000
0.0200000000,0.4028791593,0.2947640184,0.5225902740,-0.0390449820,-0.1179919070,-0.4696112509,0.3874985539,-0.1324817961,0.5653812163,0.1352083729,-0.1868281186,-0.1525213519,0.1155000000,-0.0000000000,0.7061338532,0.0000000000,0.5235987756,0.0000000000,1.0000000000,1.0000000000,0.0000000000,0.0000000000,0.0000000000,0.0000000000
0.0200000000,0.4028246892,0.2947094793,0.5225500806,-0.0392124714,-0.1177368980,-0.4697071228,0.3873180844,-0.1321313364,0.5654525594,0.1352327758,-0.1873952378,-0.1502113000,0.1155000000,-0.0000000000,0.7061338532,0.0000000000,0.5235987756,0.0000000000,1.0000000000,1.0000000000,0.0000000000,0.0000000000,0.0000000000,0.0000000000
0.0200000000,0.4028030588,0.2946884215,0.5225365453,-0.0392714595,-0.1176615294,-0.4697513153,0.3872513137,-0.1318191155,0.5656009633,0.1355666355,-0.1885094582,-0.1482838929,0.1155000000,-0.0000000000,0.7061338532,0.0000000000,0.5235987756,0.0000000000,1.0000000000,1.0000000000,0.0000000000,0.0000000000,0.0000000000,0.0000000000
0.0200000000,0.4027985628,0.2946830853,0.5225340784,-0.0392836106,-0.1176519851,-0.4697642834,0.3872731166,-0.1315342278,0.5658226780,0.1362070984,-0.1901485143,-0.1466650878,0.1155000000,-0.0000000000,0.7061338532,0.0000000000,0.5235987756,0.0000000000,1.0000000000,1.0000000000,0.0000000000,0.0000000000,0.0000000000,0.0000000000
0.0200000000,0.4027986738,0.2946827297,0.5225342224,-0.0392835197,-0.1176542818,-0.4697655964,0.3873663891,-0.1312826913,0.5660902717,0.1370430449,-0.1921122585,-0.1453504681,0.1155000000,-0.0000000000,0.7061338532,0.0000000000,0.5235987756,0.0000000000,1.0000000000,1.0000000000,0.0000000000,0.0000000000,0.0000000000,0.0000000000
0.0200000000,0.4027988679,0.2946829440,0.5225343505,-0.0392829452,-0.1176549704,-0.4697651618,0.3875045301,-0.1310938614,0.5663226423,0.1377339185,-0.1938049192,-0.1443975086,0.1155000000,-0.0000000000,0.7061338532,0.0000000000,0.5235987756,0.0000000000,1.0000000000,1.0000000000,0.0000000000,0.0000000000,0.0000000000,0.0000000000
0.0200000000,0.4027989242,0.2946830383,0.5225343859,-0.0392827539,-0.1176550768,-0.4697649402,0.3876440655,-0.1310071359,0.5664204322,0.1378873426,-0.1944998293,-0.1439057988,0.1155000000,-0.0000000000,0.7061338532,0.0000000000,0.5235987756,0.0000000000,1.0000000000,1.0000000000,0.0000000000,0.0000000000,0.0000000000,0.0000000000
0.0200000000,0.4027989224,0.2946831197,0.5225344083,-0.0392826133,-0.1176551419,-0.4697647916,0.3877645856,-0.1310253161,0.5663539425,0.1373821719,-0.1939816713,-0.1438433099,0.1155000000,-0.0000000000,0.7061338532,0.0000000000,0.5235987756,0.0000000000,1.0000000000,1.0000000000,0.0000000000,0.0000000000,0.0000000000,0.0000000000
0.0200000000,0.4027989062,0.2946833260,0.5225344580,-0.0392822771,-0.1176552422,-0.4697644112,0.3878694617,-0.1311320445,0.5661339844,0.1362412269,-0.1923294776,-0.1441127316,0.1155000000,-0.0000000000,0.7061338532,0.0000000000,0.5235987756,0.0000000000,1.0000000000,1.0000000000,0.0000000000,0.0000000000,0.0000000000,0.0000000000
0.0200000000,0.4027988681,0.2946835877,0.5225345350,-0.0392818106,-0.1176555517,-0.4697639961,0.3879650349,-0.1313308345,0.5657481794,0.1343931267,-0.1894489659,-0.1447121989,0.1155000000,-0.0000000000,0.7061338532,0.0000000000,0.5235987756,0.0000000000,1.0000000000,1.0000000000,0.0000000000,0.0000000000,0.0000000000,0.0000000000
0.0200000000,0.4027987902,0.2946837731,0.5225346259,-0.0392813777,-0.1176562483,-0.4697638836,0.3880562131,-0.1316196788,0.5651977342,0.1318298259,-0.1853457813,-0.1456298444,0.1155000000,-0.0000000000,0.7061338532,0.0000000000,0.5235987756,0.0000000000,1.0000000000,1.0000000000,0.0000000000,0.0000000000,0.0000000000,0.0000000000
0.0200000000,0.4027986888,0.2946837039,0.5225346766,-0.0392813004,-0.1176571164,-0.4697643658,0.3881318651,-0.1319060326,0.5646565222,0.1293298022,-0.1813108060,-0.1465596985,0.1155000000,-0.0000000000,0.7061338532,0.0000000000,0.5235987756,0.0000000000,1.0000000000,1.0000000000,0.0000000000,0.0000000000,0.0000000000,0.0000000000
0.0200000000,0.4027985832,0.2946832689,0.5225346541,-0.0392817774,-0.1176580189,-0.4697656146,0.3881918009,-0.1321756864,0.5641506168,0.1270076616,-0.1775381754,-0.1474516228,0.1155000000,-0.0000000000,0.7061338532,0.0000000000,0.5235987756,0.0000000000,1.0000000000,1.0000000000,0.0000000000,0.0000000000,0.0000000000,0.0000000000
0.0200000000,0.4027986867,0.2946815670,0.5225342804,-0.0392844498,-0.1176576383,-0.4697689052,0.3882539074,-0.1324703127,0.5636014769,0.1244889480,-0.1734402357,-0.1484385478,0.1155000000,-0.0000000000,0.7061338532,0.0000000000,0.5235987756,0.0000000000,1.0000000000,1.0000000000,0.0000000000,0.0000000000,0.0000000000,0.0000000000
0.0200000000,0.4027990284,0.2946784084,0.5225335215,-0.0392895932,-0.1176559959,-0.4697746064,0.3883268659,-0.1328170085,0.5629587716,0.1215364841,-0.1686391518,-0.1496121198,0.1155000000,-0.0000000000,0.7061338532,0.0000000000,0.5235987756,0.0000000000,1.0000000000,1.0000000000,0.0000000000,0.0000000000,0.0000000000,0.0000000000
0.0200000000,0.4027996998,0.2946734548,0.5225322438,-0.0392979073,-0.1176522523,-0.4697830885,0.3884062107,-0.1331992551,0.5622545635,0.1182973517,-0.1633726667,-0.1509220092,0.1155000000,-0.0000000000,0.7061338532,0.0000000000,0.5235987756,0.0000000000,1.0000000000,1.0000000000,0.0000000000,0.0000000000,0.0000000000,0.0000000000
0.0200000000,0.4028010405,0.2946654389,0.5225299986,-0.0393118651,-0.1176438523,-0.4697959087,0.3884935245,-0.1335989279,0.5615235353,0.1149215347,-0.1578976494,-0.1523072658,0.1155000000,0.0000000000,0.7061338532,-0.0000000000,0.5235987756,-0.0000000000,1.0000000000,1.0000000000,0.0000000000,0.0000000000,0.0000000000,0.0000000000
0.0200000000,0.4028031458,0.2946541182,0.5225267360,-0.0393318361,-0.1176306694,-0.4698134391,0.3885893063,-0.1340170126,0.5607643505,0.1114013560,-0.1522029968,-0.1537731536,0.1155000000,-0.0000000000,0.7061338532,0.0000000000,0.5235987756,0.0000000000,1.0000000000,1.0000000000,0.0000000000,0.0000000000,0.0000000000,0.0000000000
0.0200000000,0.4028058944,0.2946397605,0.5225224949,-0.0393574609,-0.1176126725,-0.4698352384,0.3886920438,-0.1344509378,0.5599820379,0.1077607095,-0.1463256174,-0.1553130986,0.1155000000,-0.0000000000,0.7061338532,0.0000000000,0.5235987756,0.0000000000,1.0000000000,1.0000000000,0.0000000000,0.0000000000,0.0000000000,0.0000000000
0.0200000000,0.4028092247,0.2946220792,0.5225170353,-0.0393897011,-0.1175878981,-0.4698614025,0.3888011565,-0.1348834944,0.5592084684,0.1041424441,-0.1405037209,-0.1568663534,0.1155000000,-0.0000000000,0.7061338532,0.0000000000,0.5235987756,0.0000000000,1.0000000000,1.0000000000,0.0000000000,0.0000000000,0.0000000000,0.0000000000
0.0200000000,0.4028130399,0.2946022447,0.5225107991,-0.0394261889,-0.1175587220,-0.4698902932,0.3889108836,-0.1352960753,0.5584760054,0.1006999010,-0.1349816663,-0.1583642502,0.1155000000,-0.0000000000,0.7061338532,0.0000000000,0.5235987756,0.0000000000,1.0000000000,1.0000000000,0.0000000000,0.0000000000,0.0000000000,0.0000000000
0.0200000000,0.4028173592,0.2945800654,0.5225037433,-0.0394672288,-0.1175250747,-0.4699222680,0.3890233370,-0.1356995067,0.5577649008,0.0973421929,-0.1296115547,-0.1598444825,0.1155000000,-0.0000000000,0.7061338532,0.0000000000,0.5235987756,0.0000000000,1.0000000000,1.0000000000,0.0000000000,0.0000000000,0.0000000000,0.0000000000
0.0200000000,0.4028223146,0.2945526622,0.5224946500,-0.0395190313,-0.1174797337,-0.4699610808,0.3891517667,-0.1361213273,0.5570285332,0.0938412662,-0.1240397281,-0.1614090792,0.1155000000,-0.0000000000,0.7061338532,0.0000000000,0.5235987756,0.0000000000,1.0000000000,1.0000000000,0.0000000000,0.0000000000,0.0000000000,0.0000000000
0.0200000000,0.4028280464,0.2945172424,0.5224823445,-0.0395876044,-0.1174157332,-0.4700103799,0.3893081431,-0.1365888541,0.5562214438,0.0899742434,-0.1179192648,-0.1631639584,0.1155000000,-0.0000000000,0.7061338532,0.0000000000,0.5235987756,0.0000000000,1.0000000000,1.0000000000,0.0000000000,0.0000000000,0.0000000000,0.0000000000
0.0200000000,0.4028349708,0.2944753453,0.5224676960,-0.0396689940,-0.1173387019,-0.4700682140,0.3894841080,-0.1370996609,0.5553463539,0.0857613158,-0.1112693614,-0.1651046620,0.1155000000,0.0000000000,0.7061338532,-0.0000000000,0.5235987756,-0.0000000000,1.0000000000,1.0000000000,0.0000000000,0.0000000000,0.0000000000,0.0000000000
0.0200000000,0.4028426567,0.2944256195,0.5224499210,-0.0397667470,-0.1172434661,-0.4701363221,0.3896847022,-0.1376517495,0.5544105199,0.0812265522,-0.1041403919,-0.1672313216,0.1155000000,-0.0000000000,0.7061338532,0.0000000000,0.5235987756,0.0000000000,1.0000000000,1.0000000000,0.0000000000,0.0000000000,0.0000000000,0.0000000000
0.0200000000,0.4028502240,0.2943628662,0.5224263392,-0.0398935151,-0.1171129264,-0.4702214252,0.3899319115,-0.1382630035,0.5533917477,0.0762377518,-0.0963549187,-0.1696245211,0.1155000000,-0.0000000000,0.7061338532,0.0000000000,0.5235987756,0.0000000000,1.0000000000,0.9721146985,0.0000000000,0.0000000000,0.0000000000,0.0000000000
0.0200000000,0.4028579688,0.2942822722,0.5223949362,-0.0400596538,-0.1169349478,-0.4703297760,0.3902420695,-0.1389612657,0.5522480911,0.0705755247,-0.0875836294,-0.1724062125,0.1155000000,0.0000000000,0.7061338532,-0.0000000000,0.5235987756,-0.0000000000,1.0000000000,0.9054480319,0.0000000000,0.0000000000,0.0000000000,0.0000000000
0.0200000000,0.4028656590,0.2941866204,0.5223568833,-0.0402592170,-0.1167163732,-0.4704578789,0.3906022069,-0.1397310033,0.5510068130,0.0643751495,-0.0780281192,-0.1755301356,0.1155000000,-0.0000000000,0.7061338532,0.0000000000,0.5235987756,0.0000000000,1.0000000000,0.8387813652,0.0000000000,0.0000000000,0.0000000000,0.0000000000
0.0200000000,0.4028699437,0.2940855607,0.5223151400,-0.0404747087,-0.1164725638,-0.4705934264,0.3909839278,-0.1404890130,0.5498102815,0.0583324178,-0.0687773068,-0.1786722559,0.1155000000,-0.0000000000,0.7061338532,0.0000000000,0.5235987756,0.0000000000,1.0000000000,0.7721146985,0.0000000000,0.0000000000,0.0000000000,0.0000000000
0.0200000000,0.4028692103,0.2939806452,0.5222697457,-0.0407046183,-0.1162024207,-0.4707344694,0.3913873618,-0.1412074713,0.5487068176,0.0526761120,-0.0602032322,-0.1817145083,0.1155000000,-0.0000000000,0.7061338532,0.0000000000,0.5235987756,0.0000000000,1.0000000000,0.7054480319,0.0000000000,0.0000000000,0.0000000000,0.0000000000
0.0200000000,0.4028649540,0.2938732251,0.5222219225,-0.0409441234,-0.1159145728,-0.4708792698,0.3918047284,-0.1418992117,0.5476685490,0.0472887189,-0.0520978924,-0.1846996758,0.1155000000,-0.0000000000,0.7061338532,0.0000000000,0.5235987756,0.0000000000,1.0000000000,0.6387813652,0.0000000000,0.0000000000,0.0000000000,0.0000000000
0.0200000000,0.4028577905,0.2937722336,0.5221758993,-0.0411725656,-0.1156354950,-0.4710162566,0.3922035377,-0.1425337975,0.5467352729,0.0424032705,-0.0447815206,-0.1874883437,0.1155000000,0.0000000000,0.7061338532,-0.0000000000,0.5235987756,-0.0000000000,1.0000000000,0.5721146985,0.0000000000,0.0000000000,0.0000000000,0.0000000000
0.0200000000,0.4028477523,0.2936813895,0.5221332900,-0.0413817479,-0.1153750067,-0.4711404247,0.3925713681,-0.1430886250,0.5459378360,0.0381863356,-0.0385029092,-0.1899685927,0.1155000000,0.0000000000,0.7061338532,-0.0000000000,0.5235987756,-0.0000000000,1.0000000000,0.5054480319,0.0000000000,0.0000000000,0.0000000000,0.0000000000
0.0200000000,0.4028345412,0.2935983801,0.5220929541,-0.0415771332,-0.1151260448,-0.4712548052,0.3929202217,-0.1435724367,0.5452632082,0.0345678758,-0.0331645512,-0.1921683358,0.1155000000,-0.0000000000,0.7061338532,0.0000000000,0.5235987756,0.0000000000,1.0000000000,0.4387813652,0.0000000000,0.0000000000,0.0000000000,0.0000000000
0.0200000000,0.4028184066,0.2935194138,0.5220533937,-0.0417666110,-0.1148800880,-0.4713645989,0.3932665146,-0.1440192650,0.5446594851,0.0312869477,-0.0283636545,-0.1942340264,0.1155000000,-0.0000000000,0.7061338532,0.0000000000,0.5235987756,0.0000000000,1.0000000000,0.3721146985,0.0000000000,0.0000000000,0.0000000000,0.0000000000
0.0200000000,0.4027997704,0.2934410431,0.5220133251,-0.0419571353,-0.1146299504,-0.4714745278,0.3936231326,-0.1444618430,0.5440765465,0.0280915987,-0.0237086915,-0.1963110811,0.1155000000,-0.0000000000,0.7061338532,0.0000000000,0.5235987756,0.0000000000,1.0000000000,0.3054480319,0.0000000000,0.0000000000,0.0000000000,0.0000000000
0.0200000000,0.4027784689,0.2933624612,0.5219723471,-0.0421506375,-0.1143731465,-0.4715857183,0.3939923450,-0.1449048240,0.5435068468,0.0249428057,-0.0191403896,-0.1984190290,0.1155000000,-0.0000000000,0.7061338532,0.0000000000,0.5235987756,0.0000000000,1.0000000000,0.2387813652,0.0000000000,0.0000000000,0.0000000000,0.0000000000
0.0200000000,0.4027544012,0.2932850025,0.5219309738,-0.0423443731,-0.1141125942,-0.4716963124,0.3943693317,-0.1453352630,0.5429693325,0.0219373125,-0.0148083496,-0.2004966201,0.1155000000,-0.0000000000,0.7061338532,0.0000000000,0.5235987756,0.0000000000,1.0000000000,0.1721146985,0.0000000000,0.0000000000,0.0000000000,0.0000000000
0.0200000000,0.4027278300,0.2932095678,0.5218896984,-0.0425360498,-0.1138515006,-0.4718050979,0.3947543350,-0.1457512674,0.5424684509,0.0190996163,-0.0107480243,-0.2025366352,0.1155000000,-0.0000000000,0.7061338532,0.0000000000,0.5235987756,0.0000000000,1.0000000000,0.1054480319,0.0000000000,0.0000000000,0.0000000000,0.0000000000
0.0200000000,0.4026993046,0.2931368199,0.5218490140,-0.0427235899,-0.1135932446,-0.4719111282,0.3951476239,-0.1461544144,0.5420027948,0.0164259081,-0.0069492046,-0.2045474239,0.1155000000,-0.0000000000,0.7061338532,0.0000000000,0.5235987756,0.0000000000,1.0000000000,0.0388344524,0.0000000000,0.0000000000,0.0000000000,0.0000000000
0.0200000000,0.4026695298,0.2930674744,0.5218094627,-0.0429047208,-0.1133414481,-0.4720132454,0.3955411326,-0.1465418867,0.5415714793,0.0139202071,-0.0034092057,-0.2065088654,0.1155000000,-0.0000000000,0.7061338532,0.0000000000,0.5235987756,0.0000000000,1.0000000000,0.0000000000,0.0000000000,0.0000000000,0.0000000000,0.0000000000
0.0200000000,0.4026386076,0.2930018715,0.5217712025,-0.0430786536,-0.1130970437,-0.4721108768,0.3959272493,-0.1469082927,0.5411770892,0.0116015394,-0.0001527188,-0.2083869839,0.1155000000,-0.0000000000,0.7061338532,0.0000000000,0.5235987756,0.0000000000,1.0000000000,0.0000000000,0.0000000000,0.0000000000,0.0000000000,0.0000000000
0.0200000000,0.4026056836,0.2929384629,0.5217332941,-0.0432495945,-0.1128540490,-0.4722063830,0.3963255056,-0.1472644800,0.5408143086,0.0094283405,0.0028693506,-0.2102440489,0.1155000000,-0.0000000000,0.7061338532,0.0000000000,0.5235987756,0.0000000000,1.0000000000,0.0000000000,0.0000000000,0.0000000000,0.0000000000,0.0000000000
0.0200000000,0.4025694368,0.2928751769,0.5216944387,-0.0434233043,-0.1126041771,-0.4723030374,0.3967666593,-0.1476269485,0.5404769891,0.0073460085,0.0057189344,-0.2121790234,0.1155000000,-0.0000000000,0.7061338532,0.0000000000,0.5235987756,0.0000000000,1.0000000000,0.0000000000,0.0000000000,0.0000000000,0.0000000000,0.0000000000
0.0200000000,0.4025288091,0.2928100968,0.5216534872,-0.0436049674,-0.1123400981,-0.4724038164,0.3972701017,-0.1480097452,0.5401549763,0.0052882983,0.0084859911,-0.2142709731,0.1155000000,-0.0000000000,0.7061338532,0.0000000000,0.5235987756,0.0000000000,1.0000000000,0.0000000000,0.0000000000,0.0000000000,0.0000000000,0.0000000000
0.0200000000,0.4024842209,0.2927437365,0.5216107878,-0.0437930864,-0.1120640116,-0.4725078669,0.3978097841,-0.1484062898,0.5398402959,0.0032357295,0.0112228538,-0.2164677909,0.1155000000,-0.0000000000,0.7061338532,0.0000000000,0.5235987756,0.0000000000,1.0000000000,0.0000000000,0.0000000000,0.0000000000,0.0000000000,0.0000000000
0.0200000000,0.4024363609,0.2926770223,0.5215669653,-0.0439849600,-0.1117799967,-0.4726137266,0.3984129667,-0.1488143492,0.5395572624,0.0012892423,0.0137526464,-0.2187828879,0.1155000000,-0.0000000000,0.7061338532,0.0000000000,0.5235987756,0.0000000000,1.0000000000,0.0000000000,0.0000000000,0.0000000000,0.0000000000,0.0000000000
0.0200000000,0.4023855202,0.2926102243,0.5215222475,-0.0441796709,-0.1114896361,-0.4727209846,0.3991369890,-0.1492397297,0.5393388749,-0.0004297890,0.0158463391,-0.2212909445,0.1155000000,-0.0000000000,0.7061338532,0.0000000000,0.5235987756,0.0000000000,1.0000000000,0.0000000000,0.0000000000,0.0000000000,0.0000000000,0.0000000000
0.0200000000,0.4023291086,0.2925419038,0.5214752231,-0.0443827490,-0.1111835481,-0.4728325709,0.4000068975,-0.1496974135,0.5391809029,-0.0019605045,0.0175556134,-0.2240842974,0.1155000000,-0.0000000000,0.7061338532,0.0000000000,0.5235987756,0.0000000000,1.0000000000,0.0000000000,0.0000000000,0.0000000000,0.0000000000,0.0000000000
0.0200000000,0.4022761773,0.2924776677,0.5214310943,-0.0445735520,-0.1108962648,-0.4729375200,0.4009767233,-0.1501364887,0.5391286987,-0.0030431771,0.0185027794,-0.2268748817,0.1155000000,-0.0000000000,0.7061338532,0.0000000000,0.5235987756,0.0000000000,1.0000000000,0.0000000000,0.0000000000,0.0000000000,0.0000000000,0.0000000000
0.0200000000,0.4022332104,0.2924217719,0.5213936980,-0.0447367056,-0.1106533579,-0.4730276878,0.4020189887,-0.1505215695,0.5392183477,-0.0034762432,0.0183899069,-0.2294656248,0.1155000000,0.0000000000,0.7061338532,-0.0000000000,0.5235987756,-0.0000000000,1.0000000000,0.0000000000,0.0000000000,0.0000000000,0.0000000000,0.0000000000
0.0200000000,0.4022002360,0.2923719590,0.5213619559,-0.0448774819,-0.1104476729,-0.4731056755,0.4031077303,-0.1508542882,0.5394193270,-0.0034034155,0.0174457428,-0.2318249193,0.1155000000,-0.0000000000,0.7061338532,0.0000000000,0.5235987756,0.0000000000,1.0000000000,0.0000000000,0.0000000000,0.0000000000,0.0000000000,0.0000000000
0.0200000000,0.4021794910,0.2923296497,0.5213372239,-0.0449904968,-0.1102885786,-0.4731689497,0.4041392074,-0.1511140897,0.5396919358,-0.0029387856,0.0159220184,-0.2337759789,0.1155000000,-0.0000000000,0.7061338532,0.0000000000,0.5235987756,0.0000000000,1.0000000000,0.0000000000,0.0000000000,0.0000000000,0.0000000000,0.0000000000
0.0200000000,0.4021717176,0.2922861783,0.5213153870,-0.0450960691,-0.1101475886,-0.4732265393,0.4053461888,-0.1513335363,0.5401051759,-0.0019827456,0.0134174647,-0.2355740389,0.1155000000,-0.0000000000,0.7061338532,0.0000000000,0.5235987756,0.0000000000,1.0000000000,0.0000000000,0.0000000000,0.0000000000,0.0000000000,0.0000000000
0.0200000000,0.4021771593,0.2922292387,0.5212904653,-0.0452234978,-0.1099836066,-0.4732919766,0.4070354074,-0.1515606977,0.5407467660,-0.0004294498,0.0094576782,-0.2375832319,0.1155000000,-0.0000000000,0.7061338532,0.0000000000,0.5235987756,0.0000000000,1.0000000000,0.0000000000,0.0000000000,0.0000000000,0.0000000000,0.0000000000
0.0200000000,0.4021966650,0.2921667563,0.5212651405,-0.0453574131,-0.1098078287,-0.4733512992,0.4090319109,-0.1517643761,0.5415259836,0.0013715573,0.0046818214,-0.2394893656,0.1155000000,-0.0000000000,0.7061338532,0.0000000000,0.5235987756,0.0000000000,1.0000000000,0.0000000000,0.0000000000,0.0000000000,0.0000000000,0.0000000000
0.0200000000,0.4022281324,0.2921036495,0.5212394212,-0.0454931949,-0.1096115247,-0.4733941254,0.4112480523,-0.1519430044,0.5423611986,0.0030432934,-0.0002973970,-0.2411801090,0.1155000000,0.0000000000,0.7061338532,-0.0000000000,0.5235987756,-0.0000000000,1.0000000000,0.0000000000,0.0000000000,0.0000000000,0.0000000000,0.0000000000
0.0200000000,0.4022660734,0.2920430042,0.5212119010,-0.0456321473,-0.1093785273,-0.4734151914,0.4136265685,-0.1521186513,0.5431848552,0.0042954672,-0.0049652699,-0.2427314047,0.1155000000,-0.0000000000,0.7061338532,0.0000000000,0.5235987756,0.0000000000,1.0000000000,0.0000000000,0.0000000000,0.0000000000,0.0000000000,0.0000000000
0.0200000000,0.4023074224,0.2919858826,0.5211799729,-0.0457810724,-0.1090798575,-0.4734073587,0.4161805094,-0.1523260399,0.5439531283,0.0048920110,-0.0089447757,-0.2443194248,0.1155000000,-0.0000000000,0.7061338532,0.0000000000,0.5235987756,0.0000000000,1.0000000000,0.0000000000,0.0000000000,0.0000000000,0.0000000000,0.0000000000
0.0200000000,0.4023494732,0.2919344681,0.5211456620,-0.0459318726,-0.1087376416,-0.4733750185,0.4187053893,-0.1525575058,0.5446202864,0.0048934283,-0.0120303335,-0.2459084424,0.1155000000,-0.0000000000,0.7061338532,0.0000000000,0.5235987756,0.0000000000,1.0000000000,0.0000000000,0.0000000000,0.0000000000,0.0000000000,0.0000000000
0.0200000000,0.4023899394,0.2918903889,0.5211116429,-0.0460750339,-0.1083826208,-0.4733256754,0.4209881904,-0.1527987847,0.5451482605,0.0044348468,-0.0141232382,-0.2474380433,0.1155000000,-0.0000000000,0.7061338532,0.0000000000,0.5235987756,0.0000000000,1.0000000000,0.0000000000,0.0000000000,0.0000000000,0.0000000000,0.0000000000
0.0200000000,0.4024368738,0.2918464511,0.5210760720,-0.0462231123,-0.1079982266,-0.4732619795,0.4232768879,-0.1530719565,0.5456169516,0.0036067959,-0.0156435102,-0.2490845156,0.1155000000,-0.0000000000,0.7061338532,0.0000000000,0.5235987756,0.0000000000,1.0000000000,0.0000000000,0.0000000000,0.0000000000,0.0000000000,0.0000000000
0.0200000000,0.4024934873,0.2917997928,0.5210382775,-0.0463807357,-0.1075781057,-0.4731850124,0.4256603177,-0.1533863272,0.5460573344,0.0024489218,-0.0167420665,-0.2509229113,0.1155000000,-0.0000000000,0.7061338532,0.0000000000,0.5235987756,0.0000000000,1.0000000000,0.0000000000,0.0000000000,0.0000000000,0.0000000000,0.0000000000
0.0200000000,0.4025538709,0.2917555219,0.5210043883,-0.0465338569,-0.1071944500,-0.4731130862,0.4278491275,-0.1536935925,0.5464395217,0.0012287521,-0.0174761609,-0.2526954722,0.1155000000,-0.0000000000,0.7061338532,0.0000000000,0.5235987756,0.0000000000,1.0000000000,0.0000000000,0.0000000000,0.0000000000,0.0000000000,0.0000000000
0.0200000000,0.4026148272,0.2917166900,0.5209782022,-0.0466687157,-0.1068904472,-0.4730556203,0.4296743777,-0.1539686795,0.5467355006,0.0000687550,-0.0178363433,-0.2542638489,0.1155000000,-0.0000000000,0.7061338532,0.0000000000,0.5235987756,0.0000000000,1.0000000000,0.0000000000,0.0000000000,0.0000000000,0.0000000000,0.0000000000
0.0200000000,0.4026785695,0.2916803699,0.5209561967,-0.0468020922,-0.1066296880,-0.4730066668,0.4312912645,-0.1542284015,0.5469768942,-0.0010846077,-0.0179357571,-0.2557290685,0.1155000000,-0.0000000000,0.7061338532,0.0000000000,0.5235987756,0.0000000000,1.0000000000,0.0000000000,0.0000000000,0.0000000000,0.0000000000,0.0000000000
0.0200000000,0.4027471435,0.2916436686,0.5209353139,-0.0469552657,-0.1063832513,-0.4729640294,0.4328335594,-0.1544825313,0.5472041328,-0.0022185866,-0.0179570017,-0.2571615020,0.1155000000,-0.0000000000,0.7061338532,0.0000000000,0.5235987756,0.0000000000,1.0000000000,0.0000000000,0.0000000000,0.0000000000,0.0000000000,0.0000000000
0.0200000000,0.4028199419,0.2916066545,0.5209155060,-0.0471279245,-0.1061512512,-0.4729282277,0.4343122390,-0.1547313728,0.5474214976,-0.0033242454,-0.0179274087,-0.2585656659,0.1155000000,-0.0000000000,0.7061338532,0.0000000000,0.5235987756,0.0000000000,1.0000000000,0.0000000000,0.0000000000,0.0000000000,0.0000000000,0.0000000000
0.0200000000,0.4028971248,0.2915698077,0.5208973996,-0.0473176323,-0.1059398480,-0.4728998621,0.4356946013,-0.1549726525,0.5476171853,-0.0044085066,-0.0177998948,-0.2599241479,0.1155000000,-0.0000000000,0.7061338532,0.0000000000,0.5235987756,0.0000000000,1.0000000000,0.0000000000,0.0000000000,0.0000000000,0.0000000000,0.0000000000
0.0200000000,0.4029811697,0.2915314810,0.5208795344,-0.0475362605,-0.1057340376,-0.4728766919,0.4370240440,-0.1552106296,0.5478010621,-0.0054862729,-0.0176061414,-0.2612619878,0.1155000000,-0.0000000000,0.7061338532,0.0000000000,0.5235987756,0.0000000000,1.0000000000,0.0000000000,0.0000000000,0.0000000000,0.0000000000,0.0000000000
0.0200000000,0.4030738214,0.2914901567,0.5208603997,-0.0477934065,-0.1055180152,-0.4728561473,0.4383507512,-0.1554499415,0.5479861410,-0.0065693896,-0.0173887421,-0.2626078137,0.1155000000,-0.0000000000,0.7061338532,0.0000000000,0.5235987756,0.0000000000,1.0000000000,0.0000000000,0.0000000000,0.0000000000,0.0000000000,0.0000000000
0.0200000000,0.4031735658,0.2914462481,0.5208397865,-0.0480880104,-0.1052900208,-0.4728381372,0.4396731015,-0.1556901460,0.5481727193,-0.0076522888,-0.0171515677,-0.2639620063,0.1155000000,-0.0000000000,0.7061338532,0.0000000000,0.5235987756,0.0000000000,1.0000000000,0.0000000000,0.0000000000,0.0000000000,0.0000000000,0.0000000000
0.0200000000,0.4032789726,0.2914006255,0.5208183594,-0.0484142716,-0.1050569557,-0.4728237065,0.4409686476,-0.1559290350,0.5483548333,-0.0087284462,-0.0168775904,-0.2653116970,0.1155000000,0.0000000000,0.7061338532,-0.0000000000,0.5235987756,-0.0000000000,1.0000000000,0.0000000000,0.0000000000,0.0000000000,0.0000000000,0.0000000000
0.0200000000,0.4033946511,0.2913515831,0.5207959099,-0.0487814981,-0.1048157974,-0.4728124316,0.4422588320,-0.1561693397,0.5485363998,-0.0098147984,-0.0165720845,-0.2666671179,0.1155000000,-0.0000000000,0.7061338532,0.0000000000,0.5235987756,0.0000000000,1.0000000000,0.0000000000,0.0000000000,0.0000000000,0.0000000000,0.0000000000
0.0200000000,0.4035261253,0.2912969500,0.5207720719,-0.0492003353,-0.1045613149,-0.4728033142,0.4435772641,-0.1564150428,0.5487247548,-0.0109328013,-0.0162483891,-0.2680449070,0.1155000000,-0.0000000000,0.7061338532,0.0000000000,0.5235987756,0.0000000000,1.0000000000,0.0000000000,0.0000000000,0.0000000000,0.0000000000,0.0000000000
0.0200000000,0.4036771945,0.2912351047,0.5207463530,-0.0496799900,-0.1042874255,-0.4727956149,0.4449544552,-0.1566702508,0.5489262408,-0.0121030207,-0.0159114354,-0.2694664198,0.1155000000,0.0000000000,0.7061338532,-0.0000000000,0.5235987756,-0.0000000000,1.0000000000,0.0000000000,0.0000000000,0.0000000000,0.0000000000,0.0000000000
0.0200000000,0.4038494749,0.2911652342,0.5207180142,-0.0502318294,-0.1039871876,-0.4727898207,0.4464048532,-0.1569381481,0.5491423218,-0.0133412295,-0.0155453041,-0.2709539477,0.1155000000,-0.0000000000,0.7061338532,0.0000000000,0.5235987756,0.0000000000,1.0000000000,0.0000000000,0.0000000000,0.0000000000,0.0000000000,0.0000000000
0.0200000000,0.4040377467,0.2910895801,0.5206882368,-0.0508360851,-0.1036720045,-0.4727862114,0.4478905568,-0.1572125516,0.5493680244,-0.0146137766,-0.0151602639,-0.2724719346,0.1155000000,-0.0000000000,0.7061338532,0.0000000000,0.5235987756,0.0000000000,1.0000000000,0.0000000000,0.0000000000,0.0000000000,0.0000000000,0.0000000000
0.0200000000,0.4042346361,0.2910115499,0.5206593976,-0.0514565647,-0.1033643094,-0.4727845674,0.4493488462,-0.1574820623,0.5495957913,-0.0158615019,-0.0147906079,-0.2739482546,0.1155000000,0.0000000000,0.7061338532,-0.0000000000,0.5235987756,-0.0000000000,1.0000000000,0.0000000000,0.0000000000,0.0000000000,0.0000000000,0.0000000000
0.0200000000,0.4044317530,0.2909348318,0.5206337542,-0.0520557842,-0.1030859297,-0.4727845711,0.4507145380,-0.1577346558,0.5498164332,-0.0170255087,-0.0144689595,-0.2753081614,0.1155000000,-0.0000000000,0.7061338532,0.0000000000,0.5235987756,0.0000000000,1.0000000000,0.0000000000,0.0000000000,0.0000000000,0.0000000000,0.0000000000
0.0200000000,0.4046258771,0.2908602564,0.5206109369,-0.0526310848,-0.1028346814,-0.4727863772,0.4519732707,-0.1579670320,0.5500253550,-0.0181004850,-0.0141879652,-0.2765372595,0.1155000000,0.0000000000,0.7061338532,-0.0000000000,0.5235987756,-0.0000000000,1.0000000000,0.0000000000,0.0000000000,0.0000000000,0.0000000000,0.0000000000
0.0200000000,0.4048216131,0.2907859648,0.5205900441,-0.0531996438,-0.1026014624,-0.4727900185,0.4531592780,-0.1581856853,0.5502269048,-0.0191169489,-0.0139358142,-0.2776732635,0.1155000000,0.0000000000,0.7061338532,-0.0000000000,0.5235987756,-0.0000000000,1.0000000000,0.0000000000,0.0000000000,0.0000000000,0.0000000000,0.0000000000
0.0200000000,0.4050249665,0.2907100988,0.5205710908,-0.0537719103,-0.1023842586,-0.4727950760,0.4543131306,-0.1583991129,0.5504289123,-0.0201016336,-0.0137162858,-0.2787593445,0.1155000000,-0.0000000000,0.7061338532,0.0000000000,0.5235987756,0.0000000000,1.0000000000,0.0000000000,0.0000000000,0.0000000000,0.0000000000,0.0000000000
0.0200000000,0.4052432237,0.2906304544,0.5205542315,-0.0543599135,-0.1021818451,-0.4728011779,0.4554786252,-0.1586166020,0.5506406369,-0.0210820752,-0.0135356547,-0.2798413959,0.1155000000,-0.0000000000,0.7061338532,0.0000000000,0.5235987756,0.0000000000,1.0000000000,0.0000000000,0.0000000000,0.0000000000,0.0000000000,0.0000000000
0.0200000000,0.4054833377,0.2905447920,0.5205394450,-0.0549768922,-0.1019914317,-0.4728081118,0.4566990630,-0.1588474251,0.5508713297,-0.0220873337,-0.0133964076,-0.2809651331,0.1155000000,-0.0000000000,0.7061338532,0.0000000000,0.5235987756,0.0000000000,1.0000000000,0.0000000000,0.0000000000,0.0000000000,0.0000000000,0.0000000000
0.0200000000,0.4057452637,0.2904526783,0.5205261973,-0.0556288082,-0.1018085089,-0.4728165273,0.4579716957,-0.1590914480,0.5511195495,-0.0231249123,-0.0132882594,-0.2821254115,0.1155000000,-0.0000000000,0.7061338532,0.0000000000,0.5235987756,0.0000000000,1.0000000000,0.0000000000,0.0000000000,0.0000000000,0.0000000000,0.0000000000
0.0200000000,0.4060237831,0.2903559942,0.5205148263,-0.0563027250,-0.1016370479,-0.4728263255,0.4592678591,-0.1593423043,0.5513802438,-0.0241697945,-0.0132138705,-0.2832945512,0.1155000000,-0.0000000000,0.7061338532,0.0000000000,0.5235987756,0.0000000000,1.0000000000,0.0000000000,0.0000000000,0.0000000000,0.0000000000,0.0000000000
0.0200000000,0.4063127388,0.2902573447,0.5205061509,-0.0569780115,-0.1014848418,-0.4728366262,0.4605627939,-0.1595938388,0.5516501189,-0.0251890835,-0.0131843757,-0.2844534364,0.1155000000,-0.0000000000,0.7061338532,0.0000000000,0.5235987756,0.0000000000,1.0000000000,0.0000000000,0.0000000000,0.0000000000,0.0000000000,0.0000000000
0.0200000000,0.4066054953,0.2901596284,0.5205011637,-0.0576312940,-0.1013615391,-0.4728463937,0.4618273444,-0.1598389950,0.5519249724,-0.0261449597,-0.0132143021,-0.2855781967,0.1155000000,-0.0000000000,0.7061338532,0.0000000000,0.5235987756,0.0000000000,1.0000000000,0.0000000000,0.0000000000,0.0000000000,0.0000000000,0.0000000000
0.0200000000,0.4068875556,0.2900671891,0.5204992988,-0.0582374444,-0.1012663566,-0.4728553761,0.4630062872,-0.1600685875,0.5521905803,-0.0270053804,-0.0132901816,-0.2866237825,0.1155000000,-0.0000000000,0.7061338532,0.0000000000,0.5235987756,0.0000000000,1.0000000000,0.0000000000,0.0000000000,0.0000000000,0.0000000000,0.0000000000
0.0200000000,0.4071531589,0.2899806540,0.5204988024,-0.0588008548,-0.1011867727,-0.4728645411,0.4640831517,-0.1602824614,0.5524382199,-0.0277865750,-0.0133816428,-0.2875767674,0.1155000000,-0.0000000000,0.7061338532,0.0000000000,0.5235987756,0.0000000000,1.0000000000,0.0000000000,0.0000000000,0.0000000000,0.0000000000,0.0000000000
0.0200000000,0.4074280439,0.2898933495,0.5205020358,-0.0593528340,-0.1011352367,-0.4728731147,0.4651530328,-0.1604937470,0.5526948962,-0.0285215298,-0.0135358631,-0.2885137018,0.1155000000,-0.0000000000,0.7061338532,0.0000000000,0.5235987756,0.0000000000,1.0000000000,0.0000000000,0.0000000000,0.0000000000,0.0000000000,0.0000000000
0.0200000000,0.4077402902,0.2897980730,0.5205117862,-0.0599263276,-0.1011263235,-0.4728802757,0.4663192395,-0.1607164986,0.5529914803,-0.0292422779,-0.0138059662,-0.2895185727,0.1155000000,-0.0000000000,0.7061338532,0.0000000000,0.5235987756,0.0000000000,1.0000000000,0.0000000000,0.0000000000,0.0000000000,0.0000000000,0.0000000000
0.0200000000,0.4081244642,0.2896860074,0.5205317077,-0.0605610475,-0.1011790645,-0.4728851732,0.4677053609,-0.1609677070,0.5533667600,-0.0299837148,-0.0142591714,-0.2906917896,0.1155000000,-0.0000000000,0.7061338532,0.0000000000,0.5235987756,0.0000000000,1.0000000000,0.0000000000,0.0000000000,0.0000000000,0.0000000000,0.0000000000
0.0200000000,0.4086135812,0.2895481403,0.5205646834,-0.0613035223,-0.1013055636,-0.4728880187,0.4694202081,-0.1612658505,0.5538557036,-0.0307881207,-0.0149490624,-0.2921216665,0.1155000000,-0.0000000000,0.7061338532,0.0000000000,0.5235987756,0.0000000000,1.0000000000,0.0000000000,0.0000000000,0.0000000000,0.0000000000,0.0000000000
0.0200000000,0.4091550353,0.2893983630,0.5206062870,-0.0620851235,-0.1014824692,-0.4728897724,0.4712848258,-0.1615829769,0.5544073943,-0.0315863850,-0.0157807964,-0.2936665876,0.1155000000,-0.0000000000,0.7061338532,0.0000000000,0.5235987756,0.0000000000,1.0000000000,0.0000000000,0.0000000000,0.0000000000,0.0000000000,0.0000000000
0.0200000000,0.4096554902,0.2892625138,0.5206495440,-0.0627678299,-0.1016803775,-0.4728898649,0.4729950439,-0.1618650434,0.5549313248,-0.0322414859,-0.0166087235,-0.2950828490,0.1155000000,-0.0000000000,0.7061338532,0.0000000000,0.5235987756,0.0000000000,1.0000000000,0.0000000000,0.0000000000,0.0000000000,0.0000000000,0.0000000000
0.0200000000,0.4100635598,0.2891551173,0.5206903996,-0.0632749574,-0.1018843279,-0.4728872472,0.4743755846,-0.1620807999,0.5553721749,-0.0326787854,-0.0173587760,-0.2962213699,0.1155000000,0.0000000000,0.7061338532,-0.0000000000,0.5235987756,-0.0000000000,1.0000000000,0.0000000000,0.0000000000,0.0000000000,0.0000000000,0.0000000000
0.0200000000,0.4103948585,0.2890721180,0.5207300451,-0.0636271069,-0.1021015981,-0.4728814358,0.4754747420,-0.1622382103,0.5557420956,-0.0329198727,-0.0180612693,-0.2971167374,0.1155000000,0.0000000000,0.7061338532,-0.0000000000,0.5235987756,-0.0000000000,1.0000000000,0.0000000000,0.0000000000,0.0000000000,0.0000000000,0.0000000000
0.0200000000,0.4106810184,0.2890044153,0.5207706228,-0.0638714726,-0.1023407033,-0.4728728707,0.4764106157,-0.1623578521,0.5560742363,-0.0330186496,-0.0187586053,-0.2978732969,0.1155000000,-0.0000000000,0.7061338532,0.0000000000,0.5235987756,0.0000000000,1.0000000000,0.0000000000,0.0000000000,0.0000000000,0.0000000000,0.0000000000
0.0200000000,0.4109534455,0.2889426723,0.5208139801,-0.0640587785,-0.1026066520,-0.4728624149,0.4773023310,-0.1624613650,0.5564026144,-0.0330338456,-0.0194858270,-0.2985983441,0.1155000000,0.0000000000,0.7061338532,-0.0000000000,0.5235987756,-0.0000000000,1.0000000000,0.0000000000,0.0000000000,0.0000000000,0.0000000000,0.0000000000
0.0200000000,0.4112379063,0.2888793496,0.5208619415,-0.0642282690,-0.1029055307,-0.4728507489,0.4782478935,-0.1625660255,0.5567566520,-0.0330084138,-0.0202744447,-0.2993812135,0.1155000000,-0.0000000000,0.7061338532,0.0000000000,0.5235987756,0.0000000000,1.0000000000,0.0000000000,0.0000000000,0.0000000000,0.0000000000,0.0000000000
0.0200000000,0.4115391438,0.2888131767,0.5209146801,-0.0643896259,-0.1032365234,-0.4728377346,0.4792601825,-0.1626738118,0.5571408560,-0.0329436173,-0.0211278658,-0.3002376982,0.1155000000,0.0000000000,0.7061338532,-0.0000000000,0.5235987756,-0.0000000000,1.0000000000,0.0000000000,0.0000000000,0.0000000000,0.0000000000,0.0000000000
0.0200000000,0.4118415747,0.2887488848,0.5209712226,-0.0645178826,-0.1035970256,-0.4728227115,0.4802784457,-0.1627733741,0.5575374905,-0.0328075515,-0.0220289509,-0.3011142357,0.1155000000,-0.0000000000,0.7061338532,0.0000000000,0.5235987756,0.0000000000,1.0000000000,0.0000000000,0.0000000000,0.0000000000,0.0000000000,0.0000000000
0.0200000000,0.4121411452,0.2886874836,0.5210317021,-0.0646016150,-0.1039902761,-0.4728060448,0.4812966282,-0.1628640303,0.5579446060,-0.0326031175,-0.0229775443,-0.3019981544,0.1155000000,-0.0000000000,0.7061338532,0.0000000000,0.5235987756,0.0000000000,1.0000000000,0.0000000000,0.0000000000,0.0000000000,0.0000000000,0.0000000000
0.0200000000,0.4124373558,0.2886287283,0.5210961600,-0.0646383098,-0.1044174342,-0.4727884090,0.4823217298,-0.1629483041,0.5583635457,-0.0323455011,-0.0239731364,-0.3028876632,0.1155000000,-0.0000000000,0.7061338532,0.0000000000,0.5235987756,0.0000000000,1.0000000000,0.0000000000,0.0000000000,0.0000000000,0.0000000000,0.0000000000
0.0200000000,0.4127294316,0.2885726163,0.5211648206,-0.0646230385,-0.1048812721,-0.4727702931,0.4833594374,-0.1630278250,0.5587958348,-0.0320440590,-0.0250176581,-0.3037814538,0.1155000000,-0.0000000000,0.7061338532,0.0000000000,0.5235987756,0.0000000000,1.0000000000,0.0000000000,0.0000000000,0.0000000000,0.0000000000,0.0000000000
0.0200000000,0.4130114065,0.2885200997,0.5212343716,-0.0645772263,-0.1053553000,-0.4727516303,0.4843739467,-0.1630994497,0.5592258505,-0.0316990797,-0.0260633983,-0.3046685699,0.1155000000,-0.0000000000,0.7061338532,0.0000000000,0.5235987756,0.0000000000,1.0000000000,0.0000000000,0.0000000000,0.0000000000,0.0000000000,0.0000000000
0.0200000000,0.4132823094,0.2884715393,0.5213042040,-0.0645053047,-0.1058345191,-0.4727320299,0.4853551106,-0.1631612028,0.5596498695,-0.0313023937,-0.0271023604,-0.3055477470,0.1155000000,-0.0000000000,0.7061338532,0.0000000000,0.5235987756,0.0000000000,1.0000000000,0.0000000000,0.0000000000,0.0000000000,0.0000000000,0.0000000000
0.0200000000,0.4135539012,0.2884250921,0.5213810682,-0.0643622973,-0.1063734114,-0.4727116758,0.4863758462,-0.1632195403,0.5601000583,-0.0308536364,-0.0282316133,-0.3064408516,0.1155000000,-0.0000000000,0.7061338532,0.0000000000,0.5235987756,0.0000000000,1.0000000000,0.0000000000,0.0000000000,0.0000000000,0.0000000000,0.0000000000
0.0200000000,0.4138383500,0.2883786153,0.5214714394,-0.0641073385,-0.1070236793,-0.4726909635,0.4875091581,-0.1632817691,0.5606088025,-0.0303575308,-0.0295440864,-0.3073694908,0.1155000000,-0.0000000000,0.7061338532,0.0000000000,0.5235987756,0.0000000000,1.0000000000,0.0000000000,0.0000000000,0.0000000000,0.0000000000,0.0000000000
0.0200000000,0.4141480204,0.2883302731,0.5215811117,-0.0637093578,-0.1078301727,-0.4726696170,0.4888194021,-0.1633532044,0.5612062695,-0.0298070722,-0.0311229685,-0.3083600546,0.1155000000,-0.0000000000,0.7061338532,0.0000000000,0.5235987756,0.0000000000,1.0000000000,0.0000000000,0.0000000000,0.0000000000,0.0000000000,0.0000000000
0.0200000000,0.4144888491,0.2882795975,0.5217096868,-0.0631919220,-0.1087849521,-0.4726459544,0.4903069280,-0.1634319585,0.5618951550,-0.0291801318,-0.0329645805,-0.3094332933,0.1155000000,-0.0000000000,0.7061338532,0.0000000000,0.5235987756,0.0000000000,1.0000000000,0.0000000000,0.0000000000,0.0000000000,0.0000000000,0.0000000000
0.0200000000,0.4148360586,0.2882295416,0.5218526133,-0.0625350847,-0.1098616260,-0.4726241622,0.4919049487,-0.1635162147,0.5626464367,-0.0285200850,-0.0349944121,-0.3105222955,0.1155000000,-0.0000000000,0.7061338532,0.0000000000,0.5235987756,0.0000000000,1.0000000000,0.0000000000,0.0000000000,0.0000000000,0.0000000000,0.0000000000
0.0200000000,0.4151533135,0.2881842551,0.5220053607,-0.0616828679,-0.1110420177,-0.4726113115,0.4935372512,-0.1636069624,0.5634247759,-0.0279122785,-0.0371351854,-0.3115167094,0.1155000000,-0.0000000000,0.7061338532,0.0000000000,0.5235987756,0.0000000000,1.0000000000,0.0000000000,0.0000000000,0.0000000000,0.0000000000,0.0000000000
0.0200000000,0.4154423500,0.2881440665,0.5221680703,-0.0606396450,-0.1123262913,-0.4726065005,0.4952051204,-0.1637045161,0.5642313415,-0.0273650906,-0.0393926028,-0.3124069255,0.1155000000,-0.0000000000,0.7061338532,0.0000000000,0.5235987756,0.0000000000,1.0000000000,0.0000000000,0.0000000000,0.0000000000,0.0000000000,0.0000000000
0.0200000000,0.4157006896,0.2881069738,0.5223368646,-0.0594365168,-0.1136834964,-0.4726124913,0.4968842239,-0.1638062683,0.5650539834,-0.0268461204,-0.0417085334,-0.3132425903,0.1155000000,0.0000000000,0.7061338532,-0.0000000000,0.5235987756,-0.0000000000,1.0000000000,0.0000000000,0.0000000000,0.0000000000,0.0000000000,0.0000000000
0.0200000000,0.4159129915,0.2880719466,0.5225068170,-0.0580754924,-0.1150813767,-0.4726351882,0.4985304775,-0.1639098788,0.5658698013,-0.0263423110,-0.0439989906,-0.3140515940,0.1155000000,0.0000000000,0.7061338532,-0.0000000000,0.5235987756,-0.0000000000,1.0000000000,0.0000000000,0.0000000000,0.0000000000,0.0000000000,0.0000000000
0.0200000000,0.4160786530,0.2880392740,0.5226789173,-0.0565433479,-0.1165294667,-0.4726750231,0.5001506498,-0.1640159407,0.5666819664,-0.0258576234,-0.0462779902,-0.3148281941,0.1155000000,-0.0000000000,0.7061338532,0.0000000000,0.5235987756,0.0000000000,1.0000000000,0.0000000000,0.0000000000,0.0000000000,0.0000000000,0.0000000000
0.0200000000,0.4161995586,0.2880072097,0.5228412951,-0.0549852101,-0.1179250227,-0.4727306132,0.5016574621,-0.1641188135,0.5674464535,-0.0253836590,-0.0484153573,-0.3155751877,0.1155000000,-0.0000000000,0.7061338532,0.0000000000,0.5235987756,0.0000000000,1.0000000000,0.0000000000,0.0000000000,0.0000000000,0.0000000000,0.0000000000
0.0200000000,0.4162780351,0.2879755091,0.5229880533,-0.0534735252,-0.1192129775,-0.4727984020,0.5030026330,-0.1642147102,0.5681365259,-0.0249236958,-0.0503323958,-0.3162879113,0.1155000000,0.0000000000,0.7061338532,-0.0000000000,0.5235987756,-0.0000000000,1.0000000000,0.0000000000,0.0000000000,0.0000000000,0.0000000000,0.0000000000
0.0200000000,0.4163167425,0.2879434293,0.5231237818,-0.0519684347,-0.1204365243,-0.4728816326,0.5042356480,-0.1643073255,0.5687765570,-0.0244661485,-0.0521078512,-0.3169814330,0.1155000000,0.0000000000,0.7061338532,-0.0000000000,0.5235987756,-0.0000000000,1.0000000000,0.0000000000,0.0000000000,0.0000000000,0.0000000000,0.0000000000
0.0200000000,0.4163254489,0.2879076498,0.5232526080,-0.0504652251,-0.1216375660,-0.4729865728,0.5054259891,-0.1644024235,0.5694036765,-0.0239721257,-0.0538557915,-0.3177008000,0.1155000000,-0.0000000000,0.7061338532,0.0000000000,0.5235987756,0.0000000000,1.0000000000,0.0000000000,0.0000000000,0.0000000000,0.0000000000,0.0000000000
0.0200000000,0.4163170380,0.2878692068,0.5233733946,-0.0489844778,-0.1227784557,-0.4730933429,0.5065356669,-0.1644958422,0.5699937976,-0.0234829934,-0.0554947347,-0.3184096405,0.1155000000,0.0000000000,0.7061338532,-0.0000000000,0.5235987756,-0.0000000000,1.0000000000,0.0000000000,0.0000000000,0.0000000000,0.0000000000,0.0000000000
0.0200000000,0.4162538923,0.2878235394,0.5234892940,-0.0474674392,-0.1239703217,-0.4732612900,0.5076813157,-0.1646011175,0.5706191966,-0.0228686920,-0.0572742184,-0.3192249099,0.1155000000,-0.0000000000,0.7061338532,0.0000000000,0.5235987756,0.0000000000,1.0000000000,0.0000000000,0.0000000000,0.0000000000,0.0000000000,0.0000000000
0.0200000000,0.4160998831,0.2877631417,0.5236092564,-0.0457961598,-0.1253802454,-0.4735563788,0.5090383192,-0.1647374053,0.5713857402,-0.0219684458,-0.0595304427,-0.3203066456,0.1155000000,-0.0000000000,0.7061338532,0.0000000000,0.5235987756,0.0000000000,1.0000000000,0.0000000000,0.0000000000,0.0000000000,0.0000000000,0.0000000000
0.0200000000,0.4158661374,0.2876996119,0.5237146400,-0.0442438742,-0.1268132229,-0.4739543423,0.5104293724,-0.1648849066,0.5722001943,-0.0208706804,-0.0620102506,-0.3215067044,0.1155000000,-0.0000000000,0.7061338532,0.0000000000,0.5235987756,0.0000000000,1.0000000000,0.0000000000,0.0000000000,0.0000000000,0.0000000000,0.0000000000
0.0200000000,0.4155658662,0.2876540049,0.5237693791,-0.0433373325,-0.1279166673,-0.4744236559,0.5115341449,-0.1650090498,0.5728895078,-0.0197305787,-0.0642640683,-0.3225668673,0.1155000000,-0.0000000000,0.7061338532,0.0000000000,0.5235987756,0.0000000000,1.0000000000,0.0000000000,0.0000000000,0.0000000000,0.0000000000,0.0000000000
0.0200000000,0.4152380747,0.2876305542,0.5237830099,-0.0429175867,-0.1286596696,-0.4748833099,0.5123808691,-0.1650981387,0.5734672503,-0.0185792097,-0.0663506617,-0.3234022032,0.1155000000,-0.0000000000,0.7061338532,0.0000000000,0.5235987756,0.0000000000,1.0000000000,0.0000000000,0.0000000000,0.0000000000,0.0000000000,0.0000000000
0.0200000000,0.4149090008,0.2876299379,0.5237635360,-0.0428500129,-0.1290406708,-0.4752802288,0.5130021858,-0.1651455197,0.5739495801,-0.0174347568,-0.0683261933,-0.3239643482,0.1155000000,-0.0000000000,0.7061338532,0.0000000000,0.5235987756,0.0000000000,1.0000000000,0.0000000000,0.0000000000,0.0000000000,0.0000000000,0.0000000000
0.0200000000,0.4146221163,0.2876457385,0.5237261329,-0.0428955434,-0.1290985449,-0.4755375845,0.5134552715,-0.1651388669,0.5743648124,-0.0163431553,-0.0702720331,-0.3241607239,0.1155000000,-0.0000000000,0.7061338532,0.0000000000,0.5235987756,0.0000000000,1.0000000000,0.0000000000,0.0000000000,0.0000000000,0.0000000000,0.0000000000
0.0200000000,0.4143896808,0.2876735062,0.5236780562,-0.0429934141,-0.1288969398,-0.4756556710,0.5137640233,-0.1650521395,0.5747371576,-0.0153150421,-0.0723326226,-0.3238170728,0.1155000000,-0.0000000000,0.7061338532,0.0000000000,0.5235987756,0.0000000000,1.0000000000,0.0000000000,0.0000000000,0.0000000000,0.0000000000,0.0000000000
0.0200000000,0.4142288865,0.2877031697,0.5236326282,-0.0430865426,-0.1285819947,-0.4756678212,0.5139457850,-0.1648366434,0.5750842427,-0.0144584143,-0.0746339302,-0.3225878652,0.1155000000,-0.0000000000,0.7061338532,0.0000000000,0.5235987756,0.0000000000,1.0000000000,0.0000000000,0.0000000000,0.0000000000,0.0000000000,0.0000000000
0.0200000000,0.4141496495,0.2877234390,0.5236013272,-0.0431550069,-0.1283045290,-0.4756284623,0.5139987448,-0.1644346355,0.5753947303,-0.0140316131,-0.0771377256,-0.3200338570,0.1155000000,-0.0000000000,0.7061338532,0.0000000000,0.5235987756,0.0000000000,1.0000000000,0.0000000000,0.0000000000,0.0000000000,0.0000000000,0.0000000000
0.0200000000,0.4140853536,0.2877449107,0.5235622731,-0.0432542058,-0.1279028283,-0.4755397397,0.5139803954,-0.1638510392,0.5756600458,-0.0142657580,-0.0796190356,-0.3161330078,0.1155000000,0.0000000000,0.7061338532,-0.0000000000,0.5235987756,-0.0000000000,1.0000000000,0.0000000000,0.0000000000,0.0000000000,0.0000000000,0.0000000000
0.0200000000,0.4139529032,0.2878149851,0.5234703798,-0.0435602004,-0.1269065440,-0.4752907873,0.5139658006,-0.1631595498,0.5759057967,-0.0150084128,-0.0820134475,-0.3114039792,0.1155000000,-0.0000000000,0.7061338532,0.0000000000,0.5235987756,0.0000000000,1.0000000000,0.0000000000,0.0000000000,0.0000000000,0.0000000000,0.0000000000
0.0200000000,0.4137376211,0.2879734947,0.5232997593,-0.0443351086,-0.1250123417,-0.4748034654,0.5139866164,-0.1623964133,0.5761547387,-0.0161068729,-0.0843798618,-0.3061194509,0.1155000000,-0.0000000000,0.7061338532,0.0000000000,0.5235987756,0.0000000000,1.0000000000,0.0000000000,0.0000000000,0.0000000000,0.0000000000,0.0000000000
0.0200000000,0.4134585243,0.2882232717,0.5230359236,-0.0458431814,-0.1220752464,-0.4740761462,0.5140629289,-0.1615580058,0.5764336872,-0.0174804719,-0.0868675247,-0.3002736424,0.1155000000,-0.0000000000,0.7061338532,0.0000000000,0.5235987756,0.0000000000,1.0000000000,0.0000000000,0.0000000000,0.0000000000,0.0000000000,0.0000000000
0.0200000000,0.4131702160,0.2884963774,0.5226917220,-0.0481386911,-0.1183097584,-0.4732449930,0.5142166969,-0.1606426052,0.5767678070,-0.0190615702,-0.0896060704,-0.2938713439,0.1155000000,0.0000000000,0.7061338532,-0.0000000000,0.5235987756,-0.0000000000,1.0000000000,0.0000000000,0.0000000000,0.0000000000,0.0000000000,0.0000000000
0.0200000000,0.4129418396,0.2886439580,0.5223484385,-0.0505937953,-0.1147374463,-0.4726531363,0.5144423963,-0.1597679877,0.5771346345,-0.0205728317,-0.0923587327,-0.2877551641,0.1155000000,-0.0000000000,0.7061338532,0.0000000000,0.5235987756,0.0000000000,1.0000000000,0.0000000000,0.0000000000,0.0000000000,0.0000000000,0.0000000000
0.0200000000,0.4127187134,0.2886354089,0.5220220865,-0.0528912214,-0.1116287491,-0.4724069598,0.5147004312,-0.1590036789,0.5775006973,-0.0218435709,-0.0949342491,-0.2824246353,0.1155000000,0.0000000000,0.7061338532,-0.0000000000,0.5235987756,-0.0000000000,1.0000000000,0.0000000000,0.0000000000,0.0000000000,0.0000000000,0.0000000000
0.0200000000,0.4124410615,0.2884893014,0.5216989743,-0.0550178985,-0.1088775914,-0.4724930750,0.5149389924,-0.1583926504,0.5778283054,-0.0227709679,-0.0971621747,-0.2781874713,0.1155000000,-0.0000000000,0.7061338532,0.0000000000,0.5235987756,0.0000000000,1.0000000000,0.0000000000,0.0000000000,0.0000000000,0.0000000000,0.0000000000
0.0200000000,0.4121055541,0.2882471344,0.5213865704,-0.0568930161,-0.1064766712,-0.4728306192,0.5151143612,-0.1579383338,0.5780906273,-0.0233474931,-0.0989591183,-0.2750672813,0.1155000000,-0.0000000000,0.7061338532,0.0000000000,0.5235987756,0.0000000000,1.0000000000,0.0000000000,0.0000000000,0.0000000000,0.0000000000,0.0000000000
0.0200000000,0.4117742635,0.2879871746,0.5211251469,-0.0582821205,-0.1046017704,-0.4732488144,0.5152069736,-0.1576397578,0.5782678969,-0.0236221839,-0.1002334158,-0.2730440526,0.1155000000,-0.0000000000,0.7061338532,0.0000000000,0.5235987756,0.0000000000,1.0000000000,0.0000000000,0.0000000000,0.0000000000,0.0000000000,0.0000000000
0.0200000000,0.4115083427,0.2877810276,0.5209465969,-0.0590282393,-0.1033637546,-0.4735843365,0.5152171735,-0.1574838044,0.5783545449,-0.0236712814,-0.1009539460,-0.2720113743,0.1155000000,-0.0000000000,0.7061338532,0.0000000000,0.5235987756,0.0000000000,1.0000000000,0.0000000000,0.0000000000,0.0000000000,0.0000000000,0.0000000000
0.0200000000,0.4112619085,0.2876117818,0.5208146167,-0.0593717948,-0.1024886468,-0.4738698528,0.5151421146,-0.1574286575,0.5783647056,-0.0235428268,-0.1012618750,-0.2716827004,0.1155000000,-0.0000000000,0.7061338532,0.0000000000,0.5235987756,0.0000000000,1.0000000000,0.0000000000,0.0000000000,0.0000000000,0.0000000000,0.0000000000
0.0200000000,0.4109495008,0.2874322253,0.5206728190,-0.0596547872,-0.1016027134,-0.4742102927,0.5149647837,-0.1574363932,0.5783087989,-0.0232477721,-0.1013038116,-0.2718067151,0.1155000000,0.0000000000,0.7061338532,-0.0000000000,0.5235987756,-0.0000000000,1.0000000000,0.0000000000,0.0000000000,0.0000000000,0.0000000000,0.0000000000
0.0200000000,0.4105427678,0.2872273988,0.5204982359,-0.0600370125,-0.1005367477,-0.4746359973,0.5146905671,-0.1574867354,0.5781944283,-0.0228314676,-0.1011344868,-0.2722391305,0.1155000000,-0.0000000000,0.7061338532,0.0000000000,0.5235987756,0.0000000000,1.0000000000,0.0000000000,0.0000000000,0.0000000000,0.0000000000,0.0000000000
0.0200000000,0.4101108385,0.2870366653,0.5203233421,-0.0603756837,-0.0994625433,-0.4750496728,0.5143733447,-0.1575875049,0.5780259763,-0.0224283539,-0.1006398216,-0.2729971908,0.1155000000,0.0000000000,0.7061338532,-0.0000000000,0.5235987756,-0.0000000000,1.0000000000,0.0000000000,0.0000000000,0.0000000000,0.0000000000,0.0000000000
0.0200000000,0.4097533117,0.2869043152,0.5201915521,-0.0604918524,-0.0986241589,-0.4753344558,0.5141073168,-0.1577390661,0.5778218099,-0.0222500243,-0.0997108699,-0.2740302766,0.1155000000,0.0000000000,0.7061338532,-0.0000000000,0.5235987756,-0.0000000000,1.0000000000,0.0000000000,0.0000000000,0.0000000000,0.0000000000,0.0000000000
0.0200000000,0.4095037167,0.2868235652,0.5201065588,-0.0604390825,-0.0980476717,-0.4754913993,0.5139619687,-0.1579104361,0.5776169332,-0.0224265142,-0.0984485126,-0.2751037153,0.1155000000,0.0000000000,0.7061338532,-0.0000000000,0.5235987756,-0.0000000000,1.0000000000,0.0000000000,0.0000000000,0.0000000000,0.0000000000,0.0000000000
0.0200000000,0.4093716070,0.2867771971,0.5200625469,-0.0603265821,-0.0977199118,-0.4755573004,0.5139716791,-0.1580670526,0.5774447555,-0.0229876804,-0.0970355270,-0.2759846154,0.1155000000,0.0000000000,0.7061338532,-0.0000000000,0.5235987756,-0.0000000000,1.0000000000,0.0000000000,0.0000000000,0.0000000000,0.0000000000,0.0000000000
0.0200000000,0.4093555750,0.2867450153,0.5200533335,-0.0602066753,-0.0976222473,-0.4755698811,0.5141186384,-0.1581749107,0.5773374955,-0.0237891018,-0.0957808757,-0.2764872743,0.1155000000,-0.0000000000,0.7061338532,0.0000000000,0.5235987756,0.0000000000,1.0000000000,0.0000000000,0.0000000000,0.0000000000,0.0000000000,0.0000000000
0.0200000000,0.4094347594,0.2867100633,0.5200727580,-0.0600166350,-0.0977121362,-0.4755483005,0.5143224288,-0.1582026197,0.5773256019,-0.0244720917,-0.0951421803,-0.2764964108,0.1155000000,-0.0000000000,0.7061338532,0.0000000000,0.5235987756,0.0000000000,1.0000000000,0.0000000000,0.0000000000,0.0000000000,0.0000000000,0.0000000000
0.0200000000,0.4095562969,0.2866779503,0.5201118934,-0.0596942186,-0.0979293796,-0.4754973688,0.5144783893,-0.1581607341,0.5773925638,-0.0247400675,-0.0952629303,-0.2761552139,0.1155000000,-0.0000000000,0.7061338532,0.0000000000,0.5235987756,0.0000000000,1.0000000000,0.0000000000,0.0000000000,0.0000000000,0.0000000000,0.0000000000
0.0200000000,0.4096710395,0.2866574584,0.5201577757,-0.0592856127,-0.0981943899,-0.4754298531,0.5145522347,-0.1581084491,0.5774667802,-0.0247145352,-0.0956591001,-0.2758200599,0.1155000000,-0.0000000000,0.7061338532,0.0000000000,0.5235987756,0.0000000000,1.0000000000,0.0000000000,0.0000000000,0.0000000000,0.0000000000,0.0000000000
0.0200000000,0.4097573599,0.2866471911,0.5202005037,-0.0588457453,-0.0984379975,-0.4753568749,0.5145698252,-0.1580736116,0.5775103116,-0.0246251247,-0.0959613685,-0.2756149422,0.1155000000,-0.0000000000,0.7061338532,0.0000000000,0.5235987756,0.0000000000,1.0000000000,0.0000000000,0.0000000000,0.0000000000,0.0000000000,0.0000000000
0.0200000000,0.4098098827,0.2866431952,0.5202332123,-0.0584426810,-0.0986123623,-0.4752890767,0.5145721809,-0.1580335393,0.5775422882,-0.0245743424,-0.0962203252,-0.2753654331,0.1155000000,-0.0000000000,0.7061338532,0.0000000000,0.5235987756,0.0000000000,1.0000000000,0.0000000000,0.0000000000,0.0000000000,0.0000000000,0.0000000000
0.0200000000,0.4098324801,0.2866420992,0.5202511125,-0.0581815394,-0.0986981933,-0.4752442986,0.5145599014,-0.1579317216,0.5776272578,-0.0243585998,-0.0969535566,-0.2747537529,0.1155000000,-0.0000000000,0.7061338532,0.0000000000,0.5235987756,0.0000000000,1.0000000000,0.0000000000,0.0000000000,0.0000000000,0.0000000000,0.0000000000
0.0200000000,0.4098376004,0.2866419082,0.5202561348,-0.0580988973,-0.0987198901,-0.4752299593,0.5145139370,-0.1577507331,0.5778128629,-0.0236747298,-0.0985771540,-0.2737445280,0.1155000000,-0.0000000000,0.7061338532,0.0000000000,0.5235987756,0.0000000000,1.0000000000,0.0000000000,0.0000000000,0.0000000000,0.0000000000,0.0000000000
0.0200000000,0.4098380383,0.2866418913,0.5202566320,-0.0580901426,-0.0987218906,-0.4752284336,0.5144592175,-0.1575601753,0.5780640819,-0.0225844056,-0.1007175974,-0.2727796567,0.1155000000,-0.0000000000,0.7061338532,0.0000000000,0.5235987756,0.0000000000,1.0000000000,0.0000000000,0.0000000000,0.0000000000,0.0000000000,0.0000000000
0.0200000000,0.4098380037,0.2866418927,0.5202565954,-0.0580907681,-0.0987217382,-0.4752285424,0.5144570405,-0.1574256684,0.5783279471,-0.0214009096,-0.1027771524,-0.2722086888,0.1155000000,-0.0000000000,0.7061338532,0.0000000000,0.5235987756,0.0000000000,1.0000000000,0.0000000000,0.0000000000,0.0000000000,0.0000000000,0.0000000000
0.0200000000,0.4098380037,0.2866418927,0.5202565954,-0.0580907681,-0.0987217382,-0.4752285424,0.5145782655,-0.1573722982,0.5785689888,-0.0205021484,-0.1042918503,-0.2720972282,0.1155000000,0.0000000000,0.7061338532,-0.0000000000,0.5235987756,-0.0000000000,1.0000000000,0.0000000000,0.0000000000,0.0000000000,0.0000000000,0.0000000000
0.0200000000,0.4098380037,0.2866418927,0.5202565954,-0.0580907681,-0.0987217382,-0.4752285424,0.5148725935,-0.1573858176,0.5787920024,-0.0200797897,-0.1051772114,-0.2723016907,0.1155000000,-0.0000000000,0.7061338532,0.0000000000,0.5235987756,0.0000000000,1.0000000000,0.0000000000,0.0000000000,0.0000000000,0.0000000000,0.0000000000
0.0200000000,0.4098380037,0.2866418927,0.5202565954,-0.0580907681,-0.0987217382,-0.4752285424,0.5153413769,-0.1574266176,0.5790305616,-0.0200707968,-0.1057023824,-0.2725794799,0.1155000000,-0.0000000000,0.7061338532,0.0000000000,0.5235987756,0.0000000000,1.0000000000,0.0000000000,0.0000000000,0.0000000000,0.0000000000,0.0000000000
0.0200000000,0.4098380037,0.2866418927,0.5202565954,-0.0580907681,-0.0987217382,-0.4752285424,0.5159255323,-0.1574596500,0.5793051297,-0.0202705110,-0.1061925443,-0.2727543156,0.1155000000,-0.0000000000,0.7061338532,0.0000000000,0.5235987756,0.0000000000,1.0000000000,0.0000000000,0.0000000000,0.0000000000,0.0000000000,0.0000000000
0.0200000000,0.4098379915,0.2866419118,0.5202565914,-0.0580908583,-0.0987217127,-0.4752285335,0.5165468968,-0.1574568838,0.5796217118,-0.0204726731,-0.1069128053,-0.2726959748,0.1155000000,0.0000000000,0.7061338532,-0.0000000000,0.5235987756,-0.0000000000,1.0000000000,0.0000000000,0.0000000000,0.0000000000,0.0000000000,0.0000000000
0.0200000000,0.4098380884,0.2866417785,0.5202566347,-0.0580899695,-0.0987219623,-0.4752285541,0.5170943870,-0.1573918779,0.5799695666,-0.0204521130,-0.1080934628,-0.2722891353,0.1155000000,-0.0000000000,0.7061338532,0.0000000000,0.5235987756,0.0000000000,1.0000000000,0.0484298990,0.0000000000,0.0000000000,0.0000000000,0.0000000000
0.0200000000,0.4098406334,0.2866375554,0.5202573304,-0.0580730990,-0.0987267308,-0.4752310164,0.5174184994,-0.1572546491,0.5802999123,-0.0200230271,-0.1097774633,-0.2715151007,0.1155000000,-0.0000000000,0.7061338532,0.0000000000,0.5235987756,0.0000000000,1.0000000000,0.1150965656,0.0000000000,0.0000000000,0.0000000000,0.0000000000
0.0200000000,0.4098521976,0.2866156661,0.5202587905,-0.0580222543,-0.0987416980,-0.4752497142,0.5174500177,-0.1570614825,0.5805714970,-0.0191376195,-0.1118345889,-0.2704921049,0.1155000000,-0.0000000000,0.7061338532,0.0000000000,0.5235987756,0.0000000000,1.0000000000,0.1817632323,0.0000000000,0.0000000000,0.0000000000,0.0000000000
0.0200000000,0.4098775384,0.2865629497,0.5202584110,-0.0579736992,-0.0987628697,-0.4753074881,0.5172152437,-0.1568292080,0.5807875497,-0.0178071369,-0.1142071387,-0.2693285351,0.1155000000,-0.0000000000,0.7061338532,0.0000000000,0.5235987756,0.0000000000,1.0000000000,0.2484298990,0.0000000000,0.0000000000,0.0000000000,0.0000000000
0.0200000000,0.4099187405,0.2864753590,0.5202548278,-0.0579690719,-0.0987948109,-0.4754187223,0.5167026477,-0.1565691753,0.5809420240,-0.0159918385,-0.1168676949,-0.2681097914,0.1155000000,-0.0000000000,0.7061338532,0.0000000000,0.5235987756,0.0000000000,1.0000000000,0.3150965656,0.0000000000,0.0000000000,0.0000000000,0.0000000000
0.0200000000,0.4099767380,0.2863561369,0.5202495919,-0.0580149509,-0.0988553456,-0.4755840968,0.5159012948,-0.1562917356,0.5810316744,-0.0136456569,-0.1198036231,-0.2669167111,0.1155000000,0.0000000000,0.7061338532,-0.0000000000,0.5235987756,-0.0000000000,1.0000000000,0.3817632323,0.0000000000,0.0000000000,0.0000000000,0.0000000000
0.0200000000,0.4100474388,0.2862242978,0.5202482641,-0.0580637648,-0.0989735744,-0.4757760502,0.5148560714,-0.1560283810,0.5810491705,-0.0108708262,-0.1228096824,-0.2659286377,0.1155000000,0.0000000000,0.7061338532,-0.0000000000,0.5235987756,-0.0000000000,1.0000000000,0.4484298990,0.0000000000,0.0000000000,0.0000000000,0.0000000000
0.0200000000,0.4101149230,0.2861133999,0.5202538061,-0.0580610649,-0.0991325449,-0.4759393064,0.5137963212,-0.1558205986,0.5810185036,-0.0081712309,-0.1254357240,-0.2652846716,0.1155000000,-0.0000000000,0.7061338532,0.0000000000,0.5235987756,0.0000000000,1.0000000000,0.5150965656,0.0000000000,0.0000000000,0.0000000000,0.0000000000
0.0200000000,0.4101819999,0.2860217593,0.5202676670,-0.0579862314,-0.0993407500,-0.4760724537,0.5126767404,-0.1556521020,0.5809524301,-0.0053746720,-0.1279021445,-0.2649235419,0.1155000000,-0.0000000000,0.7061338532,0.0000000000,0.5235987756,0.0000000000,1.0000000000,0.5817632323,0.0000000000,0.0000000000,0.0000000000,0.0000000000
0.0200000000,0.4102543368,0.2859417215,0.5202904631,-0.0578328038,-0.0996071306,-0.4761840950,0.5114171902,-0.1555011520,0.5808606434,-0.0022362661,-0.1304913699,-0.2647693168,0.1155000000,-0.0000000000,0.7061338532,0.0000000000,0.5235987756,0.0000000000,1.0000000000,0.6484298990,0.0000000000,0.0000000000,0.0000000000,0.0000000000
0.0200000000,0.4103175538,0.2858880418,0.5203161701,-0.0576454663,-0.0998659411,-0.4762530261,0.5102955356,-0.1553955136,0.5807698016,0.0005701017,-0.1326837541,-0.2648247635,0.1155000000,0.0000000000,0.7061338532,-0.0000000000,0.5235987756,-0.0000000000,1.0000000000,0.7150965656,0.0000000000,0.0000000000,0.0000000000,0.0000000000
0.0200000000,0.4103701537,0.2858598530,0.5203428904,-0.0574410776,-0.1001025592,-0.4762810091,0.5093557183,-0.1553341950,0.5806855189,0.0029412913,-0.1344243137,-0.2650543391,0.1155000000,-0.0000000000,0.7061338532,0.0000000000,0.5235987756,0.0000000000,1.0000000000,0.7817632323,0.0000000000,0.0000000000,0.0000000000,0.0000000000
0.0200000000,0.4104186063,0.2858412648,0.5203688358,-0.0572430152,-0.1003201749,-0.4762932109,0.5085180002,-0.1552919784,0.5806100600,0.0050761421,-0.1359504736,-0.2653468561,0.1155000000,-0.0000000000,0.7061338532,0.0000000000,0.5235987756,0.0000000000,1.0000000000,0.8484298990,0.0000000000,0.0000000000,0.0000000000,0.0000000000
0.0200000000,0.4104627046,0.2858325105,0.5203940968,-0.0570498793,-0.1005194683,-0.4762893460,0.5077811823,-0.1552686423,0.5805421498,0.0069762278,-0.1372617282,-0.2657004187,0.1155000000,-0.0000000000,0.7061338532,0.0000000000,0.5235987756,0.0000000000,1.0000000000,0.9150965656,0.0000000000,0.0000000000,0.0000000000,0.0000000000
0.0200000000,0.4105058429,0.2858293109,0.5204193556,-0.0568592004,-0.1007105864,-0.4762757454,0.5070971251,-0.1552577616,0.5804787057,0.0087612591,-0.1384602076,-0.2661049065,0.1155000000,-0.0000000000,0.7061338532,0.0000000000,0.5235987756,0.0000000000,1.0000000000,0.9816444684,0.0000000000,0.0000000000,0.0000000000,0.0000000000
0.0200000000,0.4105496885,0.2858279495,0.5204445714,-0.0566727353,-0.1008976989,-0.4762584059,0.5064375293,-0.1552533512,0.5804187675,0.0104981613,-0.1396124383,-0.2665394053,0.1155000000,-0.0000000000,0.7061338532,0.0000000000,0.5235987756,0.0000000000,1.0000000000,1.0000000000,0.0000000000,0.0000000000,0.0000000000,0.0000000000
0.0200000000,0.4105929739,0.2858299060,0.5204694727,-0.0564915375,-0.1010770884,-0.4762351913,0.5058200485,-0.1552574930,0.5803629670,0.0121427532,-0.1406808893,-0.2670052831,0.1155000000,-0.0000000000,0.7061338532,0.0000000000,0.5235987756,0.0000000000,1.0000000000,1.0000000000,0.0000000000,0.0000000000,0.0000000000,0.0000000000
0.0200000000,0.4106401690,0.2858344362,0.5204957528,-0.0563071860,-0.1012612641,-0.4762055179,0.5052048565,-0.1552711246,0.5803083661,0.0138081103,-0.1417399680,-0.2675386804,0.1155000000,-0.0000000000,0.7061338532,0.0000000000,0.5235987756,0.0000000000,1.0000000000,1.0000000000,0.0000000000,0.0000000000,0.0000000000,0.0000000000
0.0200000000,0.4106955184,0.2858401233,0.5205250377,-0.0561107707,-0.1014633486,-0.4761701186,0.5045456259,-0.1552936652,0.5802519221,0.0156191043,-0.1428773833,-0.2681693849,0.1155000000,-0.0000000000,0.7061338532,0.0000000000,0.5235987756,0.0000000000,1.0000000000,1.0000000000,0.0000000000,0.0000000000,0.0000000000,0.0000000000
0.0200000000,0.4107591008,0.2858472877,0.5205575232,-0.0559003798,-0.1016844191,-0.4761283581,0.5038388981,-0.1553257915,0.5801933662,0.0175841841,-0.1440972514,-0.2689041423,0.1155000000,-0.0000000000,0.7061338532,0.0000000000,0.5235987756,0.0000000000,1.0000000000,1.0000000000,0.0000000000,0.0000000000,0.0000000000,0.0000000000
0.0200000000,0.4108285740,0.2858554024,0.5205917816,-0.0556865541,-0.1019147759,-0.4760822996,0.5031167997,-0.1553659909,0.5801359395,0.0196149434,-0.1453472042,-0.2697095529,0.1155000000,-0.0000000000,0.7061338532,0.0000000000,0.5235987756,0.0000000000,1.0000000000,1.0000000000,0.0000000000,0.0000000000,0.0000000000,0.0000000000
0.0200000000,0.4109026972,0.2858630452,0.5206263759,-0.0554824994,-0.1021452861,-0.4760351981,0.5024104167,-0.1554122358,0.5800832884,0.0216295738,-0.1465823415,-0.2705505657,0.1155000000,0.0000000000,0.7061338532,-0.0000000000,0.5235987756,-0.0000000000,1.0000000000,1.0000000000,0.0000000000,0.0000000000,0.0000000000,0.0000000000
0.0200000000,0.4109822969,0.2858704961,0.5206616281,-0.0552869183,-0.1023776155,-0.4759861580,0.5017167498,-0.1554661535,0.5800350009,0.0236406383,-0.1478064507,-0.2714409261,0.1155000000,-0.0000000000,0.7061338532,0.0000000000,0.5235987756,0.0000000000,1.0000000000,1.0000000000,0.0000000000,0.0000000000,0.0000000000,0.0000000000
0.0200000000,0.4110654254,0.2858774324,0.5206971546,-0.0550985607,-0.1026104679,-0.4759366486,0.5010320144,-0.1555233116,0.5799906226,0.0256430337,-0.1490278107,-0.2723506522,0.1155000000,-0.0000000000,0.7061338532,0.0000000000,0.5235987756,0.0000000000,1.0000000000,1.0000000000,0.0000000000,0.0000000000,0.0000000000,0.0000000000
0.0200000000,0.4111513820,0.2858832461,0.5207326302,-0.0549190174,-0.1028426126,-0.4758881561,0.5003576720,-0.1555811862,0.5799505561,0.0276270489,-0.1502477516,-0.2732608713,0.1155000000,-0.0000000000,0.7061338532,0.0000000000,0.5235987756,0.0000000000,1.0000000000,1.0000000000,0.0000000000,0.0000000000,0.0000000000,0.0000000000
0.0200000000,0.4112405459,0.2858879696,0.5207681551,-0.0547482314,-0.1030745581,-0.4758404538,0.4996935065,-0.1556405241,0.5799147340,0.0295958691,-0.1514662987,-0.2741772145,0.1155000000,-0.0000000000,0.7061338532,0.0000000000,0.5235987756,0.0000000000,1.0000000000,1.0000000000,0.0000000000,0.0000000000,0.0000000000,0.0000000000
0.0200000000,0.4113300920,0.2858923595,0.5208032434,-0.0545841703,-0.1033028875,-0.4757932702,0.4990398098,-0.1556973811,0.5798824266,0.0315324860,-0.1526799732,-0.2750696265,0.1155000000,-0.0000000000,0.7061338532,0.0000000000,0.5235987756,0.0000000000,1.0000000000,1.0000000000,0.0000000000,0.0000000000,0.0000000000,0.0000000000
0.0200000000,0.4114175529,0.2858961700,0.5208373026,-0.0544267559,-0.1035248707,-0.4757482036,0.4983984101,-0.1557475475,0.5798533190,0.0334172835,-0.1538849652,-0.2759057098,0.1155000000,0.0000000000,0.7061338532,-0.0000000000,0.5235987756,-0.0000000000,1.0000000000,1.0000000000,0.0000000000,0.0000000000,0.0000000000,0.0000000000
0.0200000000,0.4115042996,0.2858989768,0.5208705998,-0.0542765791,-0.1037425522,-0.4757055081,0.4977685422,-0.1557931912,0.5798275066,0.0352608593,-0.1550829162,-0.2767023121,0.1155000000,-0.0000000000,0.7061338532,0.0000000000,0.5235987756,0.0000000000,1.0000000000,1.0000000000,0.0000000000,0.0000000000,0.0000000000,0.0000000000
0.0200000000,0.4115870898,0.2859053172,0.5209031882,-0.0541249912,-0.1039503971,-0.4756573748,0.4971441529,-0.1558317717,0.5798031663,0.0370633190,-0.1562756876,-0.2774430601,0.1155000000,-0.0000000000,0.7061338532,0.0000000000,0.5235987756,0.0000000000,1.0000000000,1.0000000000,0.0000000000,0.0000000000,0.0000000000,0.0000000000
0.0200000000,0.4116637047,0.2859168891,0.5209348814,-0.0539682718,-0.1041452784,-0.4756017539,0.4965255101,-0.1558614096,0.5797795035,0.0388142367,-0.1574579786,-0.2781130431,0.1155000000,-0.0000000000,0.7061338532,0.0000000000,0.5235987756,0.0000000000,1.0000000000,1.0000000000,0.0000000000,0.0000000000,0.0000000000,0.0000000000
0.0200000000,0.4117350461,0.2859313946,0.5209654792,-0.0538106906,-0.1043290359,-0.4755432857,0.4959182619,-0.1558825282,0.5797573832,0.0405044653,-0.1586236017,-0.2787125521,0.1155000000,-0.0000000000,0.7061338532,0.0000000000,0.5235987756,0.0000000000,1.0000000000,1.0000000000,0.0000000000,0.0000000000,0.0000000000,0.0000000000
0.0200000000,0.4117990000,0.2859572560,0.5209958383,-0.0536385092,-0.1044952991,-0.4754637415,0.4953001272,-0.1558931889,0.5797340538,0.0421771143,-0.1598026351,-0.2792408654,0.1155000000,-0.0000000000,0.7061338532,0.0000000000,0.5235987756,0.0000000000,1.0000000000,1.0000000000,0.0000000000,0.0000000000,0.0000000000,0.0000000000
0.0200000000,0.4118543553,0.2860008105,0.5210268090,-0.0534399787,-0.1046406876,-0.4753496420,0.4946544768,-0.1558933374,0.5797076998,0.0438690147,-0.1610174918,-0.2797078101,0.1155000000,-0.0000000000,0.7061338532,0.0000000000,0.5235987756,0.0000000000,1.0000000000,1.0000000000,0.0000000000,0.0000000000,0.0000000000,0.0000000000
0.0200000000,0.4119020062,0.2860592669,0.5210582878,-0.0532179813,-0.1047685414,-0.4752080122,0.4939932353,-0.1558846428,0.5796801375,0.0455611651,-0.1622535278,-0.2801191296,0.1155000000,-0.0000000000,0.7061338532,0.0000000000,0.5235987756,0.0000000000,1.0000000000,1.0000000000,0.0000000000,0.0000000000,0.0000000000,0.0000000000
0.0200000000,0.4119408071,0.2861357401,0.5210902339,-0.0529708813,-0.1048740633,-0.4750300851,0.4932989914,-0.1558642481,0.5796489420,0.0472799508,-0.1635313502,-0.2804637687,0.1155000000,-0.0000000000,0.7061338532,0.0000000000,0.5235987756,0.0000000000,1.0000000000,1.0000000000,0.0000000000,0.0000000000,0.0000000000,0.0000000000
0.0200000000,0.4119664824,0.2862432851,0.5211231880,-0.0526844647,-0.1049420688,-0.4747835209,0.4925191510,-0.1558246562,0.5796072786,0.0491102531,-0.1649158844,-0.2807170480,0.1155000000,-0.0000000000,0.7061338532,0.0000000000,0.5235987756,0.0000000000,1.0000000000,1.0000000000,0.0000000000,0.0000000000,0.0000000000,0.0000000000
0.0200000000,0.4119775351,0.2863890907,0.5211581762,-0.0523448989,-0.1049695407,-0.4744522755,0.4916469963,-0.1557662979,0.5795566074,0.0510770712,-0.1664273073,-0.2808893683,0.1155000000,-0.0000000000,0.7061338532,0.0000000000,0.5235987756,0.0000000000,1.0000000000,1.0000000000,0.0000000000,0.0000000000,0.0000000000,0.0000000000
0.0200000000,0.4119757354,0.2865637086,0.5211937082,-0.0519720692,-0.1049591403,-0.4740566892,0.4906837251,-0.1556876250,0.5794949504,0.0531574467,-0.1680445673,-0.2809647522,0.1155000000,-0.0000000000,0.7061338532,0.0000000000,0.5235987756,0.0000000000,1.0000000000,1.0000000000,0.0000000000,0.0000000000,0.0000000000,0.0000000000
0.0200000000,0.4119585085,0.2867650742,0.5212273141,-0.0515873535,-0.1048955024,-0.4735963749,0.4895714081,-0.1555756215,0.5794104976,0.0554009236,-0.1698032747,-0.2808735179,0.1155000000,0.0000000000,0.7061338532,-0.0000000000,0.5235987756,-0.0000000000,1.0000000000,1.0000000000,0.0000000000,0.0000000000,0.0000000000,0.0000000000
0.0200000000,0.4119244017,0.2869970387,0.5212590922,-0.0511869090,-0.1047735554,-0.4730606971,0.4883003397,-0.1554292328,0.5793045802,0.0578311645,-0.1717227090,-0.2806167347,0.1155000000,-0.0000000000,0.7061338532,0.0000000000,0.5235987756,0.0000000000,1.0000000000,1.0000000000,0.0000000000,0.0000000000,0.0000000000,0.0000000000
0.0200000000,0.4118796494,0.2872361039,0.5212868779,-0.0508074886,-0.1046114213,-0.4725104949,0.4868805853,-0.1552453578,0.5791694828,0.0603605606,-0.1737159233,-0.2801499160,0.1155000000,-0.0000000000,0.7061338532,0.0000000000,0.5235987756,0.0000000000,1.0000000000,1.0000000000,0.0000000000,0.0000000000,0.0000000000,0.0000000000
0.0200000000,0.4118287700,0.2874592093,0.5213073410,-0.0504931741,-0.1044174578,-0.4720032127,0.4852947751,-0.1550152185,0.5789945648,0.0629429150,-0.1757315629,-0.2794035770,0.1155000000,-0.0000000000,0.7061338532,0.0000000000,0.5235987756,0.0000000000,1.0000000000,1.0000000000,0.0000000000,0.0000000000,0.0000000000,0.0000000000
0.0200000000,0.4117744305,0.2876716616,0.5213237919,-0.0502178352,-0.1042108378,-0.4715295868,0.4836027149,-0.1547523935,0.5787891526,0.0655035891,-0.1776972927,-0.2784442010,0.1155000000,-0.0000000000,0.7061338532,0.0000000000,0.5235987756,0.0000000000,1.0000000000,1.0000000000,0.0000000000,0.0000000000,0.0000000000,0.0000000000
0.0200000000,0.4117216410,0.2878677994,0.5213384658,-0.0499738507,-0.1040202905,-0.4711119970,0.4818299741,-0.1544593601,0.5785464104,0.0679403191,-0.1795028349,-0.2772571605,0.1155000000,-0.0000000000,0.7061338532,0.0000000000,0.5235987756,0.0000000000,1.0000000000,1.0000000000,0.0000000000,0.0000000000,0.0000000000,0.0000000000
0.0200000000,0.4116709982,0.2880491668,0.5213516495,-0.0497569421,-0.1038441407,-0.4707418658,0.4800495190,-0.1541519474,0.5782834046,0.0702025004,-0.1811179280,-0.2759297423,0.1155000000,-0.0000000000,0.7061338532,0.0000000000,0.5235987756,0.0000000000,1.0000000000,1.0000000000,0.0000000000,0.0000000000,0.0000000000,0.0000000000
0.0200000000,0.4116264625,0.2882162269,0.5213647851,-0.0495546910,-0.1036892051,-0.4704050066,0.4785230829,-0.1538841137,0.5780482706,0.0720443718,-0.1823823754,-0.2747376893,0.1155000000,-0.0000000000,0.7061338532,0.0000000000,0.5235987756,0.0000000000,1.0000000000,1.0000000000,0.0000000000,0.0000000000,0.0000000000,0.0000000000
0.0200000000,0.4115893326,0.2883639293,0.5213776867,-0.0493726763,-0.1035632238,-0.4701140075,0.4772863892,-0.1536594618,0.5778381745,0.0733858536,-0.1832339266,-0.2736783733,0.1155000000,-0.0000000000,0.7061338532,0.0000000000,0.5235987756,0.0000000000,1.0000000000,1.0000000000,0.0000000000,0.0000000000,0.0000000000,0.0000000000
0.0200000000,0.4115556859,0.2885046042,0.5213904347,-0.0492000346,-0.1034452500,-0.4698405622,0.4762086040,-0.1534584615,0.5776412780,0.0744494847,-0.1838532884,-0.2726902884,0.1155000000,-0.0000000000,0.7061338532,0.0000000000,0.5235987756,0.0000000000,1.0000000000,1.0000000000,0.0000000000,0.0000000000,0.0000000000,0.0000000000
0.0200000000,0.4115221853,0.2886503797,0.5214032633,-0.0490251362,-0.1033151888,-0.4695558094,0.4751934489,-0.1532683345,0.5774523183,0.0754173821,-0.1843896520,-0.2717446720,0.1155000000,-0.0000000000,0.7061338532,0.0000000000,0.5235987756,0.0000000000,1.0000000000,1.0000000000,0.0000000000,0.0000000000,0.0000000000,0.0000000000
0.0200000000,0.4114879162,0.2888044344,0.5214163221,-0.0488435369,-0.1031684312,-0.4692518234,0.4742247158,-0.1530875773,0.5772718892,0.0763311559,-0.1848803520,-0.2708441487,0.1155000000,-0.0000000000,0.7061338532,0.0000000000,0.5235987756,0.0000000000,1.0000000000,1.0000000000,0.0000000000,0.0000000000,0.0000000000,0.0000000000
0.0200000000,0.4114542634,0.2889618978,0.5214295624,-0.0486592357,-0.1030132580,-0.4689400197,0.4733509559,-0.1529229823,0.5771024173,0.0771047650,-0.1852585634,-0.2700065670,0.1155000000,-0.0000000000,0.7061338532,0.0000000000,0.5235987756,0.0000000000,1.0000000000,1.0000000000,0.0000000000,0.0000000000,0.0000000000,0.0000000000
0.0200000000,0.4114210773,0.2891238285,0.5214428808,-0.0484734922,-0.1028467343,-0.4686184390,0.4725557844,-0.1527714628,0.5769401835,0.0777525119,-0.1855322723,-0.2692158687,0.1155000000,-0.0000000000,0.7061338532,0.0000000000,0.5235987756,0.0000000000,1.0000000000,1.0000000000,0.0000000000,0.0000000000,0.0000000000,0.0000000000
0.0200000000,0.4113877494,0.2892920947,0.5214561852,-0.0482866676,-0.1026650277,-0.4682831361,0.4717981186,-0.1526262080,0.5767801480,0.0783307486,-0.1857420902,-0.2684447264,0.1155000000,-0.0000000000,0.7061338532,0.0000000000,0.5235987756,0.0000000000,1.0000000000,1.0000000000,0.0000000000,0.0000000000,0.0000000000,0.0000000000
0.0200000000,0.4113537624,0.2894687741,0.5214693968,-0.0480989748,-0.1024636947,-0.4679296918,0.4710468746,-0.1524820821,0.5766184133,0.0788807479,-0.1859164781,-0.2676722109,0.1155000000,-0.0000000000,0.7061338532,0.0000000000,0.5235987756,0.0000000000,1.0000000000,1.0000000000,0.0000000000,0.0000000000,0.0000000000,0.0000000000
0.0200000000,0.4113188516,0.2896536674,0.5214824501,-0.0479108184,-0.1022429330,-0.4675585042,0.4702826672,-0.1523360697,0.5764540076,0.0794361752,-0.1860824600,-0.2668890365,0.1155000000,-0.0000000000,0.7061338532,0.0000000000,0.5235987756,0.0000000000,1.0000000000,1.0000000000,0.0000000000,0.0000000000,0.0000000000,0.0000000000
0.0200000000,0.4112852487,0.2898254100,0.5214953862,-0.0477242903,-0.1020459665,-0.4672148315,0.4696056859,-0.1522064184,0.5763115342,0.0799395616,-0.1862421343,-0.2661971574,0.1155000000,-0.0000000000,0.7061338532,0.0000000000,0.5235987756,0.0000000000,1.0000000000,1.0000000000,0.0000000000,0.0000000000,0.0000000000,0.0000000000
0.0200000000,0.4112527816,0.2899875924,0.5215082275,-0.0475387991,-0.1018654792,-0.4668910704,0.4690154378,-0.1520926562,0.5761875565,0.0803738485,-0.1863755674,-0.2655880273,0.1155000000,0.0000000000,0.7061338532,-0.0000000000,0.5235987756,-0.0000000000,1.0000000000,1.0000000000,0.0000000000,0.0000000000,0.0000000000,0.0000000000
0.0200000000,0.4112193245,0.2901618476,0.5215209956,-0.0473519856,-0.1016580190,-0.4665413638,0.4684190000,-0.1519775721,0.5760573465,0.0807813721,-0.1864677787,-0.2649616913,0.1155000000,-0.0000000000,0.7061338532,0.0000000000,0.5235987756,0.0000000000,1.0000000000,1.0000000000,0.0000000000,0.0000000000,0.0000000000,0.0000000000
0.0200000000,0.4111829379,0.2903678853,0.5215337263,-0.0471616770,-0.1013838189,-0.4661238324,0.4677349074,-0.1518461053,0.5758994252,0.0811982710,-0.1865028710,-0.2642303869,0.1155000000,-0.0000000000,0.7061338532,0.0000000000,0.5235987756,0.0000000000,1.0000000000,1.0000000000,0.0000000000,0.0000000000,0.0000000000,0.0000000000
0.0200000000,0.4111416651,0.2906254072,0.5215464953,-0.0469656481,-0.1010032270,-0.4655965111,0.4668815411,-0.1516832025,0.5756929243,0.0816619036,-0.1864646272,-0.2633067721,0.1155000000,-0.0000000000,0.7061338532,0.0000000000,0.5235987756,0.0000000000,1.0000000000,1.0000000000,0.0000000000,0.0000000000,0.0000000000,0.0000000000
0.0200000000,0.4110930262,0.2909585945,0.5215594865,-0.0467604598,-0.1004680838,-0.4649078148,0.4657619587,-0.1514709981,0.5754137094,0.0822168109,-0.1863316832,-0.2620872127,0.1155000000,-0.0000000000,0.7061338532,0.0000000000,0.5235987756,0.0000000000,1.0000000000,1.0000000000,0.0000000000,0.0000000000,0.0000000000,0.0000000000
0.0200000000,0.4110321265,0.2914020814,0.5215739889,-0.0465274414,-0.0997199950,-0.4639852647,0.4642717203,-0.1511897783,0.5750371145,0.0829110295,-0.1860787221,-0.2604570535,0.1155000000,-0.0000000000,0.7061338532,0.0000000000,0.5235987756,0.0000000000,1.0000000000,1.0000000000,0.0000000000,0.0000000000,0.0000000000,0.0000000000
0.0200000000,0.4109659614,0.2918981070,0.5215890472,-0.0462875061,-0.0988649374,-0.4629494104,0.4626069850,-0.1508764994,0.5746173455,0.0836664157,-0.1857483248,-0.2586345640,0.1155000000,-0.0000000000,0.7061338532,0.0000000000,0.5235987756,0.0000000000,1.0000000000,1.0000000000,0.0000000000,0.0000000000,0.0000000000,0.0000000000
0.0200000000,0.4109095104,0.2923422330,0.5216008964,-0.0461006837,-0.0980763823,-0.4620169602,0.4610780313,-0.1505902278,0.5742334490,0.0843474838,-0.1854059797,-0.2569653277,0.1155000000,0.0000000000,0.7061338532,-0.0000000000,0.5235987756,-0.0000000000,1.0000000000,1.0000000000,0.0000000000,0.0000000000,0.0000000000,0.0000000000
0.0200000000,0.4108715573,0.2926755316,0.5216069735,-0.0460031995,-0.0974496989,-0.4613107170,0.4598688858,-0.1503655394,0.5739278992,0.0848625010,-0.1850868255,-0.2556479127,0.1155000000,0.0000000000,0.7061338532,-0.0000000000,0.5235987756,-0.0000000000,1.0000000000,1.0000000000,0.0000000000,0.0000000000,0.0000000000,0.0000000000
0.0200000000,0.4108503921,0.2929119259,0.5216074320,-0.0459892616,-0.0969595355,-0.4608020618,0.4589422973,-0.1501950991,0.5736879551,0.0852194583,-0.1847799494,-0.2546366747,0.1155000000,-0.0000000000,0.7061338532,0.0000000000,0.5235987756,0.0000000000,1.0000000000,1.0000000000,0.0000000000,0.0000000000,0.0000000000,0.0000000000
0.0200000000,0.4108422522,0.2930770390,0.5216032160,-0.0460431512,-0.0965642575,-0.4604380474,0.4582106616,-0.1500625750,0.5734911534,0.0854598591,-0.1844720484,-0.2538372705,0.1155000000,0.0000000000,0.7061338532,-0.0000000000,0.5235987756,-0.0000000000,1.0000000000,1.0000000000,0.0000000000,0.0000000000,0.0000000000,0.0000000000
0.0200000000,0.4108419656,0.2932029292,0.5215959225,-0.0461410603,-0.0962155131,-0.4601526639,0.4575680073,-0.1499481373,0.5733127629,0.0856410236,-0.1841524816,-0.2531373920,0.1155000000,-0.0000000000,0.7061338532,0.0000000000,0.5235987756,0.0000000000,1.0000000000,1.0000000000,0.0000000000,0.0000000000,0.0000000000,0.0000000000
0.0200000000,0.4108458948,0.2933128478,0.5215866481,-0.0462669285,-0.0958772544,-0.4598977710,0.4569339134,-0.1498368862,0.5731343298,0.0858064182,-0.1838112079,-0.2524526987,0.1155000000,-0.0000000000,0.7061338532,0.0000000000,0.5235987756,0.0000000000,1.0000000000,1.0000000000,0.0000000000,0.0000000000,0.0000000000,0.0000000000
0.0200000000,0.4108503872,0.2934300402,0.5215765164,-0.0464046663,-0.0955135158,-0.4596251500,0.4562278294,-0.1497139284,0.5729379390,0.0860005732,-0.1834379198,-0.2516991892,0.1155000000,-0.0000000000,0.7061338532,0.0000000000,0.5235987756,0.0000000000,1.0000000000,1.0000000000,0.0000000000,0.0000000000,0.0000000000,0.0000000000
0.0200000000,0.4108547365,0.2935593178,0.5215659152,-0.0465498189,-0.0951183704,-0.4593249998,0.4554435097,-0.1495774497,0.5727233001,0.0862296619,-0.1830366039,-0.2508670771,0.1155000000,-0.0000000000,0.7061338532,0.0000000000,0.5235987756,0.0000000000,1.0000000000,1.0000000000,0.0000000000,0.0000000000,0.0000000000,0.0000000000
0.0200000000,0.4108627008,0.2936774081,0.5215537951,-0.0467180396,-0.0947286545,-0.4590457578,0.4546692449,-0.1494432416,0.5725105921,0.0864462765,-0.1826221433,-0.2500455367,0.1155000000,-0.0000000000,0.7061338532,0.0000000000,0.5235987756,0.0000000000,1.0000000000,1.0000000000,0.0000000000,0.0000000000,0.0000000000,0.0000000000
0.0200000000,0.4108742989,0.2937832137,0.5215398811,-0.0469115211,-0.0943438824,-0.4587894282,0.4538918403,-0.1493100139,0.5722958197,0.0866546149,-0.1821848521,-0.2492269795,0.1155000000,-0.0000000000,0.7061338532,0.0000000000,0.5235987756,0.0000000000,1.0000000000,1.0000000000,0.0000000000,0.0000000000,0.0000000000,0.0000000000
0.0200000000,0.4108895154,0.2938769674,0.5215238599,-0.0471330572,-0.0939602887,-0.4585550331,0.4530901302,-0.1491750839,0.5720731750,0.0868625147,-0.1817123546,-0.2483957511,0.1155000000,0.0000000000,0.7061338532,-0.0000000000,0.5235987756,-0.0000000000,1.0000000000,1.0000000000,0.0000000000,0.0000000000,0.0000000000,0.0000000000
0.0200000000,0.4109083338,0.2939589018,0.5215054202,-0.0473854392,-0.0935741110,-0.4583415949,0.4522429068,-0.1490357714,0.5718370242,0.0870781018,-0.1811922040,-0.2475362938,0.1155000000,-0.0000000000,0.7061338532,0.0000000000,0.5235987756,0.0000000000,1.0000000000,1.0000000000,0.0000000000,0.0000000000,0.0000000000,0.0000000000
0.0200000000,0.4109308858,0.2940290316,0.5214841682,-0.0476726439,-0.0931810688,-0.4581484403,0.4513274409,-0.1488891992,0.5715814457,0.0873098878,-0.1806104251,-0.2466318261,0.1155000000,-0.0000000000,0.7061338532,0.0000000000,0.5235987756,0.0000000000,1.0000000000,1.0000000000,0.0000000000,0.0000000000,0.0000000000,0.0000000000
0.0200000000,0.4109575524,0.2940925739,0.5214605903,-0.0479928582,-0.0927746314,-0.4579648383,0.4503709016,-0.1487372967,0.5713147723,0.0875475401,-0.1799870494,-0.2456927777,0.1155000000,-0.0000000000,0.7061338532,0.0000000000,0.5235987756,0.0000000000,1.0000000000,1.0000000000,0.0000000000,0.0000000000,0.0000000000,0.0000000000
0.0200000000,0.4109879147,0.2941481945,0.5214349613,-0.0483418887,-0.0923609137,-0.4577943029,0.4493850573,-0.1485820621,0.5710404418,0.0877882200,-0.1793288661,-0.2447315158,0.1155000000,-0.0000000000,0.7061338532,0.0000000000,0.5235987756,0.0000000000,1.0000000000,1.0000000000,0.0000000000,0.0000000000,0.0000000000,0.0000000000
0.0200000000,0.4110217192,0.2941855636,0.5214062185,-0.0487257939,-0.0919514458,-0.4576579299,0.4483212841,-0.1484201451,0.5707446543,0.0880508834,-0.1785977674,-0.2437300786,0.1155000000,-0.0000000000,0.7061338532,0.0000000000,0.5235987756,0.0000000000,1.0000000000,1.0000000000,0.0000000000,0.0000000000,0.0000000000,0.0000000000
0.0200000000,0.4110587175,0.2941943493,0.5213732968,-0.0491506263,-0.0915577454,-0.4575768611,0.4471308173,-0.1482482037,0.5704141576,0.0883551839,-0.1777554698,-0.2426707844,0.1155000000,-0.0000000000,0.7061338532,0.0000000000,0.5235987756,0.0000000000,1.0000000000,1.0000000000,0.0000000000,0.0000000000,0.0000000000,0.0000000000
0.0200000000,0.4111008820,0.2941733137,0.5213349000,-0.0496345406,-0.0911675067,-0.4575514052,0.4457836496,-0.1480618677,0.5700418862,0.0887096615,-0.1767799684,-0.2415269199,0.1155000000,-0.0000000000,0.7061338532,0.0000000000,0.5235987756,0.0000000000,1.0000000000,1.0000000000,0.0000000000,0.0000000000,0.0000000000,0.0000000000
0.0200000000,0.4111485376,0.2941267332,0.5212914174,-0.0501762583,-0.0907751435,-0.4575727844,0.4443006293,-0.1478625758,0.5696352047,0.0891073669,-0.1756866133,-0.2403065395,0.1155000000,-0.0000000000,0.7061338532,0.0000000000,0.5235987756,0.0000000000,1.0000000000,1.0000000000,0.0000000000,0.0000000000,0.0000000000,0.0000000000
0.0200000000,0.4111914717,0.2940278763,0.5212458308,-0.0507066687,-0.0904772645,-0.4577068928,0.4426768857,-0.1476616361,0.5691933330,0.0895733068,-0.1744623828,-0.2390894244,0.1155000000,-0.0000000000,0.7061338532,0.0000000000,0.5235987756,0.0000000000,1.0000000000,1.0000000000,0.0000000000,0.0000000000,0.0000000000,0.0000000000
0.0200000000,0.4112283551,0.2938627416,0.5211977163,-0.0512219687,-0.0903010255,-0.4579842755,0.4408891927,-0.1474601333,0.5687119700,0.0901247588,-0.1730899333,-0.2378869574,0.1155000000,-0.0000000000,0.7061338532,0.0000000000,0.5235987756,0.0000000000,1.0000000000,1.0000000000,0.0000000000,0.0000000000,0.0000000000,0.0000000000
0.0200000000,0.4112548147,0.2936342499,0.5211495015,-0.0516854614,-0.0902676535,-0.4584029201,0.4389604510,-0.1472629849,0.5681983914,0.0907552799,-0.1715790036,-0.2367301124,0.1155000000,-0.0000000000,0.7061338532,0.0000000000,0.5235987756,0.0000000000,1.0000000000,1.0000000000,0.0000000000,0.0000000000,0.0000000000,0.0000000000
0.0200000000,0.4112481611,0.2933234099,0.5211107427,-0.0519228002,-0.0905306346,-0.4590221943,0.4369248579,-0.1470923189,0.5676590412,0.0914709159,-0.1699211266,-0.2357647286,0.1155000000,-0.0000000000,0.7061338532,0.0000000000,0.5235987756,0.0000000000,1.0000000000,1.0000000000,0.0000000000,0.0000000000,0.0000000000,0.0000000000
0.0200000000,0.4112066153,0.2929357904,0.5210830220,-0.0519193841,-0.0910962004,-0.4598329419,0.4348176252,-0.1469524542,0.5671037398,0.0922551703,-0.1681388819,-0.2350157802,0.1155000000,-0.0000000000,0.7061338532,0.0000000000,0.5235987756,0.0000000000,1.0000000000,1.0000000000,0.0000000000,0.0000000000,0.0000000000,0.0000000000
0.0200000000,0.4111382544,0.2925636476,0.5210715382,-0.0516954405,-0.0918217195,-0.4606448826,0.4329826936,-0.1468600969,0.5666189657,0.0929486902,-0.1665049340,-0.2345569699,0.1155000000,-0.0000000000,0.7061338532,0.0000000000,0.5235987756,0.0000000000,1.0000000000,1.0000000000,0.0000000000,0.0000000000,0.0000000000,0.0000000000
0.0200000000,0.4110431161,0.2922105629,0.5210763683,-0.0512583142,-0.0927038297,-0.4614528370,0.4314264321,-0.1468153143,0.5662017337,0.0935404911,-0.1650203059,-0.2343854521,0.1155000000,-0.0000000000,0.7061338532,0.0000000000,0.5235987756,0.0000000000,1.0000000000,1.0000000000,0.0000000000,0.0000000000,0.0000000000,0.0000000000
0.0200000000,0.4109199428,0.2918539360,0.5210927660,-0.0507172882,-0.0937832823,-0.4623306845,0.4299350480,-0.1468016949,0.5657901316,0.0940736643,-0.1634641384,-0.2343997073,0.1155000000,0.0000000000,0.7061338532,-0.0000000000,0.5235987756,-0.0000000000,1.0000000000,1.0000000000,0.0000000000,0.0000000000,0.0000000000,0.0000000000
0.0200000000,0.4107656957,0.2914841134,0.5211205224,-0.0500707657,-0.0950824550,-0.4633008928,0.4284434052,-0.1468158451,0.5653668157,0.0945690646,-0.1617765638,-0.2345819467,0.1155000000,-0.0000000000,0.7061338532,0.0000000000,0.5235987756,0.0000000000,1.0000000000,1.0000000000,0.0000000000,0.0000000000,0.0000000000,0.0000000000
0.0200000000,0.4105832297,0.2911180439,0.5211592820,-0.0494152210,-0.0965986147,-0.4643587428,0.4269983684,-0.1468608184,0.5649360672,0.0949685287,-0.1599453661,-0.2349355901,0.1155000000,-0.0000000000,0.7061338532,0.0000000000,0.5235987756,0.0000000000,1.0000000000,1.0000000000,0.0000000000,0.0000000000,0.0000000000,0.0000000000
0.0200000000,0.4103768622,0.2907670867,0.5212070992,-0.0488629057,-0.0983190582,-0.4655060691,0.4256014490,-0.1469342476,0.5644930775,0.0952390115,-0.1579374237,-0.2354352104,0.1155000000,-0.0000000000,0.7061338532,0.0000000000,0.5235987756,0.0000000000,1.0000000000,1.0000000000,0.0000000000,0.0000000000,0.0000000000,0.0000000000
0.0200000000,0.4101506380,0.2904326463,0.5212639239,-0.0483933020,-0.1002092491,-0.4667207440,0.4242647815,-0.1470328755,0.5640428448,0.0953806673,-0.1557833729,-0.2360606902,0.1155000000,-0.0000000000,0.7061338532,0.0000000000,0.5235987756,0.0000000000,1.0000000000,1.0000000000,0.0000000000,0.0000000000,0.0000000000,0.0000000000
0.0200000000,0.4099231202,0.2901335389,0.5213261963,-0.0480382724,-0.1021380540,-0.4679266874,0.4230453756,-0.1471447018,0.5636022174,0.0953628352,-0.1535645420,-0.2367272797,0.1155000000,-0.0000000000,0.7061338532,0.0000000000,0.5235987756,0.0000000000,1.0000000000,1.0000000000,0.0000000000,0.0000000000,0.0000000000,0.0000000000
0.0200000000,0.4096951264,0.2898737884,0.5213940773,-0.0478136998,-0.1040993917,-0.4691200384,0.4219561096,-0.1472701346,0.5631728489,0.0951789407,-0.1512901686,-0.2374360204,0.1155000000,-0.0000000000,0.7061338532,0.0000000000,0.5235987756,0.0000000000,1.0000000000,1.0000000000,0.0000000000,0.0000000000,0.0000000000,0.0000000000
0.0200000000,0.4094669868,0.2896400801,0.5214690336,-0.0476447798,-0.1061005425,-0.4703065610,0.4209581180,-0.1474055082,0.5627411233,0.0948206379,-0.1488989597,-0.2381590081,0.1155000000,-0.0000000000,0.7061338532,0.0000000000,0.5235987756,0.0000000000,1.0000000000,1.0000000000,0.0000000000,0.0000000000,0.0000000000,0.0000000000
0.0200000000,0.4092443552,0.2894270301,0.5215485001,-0.0474859826,-0.1080799558,-0.4714569695,0.4200357325,-0.1475428277,0.5623136604,0.0943396219,-0.1464585689,-0.2388605747,0.1155000000,-0.0000000000,0.7061338532,0.0000000000,0.5235987756,0.0000000000,1.0000000000,1.0000000000,0.0000000000,0.0000000000,0.0000000000,0.0000000000
0.0200000000,0.4090215414,0.2892305006,0.5216356062,-0.0473434624,-0.1101041394,-0.4726080152,0.4191744381,-0.1476875283,0.5618752873,0.0936912040,-0.1438704988,-0.2395612392,0.1155000000,-0.0000000000,0.7061338532,0.0000000000,0.5235987756,0.0000000000,1.0000000000,1.0000000000,0.0000000000,0.0000000000,0.0000000000,0.0000000000
0.0200000000,0.4087752097,0.2890178705,0.5217448386,-0.0471592254,-0.1124559168,-0.4739153581,0.4182638701,-0.1478571777,0.5613499378,0.0926797822,-0.1406538306,-0.2403094667,0.1155000000,-0.0000000000,0.7061338532,0.0000000000,0.5235987756,0.0000000000,1.0000000000,1.0000000000,0.0000000000,0.0000000000,0.0000000000,0.0000000000
0.0200000000,0.4084939453,0.2887829808,0.5218810091,-0.0469182931,-0.1152093294,-0.4754183622,0.4172683715,-0.1480576227,0.5607234671,0.0912941301,-0.1367260872,-0.2411407595,0.1155000000,-0.0000000000,0.7061338532,0.0000000000,0.5235987756,0.0000000000,1.0000000000,1.0000000000,0.0000000000,0.0000000000,0.0000000000,0.0000000000
0.0200000000,0.4082020228,0.2885154190,0.5220490080,-0.0466199077,-0.1183800294,-0.4771253876,0.4162326950,-0.1482846782,0.5599649528,0.0892730833,-0.1318148334,-0.2419495907,0.1155000000,-0.0000000000,0.7061338532,0.0000000000,0.5235987756,0.0000000000,1.0000000000,1.0000000000,0.0000000000,0.0000000000,0.0000000000,0.0000000000
0.0200000000,0.4079157255,0.2882097401,0.5222490350,-0.0462685472,-0.1219304370,-0.4790204449,0.4151822618,-0.1485325029,0.5590705875,0.0865358820,-0.1258669988,-0.2426777757,0.1155000000,-0.0000000000,0.7061338532,0.0000000000,0.5235987756,0.0000000000,1.0000000000,1.0000000000,0.0000000000,0.0000000000,0.0000000000,0.0000000000
0.0200000000,0.4076823047,0.2878729267,0.5224628400,-0.0459201680,-0.1255426824,-0.4809540747,0.4142131163,-0.1487737670,0.5581092227,0.0832498420,-0.1193273726,-0.2432060709,0.1155000000,-0.0000000000,0.7061338532,0.0000000000,0.5235987756,0.0000000000,1.0000000000,1.0000000000,0.0000000000,0.0000000000,0.0000000000,0.0000000000
0.0200000000,0.4075295384,0.2875023788,0.5226781931,-0.0456128768,-0.1290479403,-0.4828553750,0.4133664678,-0.1489942500,0.5571213043,0.0795472556,-0.1124732946,-0.2434856071,0.1155000000,-0.0000000000,0.7061338532,0.0000000000,0.5235987756,0.0000000000,1.0000000000,1.0000000000,0.0000000000,0.0000000000,0.0000000000,0.0000000000
0.0200000000,0.4074696706,0.2871007560,0.5228830611,-0.0453766705,-0.1323054195,-0.4846635151,0.4126581788,-0.1491844874,0.5561520552,0.0756406678,-0.1056394464,-0.2435204126,0.1155000000,-0.0000000000,0.7061338532,0.0000000000,0.5235987756,0.0000000000,1.0000000000,1.0000000000,0.0000000000,0.0000000000,0.0000000000,0.0000000000
0.0200000000,0.4075301931,0.2865941632,0.5230916069,-0.0452349467,-0.1356109529,-0.4865844678,0.4120270949,-0.1493596084,0.5551132723,0.0711657541,-0.0982033529,-0.2432972330,0.1155000000,-0.0000000000,0.7061338532,0.0000000000,0.5235987756,0.0000000000,1.0000000000,1.0000000000,0.0000000000,0.0000000000,0.0000000000,0.0000000000
0.0200000000,0.4077108476,0.2859606787,0.5233071225,-0.0451968774,-0.1390540137,-0.4886829500,0.4114389194,-0.1495280912,0.5539903723,0.0661077379,-0.0900756748,-0.2428700882,0.1155000000,-0.0000000000,0.7061338532,0.0000000000,0.5235987756,0.0000000000,1.0000000000,1.0000000000,0.0000000000,0.0000000000,0.0000000000,0.0000000000
0.0200000000,0.4080156542,0.2852221537,0.5235083711,-0.0453019839,-0.1423576437,-0.4908278833,0.4109414879,-0.1496788687,0.5528812825,0.0609168262,-0.0819664716,-0.2423043558,0.1155000000,-0.0000000000,0.7061338532,0.0000000000,0.5235987756,0.0000000000,1.0000000000,1.0000000000,0.0000000000,0.0000000000,0.0000000000,0.0000000000
0.0200000000,0.4084306241,0.2843803921,0.5236911842,-0.0455588315,-0.1454989224,-0.4930201689,0.4105255516,-0.1498172262,0.5518091854,0.0557498303,-0.0740607681,-0.2416810643,0.1155000000,-0.0000000000,0.7061338532,0.0000000000,0.5235987756,0.0000000000,1.0000000000,1.0000000000,0.0000000000,0.0000000000,0.0000000000,0.0000000000
0.0200000000,0.4089594142,0.2833986671,0.5238568093,-0.0459972469,-0.1485631125,-0.4953528166,0.4101721563,-0.1499543110,0.5507599126,0.0505779464,-0.0662647791,-0.2410648571,0.1155000000,-0.0000000000,0.7061338532,0.0000000000,0.5235987756,0.0000000000,1.0000000000,1.0000000000,0.0000000000,0.0000000000,0.0000000000,0.0000000000
0.0200000000,0.4096330245,0.2821757099,0.5240114922,-0.0466942817,-0.1517725648,-0.4980591175,0.4098488311,-0.1501119218,0.5496781220,0.0451745521,-0.0581752249,-0.2405357924,0.1155000000,-0.0000000000,0.7061338532,0.0000000000,0.5235987756,0.0000000000,1.0000000000,1.0000000000,0.0000000000,0.0000000000,0.0000000000,0.0000000000
0.0200000000,0.4103749594,0.2807865886,0.5241431961,-0.0476156073,-0.1549338318,-0.5010059541,0.4095591264,-0.1502929959,0.5486470750,0.0400167730,-0.0504284498,-0.2402553301,0.1155000000,-0.0000000000,0.7061338532,0.0000000000,0.5235987756,0.0000000000,1.0000000000,1.0000000000,0.0000000000,0.0000000000,0.0000000000,0.0000000000
0.0200000000,0.4111053172,0.2793365662,0.5242443623,-0.0486851440,-0.1578560191,-0.5040073188,0.4093069264,-0.1504918300,0.5477362059,0.0354955189,-0.0435608771,-0.2402968958,0.1155000000,-0.0000000000,0.7061338532,0.0000000000,0.5235987756,0.0000000000,1.0000000000,1.0000000000,0.0000000000,0.0000000000,0.0000000000,0.0000000000
0.0200000000,0.4118040166,0.2777941499,0.5243153666,-0.0499320166,-0.1606261395,-0.5071715532,0.4090683640,-0.1507229466,0.5469250958,0.0315653062,-0.0374355106,-0.2407430164,0.1155000000,-0.0000000000,0.7061338532,0.0000000000,0.5235987756,0.0000000000,1.0000000000,1.0000000000,0.0000000000,0.0000000000,0.0000000000,0.0000000000
0.0200000000,0.4125111441,0.2760038132,0.5243617625,-0.0514875181,-0.1635322066,-0.5108493696,0.4088054320,-0.1510168717,0.5461323738,0.0278716246,-0.0314492654,-0.2416998540,0.1155000000,-0.0000000000,0.7061338532,0.0000000000,0.5235987756,0.0000000000,1.0000000000,1.0000000000,0.0000000000,0.0000000000,0.0000000000,0.0000000000
0.0200000000,0.4131365055,0.2740082425,0.5243678324,-0.0533580625,-0.1664276178,-0.5150037497,0.4085056247,-0.1513815276,0.5454072844,0.0247385250,-0.0259923718,-0.2433147895,0.1155000000,-0.0000000000,0.7061338532,0.0000000000,0.5235987756,0.0000000000,1.0000000000,1.0000000000,0.0000000000,0.0000000000,0.0000000000,0.0000000000
0.0200000000,0.4136381831,0.2718129507,0.5243277788,-0.0555566715,-0.1692796122,-0.5196561188,0.4081499587,-0.1518183437,0.5447400676,0.0221436102,-0.0210040054,-0.2455910483,0.1155000000,-0.0000000000,0.7061338532,0.0000000000,0.5235987756,0.0000000000,1.0000000000,1.0000000000,0.0000000000,0.0000000000,0.0000000000,0.0000000000
0.0200000000,0.4139665971,0.2694291370,0.5242293372,-0.0581115200,-0.1719899402,-0.5248044960,0.4077200388,-0.1523254045,0.5441283966,0.0200984341,-0.0164800928,-0.2485179786,0.1155000000,-0.0000000000,0.7061338532,0.0000000000,0.5235987756,0.0000000000,1.0000000000,1.0000000000,0.0000000000,0.0000000000,0.0000000000,0.0000000000
0.0200000000,0.4140880334,0.2669146126,0.5240613347,-0.0610058649,-0.1743752008,-0.5303128512,0.4072076590,-0.1528822372,0.5435684891,0.0185551531,-0.0123995906,-0.2519399167,0.1155000000,-0.0000000000,0.7061338532,0.0000000000,0.5235987756,0.0000000000,1.0000000000,1.0000000000,0.0000000000,0.0000000000,0.0000000000,0.0000000000
0.0200000000,0.4140247649,0.2645411394,0.5238359322,-0.0639506012,-0.1760799549,-0.5355174101,0.4066637310,-0.1534092152,0.5430860241,0.0174470419,-0.0089380297,-0.2552858072,0.1155000000,-0.0000000000,0.7061338532,0.0000000000,0.5235987756,0.0000000000,1.0000000000,1.0000000000,0.0000000000,0.0000000000,0.0000000000,0.0000000000
0.0200000000,0.4138820314,0.2624730753,0.5235792697,-0.0667135629,-0.1769977155,-0.5399531306,0.4061446331,-0.1538474536,0.5426766550,0.0165641181,-0.0060323676,-0.2580871233,0.1155000000,-0.0000000000,0.7061338532,0.0000000000,0.5235987756,0.0000000000,1.0000000000,1.0000000000,0.0000000000,0.0000000000,0.0000000000,0.0000000000
0.0200000000,0.4137514773,0.2606218783,0.5233087158,-0.0693278464,-0.1773606585,-0.5437632820,0.4056596692,-0.1542096994,0.5423029282,0.0156974181,-0.0033846309,-0.2603727457,0.1155000000,-0.0000000000,0.7061338532,0.0000000000,0.5235987756,0.0000000000,1.0000000000,1.0000000000,0.0000000000,0.0000000000,0.0000000000,0.0000000000
0.0200000000,0.4136704769,0.2589471766,0.5230330925,-0.0718048321,-0.1772908450,-0.5470239203,0.4052167176,-0.1545064319,0.5419526706,0.0147848870,-0.0008948224,-0.2621968438,0.1155000000,-0.0000000000,0.7061338532,0.0000000000,0.5235987756,0.0000000000,1.0000000000,1.0000000000,0.0000000000,0.0000000000,0.0000000000,0.0000000000
0.0200000000,0.4136507551,0.2574069043,0.5227538923,-0.0741803527,-0.1768622170,-0.5498268154,0.4048179113,-0.1547521528,0.5416176392,0.0138020281,0.0015032390,-0.2636522026,0.1155000000,-0.0000000000,0.7061338532,0.0000000000,0.5235987756,0.0000000000,1.0000000000,1.0000000000,0.0000000000,0.0000000000,0.0000000000,0.0000000000
0.0200000000,0.4136933375,0.2559060634,0.5224552671,-0.0765983531,-0.1760588713,-0.5523450504,0.4044525535,-0.1549712802,0.5412775899,0.0126869908,0.0039630129,-0.2648916670,0.1155000000,-0.0000000000,0.7061338532,0.0000000000,0.5235987756,0.0000000000,1.0000000000,1.0000000000,0.0000000000,0.0000000000,0.0000000000,0.0000000000
0.0200000000,0.4137935912,0.2545039252,0.5221443766,-0.0789810886,-0.1748641068,-0.5544654664,0.4041565314,-0.1551695605,0.5409436724,0.0114627487,0.0064190167,-0.2659600954,0.1155000000,-0.0000000000,0.7061338532,0.0000000000,0.5235987756,0.0000000000,1.0000000000,1.0000000000,0.0000000000,0.0000000000,0.0000000000,0.0000000000
0.0200000000,0.4139298086,0.2532853765,0.5218412746,-0.0811791571,-0.1733805648,-0.5560937946,0.4039607665,-0.1553521077,0.5406341811,0.0102021940,0.0087458487,-0.2669107232,0.1155000000,-0.0000000000,0.7061338532,0.0000000000,0.5235987756,0.0000000000,1.0000000000,1.0000000000,0.0000000000,0.0000000000,0.0000000000,0.0000000000
0.0200000000,0.4140959849,0.2522895296,0.5215583593,-0.0831085281,-0.1716882089,-0.5571979426,0.4038806969,-0.1555241000,0.5403533899,0.0089179509,0.0109186701,-0.2677818669,0.1155000000,-0.0000000000,0.7061338532,0.0000000000,0.5235987756,0.0000000000,1.0000000000,1.0000000000,0.0000000000,0.0000000000,0.0000000000,0.0000000000
0.0200000000,0.4142993427,0.2515421051,0.5213190931,-0.0846821826,-0.1699897838,-0.5578337325,0.4039193247,-0.1556875856,0.5400989323,0.0075959389,0.0129576070,-0.2685836009,0.1155000000,-0.0000000000,0.7061338532,0.0000000000,0.5235987756,0.0000000000,1.0000000000,1.0000000000,0.0000000000,0.0000000000,0.0000000000,0.0000000000
0.0200000000,0.4145478425,0.2510620712,0.5211408745,-0.0859523890,-0.1684642767,-0.5581333833,0.4040641576,-0.1558385005,0.5398712277,0.0062515417,0.0148516607,-0.2692913968,0.1155000000,-0.0000000000,0.7061338532,0.0000000000,0.5235987756,0.0000000000,1.0000000000,1.0000000000,0.0000000000,0.0000000000,0.0000000000,0.0000000000
0.0200000000,0.4148086119,0.2508083728,0.5209994447,-0.0871120928,-0.1669976431,-0.5582100799,0.4042588313,-0.1559619810,0.5396863298,0.0050428537,0.0164389820,-0.2698425599,0.1155000000,-0.0000000000,0.7061338532,0.0000000000,0.5235987756,0.0000000000,1.0000000000,1.0000000000,0.0000000000,0.0000000000,0.0000000000,0.0000000000
0.0200000000,0.4150264105,0.2506804699,0.5208831091,-0.0879835095,-0.1656419630,-0.5581327165,0.4044343295,-0.1560486021,0.5395554930,0.0041278091,0.0175869356,-0.2702121370,0.1155000000,-0.0000000000,0.7061338532,0.0000000000,0.5235987756,0.0000000000,1.0000000000,1.0000000000,0.0000000000,0.0000000000,0.0000000000,0.0000000000
0.0200000000,0.4152096757,0.2506373337,0.5207999032,-0.0884512509,-0.1645095580,-0.5579208522,0.4045940824,-0.1561044774,0.5394691543,0.0034543493,0.0183725480,-0.2704286148,0.1155000000,-0.0000000000,0.7061338532,0.0000000000,0.5235987756,0.0000000000,1.0000000000,1.0000000000,0.0000000000,0.0000000000,0.0000000000,0.0000000000
0.0200000000,0.4154315538,0.2506418404,0.5207237099,-0.0889511717,-0.1633399585,-0.5575936646,0.4047951641,-0.1561514341,0.5393950395,0.0027764465,0.0190876288,-0.2705805404,0.1155000000,-0.0000000000,0.7061338532,0.0000000000,0.5235987756,0.0000000000,1.0000000000,1.0000000000,0.0000000000,0.0000000000,0.0000000000,0.0000000000
0.0200000000,0.4157576633,0.2506595625,0.5206216956,-0.0899787350,-0.1618105121,-0.5571712091,0.4050836545,-0.1562071452,0.5393076768,0.0018979294,0.0199645456,-0.2707409621,0.1155000000,-0.0000000000,0.7061338532,0.0000000000,0.5235987756,0.0000000000,1.0000000000,1.0000000000,0.0000000000,0.0000000000,0.0000000000,0.0000000000
0.0200000000,0.4161721513,0.2506747513,0.5204937777,-0.0915148935,-0.1599540196,-0.5566909931,0.4054386795,-0.1562689985,0.5392140034,0.0008871415,0.0209366966,-0.2709097403,0.1155000000,-0.0000000000,0.7061338532,0.0000000000,0.5235987756,0.0000000000,1.0000000000,1.0000000000,0.0000000000,0.0000000000,0.0000000000,0.0000000000
0.0200000000,0.4165917496,0.2506934782,0.5203584852,-0.0931765922,-0.1580136430,-0.5561924362,0.4057996656,-0.1563265967,0.5391324365,-0.0000690439,0.0218197506,-0.2710628373,0.1155000000,-0.0000000000,0.7061338532,0.0000000000,0.5235987756,0.0000000000,1.0000000000,1.0000000000,0.0000000000,0.0000000000,0.0000000000,0.0000000000
0.0200000000,0.4169574181,0.2507403972,0.5202166694,-0.0947942752,-0.1560223254,-0.5556589893,0.4061473072,-0.1563806311,0.5390630050,-0.0009393278,0.0226007777,-0.2712133387,0.1155000000,-0.0000000000,0.7061338532,0.0000000000,0.5235987756,0.0000000000,1.0000000000,1.0000000000,0.0000000000,0.0000000000,0.0000000000,0.0000000000
0.0200000000,0.4172270511,0.2508515981,0.5200624230,-0.0962952867,-0.1539180280,-0.5550399628,0.4064936987,-0.1564379112,0.5389961957,-0.0017886860,0.0233632338,-0.2713922667,0.1155000000,-0.0000000000,0.7061338532,0.0000000000,0.5235987756,0.0000000000,0.9532279890,1.0000000000,0.0000000000,0.0000000000,0.0000000000,0.0000000000
0.0200000000,0.4173730107,0.2510594300,0.5198951914,-0.0975935512,-0.1516801165,-0.5542858085,0.4068618845,-0.1565040465,0.5389252905,-0.0026845789,0.0241762507,-0.2716214669,0.1155000000,-0.0000000000,0.7061338532,0.0000000000,0.5235987756,0.0000000000,0.8865613223,1.0000000000,0.0000000000,0.0000000000,0.0000000000,0.0000000000
0.0200000000,0.4174001824,0.2513671075,0.5197273321,-0.0985775169,-0.1494177921,-0.5533916092,0.4072557615,-0.1565779405,0.5388531131,-0.0036180798,0.0250206356,-0.2718954761,0.1155000000,-0.0000000000,0.7061338532,0.0000000000,0.5235987756,0.0000000000,0.8198946557,1.0000000000,0.0000000000,0.0000000000,0.0000000000,0.0000000000
0.0200000000,0.4173772765,0.2517144952,0.5195830917,-0.0992128580,-0.1473752747,-0.5524489866,0.4076444475,-0.1566505538,0.5387891952,-0.0044978762,0.0257995142,-0.2721745743,0.1155000000,-0.0000000000,0.7061338532,0.0000000000,0.5235987756,0.0000000000,0.7532279890,1.0000000000,0.0000000000,0.0000000000,0.0000000000,0.0000000000
0.0200000000,0.4173798764,0.2520260051,0.5194922119,-0.0994375464,-0.1458671575,-0.5515784766,0.4079912468,-0.1567130309,0.5387406000,-0.0052373821,0.0264303397,-0.2724190738,0.1155000000,-0.0000000000,0.7061338532,0.0000000000,0.5235987756,0.0000000000,0.6865613223,1.0000000000,0.0000000000,0.0000000000,0.0000000000,0.0000000000
0.0200000000,0.4174772096,0.2522187684,0.5194860812,-0.0991677660,-0.1452466801,-0.5509242803,0.4082614908,-0.1567586354,0.5387096699,-0.0057777813,0.0268685118,-0.2725970804,0.1155000000,-0.0000000000,0.7061338532,0.0000000000,0.5235987756,0.0000000000,0.6198946557,1.0000000000,0.0000000000,0.0000000000,0.0000000000,0.0000000000
0.0200000000,0.4176852517,0.2522423433,0.5195766123,-0.0983751531,-0.1456966812,-0.5505982567,0.4084323374,-0.1567849159,0.5386940004,-0.0061005616,0.0271153137,-0.2726964572,0.1155000000,-0.0000000000,0.7061338532,0.0000000000,0.5235987756,0.0000000000,0.5532279890,1.0000000000,0.0000000000,0.0000000000,0.0000000000,0.0000000000
0.0200000000,0.4179914777,0.2520972546,0.5197642390,-0.0969737340,-0.1472150450,-0.5505904946,0.4085201656,-0.1567967310,0.5386876241,-0.0062592633,0.0272289578,-0.2727374520,0.1155000000,-0.0000000000,0.7061338532,0.0000000000,0.5235987756,0.0000000000,0.4865613223,1.0000000000,0.0000000000,0.0000000000,0.0000000000,0.0000000000
0.0200000000,0.4183832404,0.2518103775,0.5200413738,-0.0949170495,-0.1496781092,-0.5507694447,0.4085660363,-0.1568021297,0.5386847597,-0.0063406527,0.0272846133,-0.2727538225,0.1155000000,0.0000000000,0.7061338532,-0.0000000000,0.5235987756,-0.0000000000,0.4198946557,1.0000000000,0.0000000000,0.0000000000,0.0000000000,0.0000000000
0.0200000000,0.4188053807,0.2514279157,0.5203602864,-0.0926119763,-0.1526721858,-0.5509904235,0.4085859060,-0.1568041775,0.5386835985,-0.0063759220,0.0273080805,-0.2727588758,0.1155000000,-0.0000000000,0.7061338532,0.0000000000,0.5235987756,0.0000000000,0.3532279890,1.0000000000,0.0000000000,0.0000000000,0.0000000000,0.0000000000
0.0200000000,0.4192021006,0.2510314125,0.5206606865,-0.0906430778,-0.1556273706,-0.5511898263,0.4085918045,-0.1568046596,0.5386832488,-0.0063866360,0.0273150798,-0.2727594363,0.1155000000,0.0000000000,0.7061338532,-0.0000000000,0.5235987756,-0.0000000000,0.2865613223,1.0000000000,0.0000000000,0.0000000000,0.0000000000,0.0000000000
0.0200000000,0.4196001576,0.2506430097,0.5209475718,-0.0890994533,-0.1585444352,-0.5514399003,0.4085933217,-0.1568047295,0.5386831512,-0.0063895301,0.0273169382,-0.2727591691,0.1155000000,-0.0000000000,0.7061338532,0.0000000000,0.5235987756,0.0000000000,0.2198946557,1.0000000000,0.0000000000,0.0000000000,0.0000000000,0.0000000000
0.0200000000,0.4199809081,0.2503027906,0.5212077745,-0.0879498076,-0.1612069262,-0.5517622475,0.4085933559,-0.1568046853,0.5386831427,-0.0063897111,0.0273170277,-0.2727588153,0.1155000000,-0.0000000000,0.7061338532,0.0000000000,0.5235987756,0.0000000000,0.1532279890,1.0000000000,0.0000000000,0.0000000000,0.0000000000,0.0000000000
0.0200000000,0.4203160883,0.2500383352,0.5214263910,-0.0871628453,-0.1634260246,-0.5521378926,0.4085933843,-0.1568046711,0.5386831403,-0.0063897945,0.0273170664,-0.2727586953,0.1155000000,0.0000000000,0.7061338532,-0.0000000000,0.5235987756,-0.0000000000,0.0865613223,1.0000000000,0.0000000000,0.0000000000,0.0000000000,0.0000000000
0.0200000000,0.4207220576,0.2497678169,0.5216702229,-0.0864814506,-0.1658422602,-0.5526722543,0.4085931868,-0.1568046494,0.5386831532,-0.0063894377,0.0273168227,-0.2727586371,0.1155000000,-0.0000000000,0.7061338532,0.0000000000,0.5235987756,0.0000000000,0.0200081197,1.0000000000,0.0000000000,0.0000000000,0.0000000000,0.0000000000
0.0200000000,0.4212960282,0.2494254924,0.5220001724,-0.0856671988,-0.1690270316,-0.5534827321,0.4085930201,-0.1568046340,0.5386831642,-0.0063891309,0.0273166165,-0.2727586106,0.1155000000,-0.0000000000,0.7061338532,0.0000000000,0.5235987756,0.0000000000,0.0000000000,1.0000000000,0.0000000000,0.0000000000,0.0000000000,0.0000000000
0.0200000000,0.4220207927,0.2490258658,0.5223946253,-0.0847805470,-0.1727255998,-0.5544832906,0.4085928790,-0.1568046234,0.5386831736,-0.0063888665,0.0273164413,-0.2727586059,0.1155000000,-0.0000000000,0.7061338532,0.0000000000,0.5235987756,0.0000000000,0.0000000000,1.0000000000,0.0000000000,0.0000000000,0.0000000000,0.0000000000
0.0200000000,0.4229035112,0.2485735647,0.5228366202,-0.0838604150,-0.1767035951,-0.5555797592,0.4085928150,-0.1568046181,0.5386831778,-0.0063887476,0.0273163620,-0.2727586005,0.1155000000,-0.0000000000,0.7061338532,0.0000000000,0.5235987756,0.0000000000,0.0000000000,1.0000000000,0.0000000000,0.0000000000,0.0000000000,0.0000000000
0.0200000000,0.4238564522,0.2481019325,0.5232827555,-0.0829777133,-0.1805809204,-0.5566274658,0.4085927900,-0.1568046161,0.5386831795,-0.0063887012,0.0273163309,-0.2727585984,0.1155000000,0.0000000000,0.7061338532,0.0000000000,0.5235987756,0.0000000000,0.0000000000,1.0000000000,0.0000000000,0.0000000000,0.0000000000,0.0000000000
0.0200000000,0.4248694600,0.2476144863,0.5237208432,-0.0821558768,-0.1842360838,-0.5575653743,0.4085927907,-0.1568046162,0.5386831794,-0.0063887026,0.0273163319,-0.2727585984,0.1155000000,-0.0000000000,0.7061338532,0.0000000000,0.5235987756,0.0000000000,0.0000000000,1.0000000000,0.0000000000,0.0000000000,0.0000000000,0.0000000000
0.0200000000,0.4260607159,0.2470573634,0.5241988025,-0.0813145863,-0.1880514558,-0.5584865667,0.4085928060,-0.1568046247,0.5386831800,-0.0063887091,0.0273163394,-0.2727586564,0.1155000000,-0.0000000000,0.7061338532,0.0000000000,0.5235987756,0.0000000000,0.0000000000,1.0000000000,0.0000000000,0.0000000000,0.0000000000,0.0000000000
0.0200000000,0.4274545209,0.2464273463,0.5247213377,-0.0804874221,-0.1920318993,-0.5593804642,0.4085927897,-0.1568046142,0.5386831791,-0.0063887063,0.0273163335,-0.2727585835,0.1155000000,-0.0000000000,0.7061338532,0.0000000000,0.5235987756,0.0000000000,0.0000000000,1.0000000000,0.0000000000,0.0000000000,0.0000000000,0.0000000000
0.0200000000,0.4290633191,0.2457341308,0.5252825551,-0.0797588371,-0.1960724260,-0.5601968831,0.4085926569,-0.1568045292,0.5386831720,-0.0063886827,0.0273162865,-0.2727579967,0.1155000000,-0.0000000000,0.7061338532,0.0000000000,0.5235987756,0.0000000000,0.0000000000,1.0000000000,0.0000000000,0.0000000000,0.0000000000,0.0000000000
0.0200000000,0.4309435881,0.2449734360,0.5258930296,-0.0792969747,-0.2002035395,-0.5609580796,0.4085922535,-0.1568042851,0.5386831484,-0.0063885997,0.0273161617,-0.2727563156,0.1155000000,0.0000000000,0.7061338532,-0.0000000000,0.5235987756,-0.0000000000,0.0000000000,1.0000000000,0.0000000000,0.0000000000,0.0000000000,0.0000000000
0.0200000000,0.4330518968,0.2441807620,0.5265273717,-0.0792832706,-0.2041804255,-0.5616298113,0.4085918213,-0.1568039193,0.5386831383,-0.0063885945,0.0273158953,-0.2727537609,0.1155000000,-0.0000000000,0.7061338532,0.0000000000,0.5235987756,0.0000000000,0.0000000000,1.0000000000,0.0000000000,0.0000000000,0.0000000000,0.0000000000
0.0200000000,0.4352236816,0.2434290513,0.5271289278,-0.0798164386,-0.2075947352,-0.5621536169,0.4085920132,-0.1568036778,0.5386832018,-0.0063889214,0.0273154998,-0.2727519761,0.1155000000,-0.0000000000,0.7061338532,0.0000000000,0.5235987756,0.0000000000,0.0000000000,1.0000000000,0.0000000000,0.0000000000,0.0000000000,0.0000000000
0.0200000000,0.4370957098,0.2428281027,0.5276172891,-0.0806012889,-0.2100981599,-0.5624910817,0.4085935864,-0.1568039003,0.5386833926,-0.0063898806,0.0273151228,-0.2727532490,0.1155000000,-0.0000000000,0.7061338532,0.0000000000,0.5235987756,0.0000000000,0.0000000000,1.0000000000,0.0000000000,0.0000000000,0.0000000000,0.0000000000
0.0200000000,0.4387365345,0.2423525525,0.5280151191,-0.0815924406,-0.2118707345,-0.5626630238,0.4085978025,-0.1568057696,0.5386837437,-0.0063912700,0.0273155264,-0.2727658976,0.1155000000,-0.0000000000,0.7061338532,0.0000000000,0.5235987756,0.0000000000,0.0000000000,1.0000000000,0.0000000000,0.0000000000,0.0000000000,0.0000000000
0.0200000000,0.4404442346,0.2418900316,0.5284225120,-0.0827356100,-0.2135431684,-0.5627713951,0.4086063265,-0.1568109905,0.5386842906,-0.0063926292,0.0273177992,-0.2728019597,0.1155000000,0.0000000000,0.7061338532,-0.0000000000,0.5235987756,-0.0000000000,0.0000000000,1.0000000000,0.0000000000,0.0000000000,0.0000000000,0.0000000000
0.0200000000,0.4421396150,0.2414598631,0.5288208786,-0.0839824018,-0.2150408334,-0.5628157939,0.4086189865,-0.1568199247,0.5386849517,-0.0063935687,0.0273225082,-0.2728640784,0.1155000000,-0.0000000000,0.7061338532,0.0000000000,0.5235987756,0.0000000000,0.0000000000,1.0000000000,0.0000000000,0.0000000000,0.0000000000,0.0000000000
0.0200000000,0.4437073399,0.2410852445,0.5291875270,-0.0852140683,-0.2163233758,-0.5628095579,0.4086368219,-0.1568348119,0.5386855831,-0.0063928243,0.0273317886,-0.2729682675,0.1155000000,0.0000000000,0.7061338532,-0.0000000000,0.5235987756,-0.0000000000,0.0000000000,1.0000000000,0.0000000000,0.0000000000,0.0000000000,0.0000000000
0.0200000000,0.4451448540,0.2407666387,0.5295202962,-0.0864281770,-0.2173894989,-0.5627515087,0.4086596823,-0.1568555338,0.5386861744,-0.0063904205,0.0273456096,-0.2731136930,0.1155000000,-0.0000000000,0.7061338532,0.0000000000,0.5235987756,0.0000000000,0.0000000000,1.0000000000,0.0000000000,0.0000000000,0.0000000000,0.0000000000
0.0200000000,0.4464049996,0.2404967522,0.5298129115,-0.0875275873,-0.2182817760,-0.5626822099,0.4086829294,-0.1568779697,0.5386865281,-0.0063871800,0.0273617975,-0.2732713534,0.1155000000,-0.0000000000,0.7061338532,0.0000000000,0.5235987756,0.0000000000,0.0000000000,1.0000000000,0.0000000000,0.0000000000,0.0000000000,0.0000000000
0.0200000000,0.4474029282,0.2402832512,0.5300474900,-0.0884018735,-0.2189875843,-0.5626289335,0.4087025276,-0.1568972183,0.5386868653,-0.0063836389,0.0273751891,-0.2734068154,0.1155000000,0.0000000000,0.7061338532,-0.0000000000,0.5235987756,-0.0000000000,0.0000000000,1.0000000000,0.0000000000,0.0000000000,0.0000000000,0.0000000000
0.0200000000,0.4481396502,0.2401318399,0.5302200766,-0.0890698179,-0.2194817019,-0.5625768398,0.4087195840,-0.1569140900,0.5386872845,-0.0063795786,0.0273858729,-0.2735257908,0.1155000000,-0.0000000000,0.7061338532,0.0000000000,0.5235987756,0.0000000000,0.0000000000,1.0000000000,0.0000000000,0.0000000000,0.0000000000,0.0000000000
0.0200000000,0.4487746945,0.2400088755,0.5303673961,-0.0896719779,-0.2198769301,-0.5625156847,0.4087374292,-0.1569338091,0.5386872252,-0.0063748776,0.0274012402,-0.2736649016,0.1155000000,-0.0000000000,0.7061338532,0.0000000000,0.5235987756,0.0000000000,0.0000000000,1.0000000000,0.0000000000,0.0000000000,0.0000000000,0.0000000000
0.0200000000,0.4494784984,0.2398779622,0.5305302149,-0.0903582944,-0.2202952167,-0.5624364108,0.4087596201,-0.1569620623,0.5386860608,-0.0063693976,0.0274294261,-0.2738640127,0.1155000000,-0.0000000000,0.7061338532,0.0000000000,0.5235987756,0.0000000000,0.0000000000,1.0000000000,0.0000000000,0.0000000000,0.0000000000,0.0000000000
0.0200000000,0.4504553849,0.2396961355,0.5307586147,-0.0913122470,-0.2208794100,-0.5623275339,0.4087908327,-0.1570063473,0.5386829935,-0.0063626741,0.0274809881,-0.2741759360,0.1155000000,-0.0000000000,0.7061338532,0.0000000000,0.5235987756,0.0000000000,0.0000000000,1.0000000000,0.0000000000,0.0000000000,0.0000000000,0.0000000000
0.0200000000,0.4517359846,0.2394580593,0.5310617228,-0.0925675988,-0.2216448789,-0.5621860560,0.4088325019,-0.1570683387,0.5386780555,-0.0063535015,0.0275571808,-0.2746136256,0.1155000000,-0.0000000000,0.7061338532,0.0000000000,0.5235987756,0.0000000000,0.0000000000,1.0000000000,0.0000000000,0.0000000000,0.0000000000,0.0000000000
0.0200000000,0.4531251282,0.2392016957,0.5313946816,-0.0939405428,-0.2224675416,-0.5620308165,0.4088788615,-0.1571395702,0.5386718804,-0.0063439065,0.0276475529,-0.2751158308,0.1155000000,-0.0000000000,0.7061338532,0.0000000000,0.5235987756,0.0000000000,0.0000000000,1.0000000000,0.0000000000,0.0000000000,0.0000000000,0.0000000000
0.0200000000,0.4543701813,0.2389718000,0.5316975359,-0.0951740747,-0.2232068052,-0.5618940758,0.4089201367,-0.1572061330,0.5386652480,-0.0063388191,0.0277364335,-0.2755805437,0.1155000000,0.0000000000,0.7061338532,-0.0000000000,0.5235987756,-0.0000000000,0.0000000000,1.0000000000,0.0000000000,0.0000000000,0.0000000000,0.0000000000
0.0200000000,0.4552945915,0.2388015019,0.5319247572,-0.0960950914,-0.2237530919,-0.5617929924,0.4089509693,-0.1572564630,0.5386599997,-0.0063330365,0.0278068229,-0.2759380998,0.1155000000,0.0000000000,0.7061338532,-0.0000000000,0.5235987756,-0.0000000000,0.0000000000,1.0000000000,0.0000000000,0.0000000000,0.0000000000,0.0000000000
0.0200000000,0.4559393294,0.2386841906,0.5320839238,-0.0967455790,-0.2241272358,-0.5617198030,0.4089731250,-0.1572929406,0.5386560399,-0.0063251646,0.0278613938,-0.2762070196,0.1155000000,-0.0000000000,0.7061338532,0.0000000000,0.5235987756,0.0000000000,0.0000000000,1.0000000000,0.0000000000,0.0000000000,0.0000000000,0.0000000000
0.0200000000,0.4564671400,0.2385889734,0.5322151073,-0.0972802425,-0.2244345174,-0.5616581924,0.4089908686,-0.1573266499,0.5386512120,-0.0063234885,0.0279176040,-0.2764486515,0.1155000000,-0.0000000000,0.7061338532,0.0000000000,0.5235987756,0.0000000000,0.0000000000,1.0000000000,0.0000000000,0.0000000000,0.0000000000,0.0000000000
0.0200000000,0.4569997050,0.2384925247,0.5323491678,-0.0978141588,-0.2247553776,-0.5615968333,0.4090071653,-0.1573665102,0.5386435863,-0.0063359253,0.0279902804,-0.2767104713,0.1155000000,-0.0000000000,0.7061338532,0.0000000000,0.5235987756,0.0000000000,0.0000000000,1.0000000000,0.0000000000,0.0000000000,0.0000000000,0.0000000000
0.0200000000,0.4576585397,0.2383714247,0.5325176520,-0.0984625792,-0.2251703567,-0.5615250872,0.4090249735,-0.1574214409,0.5386312355,-0.0063703860,0.0280942434,-0.2770399596,0.1155000000,-0.0000000000,0.7061338532,0.0000000000,0.5235987756,0.0000000000,0.0000000000,1.0000000000,0.0000000000,0.0000000000,0.0000000000,0.0000000000
0.0200000000,0.4585680836,0.2382014929,0.5327537248,-0.0993463451,-0.2257621493,-0.5614321811,0.4090473012,-0.1575006619,0.5386121500,-0.0064349140,0.0282450390,-0.2774866243,0.1155000000,-0.0000000000,0.7061338532,0.0000000000,0.5235987756,0.0000000000,0.0000000000,1.0000000000,0.0000000000,0.0000000000,0.0000000000,0.0000000000
0.0200000000,0.4597343093,0.2379809165,0.5330596068,-0.1005001763,-0.2265329715,-0.5613106790,0.4090743375,-0.1576044902,0.5385862735,-0.0065269211,0.0284448887,-0.2780590194,0.1155000000,-0.0000000000,0.7061338532,0.0000000000,0.5235987756,0.0000000000,0.0000000000,1.0000000000,0.0000000000,0.0000000000,0.0000000000,0.0000000000
0.0200000000,0.4609777559,0.2377446755,0.5333914025,-0.1017092247,-0.2273680731,-0.5611908065,0.4091015623,-0.1577202091,0.5385563053,-0.0066399641,0.0286700837,-0.2786781856,0.1155000000,-0.0000000000,0.7061338532,0.0000000000,0.5235987756,0.0000000000,0.0000000000,1.0000000000,0.0000000000,0.0000000000,0.0000000000,0.0000000000
0.0200000000,0.4621583627,0.2375202803,0.5337144427,-0.1027823828,-0.2281818654,-0.5611008793,0.4091251177,-0.1578390202,0.5385238942,-0.0067742315,0.0289028999,-0.2792792237,0.1155000000,0.0000000000,0.7061338532,-0.0000000000,0.5235987756,-0.0000000000,0.0000000000,1.0000000000,0.0000000000,0.0000000000,0.0000000000,0.0000000000
0.0200000000,0.4631709112,0.2373226162,0.5339959454,-0.1037078739,-0.2289093602,-0.5610163005,0.4091425991,-0.1579518737,0.5384920091,-0.0069187384,0.0291193850,-0.2798098889,0.1155000000,-0.0000000000,0.7061338532,0.0000000000,0.5235987756,0.0000000000,0.0000000000,1.0000000000,0.0000000000,0.0000000000,0.0000000000,0.0000000000
0.0200000000,0.4640735391,0.2371423046,0.5342512752,-0.1045216293,-0.2295863142,-0.5609390255,0.4091554124,-0.1580633294,0.5384593548,-0.0070773954,0.0293305451,-0.2802983325,0.1155000000,-0.0000000000,0.7061338532,0.0000000000,0.5235987756,0.0000000000,0.0000000000,1.0000000000,0.0000000000,0.0000000000,0.0000000000,0.0000000000
0.0200000000,0.4650453912,0.2369608454,0.5345413541,-0.1050941606,-0.2303246561,-0.5609587828,0.4091669294,-0.1581920879,0.5384187120,-0.0072830355,0.0295900446,-0.2808381129,0.1155000000,-0.0000000000,0.7061338532,0.0000000000,0.5235987756,0.0000000000,0.0000000000,1.0000000000,0.0000000000,0.0000000000,0.0000000000,0.0000000000
0.0200000000,0.4662424771,0.2367595188,0.5349193438,-0.1053513486,-0.2312204886,-0.5611349822,0.4091802212,-0.1583545455,0.5383643254,-0.0075614462,0.0299404539,-0.2815116575,0.1155000000,0.0000000000,0.7061338532,-0.0000000000,0.5235987756,-0.0000000000,0.0000000000,1.0000000000,0.0000000000,0.0000000000,0.0000000000,0.0000000000
0.0200000000,0.4676891060,0.2365312429,0.5353944954,-0.1053175000,-0.2322928187,-0.5614505534,0.4091951335,-0.1585568738,0.5382947328,-0.0079218521,0.0303882609,-0.2823386806,0.1155000000,-0.0000000000,0.7061338532,0.0000000000,0.5235987756,0.0000000000,0.0000000000,1.0000000000,0.0000000000,0.0000000000,0.0000000000,0.0000000000
0.0200000000,0.4692328809,0.2363106156,0.5359231585,-0.1049200051,-0.2334299725,-0.5619568514,0.4092111539,-0.1587684290,0.5382180756,-0.0083172994,0.0308916310,-0.2832128156,0.1155000000,-0.0000000000,0.7061338532,0.0000000000,0.5235987756,0.0000000000,0.0000000000,1.0000000000,0.0000000000,0.0000000000,0.0000000000,0.0000000000
0.0200000000,0.4707357807,0.2361437689,0.5364701976,-0.1039008680,-0.2345051853,-0.5627754002,0.4092284974,-0.1589559766,0.5381419895,-0.0086999432,0.0314178047,-0.2840281876,0.1155000000,0.0000000000,0.7061338532,-0.0000000000,0.5235987756,-0.0000000000,0.0000000000,1.0000000000,0.0000000000,0.0000000000,0.0000000000,0.0000000000
0.0200000000,0.4722266687,0.2360226779,0.5370434664,-0.1023295606,-0.2355541196,-0.5639060120,0.4092479506,-0.1591221044,0.5380654611,-0.0090746215,0.0319745992,-0.2847980588,0.1155000000,-0.0000000000,0.7061338532,0.0000000000,0.5235987756,0.0000000000,0.0000000000,1.0000000000,0.0000000000,0.0000000000,0.0000000000,0.0000000000
0.0200000000,0.4737249597,0.2359200145,0.5376340643,-0.1007424851,-0.2366727454,-0.5652893993,0.4092730350,-0.1592562190,0.5379921004,-0.0094169033,0.0325486826,-0.2855055130,0.1155000000,-0.0000000000,0.7061338532,0.0000000000,0.5235987756,0.0000000000,0.0000000000,1.0000000000,0.0000000000,0.0000000000,0.0000000000,0.0000000000
0.0200000000,0.4752301543,0.2358341615,0.5382397430,-0.0992013465,-0.2378686758,-0.5669219638,0.4093040783,-0.1593560829,0.5379224510,-0.0097227005,0.0331383193,-0.2861456120,0.1155000000,-0.0000000000,0.7061338532,0.0000000000,0.5235987756,0.0000000000,0.0000000000,1.0000000000,0.0000000000,0.0000000000,0.0000000000,0.0000000000
0.0200000000,0.4767762807,0.2357423996,0.5388704184,-0.0978048953,-0.2392079445,-0.5688132971,0.4093456022,-0.1594214877,0.5378572171,-0.0099892161,0.0337446118,-0.2867292189,0.1155000000,-0.0000000000,0.7061338532,0.0000000000,0.5235987756,0.0000000000,0.0000000000,1.0000000000,0.0000000000,0.0000000000,0.0000000000,0.0000000000
0.0200000000,0.4783548619,0.2356339050,0.5395174698,-0.0967395629,-0.2407165850,-0.5709010995,0.4093981927,-0.1594476936,0.5377980537,-0.0102025276,0.0343611719,-0.2872517770,0.1155000000,-0.0000000000,0.7061338532,0.0000000000,0.5235987756,0.0000000000,0.0000000000,1.0000000000,0.0000000000,0.0000000000,0.0000000000,0.0000000000
0.0200000000,0.4800941727,0.2354845027,0.5402403100,-0.0957641249,-0.2425198426,-0.5734917925,0.4094742538,-0.1594382582,0.5377429485,-0.0103867067,0.0350154872,-0.2877358757,0.1155000000,-0.0000000000,0.7061338532,0.0000000000,0.5235987756,0.0000000000,0.0000000000,1.0000000000,0.0000000000,0.0000000000,0.0000000000,0.0000000000
0.0200000000,0.4820893527,0.2352748553,0.5410853396,-0.0946579364,-0.2446879981,-0.5767804414,0.4095818292,-0.1594027992,0.5376894838,-0.0105683895,0.0357264006,-0.2882116852,0.1155000000,-0.0000000000,0.7061338532,0.0000000000,0.5235987756,0.0000000000,0.0000000000,1.0000000000,0.0000000000,0.0000000000,0.0000000000,0.0000000000
0.0200000000,0.4841300312,0.2350253815,0.5419679234,-0.0934125718,-0.2469450126,-0.5805130806,0.4097069934,-0.1593609867,0.5376406462,-0.0107798529,0.0364037508,-0.2885945014,0.1155000000,-0.0000000000,0.7061338532,0.0000000000,0.5235987756,0.0000000000,0.0000000000,1.0000000000,0.0000000000,0.0000000000,0.0000000000,0.0000000000
0.0200000000,0.4861664894,0.2347336913,0.5428689981,-0.0919462561,-0.2491961664,-0.5847314024,0.4098439763,-0.1593255984,0.5375958860,-0.0110629886,0.0370105033,-0.2888234839,0.1155000000,-0.0000000000,0.7061338532,0.0000000000,0.5235987756,0.0000000000,0.0000000000,1.0000000000,0.0000000000,0.0000000000,0.0000000000,0.0000000000
0.0200000000,0.4884919489,0.2343451612,0.5439196663,-0.0900159115,-0.2517178864,-0.5902145419,0.4100016144,-0.1592945292,0.5375460455,-0.0115079985,0.0376156740,-0.2888297765,0.1155000000,-0.0000000000,0.7061338532,0.0000000000,0.5235987756,0.0000000000,0.0000000000,1.0000000000,0.0000000000,0.0000000000,0.0000000000,0.0000000000
0.0200000000,0.4907592846,0.2339188241,0.5449646512,-0.0879111117,-0.2541193956,-0.5961284590,0.4101535050,-0.1592701338,0.5374987768,-0.0120086894,0.0381455848,-0.2886838782,0.1155000000,-0.0000000000,0.7061338532,0.0000000000,0.5235987756,0.0000000000,0.0000000000,1.0000000000,0.0000000000,0.0000000000,0.0000000000,0.0000000000
0.0200000000,0.4926929744,0.2335117695,0.5458726275,-0.0859188033,-0.2561129017,-0.6016856134,0.4102796596,-0.1592532825,0.5374601597,-0.0124615002,0.0385546389,-0.2884841509,0.1155000000,-0.0000000000,0.7061338532,0.0000000000,0.5235987756,0.0000000000,0.0000000000,1.0000000000,0.0000000000,0.0000000000,0.0000000000,0.0000000000
0.0200000000,0.4945434209,0.2330897865,0.5467565209,-0.0838534144,-0.2579863548,-0.6073745286,0.4103997944,-0.1592451794,0.5374251527,-0.0128824963,0.0389235202,-0.2883248215,0.1155000000,-0.0000000000,0.7061338532,0.0000000000,0.5235987756,0.0000000000,0.0000000000,1.0000000000,0.0000000000,0.0000000000,0.0000000000,0.0000000000
0.0200000000,0.4963896078,0.2326384409,0.5476538946,-0.0816358212,-0.2598313785,-0.6133862932,0.4105195359,-0.1592475419,0.5373923322,-0.0132733122,0.0392755957,-0.2882441993,0.1155000000,-0.0000000000,0.7061338532,0.0000000000,0.5235987756,0.0000000000,0.0000000000,1.0000000000,0.0000000000,0.0000000000,0.0000000000,0.0000000000
0.0200000000,0.4984449057,0.2320970230,0.5486750569,-0.0789459635,-0.2618909409,-0.6204857262,0.4106512563,-0.1592688094,0.5373585040,-0.0136563799,0.0396485440,-0.2883017944,0.1155000000,-0.0000000000,0.7061338532,0.0000000000,0.5235987756,0.0000000000,0.0000000000,1.0000000000,0.0000000000,0.0000000000,0.0000000000,0.0000000000
0.0200000000,0.5007690338,0.2314415477,0.5498580378,-0.0756412712,-0.2642339854,-0.6289475125,0.4107973484,-0.1593155523,0.5373228928,-0.0140313335,0.0400502187,-0.2885396473,0.1155000000,-0.0000000000,0.7061338532,0.0000000000,0.5235987756,0.0000000000,0.0000000000,1.0000000000,0.0000000000,0.0000000000,0.0000000000,0.0000000000
0.0200000000,0.5032984682,0.2306730000,0.5511873067,-0.0716651708,-0.2668736537,-0.6386639161,0.4109460964,-0.1594045705,0.5372858296,-0.0143754523,0.0404564509,-0.2890279555,0.1155000000,-0.0000000000,0.7061338532,0.0000000000,0.5235987756,0.0000000000,0.0000000000,1.0000000000,0.0000000000,0.0000000000,0.0000000000,0.0000000000
0.0200000000,0.5057710655,0.2298729544,0.5525285081,-0.0674197506,-0.2695432774,-0.6485868571,0.4110810262,-0.1595345295,0.5372493177,-0.0146817821,0.0408219410,-0.2896989017,0.1155000000,-0.0000000000,0.7061338532,0.0000000000,0.5235987756,0.0000000000,0.0000000000,1.0000000000,0.0000000000,0.0000000000,0.0000000000,0.0000000000
0.0200000000,0.5078826090,0.2291415033,0.5537155752,-0.0634221589,-0.2719636127,-0.6574587807,0.4111828973,-0.1597035050,0.5372156668,-0.0149440244,0.0410932024,-0.2904683018,0.1155000000,-0.0000000000,0.7061338532,0.0000000000,0.5235987756,0.0000000000,0.0000000000,1.0000000000,0.0000000000,0.0000000000,0.0000000000,0.0000000000
0.0200000000,0.5098900951,0.2283934917,0.5548906972,-0.0591922437,-0.2744713524,-0.6663074025,0.4112647584,-0.1599458388,0.5371782501,-0.0152376770,0.0412981009,-0.2914149879,0.1155000000,-0.0000000000,0.7061338532,0.0000000000,0.5235987756,0.0000000000,0.0000000000,1.0000000000,0.0000000000,0.0000000000,0.0000000000,0.0000000000
0.0200000000,0.5118942169,0.2275889278,0.5561156455,-0.0544886862,-0.2772217669,-0.6755839293,0.4113301701,-0.1602847178,0.5371337587,-0.0156006147,0.0414414403,-0.2925914450,0.1155000000,-0.0000000000,0.7061338532,0.0000000000,0.5235987756,0.0000000000,0.0000000000,1.0000000000,0.0000000000,0.0000000000,0.0000000000,0.0000000000
0.0200000000,0.5138238603,0.2267400747,0.5573609531,-0.0493259857,-0.2802299872,-0.6850761410,0.4113744348,-0.1607141669,0.5370826873,-0.0160262802,0.0415196944,-0.2939717765,0.1155000000,-0.0000000000,0.7061338532,0.0000000000,0.5235987756,0.0000000000,0.0000000000,1.0000000000,0.0000000000,0.0000000000,0.0000000000,0.0000000000
0.0200000000,0.5156166117,0.2258628658,0.5585945287,-0.0437725356,-0.2834738244,-0.6945635339,0.4113961130,-0.1612138334,0.5370267678,-0.0164933711,0.0415403386,-0.2955066410,0.1155000000,-0.0000000000,0.7061338532,0.0000000000,0.5235987756,0.0000000000,0.0000000000,1.0000000000,0.0000000000,0.0000000000,0.0000000000,0.0000000000
0.0200000000,0.5171682047,0.2249898080,0.5597576194,-0.0379897452,-0.2868942780,-0.7036374356,0.4113935532,-0.1617434228,0.5369693323,-0.0169588844,0.0415194773,-0.2971017741,0.1155000000,0.0000000000,0.7061338532,-0.0000000000,0.5235987756,-0.0000000000,0.0000000000,1.0000000000,0.0000000000,0.0000000000,0.0000000000,0.0000000000
0.0200000000,0.5183983611,0.2241455782,0.5608036191,-0.0320971791,-0.2904592813,-0.7119951567,0.4113728844,-0.1622588327,0.5369134948,-0.0173845745,0.0414876593,-0.2986641247,0.1155000000,-0.0000000000,0.7061338532,0.0000000000,0.5235987756,0.0000000000,0.0000000000,1.0000000000,0.0000000000,0.0000000000,0.0000000000,0.0000000000
0.0200000000,0.5192300978,0.2233518430,0.5616892530,-0.0261910140,-0.2941634966,-0.7193623515,0.4113386004,-0.1627294539,0.5368615086,-0.0177433334,0.0414646511,-0.3001283351,0.1155000000,-0.0000000000,0.7061338532,0.0000000000,0.5235987756,0.0000000000,0.0000000000,1.0000000000,0.0000000000,0.0000000000,0.0000000000,0.0000000000
0.0200000000,0.5196574541,0.2226297272,0.5623940789,-0.0204434895,-0.2979120876,-0.7255801099,0.4113043217,-0.1631252991,0.5368162255,-0.0180186648,0.0414712924,-0.3014273215,0.1155000000,-0.0000000000,0.7061338532,0.0000000000,0.5235987756,0.0000000000,0.0000000000,1.0000000000,0.0000000000,0.0000000000,0.0000000000,0.0000000000
0.0200000000,0.5196819627,0.2219834186,0.5629151108,-0.0148850774,-0.3017082051,-0.7306250610,0.4112751206,-0.1634410293,0.5367786265,-0.0182062218,0.0415097920,-0.3025527417,0.1155000000,-0.0000000000,0.7061338532,0.0000000000,0.5235987756,0.0000000000,0.0000000000,1.0000000000,0.0000000000,0.0000000000,0.0000000000,0.0000000000
0.0200000000,0.5193203734,0.2214202677,0.5632530079,-0.0095876492,-0.3055133859,-0.7344702767,0.4112553301,-0.1636736176,0.5367496843,-0.0183060993,0.0415772459,-0.3034925927,0.1155000000,-0.0000000000,0.7061338532,0.0000000000,0.5235987756,0.0000000000,0.0000000000,1.0000000000,0.0000000000,0.0000000000,0.0000000000,0.0000000000
0.0200000000,0.5185863326,0.2209515945,0.5634059377,-0.0046470757,-0.3092713788,-0.7370497015,0.4112463345,-0.1638247011,0.5367303651,-0.0183222969,0.0416606326,-0.3042342661,0.1155000000,-0.0000000000,0.7061338532,0.0000000000,0.5235987756,0.0000000000,0.0000000000,1.0000000000,0.0000000000,0.0000000000,0.0000000000,0.0000000000
0.0200000000,0.5176215380,0.2205933702,0.5634066430,-0.0003622924,-0.3127129522,-0.7384428635,0.4112450463,-0.1639079944,0.5367194857,-0.0182858719,0.0417404479,-0.3047618562,0.1155000000,-0.0000000000,0.7061338532,0.0000000000,0.5235987756,0.0000000000,0.0000000000,1.0000000000,0.0000000000,0.0000000000,0.0000000000,0.0000000000
0.0200000000,0.5166225784,0.2203424793,0.5633171655,0.0030575073,-0.3155929670,-0.7389536242,0.4112467723,-0.1639493872,0.5367143632,-0.0182381373,0.0417971920,-0.3050958433,0.1155000000,-0.0000000000,0.7061338532,0.0000000000,0.5235987756,0.0000000000,0.0000000000,1.0000000000,0.0000000000,0.0000000000,0.0000000000,0.0000000000
0.0200000000,0.5155483566,0.2201568724,0.5631595104,0.0060302365,-0.3182178484,-0.7388473704,0.4112499296,-0.1639665436,0.5367124520,-0.0181876597,0.0418393016,-0.3053095931,0.1155000000,-0.0000000000,0.7061338532,0.0000000000,0.5235987756,0.0000000000,0.0000000000,1.0000000000,0.0000000000,0.0000000000,0.0000000000,0.0000000000
0.0200000000,0.5144184002,0.2200060429,0.5629641220,0.0087922494,-0.3207367003,-0.7383890851,0.4112524786,-0.1639764522,0.5367115145,-0.0181488784,0.0418682544,-0.3054552676,0.1155000000,-0.0000000000,0.7061338532,0.0000000000,0.5235987756,0.0000000000,0.0000000000,1.0000000000,0.0000000000,0.0000000000,0.0000000000,0.0000000000
0.0200000000,0.5131923860,0.2198914197,0.5627199433,0.0113916510,-0.3232064506,-0.7375061359,0.4112546354,-0.1639787181,0.5367115641,-0.0181196413,0.0418857303,-0.3055368264,0.1155000000,-0.0000000000,0.7061338532,0.0000000000,0.5235987756,0.0000000000,0.0000000000,1.0000000000,0.0000000000,0.0000000000,0.0000000000,0.0000000000
0.0200000000,0.5117297266,0.2198035304,0.5623998234,0.0141102409,-0.3259082984,-0.7360596183,0.4112559008,-0.1639800153,0.5367116073,-0.0181024974,0.0418958436,-0.3055843573,0.1155000000,-0.0000000000,0.7061338532,0.0000000000,0.5235987756,0.0000000000,0.0000000000,1.0000000000,0.0000000000,0.0000000000,0.0000000000,0.0000000000
0.0200000000,0.5101076521,0.2197415966,0.5620272807,0.0168537757,-0.3287233755,-0.7341736777,0.4112564854,-0.1639799542,0.5367117269,-0.0180949728,0.0418996530,-0.3056016808,0.1155000000,-0.0000000000,0.7061338532,0.0000000000,0.5235987756,0.0000000000,0.0000000000,1.0000000000,0.0000000000,0.0000000000,0.0000000000,0.0000000000
0.0200000000,0.5086110275,0.2197102247,0.5616739365,0.0192068068,-0.3312012918,-0.7322277430,0.4112567587,-0.1639798049,0.5367118003,-0.0180915273,0.0419012850,-0.3056089420,0.1155000000,0.0000000000,0.7061338532,-0.0000000000,0.5235987756,-0.0000000000,0.0000000000,1.0000000000,0.0000000000,0.0000000000,0.0000000000,0.0000000000
0.0200000000,0.5072743406,0.2197092986,0.5613465590,0.0211218138,-0.3332916044,-0.7302697887,0.4112567613,-0.1639798057,0.5367118007,-0.0180914932,0.0419013033,-0.3056090266,0.1155000000,-0.0000000000,0.7061338532,0.0000000000,0.5235987756,0.0000000000,0.0000000000,1.0000000000,0.0000000000,0.0000000000,0.0000000000,0.0000000000
0.0200000000,0.5060584469,0.2197224484,0.5610431496,0.0227354945,-0.3351282897,-0.7283562921,0.4112566738,-0.1639797765,0.5367117883,-0.0180926425,0.0419006858,-0.3056061675,0.1155000000,-0.0000000000,0.7061338532,0.0000000000,0.5235987756,0.0000000000,0.0000000000,1.0000000000,0.0000000000,0.0000000000,0.0000000000,0.0000000000
0.0200000000,0.5050309358,0.2197398251,0.5607870579,0.0240667669,-0.3366575884,-0.7266876724,0.4112566726,-0.1639797761,0.5367117882,-0.0180926578,0.0419006775,-0.3056061294,0.1155000000,0.0000000000,0.7061338532,-0.0000000000,0.5235987756,-0.0000000000,0.0000000000,1.0000000000,0.0000000000,0.0000000000,0.0000000000,0.0000000000
0.0200000000,0.5041434493,0.2197649615,0.5605614050,0.0251273073,-0.3379368060,-0.7251478824,0.4112566726,-0.1639797761,0.5367117882,-0.0180926578,0.0419006775,-0.3056061294,0.1155000000,-0.0000000000,0.7061338532,0.0000000000,0.5235987756,0.0000000000,0.0000000000,1.0000000000,0.0000000000,0.0000000000,0.0000000000,0.0000000000
0.0200000000,0.5032362970,0.2197920744,0.5603232537,0.0259756736,-0.3392293905,-0.7234401451,0.4112566726,-0.1639797761,0.5367117882,-0.0180926578,0.0419006775,-0.3056061294,0.1155000000,-0.0000000000,0.7061338532,0.0000000000,0.5235987756,0.0000000000,0.0000000000,1.0000000000,0.0000000000,0.0000000000,0.0000000000,0.0000000000
0.0200000000,0.5021731931,0.2198193077,0.5600380312,0.0266984099,-0.3407483273,-0.7213154523,0.4112566726,-0.1639797761,0.5367117882,-0.0180926578,0.0419006775,-0.3056061294,0.1155000000,-0.0000000000,0.7061338532,0.0000000000,0.5235987756,0.0000000000,0.0000000000,1.0000000000,0.0000000000,0.0000000000,0.0000000000,0.0000000000
0.0200000000,0.5009842792,0.2198488662,0.5597148666,0.0272893733,-0.3424381790,-0.7188266348,0.4112566726,-0.1639797761,0.5367117882,-0.0180926578,0.0419006775,-0.3056061294,0.1155000000,-0.0000000000,0.7061338532,0.0000000000,0.5235987756,0.0000000000,0.0000000000,1.0000000000,0.0000000000,0.0000000000,0.0000000000,0.0000000000
0.0200000000,0.4998339886,0.2198665210,0.5593913225,0.0273850628,-0.3440905316,-0.7162188894,0.4112566726,-0.1639797761,0.5367117882,-0.0180926578,0.0419006775,-0.3056061294,0.1155000000,-0.0000000000,0.7061338532,0.0000000000,0.5235987756,0.0000000000,0.0000000000,1.0000000000,0.0000000000,0.0000000000,0.0000000000,0.0000000000
0.0200000000,0.4987845886,0.2198664787,0.5590823870,0.0268863973,-0.3456288864,-0.7136096034,0.4112566726,-0.1639797761,0.5367117882,-0.0180926578,0.0419006775,-0.3056061294,0.1155000000,0.0000000000,0.7061338532,-0.0000000000,0.5235987756,-0.0000000000,0.0000000000,1.0000000000,0.0000000000,0.0000000000,0.0000000000,0.0000000000
0.0200000000,0.4977885347,0.2198561011,0.5587777228,0.0259198042,-0.3471120277,-0.7109160348,0.4112566726,-0.1639797761,0.5367117882,-0.0180926578,0.0419006775,-0.3056061294,0.1155000000,-0.0000000000,0.7061338532,-0.0000000000,0.5235987756,0.0000000000,0.0000000000,1.0000000000,0.0000000000,0.0000000000,0.0000000000,0.0000000000
0.0200000000,0.4968150445,0.2198361565,0.5584686287,0.0244694739,-0.3485894379,-0.7080523582,0.4112566726,-0.1639797761,0.5367117882,-0.0180926578,0.0419006775,-0.3056061294,0.1155000000,-0.0000000000,0.7061338532,0.0000000000,0.5235987756,0.0000000000,0.0000000000,1.0000000000,0.0000000000,0.0000000000,0.0000000000,0.0000000000
0.0200000000,0.4958976309,0.2198142350,0.5581677160,0.0226815522,-0.3499981274,-0.7051269618,0.4112566726,-0.1639797761,0.5367117882,-0.0180926578,0.0419006775,-0.3056061294,0.1155000000,-0.0000000000,0.7061338532,0.0000000000,0.5235987756,0.0000000000,0.0000000000,1.0000000000,0.0000000000,0.0000000000,0.0000000000,0.0000000000
0.0200000000,0.4951301449,0.2198106264,0.5579085197,0.0209383921,-0.3511698615,-0.7024274830,0.4112566726,-0.1639797761,0.5367117882,-0.0180926578,0.0419006775,-0.3056061294,0.1155000000,-0.0000000000,0.7061338532,0.0000000000,0.5235987756,0.0000000000,0.0000000000,1.0000000000,0.0000000000,0.0000000000,0.0000000000,0.0000000000
0.0200000000,0.4945083071,0.2198268298,0.5576910926,0.0193396439,-0.3521021758,-0.6999955399,0.4112566726,-0.1639797761,0.5367117882,-0.0180926578,0.0419006775,-0.3056061294,0.1155000000,-0.0000000000,0.7061338532,0.0000000000,0.5235987756,0.0000000000,0.0000000000,1.0000000000,0.0000000000,0.0000000000,0.0000000000,0.0000000000
0.0200000000,0.4940636649,0.2198711933,0.5575274900,0.0181032789,-0.3527281514,-0.6979734734,0.4112566726,-0.1639797761,0.5367117882,-0.0180926578,0.0419006775,-0.3056061294,0.1155000000,-0.0000000000,0.7061338532,0.0000000000,0.5235987756,0.0000000000,0.0000000000,1.0000000000,0.0000000000,0.0000000000,0.0000000000,0.0000000000
0.0200000000,0.4937923719,0.2199422082,0.5574148583,0.0172248083,-0.3530454001,-0.6963682077,0.4112566726,-0.1639797761,0.5367117882,-0.0180926578,0.0419006775,-0.3056061294,0.1155000000,-0.0000000000,0.7061338532,0.0000000000,0.5235987756,0.0000000000,0.0000000000,1.0000000000,0.0000000000,0.0000000000,0.0000000000,0.0000000000
0.0200000000,0.4936946576,0.2200397695,0.5573521571,0.0167141029,-0.3530437238,-0.6951942358,0.4112566726,-0.1639797761,0.5367117882,-0.0180926578,0.0419006775,-0.3056061294,0.1155000000,0.0000000000,0.7061338532,-0.0000000000,0.5235987756,-0.0000000000,0.0000000000,1.0000000000,0.0000000000,0.0000000000,0.0000000000,0.0000000000
0.0200000000,0.4937822025,0.2201672490,0.5573401252,0.0165937495,-0.3526720264,-0.6944898260,0.4112566726,-0.1639797761,0.5367117882,-0.0180926578,0.0419006775,-0.3056061294,0.1155000000,0.0000000000,0.7061338532,-0.0000000000,0.5235987756,-0.0000000000,0.0000000000,1.0000000000,0.0000000000,0.0000000000,0.0000000000,0.0000000000
0.0200000000,0.4940151824,0.2203152427,0.5573682161,0.0167912119,-0.3520004489,-0.6941919392,0.4112566726,-0.1639797761,0.5367117882,-0.0180926578,0.0419006775,-0.3056061294,0.1155000000,-0.0000000000,0.7061338532,0.0000000000,0.5235987756,0.0000000000,0.0000000000,1.0000000000,0.0000000000,0.0000000000,0.0000000000,0.0000000000
0.0200000000,0.4943688702,0.2204776475,0.5574301760,0.0172638887,-0.3510693869,-0.6942677700,0.4112566726,-0.1639797761,0.5367117882,-0.0180926578,0.0419006775,-0.3056061294,0.1155000000,-0.0000000000,0.7061338532,0.0000000000,0.5235987756,0.0000000000,0.0343089317,1.0000000000,0.0000000000,0.0000000000,0.0000000000,0.0000000000
0.0200000000,0.4948205914,0.2206511484,0.5575204329,0.0179643263,-0.3499229646,-0.6946588654,0.4112566726,-0.1639797761,0.5367117882,-0.0180926578,0.0419006775,-0.3056061294,0.1155000000,-0.0000000000,0.7061338532,0.0000000000,0.5235987756,0.0000000000,0.1009755984,1.0000000000,0.0000000000,0.0000000000,0.0000000000,0.0000000000
0.0200000000,0.4954099331,0.2208488669,0.5576498581,0.0189691337,-0.3484753809,-0.6954145281,0.4112566726,-0.1639797761,0.5367117882,-0.0180926578,0.0419006775,-0.3056061294,0.1155000000,-0.0000000000,0.7061338532,0.0000000000,0.5235987756,0.0000000000,0.1676422651,1.0000000000,0.0000000000,0.0000000000,0.0000000000,0.0000000000
0.0200000000,0.4961047636,0.2210530447,0.5578145252,0.0201711744,-0.3468469834,-0.6964889771,0.4112566726,-0.1639797761,0.5367117882,-0.0180926578,0.0419006775,-0.3056061294,0.1155000000,0.0000000000,0.7061338532,-0.0000000000,0.5235987756,-0.0000000000,0.2343089317,1.0000000000,0.0000000000,0.0000000000,0.0000000000,0.0000000000
0.0200000000,0.4967925874,0.2212268144,0.5579867137,0.0212618436,-0.3453342568,-0.6976491122,0.4112566726,-0.1639797761,0.5367117882,-0.0180926578,0.0419006775,-0.3056061294,0.1155000000,-0.0000000000,0.7061338532,0.0000000000,0.5235987756,0.0000000000,0.3009755984,1.0000000000,0.0000000000,0.0000000000,0.0000000000,0.0000000000
0.0200000000,0.4974003581,0.2213506745,0.5581418501,0.0219655523,-0.3441041996,-0.6986840698,0.4112566726,-0.1639797761,0.5367117882,-0.0180926578,0.0419006775,-0.3056061294,0.1155000000,0.0000000000,0.7061338532,-0.0000000000,0.5235987756,-0.0000000000,0.3676422651,1.0000000000,0.0000000000,0.0000000000,0.0000000000,0.0000000000
0.0200000000,0.4980215682,0.2214390165,0.5582998297,0.0222698945,-0.3429814955,-0.6997104593,0.4112566726,-0.1639797761,0.5367117882,-0.0180926578,0.0419006775,-0.3056061294,0.1155000000,-0.0000000000,0.7061338532,0.0000000000,0.5235987756,0.0000000000,0.4343089317,1.0000000000,0.0000000000,0.0000000000,0.0000000000,0.0000000000
0.0200000000,0.4987175544,0.2215005030,0.5584746737,0.0221672322,-0.3418544115,-0.7008086848,0.4112566726,-0.1639797761,0.5367117882,-0.0180926578,0.0419006775,-0.3056061294,0.1155000000,-0.0000000000,0.7061338532,0.0000000000,0.5235987756,0.0000000000,0.5009755984,1.0000000000,0.0000000000,0.0000000000,0.0000000000,0.0000000000
0.0200000000,0.4995225281,0.2215259403,0.5586760848,0.0215481192,-0.3407202381,-0.7020293393,0.4112566726,-0.1639797761,0.5367117882,-0.0180926578,0.0419006775,-0.3056061294,0.1155000000,-0.0000000000,0.7061338532,0.0000000000,0.5235987756,0.0000000000,0.5676422651,1.0000000000,0.0000000000,0.0000000000,0.0000000000,0.0000000000
0.0200000000,0.5004984610,0.2215243341,0.5589234036,0.0205071286,-0.3394675543,-0.7035075696,0.4112566726,-0.1639797761,0.5367117882,-0.0180926578,0.0419006775,-0.3056061294,0.1155000000,-0.0000000000,0.7061338532,0.0000000000,0.5235987756,0.0000000000,0.6343089317,1.0000000000,0.0000000000,0.0000000000,0.0000000000,0.0000000000
0.0200000000,0.5016185219,0.2215067930,0.5592101600,0.0192073293,-0.3380579566,-0.7052456760,0.4112566726,-0.1639797761,0.5367117882,-0.0180926578,0.0419006775,-0.3056061294,0.1155000000,-0.0000000000,0.7061338532,0.0000000000,0.5235987756,0.0000000000,0.7009755984,1.0000000000,0.0000000000,0.0000000000,0.0000000000,0.0000000000
0.0200000000,0.5026103494,0.2214915878,0.5594520932,0.0179274545,-0.3366602151,-0.7068252387,0.4112566726,-0.1639797761,0.5367117882,-0.0180926578,0.0419006775,-0.3056061294,0.1155000000,-0.0000000000,0.7061338532,0.0000000000,0.5235987756,0.0000000000,0.7676422651,1.0000000000,0.0000000000,0.0000000000,0.0000000000,0.0000000000
0.0200000000,0.5032819238,0.2214906510,0.5595825843,0.0167776813,-0.3353711816,-0.7079304646,0.4112566726,-0.1639797761,0.5367117882,-0.0180926578,0.0419006775,-0.3056061294,0.1155000000,-0.0000000000,0.7061338532,0.0000000000,0.5235987756,0.0000000000,0.8343089317,1.0000000000,0.0000000000,0.0000000000,0.0000000000,0.0000000000
0.0200000000,0.5035760752,0.2215044550,0.5595682261,0.0157040471,-0.3340903453,-0.7085469636,0.4112566726,-0.1639797761,0.5367117882,-0.0180926578,0.0419006775,-0.3056061294,0.1155000000,-0.0000000000,0.7061338532,0.0000000000,0.5235987756,0.0000000000,0.9009755984,1.0000000000,0.0000000000,0.0000000000,0.0000000000,0.0000000000
0.0200000000,0.5035269079,0.2215147410,0.5594286002,0.0147940344,-0.3328525848,-0.7088796578,0.4112566726,-0.1639797761,0.5367117882,-0.0180926578,0.0419006775,-0.3056061294,0.1155000000,-0.0000000000,0.7061338532,0.0000000000,0.5235987756,0.0000000000,0.9675686428,1.0000000000,0.0000000000,0.0000000000,0.0000000000,0.0000000000
0.0200000000,0.5031595872,0.2214893335,0.5591930464,0.0142604887,-0.3317852125,-0.7092309307,0.4112566726,-0.1639797761,0.5367117882,-0.0180926578,0.0419006775,-0.3056061294,0.1155000000,-0.0000000000,0.7061338532,0.0000000000,0.5235987756,0.0000000000,1.0000000000,1.0000000000,0.0000000000,0.0000000000,0.0000000000,0.0000000000
0.0200000000,0.5025727523,0.2213856668,0.5589322263,0.0144088103,-0.3311252784,-0.7100300212,0.4112566726,-0.1639797761,0.5367117882,-0.0180926578,0.0419006775,-0.3056061294,0.1155000000,-0.0000000000,0.7061338532,0.0000000000,0.5235987756,0.0000000000,1.0000000000,1.0000000000,0.0000000000,0.0000000000,0.0000000000,0.0000000000
0.0200000000,0.5019155144,0.2211695242,0.5587366043,0.0155106989,-0.3311410848,-0.7116498769,0.4112566726,-0.1639797761,0.5367117882,-0.0180926578,0.0419006775,-0.3056061294,0.1155000000,-0.0000000000,0.7061338532,0.0000000000,0.5235987756,0.0000000000,1.0000000000,1.0000000000,0.0000000000,0.0000000000,0.0000000000,0.0000000000
0.0200000000,0.5013151944,0.2208035526,0.5586901824,0.0178659801,-0.3321185388,-0.7144644991,0.4112566726,-0.1639797761,0.5367117882,-0.0180926578,0.0419006775,-0.3056061294,0.1155000000,0.0000000000,0.7061338532,-0.0000000000,0.5235987756,-0.0000000000,1.0000000000,1.0000000000,0.0000000000,0.0000000000,0.0000000000,0.0000000000
0.0200000000,0.5008316377,0.2203010135,0.5588120363,0.0213882360,-0.3340541860,-0.7183824491,0.4112566726,-0.1639797761,0.5367117882,-0.0180926578,0.0419006775,-0.3056061294,0.1155000000,0.0000000000,0.7061338532,-0.0000000000,0.5235987756,-0.0000000000,1.0000000000,1.0000000000,0.0000000000,0.0000000000,0.0000000000,0.0000000000
0.0200000000,0.5005164291,0.2197467694,0.5590710125,0.0254723713,-0.3366358572,-0.7226880438,0.4112566726,-0.1639797761,0.5367117882,-0.0180926578,0.0419006775,-0.3056061294,0.1155000000,-0.0000000000,0.7061338532,0.0000000000,0.5235987756,0.0000000000,1.0000000000,1.0000000000,0.0000000000,0.0000000000,0.0000000000,0.0000000000
0.0200000000,0.5003333297,0.2192262962,0.5593803341,0.0292635192,-0.3393836206,-0.7265639112,0.4112566726,-0.1639797761,0.5367117882,-0.0180926578,0.0419006775,-0.3056061294,0.1155000000,0.0000000000,0.7061338532,-0.0000000000,0.5235987756,-0.0000000000,1.0000000000,1.0000000000,0.0000000000,0.0000000000,0.0000000000,0.0000000000
0.0200000000,0.5002205231,0.2187386396,0.5597010739,0.0325361820,-0.3422020227,-0.7299018994,0.4112566726,-0.1639797761,0.5367117882,-0.0180926578,0.0419006775,-0.3056061294,0.1155000000,-0.0000000000,0.7061338532,0.0000000000,0.5235987756,0.0000000000,1.0000000000,1.0000000000,0.0000000000,0.0000000000,0.0000000000,0.0000000000
0.0200000000,0.5001232356,0.2182723472,0.5600001916,0.0350005762,-0.3450575740,-0.7325990241,0.4112566726,-0.1639797761,0.5367117882,-0.0180926578,0.0419006775,-0.3056061294,0.1155000000,-0.0000000000,0.7061338532,0.0000000000,0.5235987756,0.0000000000,1.0000000000,1.0000000000,0.0000000000,0.0000000000,0.0000000000,0.0000000000
0.0200000000,0.5000336331,0.2178329596,0.5602747673,0.0368242811,-0.3478668788,-0.7347660360,0.4112566726,-0.1639797761,0.5367117882,-0.0180926578,0.0419006775,-0.3056061294,0.1155000000,-0.0000000000,0.7061338532,0.0000000000,0.5235987756,0.0000000000,1.0000000000,1.0000000000,0.0000000000,0.0000000000,0.0000000000,0.0000000000
0.0200000000,0.4999410587,0.2174353030,0.5605113503,0.0380637749,-0.3504888501,-0.7364204200,0.4112566726,-0.1639797761,0.5367117882,-0.0180926578,0.0419006775,-0.3056061294,0.1155000000,0.0000000000,0.7061338532,-0.0000000000,0.5235987756,-0.0000000000,1.0000000000,1.0000000000,0.0000000000,0.0000000000,0.0000000000,0.0000000000
0.0200000000,0.4998465434,0.2170746598,0.5607157998,0.0387960920,-0.3529561752,-0.7376194418,0.4112566726,-0.1639797761,0.5367117882,-0.0180926578,0.0419006775,-0.3056061294,0.1155000000,-0.0000000000,0.7061338532,0.0000000000,0.5235987756,0.0000000000,1.0000000000,1.0000000000,0.0000000000,0.0000000000,0.0000000000,0.0000000000
0.0200000000,0.4997478212,0.2167385563,0.5609040145,0.0393379637,-0.3553254739,-0.7385935086,0.4112566726,-0.1639797761,0.5367117882,-0.0180926578,0.0419006775,-0.3056061294,0.1155000000,0.0000000000,0.7061338532,-0.0000000000,0.5235987756,-0.0000000000,1.0000000000,1.0000000000,0.0000000000,0.0000000000,0.0000000000,0.0000000000
0.0200000000,0.4996539955,0.2164474040,0.5610644664,0.0396800607,-0.3574283007,-0.7393192717,0.4112566726,-0.1639797761,0.5367117882,-0.0180926578,0.0419006775,-0.3056061294,0.1155000000,-0.0000000000,0.7061338532,0.0000000000,0.5235987756,0.0000000000,1.0000000000,1.0000000000,0.0000000000,0.0000000000,0.0000000000,0.0000000000
0.0200000000,0.4995509843,0.2161699918,0.5612149174,0.0398471646,-0.3595278676,-0.7398351008,0.4112566726,-0.1639797761,0.5367117882,-0.0180926578,0.0419006775,-0.3056061294,0.1155000000,-0.0000000000,0.7061338532,0.0000000000,0.5235987756,0.0000000000,1.0000000000,1.0000000000,0.0000000000,0.0000000000,0.0000000000,0.0000000000
0.0200000000,0.4994167739,0.2158630988,0.5613824485,0.0399318762,-0.3619931998,-0.7402220642,0.4112566726,-0.1639797761,0.5367117882,-0.0180926578,0.0419006775,-0.3056061294,0.1155000000,-0.0000000000,0.7061338532,0.0000000000,0.5235987756,0.0000000000,1.0000000000,1.0000000000,0.0000000000,0.0000000000,0.0000000000,0.0000000000
0.0200000000,0.4992413876,0.2155035115,0.5615817234,0.0399666784,-0.3650085534,-0.7405285787,0.4112566726,-0.1639797761,0.5367117882,-0.0180926578,0.0419006775,-0.3056061294,0.1155000000,-0.0000000000,0.7061338532,0.0000000000,0.5235987756,0.0000000000,1.0000000000,1.0000000000,0.0000000000,0.0000000000,0.0000000000,0.0000000000
0.0200000000,0.4990352195,0.2151219440,0.5617966005,0.0399170122,-0.3683491055,-0.7406842999,0.4112566726,-0.1639797761,0.5367117882,-0.0180926578,0.0419006775,-0.3056061294,0.1155000000,-0.0000000000,0.7061338532,0.0000000000,0.5235987756,0.0000000000,1.0000000000,1.0000000000,0.0000000000,0.0000000000,0.0000000000,0.0000000000
0.0200000000,0.4988061537,0.2147680058,0.5620010167,0.0397373312,-0.3717169326,-0.7405198574,0.4112566726,-0.1639797761,0.5367117882,-0.0180926578,0.0419006775,-0.3056061294,0.1155000000,-0.0000000000,0.7061338532,0.0000000000,0.5235987756,0.0000000000,1.0000000000,1.0000000000,0.0000000000,0.0000000000,0.0000000000,0.0000000000
0.0200000000,0.4985561054,0.2144360676,0.5621982102,0.0394432054,-0.3751282973,-0.7400783783,0.4112566726,-0.1639797761,0.5367117882,-0.0180926578,0.0419006775,-0.3056061294,0.1155000000,-0.0000000000,0.7061338532,0.0000000000,0.5235987756,0.0000000000,1.0000000000,1.0000000000,0.0000000000,0.0000000000,0.0000000000,0.0000000000
0.0200000000,0.4983197012,0.2141523458,0.5623718770,0.0391095315,-0.3782145600,-0.7395130111,0.4112566726,-0.1639797761,0.5367117882,-0.0180926578,0.0419006775,-0.3056061294,0.1155000000,-0.0000000000,0.7061338532,0.0000000000,0.5235987756,0.0000000000,1.0000000000,1.0000000000,0.0000000000,0.0000000000,0.0000000000,0.0000000000
0.0200000000,0.4981150105,0.2139340239,0.5625097086,0.0387694486,-0.3807588089,-0.7388886662,0.4112566726,-0.1639797761,0.5367117882,-0.0180926578,0.0419006775,-0.3056061294,0.1155000000,-0.0000000000,0.7061338532,0.0000000000,0.5235987756,0.0000000000,1.0000000000,1.0000000000,0.0000000000,0.0000000000,0.0000000000,0.0000000000
0.0200000000,0.4979266035,0.2137631633,0.5626223940,0.0383964257,-0.3829693825,-0.7381541692,0.4112566726,-0.1639797761,0.5367117882,-0.0180926578,0.0419006775,-0.3056061294,0.1155000000,-0.0000000000,0.7061338532,0.0000000000,0.5235987756,0.0000000000,1.0000000000,1.0000000000,0.0000000000,0.0000000000,0.0000000000,0.0000000000
0.0200000000,0.4977278475,0.2136091019,0.5627311218,0.0379444080,-0.3852169195,-0.7372154203,0.4112566726,-0.1639797761,0.5367117882,-0.0180926578,0.0419006775,-0.3056061294,0.1155000000,-0.0000000000,0.7061338532,0.0000000000,0.5235987756,0.0000000000,1.0000000000,1.0000000000,0.0000000000,0.0000000000,0.0000000000,0.0000000000
0.0200000000,0.4975083158,0.2134565101,0.5628453757,0.0374063647,-0.3876455441,-0.7360693000,0.4112566726,-0.1639797761,0.5367117882,-0.0180926578,0.0419006775,-0.3056061294,0.1155000000,-0.0000000000,0.7061338532,0.0000000000,0.5235987756,0.0000000000,1.0000000000,1.0000000000,0.0000000000,0.0000000000,0.0000000000,0.0000000000
0.0200000000,0.4972825427,0.2133220357,0.5629553241,0.0368012116,-0.3900805719,-0.7347439008,0.4112566726,-0.1639797761,0.5367117882,-0.0180926578,0.0419006775,-0.3056061294,0.1155000000,-0.0000000000,0.7061338532,0.0000000000,0.5235987756,0.0000000000,1.0000000000,1.0000000000,0.0000000000,0.0000000000,0.0000000000,0.0000000000
0.0200000000,0.4970659091,0.2132188956,0.5630541929,0.0361521320,-0.3923808891,-0.7332704509,0.4112566726,-0.1639797761,0.5367117882,-0.0180926578,0.0419006775,-0.3056061294,0.1155000000,-0.0000000000,0.7061338532,0.0000000000,0.5235987756,0.0000000000,1.0000000000,1.0000000000,0.0000000000,0.0000000000,0.0000000000,0.0000000000
0.0200000000,0.4968598842,0.2131449160,0.5631408997,0.0354739081,-0.3945212983,-0.7316926974,0.4112566726,-0.1639797761,0.5367117882,-0.0180926578,0.0419006775,-0.3056061294,0.1155000000,-0.0000000000,0.7061338532,0.0000000000,0.5235987756,0.0000000000,1.0000000000,1.0000000000,0.0000000000,0.0000000000,0.0000000000,0.0000000000
0.0200000000,0.4966617731,0.2131174299,0.5632158019,0.0346899770,-0.3965800187,-0.7297764635,0.4112566726,-0.1639797761,0.5367117882,-0.0180926578,0.0419006775,-0.3056061294,0.1155000000,0.0000000000,0.7061338532,-0.0000000000,0.5235987756,-0.0000000000,1.0000000000,1.0000000000,0.0000000000,0.0000000000,0.0000000000,0.0000000000
0.0200000000,0.4964652226,0.2131423226,0.5632823023,0.0337460632,-0.3986589429,-0.7273667841,0.4112566726,-0.1639797761,0.5367117882,-0.0180926578,0.0419006775,-0.3056061294,0.1155000000,-0.0000000000,0.7061338532,0.0000000000,0.5235987756,0.0000000000,1.0000000000,1.0000000000,0.0000000000,0.0000000000,0.0000000000,0.0000000000
0.0200000000,0.4962941247,0.2132223740,0.5633331155,0.0327311719,-0.4005370442,-0.7246745532,0.4112566726,-0.1639797761,0.5367117882,-0.0180926578,0.0419006775,-0.3056061294,0.1155000000,-0.0000000000,0.7061338532,0.0000000000,0.5235987756,0.0000000000,1.0000000000,1.0000000000,0.0000000000,0.0000000000,0.0000000000,0.0000000000
0.0200000000,0.4961818632,0.2133676538,0.5633574648,0.0317463196,-0.4019233318,-0.7219192195,0.4112566726,-0.1639797761,0.5367117882,-0.0180926578,0.0419006775,-0.3056061294,0.1155000000,-0.0000000000,0.7061338532,0.0000000000,0.5235987756,0.0000000000,1.0000000000,1.0000000000,0.0000000000,0.0000000000,0.0000000000,0.0000000000
0.0200000000,0.4961264457,0.2135685249,0.5633591812,0.0308063753,-0.4028588286,-0.7191471418,0.4112566726,-0.1639797761,0.5367117882,-0.0180926578,0.0419006775,-0.3056061294,0.1155000000,-0.0000000000,0.7061338532,0.0000000000,0.5235987756,0.0000000000,1.0000000000,1.0000000000,0.0000000000,0.0000000000,0.0000000000,0.0000000000
0.0200000000,0.4961347629,0.2138226798,0.5633388083,0.0299387850,-0.4033103492,-0.7164186423,0.4112566726,-0.1639797761,0.5367117882,-0.0180926578,0.0419006775,-0.3056061294,0.1155000000,0.0000000000,0.7061338532,-0.0000000000,0.5235987756,-0.0000000000,1.0000000000,1.0000000000,0.0000000000,0.0000000000,0.0000000000,0.0000000000
0.0200000000,0.4961965145,0.2141240715,0.5633013742,0.0291167947,-0.4033835721,-0.7136766424,0.4112566726,-0.1639797761,0.5367117882,-0.0180926578,0.0419006775,-0.3056061294,0.1155000000,0.0000000000,0.7061338532,-0.0000000000,0.5235987756,-0.0000000000,1.0000000000,1.0000000000,0.0000000000,0.0000000000,0.0000000000,0.0000000000
0.0200000000,0.4963091712,0.2144699275,0.5632491931,0.0283356599,-0.4031125802,-0.7109108971,0.4112566726,-0.1639797761,0.5367117882,-0.0180926578,0.0419006775,-0.3056061294,0.1155000000,-0.0000000000,0.7061338532,0.0000000000,0.5235987756,0.0000000000,1.0000000000,1.0000000000,0.0000000000,0.0000000000,0.0000000000,0.0000000000
0.0200000000,0.4964472890,0.2148147198,0.5631919361,0.0276558787,-0.4026256914,-0.7083845701,0.4112566726,-0.1639797761,0.5367117882,-0.0180926578,0.0419006775,-0.3056061294,0.1155000000,0.0000000000,0.7061338532,-0.0000000000,0.5235987756,-0.0000000000,1.0000000000,1.0000000000,0.0000000000,0.0000000000,0.0000000000,0.0000000000
0.0200000000,0.4965997403,0.2151373527,0.5631343540,0.0271075409,-0.4019822507,-0.7062227471,0.4112566726,-0.1639797761,0.5367117882,-0.0180926578,0.0419006775,-0.3056061294,0.1155000000,-0.0000000000,0.7061338532,0.0000000000,0.5235987756,0.0000000000,1.0000000000,1.0000000000,0.0000000000,0.0000000000,0.0000000000,0.0000000000
0.0200000000,0.4968024096,0.2155230855,0.5630590511,0.0265378628,-0.4010042666,-0.7038503049,0.4112566726,-0.1639797761,0.5367117882,-0.0180926578,0.0419006775,-0.3056061294,0.1155000000,-0.0000000000,0.7061338532,0.0000000000,0.5235987756,0.0000000000,1.0000000000,1.0000000000,0.0000000000,0.0000000000,0.0000000000,0.0000000000
0.0200000000,0.4970527095,0.2159827800,0.5629643353,0.0259036738,-0.3997069788,-0.7011442215,0.4112566726,-0.1639797761,0.5367117882,-0.0180926578,0.0419006775,-0.3056061294,0.1155000000,-0.0000000000,0.7061338532,0.0000000000,0.5235987756,0.0000000000,1.0000000000,1.0000000000,0.0000000000,0.0000000000,0.0000000000,0.0000000000
0.0200000000,0.4973010193,0.2164514212,0.5628564940,0.0252683325,-0.3982536277,-0.6984704517,0.4112566726,-0.1639797761,0.5367117882,-0.0180926578,0.0419006775,-0.3056061294,0.1155000000,-0.0000000000,0.7061338532,0.0000000000,0.5235987756,0.0000000000,1.0000000000,1.0000000000,0.0000000000,0.0000000000,0.0000000000,0.0000000000
0.0200000000,0.4975006860,0.2168668885,0.5627478217,0.0246759516,-0.3968903984,-0.6961096035,0.4112566726,-0.1639797761,0.5367117882,-0.0180926578,0.0419006775,-0.3056061294,0.1155000000,0.0000000000,0.7061338532,-0.0000000000,0.5235987756,-0.0000000000,1.0000000000,1.0000000000,0.0000000000,0.0000000000,0.0000000000,0.0000000000
0.0200000000,0.4976186587,0.2171808823,0.5626493469,0.0241655070,-0.3958207779,-0.6942797189,0.4112566726,-0.1639797761,0.5367117882,-0.0180926578,0.0419006775,-0.3056061294,0.1155000000,-0.0000000000,0.7061338532,0.0000000000,0.5235987756,0.0000000000,1.0000000000,1.0000000000,0.0000000000,0.0000000000,0.0000000000,0.0000000000
0.0200000000,0.4976486501,0.2174774029,0.5625224171,0.0235063320,-0.3948215793,-0.6923550572,0.4112566726,-0.1639797761,0.5367117882,-0.0180926578,0.0419006775,-0.3056061294,0.1155000000,-0.0000000000,0.7061338532,0.0000000000,0.5235987756,0.0000000000,1.0000000000,1.0000000000,0.0000000000,0.0000000000,0.0000000000,0.0000000000
0.0200000000,0.4975900293,0.2177714066,0.5623612648,0.0226562072,-0.3938656042,-0.6902141860,0.4112566726,-0.1639797761,0.5367117882,-0.0180926578,0.0419006775,-0.3056061294,0.1155000000,-0.0000000000,0.7061338532,0.0000000000,0.5235987756,0.0000000000,1.0000000000,1.0000000000,0.0000000000,0.0000000000,0.0000000000,0.0000000000
0.0200000000,0.4973942627,0.2180326226,0.5621621627,0.0215764130,-0.3930986983,-0.6879142179,0.4112566726,-0.1639797761,0.5367117882,-0.0180926578,0.0419006775,-0.3056061294,0.1155000000,-0.0000000000,0.7061338532,0.0000000000,0.5235987756,0.0000000000,1.0000000000,1.0000000000,0.0000000000,0.0000000000,0.0000000000,0.0000000000
0.0200000000,0.4970071726,0.2182756838,0.5618987068,0.0201061008,-0.3925228458,-0.6851909644,0.4112566726,-0.1639797761,0.5367117882,-0.0180926578,0.0419006775,-0.3056061294,0.1155000000,-0.0000000000,0.7061338532,0.0000000000,0.5235987756,0.0000000000,1.0000000000,1.0000000000,0.0000000000,0.0000000000,0.0000000000,0.0000000000
0.0200000000,0.4963925663,0.2185086995,0.5615553865,0.0181428920,-0.3921516481,-0.6818735644,0.4112566726,-0.1639797761,0.5367117882,-0.0180926578,0.0419006775,-0.3056061294,0.1155000000,-0.0000000000,0.7061338532,0.0000000000,0.5235987756,0.0000000000,1.0000000000,1.0000000000,0.0000000000,0.0000000000,0.0000000000,0.0000000000
0.0200000000,0.4955086762,0.2187281701,0.5611216155,0.0156012023,-0.3920481674,-0.6778492461,0.4112566726,-0.1639797761,0.5367117882,-0.0180926578,0.0419006775,-0.3056061294,0.1155000000,-0.0000000000,0.7061338532,0.0000000000,0.5235987756,0.0000000000,1.0000000000,1.0000000000,0.0000000000,0.0000000000,0.0000000000,0.0000000000
0.0200000000,0.4943721638,0.2189524028,0.5605993561,0.0124801146,-0.3921531163,-0.6730319993,0.4112566726,-0.1639797761,0.5367117882,-0.0180926578,0.0419006775,-0.3056061294,0.1155000000,-0.0000000000,0.7061338532,0.0000000000,0.5235987756,0.0000000000,1.0000000000,1.0000000000,0.0000000000,0.0000000000,0.0000000000,0.0000000000
0.0200000000,0.4929804032,0.2191869130,0.5599900977,0.0087686331,-0.3924622372,-0.6673695544,0.4112566726,-0.1639797761,0.5367117882,-0.0180926578,0.0419006775,-0.3056061294,0.1155000000,-0.0000000000,0.7061338532,0.0000000000,0.5235987756,0.0000000000,1.0000000000,1.0000000000,0.0000000000,0.0000000000,0.0000000000,0.0000000000
0.0200000000,0.4914803336,0.2194131358,0.5593595803,0.0048512328,-0.3929316045,-0.6614137352,0.4112566726,-0.1639797761,0.5367117882,-0.0180926578,0.0419006775,-0.3056061294,0.1155000000,-0.0000000000,0.7061338532,0.0000000000,0.5235987756,0.0000000000,1.0000000000,1.0000000000,0.0000000000,0.0000000000,0.0000000000,0.0000000000
0.0200000000,0.4900123072,0.2196145251,0.5587653473,0.0010856988,-0.3934989265,-0.6556949252,0.4112566726,-0.1639797761,0.5367117882,-0.0180926578,0.0419006775,-0.3056061294,0.1155000000,-0.0000000000,0.7061338532,0.0000000000,0.5235987756,0.0000000000,1.0000000000,1.0000000000,0.0000000000,0.0000000000,0.0000000000,0.0000000000
0.0200000000,0.4887044825,0.2197730367,0.5582545844,-0.0022300725,-0.3941026504,-0.6506725274,0.4112566726,-0.1639797761,0.5367117882,-0.0180926578,0.0419006775,-0.3056061294,0.1155000000,-0.0000000000,0.7061338532,0.0000000000,0.5235987756,0.0000000000,1.0000000000,1.0000000000,0.0000000000,0.0000000000,0.0000000000,0.0000000000
0.0200000000,0.4873565006,0.2199348251,0.5577485697,-0.0055375379,-0.3947864612,-0.6456449888,0.4112566726,-0.1639797761,0.5367117882,-0.0180926578,0.0419006775,-0.3056061294,0.1155000000,0.0000000000,0.7061338532,-0.0000000000,0.5235987756,-0.0000000000,1.0000000000,1.0000000000,0.0000000000,0.0000000000,0.0000000000,0.0000000000
0.0200000000,0.4858596281,0.2201255537,0.5572078847,-0.0090638208,-0.3955722556,-0.6402415517,0.4112566726,-0.1639797761,0.5367117882,-0.0180926578,0.0419006775,-0.3056061294,0.1155000000,-0.0000000000,0.7061338532,0.0000000000,0.5235987756,0.0000000000,1.0000000000,1.0000000000,0.0000000000,0.0000000000,0.0000000000,0.0000000000
0.0200000000,0.4844682280,0.2203357042,0.5567240631,-0.0121492273,-0.3962719032,-0.6354297412,0.4112566726,-0.1639797761,0.5367117882,-0.0180926578,0.0419006775,-0.3056061294,0.1155000000,-0.0000000000,0.7061338532,0.0000000000,0.5235987756,0.0000000000,1.0000000000,1.0000000000,0.0000000000,0.0000000000,0.0000000000,0.0000000000
0.0200000000,0.4833508658,0.2205560970,0.5563550026,-0.0143631923,-0.3967818523,-0.6318596766,0.4112566726,-0.1639797761,0.5367117882,-0.0180926578,0.0419006775,-0.3056061294,0.1155000000,0.0000000000,0.7061338532,-0.0000000000,0.5235987756,-0.0000000000,1.0000000000,1.0000000000,0.0000000000,0.0000000000,0.0000000000,0.0000000000
0.0200000000,0.4824220430,0.2208006878,0.5560680031,-0.0159007272,-0.3971462080,-0.6292348054,0.4112566726,-0.1639797761,0.5367117882,-0.0180926578,0.0419006775,-0.3056061294,0.1155000000,-0.0000000000,0.7061338532,0.0000000000,0.5235987756,0.0000000000,1.0000000000,1.0000000000,0.0000000000,0.0000000000,0.0000000000,0.0000000000
0.0200000000,0.4815243936,0.2210904426,0.5558034894,-0.0171548070,-0.3974240530,-0.6269487132,0.4112566726,-0.1639797761,0.5367117882,-0.0180926578,0.0419006775,-0.3056061294,0.1155000000,-0.0000000000,0.7061338532,0.0000000000,0.5235987756,0.0000000000,1.0000000000,1.0000000000,0.0000000000,0.0000000000,0.0000000000,0.0000000000
0.0200000000,0.4806320809,0.2214420708,0.5555548022,-0.0181299801,-0.3976107296,-0.6249704208,0.4112566726,-0.1639797761,0.5367117882,-0.0180926578,0.0419006775,-0.3056061294,0.1155000000,-0.0000000000,0.7061338532,0.0000000000,0.5235987756,0.0000000000,1.0000000000,1.0000000000,0.0000000000,0.0000000000,0.0000000000,0.0000000000
0.0200000000,0.4797853298,0.2218381514,0.5553343464,-0.0187780700,-0.3977085414,-0.6234011371,0.4112566726,-0.1639797761,0.5367117882,-0.0180926578,0.0419006775,-0.3056061294,0.1155000000,-0.0000000000,0.7061338532,0.0000000000,0.5235987756,0.0000000000,1.0000000000,1.0000000000,0.0000000000,0.0000000000,0.0000000000,0.0000000000
0.0200000000,0.4789973247,0.2222412135,0.5551387324,-0.0192266750,-0.3977532784,-0.6221132655,0.4112566726,-0.1639797761,0.5367117882,-0.0180926578,0.0419006775,-0.3056061294,0.1155000000,-0.0000000000,0.7061338532,0.0000000000,0.5235987756,0.0000000000,1.0000000000,1.0000000000,0.0000000000,0.0000000000,0.0000000000,0.0000000000
0.0200000000,0.4783059919,0.2226008929,0.5549701113,-0.0195923316,-0.3977795719,-0.6210139453,0.4112566726,-0.1639797761,0.5367117882,-0.0180926578,0.0419006775,-0.3056061294,0.1155000000,-0.0000000000,0.7061338532,0.0000000000,0.5235987756,0.0000000000,1.0000000000,1.0000000000,0.0000000000,0.0000000000,0.0000000000,0.0000000000
0.0200000000,0.4777810914,0.2228807398,0.5548451553,-0.0198391827,-0.3977934986,-0.6202115043,0.4112566726,-0.1639797761,0.5367117882,-0.0180926578,0.0419006775,-0.3056061294,0.1155000000,0.0000000000,0.7061338532,-0.0000000000,0.5235987756,-0.0000000000,1.0000000000,1.0000000000,0.0000000000,0.0000000000,0.0000000000,0.0000000000
0.0200000000,0.4773902022,0.2231075866,0.5547568790,-0.0199421819,-0.3977831690,-0.6197033623,0.4112566726,-0.1639797761,0.5367117882,-0.0180926578,0.0419006775,-0.3056061294,0.1155000000,0.0000000000,0.7061338532,-0.0000000000,0.5235987756,-0.0000000000,1.0000000000,1.0000000000,0.0000000000,0.0000000000,0.0000000000,0.0000000000
0.0200000000,0.4770583982,0.2233253437,0.5546872578,-0.0199202868,-0.3977396438,-0.6193959897,0.4112566726,-0.1639797761,0.5367117882,-0.0180926578,0.0419006775,-0.3056061294,0.1155000000,-0.0000000000,0.7061338532,0.0000000000,0.5235987756,0.0000000000,1.0000000000,1.0000000000,0.0000000000,0.0000000000,0.0000000000,0.0000000000
0.0200000000,0.4767106673,0.2235779317,0.5546188427,-0.0197915848,-0.3976536380,-0.6191968464,0.4112566726,-0.1639797761,0.5367117882,-0.0180926578,0.0419006775,-0.3056061294,0.1155000000,-0.0000000000,0.7061338532,0.0000000000,0.5235987756,0.0000000000,1.0000000000,1.0000000000,0.0000000000,0.0000000000,0.0000000000,0.0000000000
0.0200000000,0.4762482253,0.2239267503,0.5545299617,-0.0195633196,-0.3975068870,-0.6190035488,0.4112566726,-0.1639797761,0.5367117882,-0.0180926578,0.0419006775,-0.3056061294,0.1155000000,-0.0000000000,0.7061338532,0.0000000000,0.5235987756,0.0000000000,1.0000000000,1.0000000000,0.0000000000,0.0000000000,0.0000000000,0.0000000000
0.0200000000,0.4756016526,0.2244084819,0.5544054060,-0.0192661956,-0.3972962832,-0.6187158199,0.4112566726,-0.1639797761,0.5367117882,-0.0180926578,0.0419006775,-0.3056061294,0.1155000000,-0.0000000000,0.7061338532,0.0000000000,0.5235987756,0.0000000000,1.0000000000,1.0000000000,0.0000000000,0.0000000000,0.0000000000,0.0000000000
0.0200000000,0.4747584279,0.2250297528,0.5542454322,-0.0188992218,-0.3970288509,-0.6183241039,0.4112566726,-0.1639797761,0.5367117882,-0.0180926578,0.0419006775,-0.3056061294,0.1155000000,-0.0000000000,0.7061338532,0.0000000000,0.5235987756,0.0000000000,1.0000000000,1.0000000000,0.0000000000,0.0000000000,0.0000000000,0.0000000000
0.0200000000,0.4737870615,0.2257498576,0.5540676301,-0.0184448132,-0.3967147410,-0.6179168947,0.4112566726,-0.1639797761,0.5367117882,-0.0180926578,0.0419006775,-0.3056061294,0.1155000000,-0.0000000000,0.7061338532,0.0000000000,0.5235987756,0.0000000000,1.0000000000,1.0000000000,0.0000000000,0.0000000000,0.0000000000,0.0000000000
0.0200000000,0.4726921261,0.2265661829,0.5538711919,-0.0179078440,-0.3963212036,-0.6175011302,0.4112566726,-0.1639797761,0.5367117882,-0.0180926578,0.0419006775,-0.3056061294,0.1155000000,-0.0000000000,0.7061338532,0.0000000000,0.5235987756,0.0000000000,1.0000000000,1.0000000000,0.0000000000,0.0000000000,0.0000000000,0.0000000000
0.0200000000,0.4714257036,0.2275116498,0.5536448293,-0.0172824086,-0.3957924737,-0.6170505983,0.4112566726,-0.1639797761,0.5367117882,-0.0180926578,0.0419006775,-0.3056061294,0.1155000000,-0.0000000000,0.7061338532,0.0000000000,0.5235987756,0.0000000000,1.0000000000,1.0000000000,0.0000000000,0.0000000000,0.0000000000,0.0000000000
0.0200000000,0.4700067338,0.2285714647,0.5533977960,-0.0165662813,-0.3951550268,-0.6165888732,0.4112566726,-0.1639797761,0.5367117882,-0.0180926578,0.0419006775,-0.3056061294,0.1155000000,-0.0000000000,0.7061338532,0.0000000000,0.5235987756,0.0000000000,1.0000000000,1.0000000000,0.0000000000,0.0000000000,0.0000000000,0.0000000000
0.0200000000,0.4684986617,0.2296958686,0.5531360525,-0.0158315950,-0.3943937877,-0.6160849098,0.4112566726,-0.1639797761,0.5367117882,-0.0180926578,0.0419006775,-0.3056061294,0.1155000000,-0.0000000000,0.7061338532,0.0000000000,0.5235987756,0.0000000000,1.0000000000,1.0000000000,0.0000000000,0.0000000000,0.0000000000,0.0000000000
0.0200000000,0.4669449115,0.2308497139,0.5528662740,-0.0151145792,-0.3935222651,-0.6155374238,0.4112566726,-0.1639797761,0.5367117882,-0.0180926578,0.0419006775,-0.3056061294,0.1155000000,-0.0000000000,0.7061338532,0.0000000000,0.5235987756,0.0000000000,1.0000000000,1.0000000000,0.0000000000,0.0000000000,0.0000000000,0.0000000000
0.0200000000,0.4653005039,0.2320704895,0.5525780755,-0.0144009534,-0.3924826733,-0.6149137932,0.4112566726,-0.1639797761,0.5367117882,-0.0180926578,0.0419006775,-0.3056061294,0.1155000000,0.0000000000,0.7061338532,-0.0000000000,0.5235987756,-0.0000000000,1.0000000000,1.0000000000,0.0000000000,0.0000000000,0.0000000000,0.0000000000
0.0200000000,0.4634852780,0.2334241547,0.5522498289,-0.0136832874,-0.3911454580,-0.6141337794,0.4112566726,-0.1639797761,0.5367117882,-0.0180926578,0.0419006775,-0.3056061294,0.1155000000,-0.0000000000,0.7061338532,0.0000000000,0.5235987756,0.0000000000,1.0000000000,1.0000000000,0.0000000000,0.0000000000,0.0000000000,0.0000000000
0.0200000000,0.4614977737,0.2349139912,0.5518829960,-0.0129619012,-0.3894901701,-0.6131904397,0.4112566726,-0.1639797761,0.5367117882,-0.0180926578,0.0419006775,-0.3056061294,0.1155000000,-0.0000000000,0.7061338532,0.0000000000,0.5235987756,0.0000000000,1.0000000000,1.0000000000,0.0000000000,0.0000000000,0.0000000000,0.0000000000
0.0200000000,0.4592276066,0.2366348825,0.5514463729,-0.0122357980,-0.3872976140,-0.6119505730,0.4112566726,-0.1639797761,0.5367117882,-0.0180926578,0.0419006775,-0.3056061294,0.1155000000,-0.0000000000,0.7061338532,0.0000000000,0.5235987756,0.0000000000,1.0000000000,1.0000000000,0.0000000000,0.0000000000,0.0000000000,0.0000000000
0.0200000000,0.4567917226,0.2385055700,0.5509607726,-0.0115533822,-0.3846189636,-0.6104426440,0.4112567002,-0.1639798148,0.5367117867,-0.0180929009,0.0419005772,-0.3056058248,0.1155000000,-0.0000000000,0.7061338532,0.0000000000,0.5235987756,0.0000000000,1.0000000000,1.0000000000,0.0000000000,0.0000000000,0.0000000000,0.0000000000
0.0200000000,0.4543536427,0.2404113525,0.5504495441,-0.0109826714,-0.3815496152,-0.6087052753,0.4112569099,-0.1639801090,0.5367117752,-0.0180947480,0.0418998142,-0.3056035094,0.1155000000,-0.0000000000,0.7061338532,0.0000000000,0.5235987756,0.0000000000,1.0000000000,1.0000000000,0.0000000000,0.0000000000,0.0000000000,0.0000000000
0.0200000000,0.4518625017,0.2424098455,0.5498866993,-0.0105421829,-0.3779080835,-0.6066054813,0.4112562323,-0.1639791370,0.5367118553,-0.0180883478,0.0419020448,-0.3056113481,0.1155000000,-0.0000000000,0.7061338532,0.0000000000,0.5235987756,0.0000000000,1.0000000000,1.0000000000,0.0000000000,0.0000000000,0.0000000000,0.0000000000
0.0200000000,0.4493421886,0.2444794086,0.5492844002,-0.0102114941,-0.3737732292,-0.6041932975,0.4112533756,-0.1639751629,0.5367120066,-0.0180632893,0.0419124200,-0.3056428431,0.1155000000,-0.0000000000,0.7061338532,0.0000000000,0.5235987756,0.0000000000,1.0000000000,1.0000000000,0.0000000000,0.0000000000,0.0000000000,0.0000000000
0.0200000000,0.4468778299,0.2465558526,0.5486592219,-0.0100017846,-0.3692617943,-0.6015250489,0.4112448984,-0.1639636268,0.5367118917,-0.0179945453,0.0419463404,-0.3057316383,0.1155000000,-0.0000000000,0.7061338532,0.0000000000,0.5235987756,0.0000000000,1.0000000000,1.0000000000,0.0000000000,0.0000000000,0.0000000000,0.0000000000
0.0200000000,0.4444493934,0.2486560212,0.5480065205,-0.0099013206,-0.3643527905,-0.5985835109,0.4112275342,-0.1639407548,0.5367101231,-0.0178697291,0.0420239142,-0.3058994285,0.1155000000,-0.0000000000,0.7061338532,0.0000000000,0.5235987756,0.0000000000,1.0000000000,1.0000000000,0.0000000000,0.0000000000,0.0000000000,0.0000000000
0.0200000000,0.4420279546,0.2508053929,0.5473189101,-0.0099004735,-0.3589957801,-0.5953338712,0.4111991713,-0.1639027295,0.5367035342,-0.0176971592,0.0421760540,-0.3061469135,0.1155000000,-0.0000000000,0.7061338532,0.0000000000,0.5235987756,0.0000000000,1.0000000000,1.0000000000,0.0000000000,0.0000000000,0.0000000000,0.0000000000
0.0200000000,0.4395674213,0.2530536538,0.5465761828,-0.0100086421,-0.3530302361,-0.5916639118,0.4111570954,-0.1638430779,0.5366849355,-0.0175102791,0.0424666636,-0.3064571239,0.1155000000,-0.0000000000,0.7061338532,0.0000000000,0.5235987756,0.0000000000,1.0000000000,1.0000000000,0.0000000000,0.0000000000,0.0000000000,0.0000000000
0.0200000000,0.4369713556,0.2554860754,0.5457565339,-0.0102074097,-0.3462531679,-0.5874508410,0.4111026310,-0.1637494677,0.5366437468,-0.0173763811,0.0429907218,-0.3067703299,0.1155000000,-0.0000000000,0.7061338532,0.0000000000,0.5235987756,0.0000000000,1.0000000000,1.0000000000,0.0000000000,0.0000000000,0.0000000000,0.0000000000
0.0200000000,0.4341624036,0.2581801022,0.5448379270,-0.0104916291,-0.3384319378,-0.5825426377,0.4110318349,-0.1635991179,0.5365675148,-0.0173452082,0.0438738152,-0.3070358503,0.1155000000,0.0000000000,0.7061338532,-0.0000000000,0.5235987756,-0.0000000000,1.0000000000,1.0000000000,0.0000000000,0.0000000000,0.0000000000,0.0000000000
0.0200000000,0.4311841500,0.2610961719,0.5438424127,-0.0108333427,-0.3296882044,-0.5770058652,0.4109287616,-0.1633584490,0.5364480769,-0.0174225100,0.0452062519,-0.3071715578,0.1155000000,-0.0000000000,0.7061338532,0.0000000000,0.5235987756,0.0000000000,1.0000000000,1.0000000000,0.0000000000,0.0000000000,0.0000000000,0.0000000000
0.0200000000,0.4281856644,0.2640823019,0.5428333660,-0.0111805372,-0.3205284263,-0.5711541162,0.4107653431,-0.1630166431,0.5362974782,-0.0175077133,0.0468711306,-0.3071266656,0.1155000000,-0.0000000000,0.7061338532,0.0000000000,0.5235987756,0.0000000000,1.0000000000,1.0000000000,0.0000000000,0.0000000000,0.0000000000,0.0000000000
0.0200000000,0.4253183491,0.2669822913,0.5418711506,-0.0114908275,-0.3114953720,-0.5653200064,0.4105003524,-0.1626056986,0.5361463609,-0.0174301638,0.0485248754,-0.3068884123,0.1155000000,-0.0000000000,0.7061338532,0.0000000000,0.5235987756,0.0000000000,1.0000000000,1.0000000000,0.0000000000,0.0000000000,0.0000000000,0.0000000000
0.0200000000,0.4227454813,0.2696132736,0.5410194826,-0.0117273611,-0.3032297809,-0.5599378359,0.4101512925,-0.1622334363,0.5360303742,-0.0171717931,0.0497168298,-0.3064937620,0.1155000000,-0.0000000000,0.7061338532,0.0000000000,0.5235987756,0.0000000000,1.0000000000,1.0000000000,0.0000000000,0.0000000000,0.0000000000,0.0000000000
0.0200000000,0.4205694475,0.2718639134,0.5403040034,-0.0119000560,-0.2960856494,-0.5552564911,0.4097632661,-0.1619591120,0.5359604047,-0.0168383370,0.0502879281,-0.3059190284,0.1155000000,-0.0000000000,0.7061338532,0.0000000000,0.5235987756,0.0000000000,1.0000000000,1.0000000000,0.0000000000,0.0000000000,0.0000000000,0.0000000000
0.0200000000,0.4186752664,0.2738521843,0.5396738460,-0.0120470890,-0.2896604169,-0.5510292788,0.4093583148,-0.1617630833,0.5359293984,-0.0164483230,0.0503575337,-0.3052082675,0.1155000000,-0.0000000000,0.7061338532,0.0000000000,0.5235987756,0.0000000000,1.0000000000,1.0000000000,0.0000000000,0.0000000000,0.0000000000,0.0000000000
0.0200000000,0.4168000672,0.2758586320,0.5390292967,-0.0122120919,-0.2829929803,-0.5466386814,0.4089132991,-0.1616068388,0.5359331167,-0.0159065079,0.0500205050,-0.3044203968,0.1155000000,0.0000000000,0.7061338532,-0.0000000000,0.5235987756,-0.0000000000,1.0000000000,1.0000000000,0.0000000000,0.0000000000,0.0000000000,0.0000000000
0.0200000000,0.4151226746,0.2777063443,0.5384082980,-0.0124210160,-0.2765450396,-0.5424161952,0.4084975929,-0.1614995839,0.5359649542,-0.0152306713,0.0494494700,-0.3038562518,0.1155000000,-0.0000000000,0.7061338532,0.0000000000,0.5235987756,0.0000000000,1.0000000000,1.0000000000,0.0000000000,0.0000000000,0.0000000000,0.0000000000
0.0200000000,0.4136446061,0.2793935242,0.5378018654,-0.0126941237,-0.2702769311,-0.5383554700,0.4081253874,-0.1614364673,0.5360096453,-0.0144885371,0.0488081611,-0.3035853769,0.1155000000,-0.0000000000,0.7061338532,0.0000000000,0.5235987756,0.0000000000,1.0000000000,1.0000000000,0.0000000000,0.0000000000,0.0000000000,0.0000000000
0.0200000000,0.4123661083,0.2809059173,0.5372174947,-0.0130236813,-0.2642801543,-0.5345247400,0.4078030669,-0.1614093290,0.5360511373,-0.0137829026,0.0482386131,-0.3035678156,0.1155000000,-0.0000000000,0.7061338532,0.0000000000,0.5235987756,0.0000000000,1.0000000000,1.0000000000,0.0000000000,0.0000000000,0.0000000000,0.0000000000
0.0200000000,0.4114677953,0.2820086889,0.5367574825,-0.0133352848,-0.2596066889,-0.5315862672,0.4075756075,-0.1614103312,0.5360775246,-0.0132706355,0.0478644877,-0.3037045445,0.1155000000,-0.0000000000,0.7061338532,0.0000000000,0.5235987756,0.0000000000,1.0000000000,1.0000000000,0.0000000000,0.0000000000,0.0000000000,0.0000000000
0.0200000000,0.4108331949,0.2828284755,0.5363791569,-0.0136450986,-0.2558310189,-0.5292611967,0.4074126588,-0.1614306545,0.5360908908,-0.0129094013,0.0476427398,-0.3039362241,0.1155000000,-0.0000000000,0.7061338532,0.0000000000,0.5235987756,0.0000000000,1.0000000000,1.0000000000,0.0000000000,0.0000000000,0.0000000000,0.0000000000
0.0200000000,0.4102494080,0.2836079361,0.5359939914,-0.0139939585,-0.2520227335,-0.5269571288,0.4072587487,-0.1614617787,0.5360956943,-0.0126073394,0.0474926733,-0.3042119235,0.1155000000,0.0000000000,0.7061338532,-0.0000000000,0.5235987756,-0.0000000000,1.0000000000,1.0000000000,0.0000000000,0.0000000000,0.0000000000,0.0000000000
0.0200000000,0.4097537663,0.2842965204,0.5356286113,-0.0143566224,-0.2484442610,-0.5248272326,0.4071246315,-0.1615021154,0.5360932332,-0.0123733280,0.0474122029,-0.3045214361,0.1155000000,-0.0000000000,0.7061338532,0.0000000000,0.5235987756,0.0000000000,1.0000000000,1.0000000000,0.0000000000,0.0000000000,0.0000000000,0.0000000000
0.0200000000,0.4093470931,0.2848675157,0.5353184298,-0.0146731102,-0.2454039532,-0.5230295676,0.4070131190,-0.1615409124,0.5360885301,-0.0121959625,0.0473624732,-0.3047938662,0.1155000000,0.0000000000,0.7061338532,-0.0000000000,0.5235987756,-0.0000000000,1.0000000000,1.0000000000,0.0000000000,0.0000000000,0.0000000000,0.0000000000
0.0200000000,0.4090556594,0.2852819573,0.5350856708,-0.0149202694,-0.2431287056,-0.5216951299,0.4069319980,-0.1615724674,0.5360828783,-0.0120810492,0.0473416413,-0.3050012311,0.1155000000,-0.0000000000,0.7061338532,0.0000000000,0.5235987756,0.0000000000,1.0000000000,1.0000000000,0.0000000000,0.0000000000,0.0000000000,0.0000000000
0.0200000000,0.4088552205,0.2855808092,0.5349032594,-0.0151309919,-0.2413695930,-0.5206834235,0.4068733621,-0.1616032281,0.5360745823,-0.0120235306,0.0473544933,-0.3051765280,0.1155000000,-0.0000000000,0.7061338532,0.0000000000,0.5235987756,0.0000000000,1.0000000000,1.0000000000,0.0000000000,0.0000000000,0.0000000000,0.0000000000
0.0200000000,0.4086840612,0.2858550229,0.5347201513,-0.0153578767,-0.2396259252,-0.5197051565,0.4068182904,-0.1616463220,0.5360610105,-0.0120102957,0.0473989319,-0.3053747435,0.1155000000,0.0000000000,0.7061338532,-0.0000000000,0.5235987756,-0.0000000000,1.0000000000,1.0000000000,0.0000000000,0.0000000000,0.0000000000,0.0000000000
0.0200000000,0.4084751805,0.2861971554,0.5344885084,-0.0156454476,-0.2374141861,-0.5184741015,0.4067479308,-0.1617111001,0.5360409860,-0.0120179497,0.0474652030,-0.3056423497,0.1155000000,-0.0000000000,0.7061338532,0.0000000000,0.5235987756,0.0000000000,1.0000000000,1.0000000000,0.0000000000,0.0000000000,0.0000000000,0.0000000000
0.0200000000,0.4082160956,0.2866203982,0.5342003844,-0.0159990836,-0.2346535468,-0.5169387971,0.4066602902,-0.1617964160,0.5360150161,-0.0120386616,0.0475498965,-0.3059809184,0.1155000000,-0.0000000000,0.7061338532,0.0000000000,0.5235987756,0.0000000000,1.0000000000,1.0000000000,0.0000000000,0.0000000000,0.0000000000,0.0000000000
0.0200000000,0.4079387253,0.2870815727,0.5338810392,-0.0163955289,-0.2315835174,-0.5152424231,0.4065635303,-0.1618994375,0.5359833390,-0.0120855613,0.0476578579,-0.3063717595,0.1155000000,0.0000000000,0.7061338532,-0.0000000000,0.5235987756,-0.0000000000,1.0000000000,1.0000000000,0.0000000000,0.0000000000,0.0000000000,0.0000000000
0.0200000000,0.4076536115,0.2875789548,0.5335391375,-0.0168335334,-0.2282547016,-0.5134290275,0.4064547677,-0.1620312511,0.5359429430,-0.0121799381,0.0477987136,-0.3068374326,0.1155000000,-0.0000000000,0.7061338532,0.0000000000,0.5235987756,0.0000000000,1.0000000000,1.0000000000,0.0000000000,0.0000000000,0.0000000000,0.0000000000
0.0200000000,0.4073615636,0.2881205438,0.5331725832,-0.0172939920,-0.2246293605,-0.5114752742,0.4063317583,-0.1622033617,0.5358905670,-0.0123440531,0.0479852722,-0.3074054583,0.1155000000,-0.0000000000,0.7061338532,0.0000000000,0.5235987756,0.0000000000,1.0000000000,1.0000000000,0.0000000000,0.0000000000,0.0000000000,0.0000000000
0.0200000000,0.4070637866,0.2886992974,0.5327878523,-0.0178268806,-0.2207598209,-0.5094311653,0.4061935509,-0.1624059276,0.5358292107,-0.0125549412,0.0482027151,-0.3080513715,0.1155000000,-0.0000000000,0.7061338532,0.0000000000,0.5235987756,0.0000000000,1.0000000000,1.0000000000,0.0000000000,0.0000000000,0.0000000000,0.0000000000
0.0200000000,0.4067622106,0.2893247822,0.5323890286,-0.0185187263,-0.2166439238,-0.5073427036,0.4060318285,-0.1626418281,0.5357582039,-0.0128073119,0.0484473167,-0.3087825806,0.1155000000,-0.0000000000,0.7061338532,0.0000000000,0.5235987756,0.0000000000,1.0000000000,1.0000000000,0.0000000000,0.0000000000,0.0000000000,0.0000000000
0.0200000000,0.4064621096,0.2899798177,0.5319820519,-0.0193743027,-0.2123568731,-0.5052511900,0.4058497646,-0.1629021841,0.5356804489,-0.0130861062,0.0487066008,-0.3095738962,0.1155000000,-0.0000000000,0.7061338532,0.0000000000,0.5235987756,0.0000000000,1.0000000000,1.0000000000,0.0000000000,0.0000000000,0.0000000000,0.0000000000
0.0200000000,0.4061889937,0.2905925705,0.5315904842,-0.0204301546,-0.2082121753,-0.5033431619,0.4056608286,-0.1631511963,0.5356073031,-0.0133315814,0.0489320959,-0.3103229135,0.1155000000,-0.0000000000,0.7061338532,0.0000000000,0.5235987756,0.0000000000,1.0000000000,1.0000000000,0.0000000000,0.0000000000,0.0000000000,0.0000000000
0.0200000000,0.4059455733,0.2911584209,0.5312143085,-0.0217047644,-0.2042236030,-0.5016358013,0.4054637166,-0.1633866666,0.5355396332,-0.0135364512,0.0491176245,-0.3110227685,0.1155000000,-0.0000000000,0.7061338532,0.0000000000,0.5235987756,0.0000000000,1.0000000000,1.0000000000,0.0000000000,0.0000000000,0.0000000000,0.0000000000
0.0200000000,0.4057099326,0.2916997668,0.5308419319,-0.0230775823,-0.2002822690,-0.5000015652,0.4052550121,-0.1636106838,0.5354771899,-0.0136952521,0.0492624283,-0.3116869777,0.1155000000,-0.0000000000,0.7061338532,0.0000000000,0.5235987756,0.0000000000,1.0000000000,1.0000000000,0.0000000000,0.0000000000,0.0000000000,0.0000000000
0.0200000000,0.4054812014,0.2922157611,0.5304726315,-0.0245372801,-0.1963878581,-0.4984339073,0.4050356845,-0.1638223302,0.5354202570,-0.0138070018,0.0493660249,-0.3123135602,0.1155000000,-0.0000000000,0.7061338532,0.0000000000,0.5235987756,0.0000000000,1.0000000000,1.0000000000,0.0000000000,0.0000000000,0.0000000000,0.0000000000
0.0200000000,0.4052448432,0.2927333700,0.5300996702,-0.0260591259,-0.1924415749,-0.4968681675,0.4047926495,-0.1640285756,0.5353673557,-0.0138648858,0.0494246440,-0.3129249806,0.1155000000,-0.0000000000,0.7061338532,0.0000000000,0.5235987756,0.0000000000,1.0000000000,1.0000000000,0.0000000000,0.0000000000,0.0000000000,0.0000000000
0.0200000000,0.4049763573,0.2932957115,0.5297027601,-0.0276679997,-0.1882041092,-0.4951798603,0.4045021129,-0.1642414433,0.5353162285,-0.0138546057,0.0494286319,-0.3135594881,0.1155000000,0.0000000000,0.7061338532,-0.0000000000,0.5235987756,-0.0000000000,1.0000000000,1.0000000000,0.0000000000,0.0000000000,0.0000000000,0.0000000000
0.0200000000,0.4046948499,0.2938642645,0.5293081053,-0.0292678203,-0.1839542661,-0.4934844651,0.4041854615,-0.1644473757,0.5352699300,-0.0137824268,0.0493820914,-0.3141762457,0.1155000000,-0.0000000000,0.7061338532,0.0000000000,0.5235987756,0.0000000000,1.0000000000,1.0000000000,0.0000000000,0.0000000000,0.0000000000,0.0000000000
0.0200000000,0.4044456618,0.2943524446,0.5289784998,-0.0305858954,-0.1803655528,-0.4920415400,0.4039002814,-0.1646169955,0.5352338931,-0.0136809468,0.0493105368,-0.3146870678,0.1155000000,-0.0000000000,0.7061338532,0.0000000000,0.5235987756,0.0000000000,1.0000000000,1.0000000000,0.0000000000,0.0000000000,0.0000000000,0.0000000000
0.0200000000,0.4042319463,0.2947552616,0.5287166149,-0.0316071688,-0.1774788683,-0.4908680747,0.4036481683,-0.1647478473,0.5352087637,-0.0135468248,0.0492114587,-0.3150846004,0.1155000000,-0.0000000000,0.7061338532,0.0000000000,0.5235987756,0.0000000000,1.0000000000,1.0000000000,0.0000000000,0.0000000000,0.0000000000,0.0000000000
0.0200000000,0.4040368365,0.2951105767,0.5284933170,-0.0324566606,-0.1749904975,-0.4898468309,0.4034106924,-0.1648554983,0.5351905338,-0.0133841095,0.0490895692,-0.3154157610,0.1155000000,0.0000000000,0.7061338532,-0.0000000000,0.5235987756,-0.0000000000,1.0000000000,1.0000000000,0.0000000000,0.0000000000,0.0000000000,0.0000000000
0.0200000000,0.4038436965,0.2954559445,0.5282801446,-0.0332578777,-0.1725972969,-0.4888596824,0.4031716939,-0.1649562516,0.5351747775,-0.0132028258,0.0489544464,-0.3157297420,0.1155000000,-0.0000000000,0.7061338532,0.0000000000,0.5235987756,0.0000000000,1.0000000000,1.0000000000,0.0000000000,0.0000000000,0.0000000000,0.0000000000
0.0200000000,0.4036493964,0.2957983178,0.5280720032,-0.0340323490,-0.1702445988,-0.4878849716,0.4029288081,-0.1650531623,0.5351606561,-0.0130063102,0.0488082407,-0.3160345597,0.1155000000,-0.0000000000,0.7061338532,0.0000000000,0.5235987756,0.0000000000,1.0000000000,1.0000000000,0.0000000000,0.0000000000,0.0000000000,0.0000000000
0.0200000000,0.4034605735,0.2961237200,0.5278789930,-0.0347360338,-0.1680435966,-0.4869665379,0.4026883231,-0.1651403510,0.5351497176,-0.0127915662,0.0486481694,-0.3163126271,0.1155000000,-0.0000000000,0.7061338532,0.0000000000,0.5235987756,0.0000000000,1.0000000000,1.0000000000,0.0000000000,0.0000000000,0.0000000000,0.0000000000
0.0200000000,0.4032725523,0.2964419682,0.5276938114,-0.0354002139,-0.1659158517,-0.4860738888,0.4024435716,-0.1652214208,0.5351411359,-0.0125548904,0.0484736381,-0.3165778323,0.1155000000,-0.0000000000,0.7061338532,0.0000000000,0.5235987756,0.0000000000,1.0000000000,1.0000000000,0.0000000000,0.0000000000,0.0000000000,0.0000000000
0.0200000000,0.4030805370,0.2967628741,0.5275092863,-0.0360559019,-0.1637830682,-0.4851764657,0.4021878403,-0.1652999603,0.5351341115,-0.0122925135,0.0482839444,-0.3168440321,0.1155000000,-0.0000000000,0.7061338532,0.0000000000,0.5235987756,0.0000000000,1.0000000000,1.0000000000,0.0000000000,0.0000000000,0.0000000000,0.0000000000
0.0200000000,0.4028804434,0.2970934978,0.5273212005,-0.0367188860,-0.1615965598,-0.4842539950,0.4019158062,-0.1653777869,0.5351284663,-0.0119990476,0.0480756508,-0.3171182141,0.1155000000,-0.0000000000,0.7061338532,0.0000000000,0.5235987756,0.0000000000,1.0000000000,1.0000000000,0.0000000000,0.0000000000,0.0000000000,0.0000000000
0.0200000000,0.4026733880,0.2974303748,0.5271328263,-0.0373724778,-0.1593904115,-0.4833188110,0.4016283604,-0.1654527416,0.5351249420,-0.0116710376,0.0478454109,-0.3173934948,0.1155000000,-0.0000000000,0.7061338532,0.0000000000,0.5235987756,0.0000000000,1.0000000000,1.0000000000,0.0000000000,0.0000000000,0.0000000000,0.0000000000
0.0200000000,0.4024655734,0.2977648379,0.5269476566,-0.0380101581,-0.1572093064,-0.4823921310,0.4013339748,-0.1655243575,0.5351229619,-0.0113228423,0.0476041878,-0.3176668736,0.1155000000,-0.0000000000,0.7061338532,0.0000000000,0.5235987756,0.0000000000,1.0000000000,1.0000000000,0.0000000000,0.0000000000,0.0000000000,0.0000000000
0.0200000000,0.4022622047,0.2980897194,0.5267683720,-0.0386275023,-0.1550889137,-0.4814913427,0.4010390025,-0.1655921975,0.5351220443,-0.0109650104,0.0473607588,-0.3179366752,0.1155000000,-0.0000000000,0.7061338532,0.0000000000,0.5235987756,0.0000000000,1.0000000000,1.0000000000,0.0000000000,0.0000000000,0.0000000000,0.0000000000
0.0200000000,0.4020664093,0.2984003696,0.5265972332,-0.0392174270,-0.1530575648,-0.4806289689,0.4007476327,-0.1656552854,0.5351221763,-0.0106020790,0.0471191364,-0.3182006030,0.1155000000,-0.0000000000,0.7061338532,0.0000000000,0.5235987756,0.0000000000,1.0000000000,1.0000000000,0.0000000000,0.0000000000,0.0000000000,0.0000000000
0.0200000000,0.4018766253,0.2986987309,0.5264338978,-0.0397777400,-0.1511098641,-0.4798013570,0.4004582777,-0.1657131849,0.5351237366,-0.0102294475,0.0468756420,-0.3184581441,0.1155000000,-0.0000000000,0.7061338532,0.0000000000,0.5235987756,0.0000000000,1.0000000000,1.0000000000,0.0000000000,0.0000000000,0.0000000000,0.0000000000
0.0200000000,0.4016915315,0.2989873777,0.5262761435,-0.0403185677,-0.1492224121,-0.4790000854,0.4001672411,-0.1657672493,0.5351263699,-0.0098454192,0.0466292630,-0.3187126164,0.1155000000,-0.0000000000,0.7061338532,0.0000000000,0.5235987756,0.0000000000,1.0000000000,1.0000000000,0.0000000000,0.0000000000,0.0000000000,0.0000000000
0.0200000000,0.4015090738,0.2992706908,0.5261203801,-0.0408571692,-0.1473561890,-0.4782106338,0.3998714105,-0.1658201984,0.5351292820,-0.0094531160,0.0463812489,-0.3189689123,0.1155000000,-0.0000000000,0.7061338532,0.0000000000,0.5235987756,0.0000000000,1.0000000000,1.0000000000,0.0000000000,0.0000000000,0.0000000000,0.0000000000
0.0200000000,0.4013310040,0.2995465799,0.5259674922,-0.0413920890,-0.1455227801,-0.4774381898,0.3995754735,-0.1658724349,0.5351320849,-0.0090620653,0.0461367694,-0.3192245858,0.1155000000,-0.0000000000,0.7061338532,0.0000000000,0.5235987756,0.0000000000,1.0000000000,1.0000000000,0.0000000000,0.0000000000,0.0000000000,0.0000000000
0.0200000000,0.4011704873,0.2997940863,0.5258318122,-0.0418642454,-0.1438866851,-0.4767464632,0.3993111250,-0.1659176773,0.5351354512,-0.0087069808,0.0459151111,-0.3194532803,0.1155000000,0.0000000000,0.7061338532,-0.0000000000,0.5235987756,-0.0000000000,1.0000000000,1.0000000000,0.0000000000,0.0000000000,0.0000000000,0.0000000000
0.0200000000,0.4010213465,0.3000229119,0.5257068506,-0.0422986789,-0.1423745910,-0.4761068519,0.3990629579,-0.1659582475,0.5351392728,-0.0083684891,0.0457056510,-0.3196669860,0.1155000000,-0.0000000000,0.7061338532,0.0000000000,0.5235987756,0.0000000000,1.0000000000,1.0000000000,0.0000000000,0.0000000000,0.0000000000,0.0000000000
0.0200000000,0.4008535886,0.3002804936,0.5255600846,-0.0428292509,-0.1406132982,-0.4753751844,0.3987570616,-0.1660080540,0.5351422492,-0.0079637108,0.0454627074,-0.3199264182,0.1155000000,-0.0000000000,0.7061338532,0.0000000000,0.5235987756,0.0000000000,1.0000000000,1.0000000000,0.0000000000,0.0000000000,0.0000000000,0.0000000000
0.0200000000,0.4006394609,0.3006100470,0.5253630554,-0.0435728094,-0.1382692554,-0.4744208477,0.3983295454,-0.1660795099,0.5351435429,-0.0074215131,0.0451457783,-0.3202847699,0.1155000000,-0.0000000000,0.7061338532,0.0000000000,0.5235987756,0.0000000000,1.0000000000,1.0000000000,0.0000000000,0.0000000000,0.0000000000,0.0000000000
0.0200000000,0.4003594974,0.3010403088,0.5250998598,-0.0445902853,-0.1351418442,-0.4731605811,0.3977448323,-0.1661784319,0.5351439492,-0.0066962517,0.0447266644,-0.3207718696,0.1155000000,-0.0000000000,0.7061338532,0.0000000000,0.5235987756,0.0000000000,1.0000000000,1.0000000000,0.0000000000,0.0000000000,0.0000000000,0.0000000000
0.0200000000,0.4000421415,0.3015263888,0.5247971434,-0.0457858180,-0.1315411573,-0.4717218376,0.3970574225,-0.1662963060,0.5351433635,-0.0058608358,0.0442483837,-0.3213432360,0.1155000000,-0.0000000000,0.7061338532,0.0000000000,0.5235987756,0.0000000000,1.0000000000,1.0000000000,0.0000000000,0.0000000000,0.0000000000,0.0000000000
0.0200000000,0.3997486506,0.3019765590,0.5244986415,-0.0470245551,-0.1280223659,-0.4703517935,0.3963512932,-0.1664240769,0.5351372726,-0.0050533338,0.0438007770,-0.3219294175,0.1155000000,-0.0000000000,0.7061338532,0.0000000000,0.5235987756,0.0000000000,1.0000000000,1.0000000000,0.0000000000,0.0000000000,0.0000000000,0.0000000000
0.0200000000,0.3994837518,0.3023844417,0.5242048577,-0.0483128311,-0.1246031629,-0.4690642754,0.3956244126,-0.1665631375,0.5351246880,-0.0042792691,0.0433895416,-0.3225316558,0.1155000000,-0.0000000000,0.7061338532,0.0000000000,0.5235987756,0.0000000000,1.0000000000,1.0000000000,0.0000000000,0.0000000000,0.0000000000,0.0000000000
0.0200000000,0.3992635767,0.3027223325,0.5239549041,-0.0494318851,-0.1216961151,-0.4679822121,0.3949933757,-0.1666864698,0.5351124602,-0.0036262281,0.0430475837,-0.3230554446,0.1155000000,0.0000000000,0.7061338532,-0.0000000000,0.5235987756,-0.0000000000,1.0000000000,1.0000000000,0.0000000000,0.0000000000,0.0000000000,0.0000000000
0.0200000000,0.3991078109,0.3029608660,0.5237728947,-0.0502635422,-0.1195845787,-0.4672062642,0.3945250794,-0.1667802775,0.5351020607,-0.0031567779,0.0428063546,-0.3234455979,0.1155000000,-0.0000000000,0.7061338532,0.0000000000,0.5235987756,0.0000000000,1.0000000000,1.0000000000,0.0000000000,0.0000000000,0.0000000000,0.0000000000
0.0200000000,0.3990059347,0.3031176018,0.5236428725,-0.0508820370,-0.1180967786,-0.4666767412,0.3941786955,-0.1668529115,0.5350916739,-0.0028318461,0.0426477375,-0.3237351049,0.1155000000,-0.0000000000,0.7061338532,0.0000000000,0.5235987756,0.0000000000,1.0000000000,1.0000000000,0.0000000000,0.0000000000,0.0000000000,0.0000000000
0.0200000000,0.3989334463,0.3032299068,0.5235386808,-0.0513997934,-0.1169263620,-0.4662769885,0.3938887023,-0.1669167182,0.5350802796,-0.0025810141,0.0425341128,-0.3239778962,0.1155000000,-0.0000000000,0.7061338532,0.0000000000,0.5235987756,0.0000000000,1.0000000000,1.0000000000,0.0000000000,0.0000000000,0.0000000000,0.0000000000
0.0200000000,0.3988628800,0.3033390899,0.5234311811,-0.0519445672,-0.1157288385,-0.4658766505,0.3935800004,-0.1669861109,0.5350667865,-0.0023256866,0.0424236536,-0.3242359673,0.1155000000,-0.0000000000,0.7061338532,0.0000000000,0.5235987756,0.0000000000,1.0000000000,1.0000000000,0.0000000000,0.0000000000,0.0000000000,0.0000000000
0.0200000000,0.3987756275,0.3034729119,0.5233028601,-0.0525901872,-0.1142900388,-0.4653914842,0.3932110072,-0.1670684927,0.5350514599,-0.0020175421,0.0422883174,-0.3245441820,0.1155000000,-0.0000000000,0.7061338532,0.0000000000,0.5235987756,0.0000000000,1.0000000000,1.0000000000,0.0000000000,0.0000000000,0.0000000000,0.0000000000
0.0200000000,0.3986859198,0.3036101468,0.5231701491,-0.0532620751,-0.1128007361,-0.4648913080,0.3928284182,-0.1671544974,0.5350355633,-0.0017012489,0.0421501280,-0.3248647753,0.1155000000,-0.0000000000,0.7061338532,0.0000000000,0.5235987756,0.0000000000,1.0000000000,1.0000000000,0.0000000000,0.0000000000,0.0000000000,0.0000000000
0.0200000000,0.3985986198,0.3037433144,0.5230356123,-0.0539536089,-0.1112983623,-0.4643948046,0.3924317584,-0.1672449806,0.5350180797,-0.0013838414,0.0420158739,-0.3251969090,0.1155000000,-0.0000000000,0.7061338532,0.0000000000,0.5235987756,0.0000000000,1.0000000000,1.0000000000,0.0000000000,0.0000000000,0.0000000000,0.0000000000
0.0200000000,0.3985096734,0.3038780145,0.5228914377,-0.0547063094,-0.1096991938,-0.4638769358,0.3919897416,-0.1673470786,0.5349972174,-0.0010440118,0.0418784917,-0.3255645572,0.1155000000,-0.0000000000,0.7061338532,0.0000000000,0.5235987756,0.0000000000,1.0000000000,1.0000000000,0.0000000000,0.0000000000,0.0000000000,0.0000000000
0.0200000000,0.3984146396,0.3040203018,0.5227286728,-0.0555691273,-0.1079070303,-0.4633096014,0.3914666667,-0.1674691420,0.5349709677,-0.0006584870,0.0417305561,-0.3259955084,0.1155000000,-0.0000000000,0.7061338532,0.0000000000,0.5235987756,0.0000000000,1.0000000000,1.0000000000,0.0000000000,0.0000000000,0.0000000000,0.0000000000
0.0200000000,0.3983169795,0.3041657356,0.5225570214,-0.0564892407,-0.1060200582,-0.4627193064,0.3909088219,-0.1676007023,0.5349425336,-0.0002570149,0.0415802504,-0.3264561211,0.1155000000,-0.0000000000,0.7061338532,0.0000000000,0.5235987756,0.0000000000,1.0000000000,1.0000000000,0.0000000000,0.0000000000,0.0000000000,0.0000000000
0.0200000000,0.3982137859,0.3043173335,0.5223682993,-0.0575122497,-0.1039540766,-0.4620845549,0.3902706019,-0.1677518088,0.5349093278,0.0001890642,0.0414190132,-0.3269782421,0.1155000000,-0.0000000000,0.7061338532,0.0000000000,0.5235987756,0.0000000000,1.0000000000,1.0000000000,0.0000000000,0.0000000000,0.0000000000,0.0000000000
0.0200000000,0.3980938262,0.3044883108,0.5221355188,-0.0587876884,-0.1014254205,-0.4613288026,0.3894168189,-0.1679527443,0.5348640584,0.0007655602,0.0412201450,-0.3276594235,0.1155000000,0.0000000000,0.7061338532,-0.0000000000,0.5235987756,-0.0000000000,1.0000000000,1.0000000000,0.0000000000,0.0000000000,0.0000000000,0.0000000000
0.0200000000,0.3979476211,0.3046906257,0.5218392979,-0.0604278657,-0.0982200825,-0.4603925117,0.3882660286,-0.1682229657,0.5348036004,0.0015212408,0.0409672190,-0.3285634025,0.1155000000,-0.0000000000,0.7061338532,0.0000000000,0.5235987756,0.0000000000,1.0000000000,1.0000000000,0.0000000000,0.0000000000,0.0000000000,0.0000000000
0.0200000000,0.3978102554,0.3048742389,0.5215556305,-0.0620055694,-0.0951518919,-0.4595107035,0.3870943283,-0.1684949759,0.5347450932,0.0022821785,0.0407114090,-0.3294657642,0.1155000000,0.0000000000,0.7061338532,-0.0000000000,0.5235987756,-0.0000000000,1.0000000000,1.0000000000,0.0000000000,0.0000000000,0.0000000000,0.0000000000
0.0200000000,0.3977033474,0.3050099963,0.5213286081,-0.0632685820,-0.0927039336,-0.4588215789,0.3860706491,-0.1687278522,0.5346969997,0.0029434959,0.0404865660,-0.3302307421,0.1155000000,-0.0000000000,0.7061338532,0.0000000000,0.5235987756,0.0000000000,1.0000000000,1.0000000000,0.0000000000,0.0000000000,0.0000000000,0.0000000000
0.0200000000,0.3976089536,0.3051241879,0.5211254863,-0.0643945740,-0.0905165576,-0.4582146567,0.3850825857,-0.1689480039,0.5346540927,0.0035847238,0.0402624398,-0.3309499229,0.1155000000,-0.0000000000,0.7061338532,0.0000000000,0.5235987756,0.0000000000,1.0000000000,1.0000000000,0.0000000000,0.0000000000,0.0000000000,0.0000000000
0.0200000000,0.3975163768,0.3052312763,0.5209284367,-0.0654762486,-0.0883908948,-0.4576281758,0.3840525233,-0.1691717757,0.5346142338,0.0042646957,0.0400130708,-0.3316801942,0.1155000000,-0.0000000000,0.7061338532,0.0000000000,0.5235987756,0.0000000000,1.0000000000,1.0000000000,0.0000000000,0.0000000000,0.0000000000,0.0000000000
0.0200000000,0.3974287141,0.3053281603,0.5207430651,-0.0664851244,-0.0863887202,-0.4570796076,0.3830184874,-0.1693918109,0.5345786288,0.0049552259,0.0397504618,-0.3323972381,0.1155000000,-0.0000000000,0.7061338532,0.0000000000,0.5235987756,0.0000000000,1.0000000000,1.0000000000,0.0000000000,0.0000000000,0.0000000000,0.0000000000
0.0200000000,0.3973546937,0.3054085203,0.5205883424,-0.0673258989,-0.0847119445,-0.4566210425,0.3821357991,-0.1695783963,0.5345510027,0.0055461895,0.0395209214,-0.3330054229,0.1155000000,-0.0000000000,0.7061338532,0.0000000000,0.5235987756,0.0000000000,1.0000000000,1.0000000000,0.0000000000,0.0000000000,0.0000000000,0.0000000000
0.0200000000,0.3972990788,0.3054678962,0.5204737093,-0.0679462426,-0.0834657621,-0.4562802297,0.3814653640,-0.1697188426,0.5345320318,0.0059981178,0.0393412093,-0.3334637398,0.1155000000,-0.0000000000,0.7061338532,0.0000000000,0.5235987756,0.0000000000,1.0000000000,1.0000000000,0.0000000000,0.0000000000,0.0000000000,0.0000000000
0.0200000000,0.3972595100,0.3055085230,0.5203932049,-0.0683758783,-0.0825897362,-0.4560410287,0.3809661775,-0.1698212201,0.5345196491,0.0063405474,0.0392004852,-0.3337982356,0.1155000000,-0.0000000000,0.7061338532,0.0000000000,0.5235987756,0.0000000000,1.0000000000,1.0000000000,0.0000000000,0.0000000000,0.0000000000,0.0000000000
0.0200000000,0.3972314559,0.3055357684,0.5203370101,-0.0686690392,-0.0819783334,-0.4558743149,0.3805889248,-0.1698964090,0.5345117045,0.0066056411,0.0390874707,-0.3340443734,0.1155000000,-0.0000000000,0.7061338532,0.0000000000,0.5235987756,0.0000000000,1.0000000000,1.0000000000,0.0000000000,0.0000000000,0.0000000000,0.0000000000
0.0200000000,0.3972103153,0.3055549787,0.5202954067,-0.0688798908,-0.0815260205,-0.4557510889,0.3802842845,-0.1699553149,0.5345063860,0.0068251272,0.0389906691,-0.3342376759,0.1155000000,-0.0000000000,0.7061338532,0.0000000000,0.5235987756,0.0000000000,1.0000000000,1.0000000000,0.0000000000,0.0000000000,0.0000000000,0.0000000000
0.0200000000,0.3971911374,0.3055718306,0.5202581203,-0.0690659423,-0.0811204893,-0.4556405543,0.3799995433,-0.1700095837,0.5345020163,0.0070327158,0.0388975346,-0.3344160843,0.1155000000,-0.0000000000,0.7061338532,0.0000000000,0.5235987756,0.0000000000,1.0000000000,1.0000000000,0.0000000000,0.0000000000,0.0000000000,0.0000000000
0.0200000000,0.3971685779,0.3055924346,0.5202141217,-0.0692893575,-0.0806407091,-0.4555096171,0.3796784973,-0.1700717159,0.5344969496,0.0072638521,0.0387948350,-0.3346202653,0.1155000000,-0.0000000000,0.7061338532,0.0000000000,0.5235987756,0.0000000000,1.0000000000,1.0000000000,0.0000000000,0.0000000000,0.0000000000,0.0000000000
0.0200000000,0.3971428550,0.3056167552,0.5201637427,-0.0695495961,-0.0800900173,-0.4553592647,0.3793272305,-0.1701408155,0.5344912291,0.0075131242,0.0386853325,-0.3348471362,0.1155000000,-0.0000000000,0.7061338532,0.0000000000,0.5235987756,0.0000000000,1.0000000000,1.0000000000,0.0000000000,0.0000000000,0.0000000000,0.0000000000
0.0200000000,0.3971193127,0.3056389942,0.5201177553,-0.0697874559,-0.0795867030,-0.4552218956,0.3790064866,-0.1702039488,0.5344862787,0.0077403994,0.0385851666,-0.3350544019,0.1155000000,0.0000000000,0.7061338532,-0.0000000000,0.5235987756,-0.0000000000,1.0000000000,1.0000000000,0.0000000000,0.0000000000,0.0000000000,0.0000000000
0.0200000000,0.3970983018,0.3056585778,0.5200769741,-0.0699972627,-0.0791399709,-0.4550999666,0.3787168576,-0.1702606127,0.5344822116,0.0079465908,0.0384934108,-0.3352405595,0.1155000000,-0.0000000000,0.7061338532,0.0000000000,0.5235987756,0.0000000000,1.0000000000,1.0000000000,0.0000000000,0.0000000000,0.0000000000,0.0000000000
0.0200000000,0.3970786744,0.3056764829,0.5200392759,-0.0701891497,-0.0787266588,-0.4549870523,0.3784409585,-0.1703140091,0.5344788351,0.0081448618,0.0384039221,-0.3354162803,0.1155000000,-0.0000000000,0.7061338532,0.0000000000,0.5235987756,0.0000000000,1.0000000000,1.0000000000,0.0000000000,0.0000000000,0.0000000000,0.0000000000
0.0200000000,0.3970589552,0.3056940572,0.5200018606,-0.0703772338,-0.0783160623,-0.4548747124,0.3781581416,-0.1703681042,0.5344759073,0.0083502047,0.0383098928,-0.3355946882,0.1155000000,-0.0000000000,0.7061338532,0.0000000000,0.5235987756,0.0000000000,1.0000000000,1.0000000000,0.0000000000,0.0000000000,0.0000000000,0.0000000000
0.0200000000,0.3970379404,0.3057123664,0.5199624891,-0.0705726628,-0.0778835344,-0.4547561677,0.3778512174,-0.1704261590,0.5344733019,0.0085752014,0.0382054750,-0.3357865992,0.1155000000,0.0000000000,0.7061338532,-0.0000000000,0.5235987756,-0.0000000000,1.0000000000,1.0000000000,0.0000000000,0.0000000000,0.0000000000,0.0000000000
0.0200000000,0.3970144414,0.3057324498,0.5199189758,-0.0707863167,-0.0774049148,-0.4546247805,0.3775031937,-0.1704913913,0.5344709553,0.0088322607,0.0380848224,-0.3360026931,0.1155000000,0.0000000000,0.7061338532,-0.0000000000,0.5235987756,-0.0000000000,1.0000000000,1.0000000000,0.0000000000,0.0000000000,0.0000000000,0.0000000000
0.0200000000,0.3969872631,0.3057553445,0.5198691460,-0.0710290686,-0.0768560424,-0.4544739269,0.3770970787,-0.1705670246,0.5344688739,0.0091337113,0.0379420501,-0.3362536695,0.1155000000,-0.0000000000,0.7061338532,0.0000000000,0.5235987756,0.0000000000,1.0000000000,1.0000000000,0.0000000000,0.0000000000,0.0000000000,0.0000000000
0.0200000000,0.3969525395,0.3057841564,0.5198061590,-0.0713334675,-0.0761610606,-0.4542826906,0.3765737424,-0.1706638719,0.5344671535,0.0095239575,0.0377554557,-0.3365756090,0.1155000000,-0.0000000000,0.7061338532,0.0000000000,0.5235987756,0.0000000000,1.0000000000,1.0000000000,0.0000000000,0.0000000000,0.0000000000,0.0000000000
0.0200000000,0.3969064503,0.3058217385,0.5197235002,-0.0717296439,-0.0752471377,-0.4540310064,0.3758723311,-0.1707928514,0.5344664006,0.0100490854,0.0375017062,-0.3370050496,0.1155000000,0.0000000000,0.7061338532,-0.0000000000,0.5235987756,-0.0000000000,1.0000000000,1.0000000000,0.0000000000,0.0000000000,0.0000000000,0.0000000000
0.0200000000,0.3968561015,0.3058623588,0.5196339444,-0.0721576115,-0.0742546058,-0.4537577231,0.3751035047,-0.1709338665,0.5344672471,0.0106248179,0.0372211756,-0.3374749392,0.1155000000,-0.0000000000,0.7061338532,0.0000000000,0.5235987756,0.0000000000,1.0000000000,1.0000000000,0.0000000000,0.0000000000,0.0000000000,0.0000000000
0.0200000000,0.3968099425,0.3058993237,0.5195523821,-0.0725470822,-0.0733485385,-0.4535083769,0.3743980818,-0.1710631204,0.5344694587,0.0111524719,0.0369622507,-0.3379058382,0.1155000000,-0.0000000000,0.7061338532,0.0000000000,0.5235987756,0.0000000000,1.0000000000,1.0000000000,0.0000000000,0.0000000000,0.0000000000,0.0000000000
0.0200000000,0.3967764940,0.3059259668,0.5194935776,-0.0728278510,-0.0726940198,-0.4533283476,0.3738868707,-0.1711567442,0.5344719021,0.0115343766,0.0367738109,-0.3382180495,0.1155000000,-0.0000000000,0.7061338532,0.0000000000,0.5235987756,0.0000000000,1.0000000000,1.0000000000,0.0000000000,0.0000000000,0.0000000000,0.0000000000
0.0200000000,0.3967660231,0.3059342803,0.5194752231,-0.0729154630,-0.0724895070,-0.4532721092,0.3737267927,-0.1711860493,0.5344728145,0.0116538966,0.0367146521,-0.3383157936,0.1155000000,-0.0000000000,0.7061338532,0.0000000000,0.5235987756,0.0000000000,1.0000000000,1.0000000000,0.0000000000,0.0000000000,0.0000000000,0.0000000000
0.0200000000,0.3967660231,0.3059342803,0.5194752231,-0.0729154630,-0.0724895070,-0.4532721092,0.3737267927,-0.1711860493,0.5344728145,0.0116538966,0.0367146521,-0.3383157936,0.1155000000,-0.0000000000,0.7061338532,0.0000000000,0.5235987756,0.0000000000,1.0000000000,1.0000000000,0.0000000000,0.0000000000,0.0000000000,0.0000000000
0.0200000000,0.3967660231,0.3059342803,0.5194752231,-0.0729154630,-0.0724895070,-0.4532721092,0.3737267927,-0.1711860493,0.5344728145,0.0116538966,0.0367146521,-0.3383157936,0.1155000000,-0.0000000000,0.7061338532,0.0000000000,0.5235987756,0.0000000000,1.0000000000,1.0000000000,0.0000000000,0.0000000000,0.0000000000,0.0000000000
0.0200000000,0.3967660231,0.3059342803,0.5194752231,-0.0729154630,-0.0724895070,-0.4532721092,0.3737267927,-0.1711860493,0.5344728145,0.0116538966,0.0367146521,-0.3383157936,0.1155000000,-0.0000000000,0.7061338532,0.0000000000,0.5235987756,0.0000000000,1.0000000000,1.0000000000,0.0000000000,0.0000000000,0.0000000000,0.0000000000
0.0200000000,0.3967660231,0.3059342803,0.5194752231,-0.0729154630,-0.0724895070,-0.4532721092,0.3737267927,-0.1711860493,0.5344728145,0.0116538966,0.0367146521,-0.3383157936,0.1155000000,-0.0000000000,0.7061338532,0.0000000000,0.5235987756,0.0000000000,1.0000000000,1.0000000000,0.0000000000,0.0000000000,0.0000000000,0.0000000000
0.0200000000,0.3967660231,0.3059342803,0.5194752231,-0.0729154630,-0.0724895070,-0.4532721092,0.3737267927,-0.1711860493,0.5344728145,0.0116538966,0.0367146521,-0.3383157936,0.1155000000,-0.0000000000,0.7061338532,0.0000000000,0.5235987756,0.0000000000,1.0000000000,1.0000000000,0.0000000000,0.0000000000,0.0000000000,0.0000000000
0.0200000000,0.3967660231,0.3059342803,0.5194752231,-0.0729154630,-0.0724895070,-0.4532721092,0.3737267927,-0.1711860493,0.5344728145,0.0116538966,0.0367146521,-0.3383157936,0.1155000000,-0.0000000000,0.7061338532,0.0000000000,0.5235987756,0.0000000000,1.0000000000,1.0000000000,0.0000000000,0.0000000000,0.0000000000,0.0000000000
0.0200000000,0.3967660231,0.3059342803,0.5194752231,-0.0729154630,-0.0724895070,-0.4532721092,0.3737267927,-0.1711860493,0.5344728145,0.0116538966,0.0367146521,-0.3383157936,0.1155000000,-0.0000000000,0.7061338532,0.0000000000,0.5235987756,0.0000000000,1.0000000000,1.0000000000,0.0000000000,0.0000000000,0.0000000000,0.0000000000
0.0200000000,0.3967660231,0.3059342803,0.5194752231,-0.0729154630,-0.0724895070,-0.4532721092,0.3737267927,-0.1711860493,0.5344728145,0.0116538966,0.0367146521,-0.3383157936,0.1155000000,-0.0000000000,0.7061338532,0.0000000000,0.5235987756,0.0000000000,1.0000000000,1.0000000000,0.0000000000,0.0000000000,0.0000000000,0.0000000000
0.0200000000,0.3967660231,0.3059342803,0.5194752231,-0.0729154630,-0.0724895070,-0.4532721092,0.3737267927,-0.1711860493,0.5344728145,0.0116538966,0.0367146521,-0.3383157936,0.1155000000,-0.0000000000,0.7061338532,0.0000000000,0.5235987756,0.0000000000,1.0000000000,1.0000000000,0.0000000000,0.0000000000,0.0000000000,0.0000000000
0.0200000000,0.3967660231,0.3059342803,0.5194752231,-0.0729154630,-0.0724895070,-0.4532721092,0.3737267927,-0.1711860493,0.5344728145,0.0116538966,0.0367146521,-0.3383157936,0.1155000000,-0.0000000000,0.7061338532,0.0000000000,0.5235987756,0.0000000000,1.0000000000,1.0000000000,0.0000000000,0.0000000000,0.0000000000,0.0000000000
0.0200000000,0.3967660231,0.3059342803,0.5194752231,-0.0729154630,-0.0724895070,-0.4532721092,0.3737267927,-0.1711860493,0.5344728145,0.0116538966,0.0367146521,-0.3383157936,0.1155000000,-0.0000000000,0.7061338532,0.0000000000,0.5235987756,0.0000000000,1.0000000000,1.0000000000,0.0000000000,0.0000000000,0.0000000000,0.0000000000
0.0200000000,0.3967660231,0.3059342803,0.5194752231,-0.0729154630,-0.0724895070,-0.4532721092,0.3737267927,-0.1711860493,0.5344728145,0.0116538966,0.0367146521,-0.3383157936,0.1155000000,-0.0000000000,0.7061338532,0.0000000000,0.5235987756,0.0000000000,1.0000000000,1.0000000000,0.0000000000,0.0000000000,0.0000000000,0.0000000000
0.0200000000,0.3967660231,0.3059342803,0.5194752231,-0.0729154630,-0.0724895070,-0.4532721092,0.3737267927,-0.1711860493,0.5344728145,0.0116538966,0.0367146521,-0.3383157936,0.1155000000,-0.0000000000,0.7061338532,0.0000000000,0.5235987756,0.0000000000,1.0000000000,1.0000000000,0.0000000000,0.0000000000,0.0000000000,0.0000000000
0.0200000000,0.3967660231,0.3059342803,0.5194752231,-0.0729154630,-0.0724895070,-0.4532721092,0.3737267927,-0.1711860493,0.5344728145,0.0116538966,0.0367146521,-0.3383157936,0.1155000000,-0.0000000000,0.7061338532,0.0000000000,0.5235987756,0.0000000000,1.0000000000,1.0000000000,0.0000000000,0.0000000000,0.0000000000,0.0000000000
0.0200000000,0.3967660231,0.3059342803,0.5194752231,-0.0729154630,-0.0724895070,-0.4532721092,0.3737267927,-0.1711860493,0.5344728145,0.0116538966,0.0367146521,-0.3383157936,0.1155000000,-0.0000000000,0.7061338532,0.0000000000,0.5235987756,0.0000000000,1.0000000000,1.0000000000,0.0000000000,0.0000000000,0.0000000000,0.0000000000
0.0200000000,0.3967660231,0.3059342803,0.5194752231,-0.0729154630,-0.0724895070,-0.4532721092,0.3737267927,-0.1711860493,0.5344728145,0.0116538966,0.0367146521,-0.3383157936,0.1155000000,-0.0000000000,0.7061338532,0.0000000000,0.5235987756,0.0000000000,1.0000000000,1.0000000000,0.0000000000,0.0000000000,0.0000000000,0.0000000000
0.0200000000,0.3967660231,0.3059342803,0.5194752231,-0.0729154630,-0.0724895070,-0.4532721092,0.3737267927,-0.1711860493,0.5344728145,0.0116538966,0.0367146521,-0.3383157936,0.1155000000,-0.0000000000,0.7061338532,0.0000000000,0.5235987756,0.0000000000,1.0000000000,1.0000000000,0.0000000000,0.0000000000,0.0000000000,0.0000000000
0.0200000000,0.3967660231,0.3059342803,0.5194752231,-0.0729154630,-0.0724895070,-0.4532721092,0.3737267927,-0.1711860493,0.5344728145,0.0116538966,0.0367146521,-0.3383157936,0.1155000000,-0.0000000000,0.7061338532,0.0000000000,0.5235987756,0.0000000000,1.0000000000,1.0000000000,0.0000000000,0.0000000000,0.0000000000,0.0000000000
0.0200000000,0.3967660231,0.3059342803,0.5194752231,-0.0729154630,-0.0724895070,-0.4532721092,0.3737267927,-0.1711860493,0.5344728145,0.0116538966,0.0367146521,-0.3383157936,0.1155000000,-0.0000000000,0.7061338532,0.0000000000,0.5235987756,0.0000000000,1.0000000000,1.0000000000,0.0000000000,0.0000000000,0.0000000000,0.0000000000
0.0200000000,0.3967660231,0.3059342803,0.5194752231,-0.0729154630,-0.0724895070,-0.4532721092,0.3737267927,-0.1711860493,0.5344728145,0.0116538966,0.0367146521,-0.3383157936,0.1155000000,-0.0000000000,0.7061338532,0.0000000000,0.5235987756,0.0000000000,1.0000000000,1.0000000000,0.0000000000,0.0000000000,0.0000000000,0.0000000000
0.0200000000,0.3967660231,0.3059342803,0.5194752231,-0.0729154630,-0.0724895070,-0.4532721092,0.3737267927,-0.1711860493,0.5344728145,0.0116538966,0.0367146521,-0.3383157936,0.1155000000,-0.0000000000,0.7061338532,0.0000000000,0.5235987756,0.0000000000,1.0000000000,1.0000000000,0.0000000000,0.0000000000,0.0000000000,0.0000000000
0.0200000000,0.3967660231,0.3059342803,0.5194752231,-0.0729154630,-0.0724895070,-0.4532721092,0.3737267927,-0.1711860493,0.5344728145,0.0116538966,0.0367146521,-0.3383157936,0.1155000000,-0.0000000000,0.7061338532,0.0000000000,0.5235987756,0.0000000000,1.0000000000,1.0000000000,0.0000000000,0.0000000000,0.0000000000,0.0000000000
0.0200000000,0.3967660231,0.3059342803,0.5194752231,-0.0729154630,-0.0724895070,-0.4532721092,0.3737267927,-0.1711860493,0.5344728145,0.0116538966,0.0367146521,-0.3383157936,0.1155000000,-0.0000000000,0.7061338532,0.0000000000,0.5235987756,0.0000000000,1.0000000000,1.0000000000,0.0000000000,0.0000000000,0.0000000000,0.0000000000
0.0200000000,0.3967660231,0.3059342803,0.5194752231,-0.0729154630,-0.0724895070,-0.4532721092,0.3737267927,-0.1711860493,0.5344728145,0.0116538966,0.0367146521,-0.3383157936,0.1155000000,-0.0000000000,0.7061338532,0.0000000000,0.5235987756,0.0000000000,1.0000000000,1.0000000000,0.0000000000,0.0000000000,0.0000000000,0.0000000000
0.0200000000,0.3967660231,0.3059342803,0.5194752231,-0.0729154630,-0.0724895070,-0.4532721092,0.3737267927,-0.1711860493,0.5344728145,0.0116538966,0.0367146521,-0.3383157936,0.1155000000,-0.0000000000,0.7061338532,0.0000000000,0.5235987756,0.0000000000,1.0000000000,1.0000000000,0.0000000000,0.0000000000,0.0000000000,0.0000000000
0.0200000000,0.3967660231,0.3059342803,0.5194752231,-0.0729154630,-0.0724895070,-0.4532721092,0.3737267927,-0.1711860493,0.5344728145,0.0116538966,0.0367146521,-0.3383157936,0.1155000000,-0.0000000000,0.7061338532,0.0000000000,0.5235987756,0.0000000000,1.0000000000,1.0000000000,0.0000000000,0.0000000000,0.0000000000,0.0000000000
0.0200000000,0.3967660231,0.3059342803,0.5194752231,-0.0729154630,-0.0724895070,-0.4532721092,0.3737267927,-0.1711860493,0.5344728145,0.0116538966,0.0367146521,-0.3383157936,0.1155000000,-0.0000000000,0.7061338532,0.0000000000,0.5235987756,0.0000000000,1.0000000000,1.0000000000,0.0000000000,0.0000000000,0.0000000000,0.0000000000
0.0200000000,0.3967660231,0.3059342803,0.5194752231,-0.0729154630,-0.0724895070,-0.4532721092,0.3737267927,-0.1711860493,0.5344728145,0.0116538966,0.0367146521,-0.3383157936,0.1155000000,-0.0000000000,0.7061338532,0.0000000000,0.5235987756,0.0000000000,1.0000000000,1.0000000000,0.0000000000,0.0000000000,0.0000000000,0.0000000000
0.0200000000,0.3967660231,0.3059342803,0.5194752231,-0.0729154630,-0.0724895070,-0.4532721092,0.3737267927,-0.1711860493,0.5344728145,0.0116538966,0.0367146521,-0.3383157936,0.1155000000,-0.0000000000,0.7061338532,0.0000000000,0.5235987756,0.0000000000,1.0000000000,1.0000000000,0.0000000000,0.0000000000,0.0000000000,0.0000000000
0.0200000000,0.3967660231,0.3059342803,0.5194752231,-0.0729154630,-0.0724895070,-0.4532721092,0.3737267927,-0.1711860493,0.5344728145,0.0116538966,0.0367146521,-0.3383157936,0.1155000000,-0.0000000000,0.7061338532,0.0000000000,0.5235987756,0.0000000000,1.0000000000,1.0000000000,0.0000000000,0.0000000000,0.0000000000,0.0000000000
0.0200000000,0.3967660231,0.3059342803,0.5194752231,-0.0729154630,-0.0724895070,-0.4532721092,0.3737267927,-0.1711860493,0.5344728145,0.0116538966,0.0367146521,-0.3383157936,0.1155000000,-0.0000000000,0.7061338532,0.0000000000,0.5235987756,0.0000000000,1.0000000000,1.0000000000,0.0000000000,0.0000000000,0.0000000000,0.0000000000
0.0200000000,0.3967660231,0.3059342803,0.5194752231,-0.0729154630,-0.0724895070,-0.4532721092,0.3737267927,-0.1711860493,0.5344728145,0.0116538966,0.0367146521,-0.3383157936,0.1155000000,-0.0000000000,0.7061338532,0.0000000000,0.5235987756,0.0000000000,1.0000000000,1.0000000000,0.0000000000,0.0000000000,0.0000000000,0.0000000000
0.0200000000,0.3967660231,0.3059342803,0.5194752231,-0.0729154630,-0.0724895070,-0.4532721092,0.3737267927,-0.1711860493,0.5344728145,0.0116538966,0.0367146521,-0.3383157936,0.1155000000,-0.0000000000,0.7061338532,0.0000000000,0.5235987756,0.0000000000,1.0000000000,1.0000000000,0.0000000000,0.0000000000,0.0000000000,0.0000000000
0.0200000000,0.3967660231,0.3059342803,0.5194752231,-0.0729154630,-0.0724895070,-0.4532721092,0.3737267927,-0.1711860493,0.5344728145,0.0116538966,0.0367146521,-0.3383157936,0.1155000000,-0.0000000000,0.7061338532,0.0000000000,0.5235987756,0.0000000000,1.0000000000,1.0000000000,0.0000000000,0.0000000000,0.0000000000,0.0000000000
0.0200000000,0.3967660231,0.3059342803,0.5194752231,-0.0729154630,-0.0724895070,-0.4532721092,0.3737267927,-0.1711860493,0.5344728145,0.0116538966,0.0367146521,-0.3383157936,0.1155000000,-0.0000000000,0.7061338532,0.0000000000,0.5235987756,0.0000000000,1.0000000000,1.0000000000,0.0000000000,0.0000000000,0.0000000000,0.0000000000
0.0200000000,0.3967660231,0.3059342803,0.5194752231,-0.0729154630,-0.0724895070,-0.4532721092,0.3737267927,-0.1711860493,0.5344728145,0.0116538966,0.0367146521,-0.3383157936,0.1155000000,-0.0000000000,0.7061338532,0.0000000000,0.5235987756,0.0000000000,1.0000000000,1.0000000000,0.0000000000,0.0000000000,0.0000000000,0.0000000000
0.0200000000,0.3967660231,0.3059342803,0.5194752231,-0.0729154630,-0.0724895070,-0.4532721092,0.3737267927,-0.1711860493,0.5344728145,0.0116538966,0.0367146521,-0.3383157936,0.1155000000,-0.0000000000,0.7061338532,0.0000000000,0.5235987756,0.0000000000,1.0000000000,1.0000000000,0.0000000000,0.0000000000,0.0000000000,0.0000000000
0.0200000000,0.3967660231,0.3059342803,0.5194752231,-0.0729154630,-0.0724895070,-0.4532721092,0.3737267927,-0.1711860493,0.5344728145,0.0116538966,0.0367146521,-0.3383157936,0.1155000000,-0.0000000000,0.7061338532,0.0000000000,0.5235987756,0.0000000000,1.0000000000,1.0000000000,0.0000000000,0.0000000000,0.0000000000,0.0000000000
0.0200000000,0.3967660231,0.3059342803,0.5194752231,-0.0729154630,-0.0724895070,-0.4532721092,0.3737267927,-0.1711860493,0.5344728145,0.0116538966,0.0367146521,-0.3383157936,0.1155000000,-0.0000000000,0.7061338532,0.0000000000,0.5235987756,0.0000000000,1.0000000000,1.0000000000,0.0000000000,0.0000000000,0.0000000000,0.0000000000
0.0200000000,0.3967660231,0.3059342803,0.5194752231,-0.0729154630,-0.0724895070,-0.4532721092,0.3737267927,-0.1711860493,0.5344728145,0.0116538966,0.0367146521,-0.3383157936,0.1155000000,-0.0000000000,0.7061338532,0.0000000000,0.5235987756,0.0000000000,1.0000000000,1.0000000000,0.0000000000,0.0000000000,0.0000000000,0.0000000000
0.0200000000,0.3967660231,0.3059342803,0.5194752231,-0.0729154630,-0.0724895070,-0.4532721092,0.3737267927,-0.1711860493,0.5344728145,0.0116538966,0.0367146521,-0.3383157936,0.1155000000,-0.0000000000,0.7061338532,0.0000000000,0.5235987756,0.0000000000,1.0000000000,1.0000000000,0.0000000000,0.0000000000,0.0000000000,0.0000000000
0.0200000000,0.3967660231,0.3059342803,0.5194752231,-0.0729154630,-0.0724895070,-0.4532721092,0.3737267927,-0.1711860493,0.5344728145,0.0116538966,0.0367146521,-0.3383157936,0.1155000000,-0.0000000000,0.7061338532,0.0000000000,0.5235987756,0.0000000000,1.0000000000,1.0000000000,0.0000000000,0.0000000000,0.0000000000,0.0000000000
0.0200000000,0.3967660231,0.3059342803,0.5194752231,-0.0729154630,-0.0724895070,-0.4532721092,0.3737267927,-0.1711860493,0.5344728145,0.0116538966,0.0367146521,-0.3383157936,0.1155000000,-0.0000000000,0.7061338532,0.0000000000,0.5235987756,0.0000000000,1.0000000000,1.0000000000,0.0000000000,0.0000000000,0.0000000000,0.0000000000
0.0200000000,0.3967660231,0.3059342803,0.5194752231,-0.0729154630,-0.0724895070,-0.4532721092,0.3737267927,-0.1711860493,0.5344728145,0.0116538966,0.0367146521,-0.3383157936,0.1155000000,-0.0000000000,0.7061338532,0.0000000000,0.5235987756,0.0000000000,1.0000000000,1.0000000000,0.0000000000,0.0000000000,0.0000000000,0.0000000000
0.0200000000,0.3967660231,0.3059342803,0.5194752231,-0.0729154630,-0.0724895070,-0.4532721092,0.3737267927,-0.1711860493,0.5344728145,0.0116538966,0.0367146521,-0.3383157936,0.1155000000,-0.0000000000,0.7061338532,0.0000000000,0.5235987756,0.0000000000,1.0000000000,1.0000000000,0.0000000000,0.0000000000,0.0000000000,0.0000000000
0.0200000000,0.3967660231,0.3059342803,0.5194752231,-0.0729154630,-0.0724895070,-0.4532721092,0.3737267927,-0.1711860493,0.5344728145,0.0116538966,0.0367146521,-0.3383157936,0.1155000000,-0.0000000000,0.7061338532,0.0000000000,0.5235987756,0.0000000000,1.0000000000,1.0000000000,0.0000000000,0.0000000000,0.0000000000,0.0000000000
0.0200000000,0.3967660231,0.3059342803,0.5194752231,-0.0729154630,-0.0724895070,-0.4532721092,0.3737267927,-0.1711860493,0.5344728145,0.0116538966,0.0367146521,-0.3383157936,0.1155000000,-0.0000000000,0.7061338532,0.0000000000,0.5235987756,0.0000000000,1.0000000000,1.0000000000,0.0000000000,0.0000000000,0.0000000000,0.0000000000
0.0200000000,0.3967660231,0.3059342803,0.5194752231,-0.0729154630,-0.0724895070,-0.4532721092,0.3737267927,-0.1711860493,0.5344728145,0.0116538966,0.0367146521,-0.3383157936,0.1155000000,-0.0000000000,0.7061338532,0.0000000000,0.5235987756,0.0000000000,1.0000000000,1.0000000000,0.0000000000,0.0000000000,0.0000000000,0.0000000000
0.0200000000,0.3967660231,0.3059342803,0.5194752231,-0.0729154630,-0.0724895070,-0.4532721092,0.3737267927,-0.1711860493,0.5344728145,0.0116538966,0.0367146521,-0.3383157936,0.1155000000,-0.0000000000,0.7061338532,0.0000000000,0.5235987756,0.0000000000,1.0000000000,1.0000000000,0.0000000000,0.0000000000,0.0000000000,0.0000000000
0.0170963526,0.3967660231,0.3059342803,0.5194752231,-0.0729154630,-0.0724895070,-0.4532721092,0.3737267927,-0.1711860493,0.5344728145,0.0116538966,0.0367146521,-0.3383157936,0.1155000000,-0.0000000000,0.7061338532,0.0000000000,0.5235987756,0.0000000000,1.0000000000,1.0000000000,0.0000000000,0.0000000000,0.0000000000,0.0000000000
