# 24 columns: send_time_s, waist_q x4, arm_q_l x7, arm_q_r x7, cap_l, cap_r, head_q x2, post_segment_delay_s
# SDK cap convention: 0=closed, 1=open. First row is an unvalidated transition from live state.
5.0000000000,-0.1500000000,0.3000000000,-0.0627335374,0.0000000000,0.0524367663,0.4281313114,-0.2979721268,-0.0282960513,-0.3700625435,-0.2302520312,0.2990006778,0.0557786809,-0.4158402460,0.2968933871,-0.0106567773,0.3588711246,-0.2461058930,-0.3034068674,1.0000000000,1.0000000000,0.0000000000,0.0000000000,0.0000000000
0.0200000000,-0.1500000000,0.3000000000,-0.0627335374,0.0000000000,0.0524367663,0.4281313114,-0.2979721268,-0.0282960513,-0.3700625435,-0.2302520312,0.2990006778,0.0557786809,-0.4158402460,0.2968933871,-0.0106567773,0.3588711246,-0.2461058930,-0.3034068674,1.0000000000,1.0000000000,0.0000000000,0.0000000000,0.0000000000
0.0200000000,-0.1500000000,0.3000000000,-0.0627335374,0.0000000000,0.0524367663,0.4281313114,-0.2979721268,-0.0282960513,-0.3700625435,-0.2302520312,0.2990006778,0.0557786809,-0.4158402460,0.2968933871,-0.0106567773,0.3588711246,-0.2461058930,-0.3034068674,1.0000000000,1.0000000000,0.0000000000,0.0000000000,0.0000000000
0.0200000000,-0.1500000000,0.3000000000,-0.0627335374,0.0000000000,0.0524367663,0.4281313114,-0.2979721268,-0.0282960513,-0.3700625435,-0.2302520312,0.2990006778,0.0557786809,-0.4158402460,0.2968933871,-0.0106567773,0.3588711246,-0.2461058930,-0.3034068674,1.0000000000,1.0000000000,0.0000000000,0.0000000000,0.0000000000
0.0200000000,-0.1500000000,0.3000000000,-0.0627335374,0.0000000000,0.0524367663,0.4281313114,-0.2979721268,-0.0282960513,-0.3700625435,-0.2302520312,0.2990006778,0.0557786809,-0.4158402460,0.2968933871,-0.0106567773,0.3588711246,-0.2461058930,-0.3034068674,1.0000000000,1.0000000000,0.0000000000,0.0000000000,0.0000000000
0.0200000000,-0.1500000000,0.3000000000,-0.0627335374,0.0000000000,0.0524367663,0.4281313114,-0.2979721268,-0.0282960513,-0.3700625435,-0.2302520312,0.2990006778,0.0557786809,-0.4158402460,0.2968933871,-0.0106567773,0.3588711246,-0.2461058930,-0.3034068674,1.0000000000,1.0000000000,0.0000000000,0.0000000000,0.0000000000
0.0200000000,-0.1500000000,0.3000000000,-0.0627335374,0.0000000000,0.0524367663,0.4281313114,-0.2979721268,-0.0282960513,-0.3700625435,-0.2302520312,0.2990006778,0.0557786809,-0.4158402460,0.2968933871,-0.0106567773,0.3588711246,-0.2461058930,-0.3034068674,1.0000000000,1.0000000000,0.0000000000,0.0000000000,0.0000000000
0.0200000000,-0.1500000000,0.3000000000,-0.0627335374,0.0000000000,0.0524367663,0.4281313114,-0.2979721268,-0.0282960513,-0.3700625435,-0.2302520312,0.2990006778,0.0557786809,-0.4158402460,0.2968933871,-0.0106567773,0.3588711246,-0.2461058930,-0.3034068674,1.0000000000,1.0000000000,0.0000000000,0.0000000000,0.0000000000
0.0200000000,-0.1500000000,0.3000000000,-0.0627335374,0.0000000000,0.0524367663,0.4281313114,-0.2979721268,-0.0282960513,-0.3700625435,-0.2302520312,0.2990006778,0.0557786809,-0.4158402460,0.2968933871,-0.0106567773,0.3588711246,-0.2461058930,-0.3034068674,1.0000000000,1.0000000000,0.0000000000,0.0000000000,0.0000000000
0.0200000000,-0.1500000000,0.3000000000,-0.0627335374,0.0000000000,0.0524367663,0.4281313114,-0.2979721268,-0.0282960513,-0.3700625435,-0.2302520312,0.2990006778,0.0557786809,-0.4158402460,0.2968933871,-0.0106567773,0.3588711246,-0.2461058930,-0.3034068674,1.0000000000,1.0000000000,0.0000000000,0.0000000000,0.0000000000
0.0200000000,-0.1500000000,0.3000000000,-0.0627335374,0.0000000000,0.0524367663,0.4281313114,-0.2979721268,-0.0282960513,-0.3700625435,-0.2302520312,0.2990006778,0.0557786809,-0.4158402460,0.2968933871,-0.0106567773,0.3588711246,-0.2461058930,-0.3034068674,1.0000000000,1.0000000000,0.0000000000,0.0000000000,0.0000000000
0.0200000000,-0.1500000000,0.3000000000,-0.0627335374,0.0000000000,0.0524367663,0.4281313114,-0.2979721268,-0.0282960513,-0.3700625435,-0.2302520312,0.2990006778,0.0557786809,-0.4158402460,0.2968933871,-0.0106567773,0.3588711246,-0.2461058930,-0.3034068674,1.0000000000,1.0000000000,0.0000000000,0.0000000000,0.0000000000
0.0200000000,-0.1500000000,0.3000000000,-0.0627335374,0.0000000000,0.0524367663,0.4281313114,-0.2979721268,-0.0282960513,-0.3700625435,-0.2302520312,0.2990006778,0.0557786809,-0.4158402460,0.2968933871,-0.0106567773,0.3588711246,-0.2461058930,-0.3034068674,1.0000000000,1.0000000000,0.0000000000,0.0000000000,0.0000000000
0.0200000000,-0.1500000000,0.3000000000,-0.0627335374,0.0000000000,0.0524367663,0.4281313114,-0.2979721268,-0.0282960513,-0.3700625435,-0.2302520312,0.2990006778,0.0557786809,-0.4158402460,0.2968933871,-0.0106567773,0.3588711246,-0.2461058930,-0.3034068674,1.0000000000,1.0000000000,0.0000000000,0.0000000000,0.0000000000
0.0200000000,-0.1500000000,0.3000000000,-0.0627335374,0.0000000000,0.0524367663,0.4281313114,-0.2979721268,-0.0282960513,-0.3700625435,-0.2302520312,0.2990006778,0.0557786809,-0.4158402460,0.2968933871,-0.0106567773,0.3588711246,-0.2461058930,-0.3034068674,1.0000000000,1.0000000000,0.0000000000,0.0000000000,0.0000000000
0.0200000000,-0.1500000000,0.3000000000,-0.0627335374,0.0000000000,0.0524367663,0.4281313114,-0.2979721268,-0.0282960513,-0.3700625435,-0.2302520312,0.2990006778,0.0557786809,-0.4158402460,0.2968933871,-0.0106567773,0.3588711246,-0.2461058930,-0.3034068674,1.0000000000,1.0000000000,0.0000000000,0.0000000000,0.0000000000
0.0200000000,-0.1500000000,0.3000000000,-0.0627335374,0.0000000000,0.0524367663,0.4281313114,-0.2979721268,-0.0282960513,-0.3700625435,-0.2302520312,0.2990006778,0.0557786809,-0.4158402460,0.2968933871,-0.0106567773,0.3588711246,-0.2461058930,-0.3034068674,1.0000000000,1.0000000000,0.0000000000,0.0000000000,0.0000000000
0.0200000000,-0.1500000000,0.3000000000,-0.0627335374,0.0000000000,0.0524367663,0.4281313114,-0.2979721268,-0.0282960513,-0.3700625435,-0.2302520312,0.2990006778,0.0557786809,-0.4158402460,0.2968933871,-0.0106567773,0.3588711246,-0.2461058930,-0.3034068674,1.0000000000,1.0000000000,0.0000000000,0.0000000000,0.0000000000
0.0200000000,-0.1500000000,0.3000000000,-0.0627335374,0.0000000000,0.0524367663,0.4281313114,-0.2979721268,-0.0282960513,-0.3700625435,-0.2302520312,0.2990006778,0.0557786809,-0.4158402460,0.2968933871,-0.0106567773,0.3588711246,-0.2461058930,-0.3034068674,1.0000000000,1.0000000000,0.0000000000,0.0000000000,0.0000000000
0.0200000000,-0.1500000000,0.3000000000,-0.0627335374,0.0000000000,0.0524367663,0.4281313114,-0.2979721268,-0.0282960513,-0.3700625435,-0.2302520312,0.2990006778,0.0557786809,-0.4158402460,0.2968933871,-0.0106567773,0.3588711246,-0.2461058930,-0.3034068674,1.0000000000,1.0000000000,0.0000000000,0.0000000000,0.0000000000
0.0200000000,-0.1500000000,0.3000000000,-0.0627335374,0.0000000000,0.0524367663,0.4281313114,-0.2979721268,-0.0282960513,-0.3700625435,-0.2302520312,0.2990006778,0.0557786809,-0.4158402460,0.2968933871,-0.0106567773,0.3588711246,-0.2461058930,-0.3034068674,1.0000000000,1.0000000000,0.0000000000,0.0000000000,0.0000000000
0.0200000000,-0.1500000000,0.3000000000,-0.0627335374,0.0000000000,0.0524367663,0.4281313114,-0.2979721268,-0.0282960513,-0.3700625435,-0.2302520312,0.2990006778,0.0557786809,-0.4158402460,0.2968933871,-0.0106567773,0.3588711246,-0.2461058930,-0.3034068674,1.0000000000,1.0000000000,0.0000000000,0.0000000000,0.0000000000
0.0200000000,-0.1500000000,0.3000000000,-0.0627335374,0.0000000000,0.0524367663,0.4281313114,-0.2979721268,-0.0282960513,-0.3700625435,-0.2302520312,0.2990006778,0.0557786809,-0.4158402460,0.2968933871,-0.0106567773,0.3588711246,-0.2461058930,-0.3034068674,1.0000000000,1.0000000000,0.0000000000,0.0000000000,0.0000000000
0.0200000000,-0.1500000000,0.3000000000,-0.0627335374,0.0000000000,0.0524367663,0.4281313114,-0.2979721268,-0.0282960513,-0.3700625435,-0.2302520312,0.2990006778,0.0557786809,-0.4158402460,0.2968933871,-0.0106567773,0.3588711246,-0.2461058930,-0.3034068674,1.0000000000,1.0000000000,0.0000000000,0.0000000000,0.0000000000
0.0200000000,-0.1500000000,0.3000000000,-0.0627335374,0.0000000000,0.0524367663,0.4281313114,-0.2979721268,-0.0282960513,-0.3700625435,-0.2302520312,0.2990006778,0.0557786809,-0.4158402460,0.2968933871,-0.0106567773,0.3588711246,-0.2461058930,-0.3034068674,1.0000000000,1.0000000000,0.0000000000,0.0000000000,0.0000000000
0.0200000000,-0.1500000000,0.3000000000,-0.0627335374,0.0000000000,0.0524367663,0.4281313114,-0.2979721268,-0.0282960513,-0.3700625435,-0.2302520312,0.2990006778,0.0557786809,-0.4158402460,0.2968933871,-0.0106567773,0.3588711246,-0.2461058930,-0.3034068674,1.0000000000,1.0000000000,0.0000000000,0.0000000000,0.0000000000
0.0200000000,-0.1500000000,0.3000000000,-0.0627335374,0.0000000000,0.0524367663,0.4281313114,-0.2979721268,-0.0282960513,-0.3700625435,-0.2302520312,0.2990006778,0.0557786809,-0.4158402460,0.2968933871,-0.0106567773,0.3588711246,-0.2461058930,-0.3034068674,1.0000000000,1.0000000000,0.0000000000,0.0000000000,0.0000000000
0.0200000000,-0.1500000000,0.3000000000,-0.0627335374,0.0000000000,0.0524367663,0.4281313114,-0.2979721268,-0.0282960513,-0.3700625435,-0.2302520312,0.2990006778,0.0557786809,-0.4158402460,0.2968933871,-0.0106567773,0.3588711246,-0.2461058930,-0.3034068674,1.0000000000,1.0000000000,0.0000000000,0.0000000000,0.0000000000
0.0200000000,-0.1500000000,0.3000000000,-0.0627335374,0.0000000000,0.0524367663,0.4281313114,-0.2979721268,-0.0282960513,-0.3700625435,-0.2302520312,0.2990006778,0.0557786809,-0.4158402460,0.2968933871,-0.0106567773,0.3588711246,-0.2461058930,-0.3034068674,1.0000000000,1.0000000000,0.0000000000,0.0000000000,0.0000000000
0.0200000000,-0.1500000000,0.3000000000,-0.0627335374,0.0000000000,0.0524367663,0.4281313114,-0.2979721268,-0.0282960513,-0.3700625435,-0.2302520312,0.2990006778,0.0557786809,-0.4158402460,0.2968933871,-0.0106567773,0.3588711246,-0.2461058930,-0.3034068674,1.0000000000,1.0000000000,0.0000000000,0.0000000000,0.0000000000
0.0200000000,-0.1500000000,0.3000000000,-0.0627335374,0.0000000000,0.0524367663,0.4281313114,-0.2979721268,-0.0282960513,-0.3700625435,-0.2302520312,0.2990006778,0.0557786809,-0.4158402460,0.2968933871,-0.0106567773,0.3588711246,-0.2461058930,-0.3034068674,1.0000000000,1.0000000000,0.0000000000,0.0000000000,0.0000000000
0.0200000000,-0.1500000000,0.3000000000,-0.0627335374,0.0000000000,0.0524367663,0.4281313114,-0.2979721268,-0.0282960513,-0.3700625435,-0.2302520312,0.2990006778,0.0557786809,-0.4158402460,0.2968933871,-0.0106567773,0.3588711246,-0.2461058930,-0.3034068674,1.0000000000,1.0000000000,0.0000000000,0.0000000000,0.0000000000
0.0200000000,-0.1500000000,0.3000000000,-0.0627335374,0.0000000000,0.0524367663,0.4281313114,-0.2979721268,-0.0282960513,-0.3700625435,-0.2302520312,0.2990006778,0.0557786809,-0.4158402460,0.2968933871,-0.0106567773,0.3588711246,-0.2461058930,-0.3034068674,1.0000000000,1.0000000000,0.0000000000,0.0000000000,0.0000000000
0.0200000000,-0.1500000000,0.3000000000,-0.0627335374,0.0000000000,0.0524367663,0.4281313114,-0.2979721268,-0.0282960513,-0.3700625435,-0.2302520312,0.2990006778,0.0557786809,-0.4158402460,0.2968933871,-0.0106567773,0.3588711246,-0.2461058930,-0.3034068674,1.0000000000,1.0000000000,0.0000000000,0.0000000000,0.0000000000
0.0200000000,-0.1500000000,0.3000000000,-0.0627335374,0.0000000000,0.0524367663,0.4281313114,-0.2979721268,-0.0282960513,-0.3700625435,-0.2302520312,0.2990006778,0.0557786809,-0.4158402460,0.2968933871,-0.0106567773,0.3588711246,-0.2461058930,-0.3034068674,1.0000000000,1.0000000000,0.0000000000,0.0000000000,0.0000000000
0.0200000000,-0.1500000000,0.3000000000,-0.0627335374,0.0000000000,0.0524367663,0.4281313114,-0.2979721268,-0.0282960513,-0.3700625435,-0.2302520312,0.2990006778,0.0557786809,-0.4158402460,0.2968933871,-0.0106567773,0.3588711246,-0.2461058930,-0.3034068674,1.0000000000,1.0000000000,0.0000000000,0.0000000000,0.0000000000
0.0200000000,-0.1500000000,0.3000000000,-0.0627335374,0.0000000000,0.0524367663,0.4281313114,-0.2979721268,-0.0282960513,-0.3700625435,-0.2302520312,0.2990006778,0.0557786809,-0.4158402460,0.2968933871,-0.0106567773,0.3588711246,-0.2461058930,-0.3034068674,1.0000000000,1.0000000000,0.0000000000,0.0000000000,0.0000000000
0.0200000000,-0.1500000000,0.3000000000,-0.0627335374,0.0000000000,0.0524367663,0.4281313114,-0.2979721268,-0.0282960513,-0.3700625435,-0.2302520312,0.2990006778,0.0557786809,-0.4158402460,0.2968933871,-0.0106567773,0.3588711246,-0.2461058930,-0.3034068674,1.0000000000,1.0000000000,0.0000000000,0.0000000000,0.0000000000
0.0200000000,-0.1500000000,0.3000000000,-0.0627335374,0.0000000000,0.0524367663,0.4281313114,-0.2979721268,-0.0282960513,-0.3700625435,-0.2302520312,0.2990006778,0.0557786809,-0.4158402460,0.2968933871,-0.0106567773,0.3588711246,-0.2461058930,-0.3034068674,1.0000000000,1.0000000000,0.0000000000,0.0000000000,0.0000000000
0.0200000000,-0.1500000000,0.3000000000,-0.0627335374,0.0000000000,0.0524367663,0.4281313114,-0.2979721268,-0.0282960513,-0.3700625435,-0.2302520312,0.2990006778,0.0557786809,-0.4158402460,0.2968933871,-0.0106567773,0.3588711246,-0.2461058930,-0.3034068674,1.0000000000,1.0000000000,0.0000000000,0.0000000000,0.0000000000
0.0200000000,-0.1500000000,0.3000000000,-0.0627335374,0.0000000000,0.0524367663,0.4281313114,-0.2979721268,-0.0282960513,-0.3700625435,-0.2302520312,0.2990006778,0.0557786809,-0.4158402460,0.2968933871,-0.0106567773,0.3588711246,-0.2461058930,-0.3034068674,1.0000000000,1.0000000000,0.0000000000,0.0000000000,0.0000000000
0.0200000000,-0.1500000000,0.3000000000,-0.0627335374,0.0000000000,0.0524367663,0.4281313114,-0.2979721268,-0.0282960513,-0.3700625435,-0.2302520312,0.2990006778,0.0557786809,-0.4158402460,0.2968933871,-0.0106567773,0.3588711246,-0.2461058930,-0.3034068674,1.0000000000,1.0000000000,0.0000000000,0.0000000000,0.0000000000
0.0200000000,-0.1500000000,0.3000000000,-0.0627335374,0.0000000000,0.0524367663,0.4281313114,-0.2979721268,-0.0282960513,-0.3700625435,-0.2302520312,0.2990006778,0.0557786809,-0.4158402460,0.2968933871,-0.0106567773,0.3588711246,-0.2461058930,-0.3034068674,1.0000000000,1.0000000000,0.0000000000,0.0000000000,0.0000000000
0.0200000000,-0.1500000000,0.3000000000,-0.0627335374,0.0000000000,0.0524367663,0.4281313114,-0.2979721268,-0.0282960513,-0.3700625435,-0.2302520312,0.2990006778,0.0557786809,-0.4158402460,0.2968933871,-0.0106567773,0.3588711246,-0.2461058930,-0.3034068674,1.0000000000,1.0000000000,0.0000000000,0.0000000000,0.0000000000
0.0200000000,-0.1500000000,0.3000000000,-0.0627335374,0.0000000000,0.0524367663,0.4281313114,-0.2979721268,-0.0282960513,-0.3700625435,-0.2302520312,0.2990006778,0.0557786809,-0.4158402460,0.2968933871,-0.0106567773,0.3588711246,-0.2461058930,-0.3034068674,1.0000000000,1.0000000000,0.0000000000,0.0000000000,0.0000000000
0.0200000000,-0.1500000000,0.3000000000,-0.0627335374,0.0000000000,0.0524367663,0.4281313114,-0.2979721268,-0.0282960513,-0.3700625435,-0.2302520312,0.2990006778,0.0557786809,-0.4158402460,0.2968933871,-0.0106567773,0.3588711246,-0.2461058930,-0.3034068674,1.0000000000,1.0000000000,0.0000000000,0.0000000000,0.0000000000
0.0200000000,-0.1500000000,0.3000000000,-0.0627335374,0.0000000000,0.0524367677,0.4281313117,-0.2979721266,-0.0282960527,-0.3700625433,-0.2302520323,0.2990006778,0.0557786837,-0.4158402467,0.2968933866,-0.0106567792,0.3588711243,-0.2461058946,-0.3034068674,1.0000000000,1.0000000000,0.0000000000,0.0000000000,0.0000000000
0.0200000000,-0.1500000000,0.3000000000,-0.0627335374,0.0000000000,0.0524361804,0.4281311818,-0.2979722042,-0.0282954746,-0.3700626337,-0.2302516018,0.2990006778,0.0557775326,-0.4158399815,0.2968935696,-0.0106560093,0.3588712403,-0.2461052479,-0.3034068674,1.0000000000,1.0000000000,0.0000000000,0.0000000000,0.0000000000
0.0200000000,-0.1500000000,0.3000000000,-0.0627335374,0.0000000000,0.0524271471,0.4281291814,-0.2979734013,-0.0282865927,-0.3700640213,-0.2302449860,0.2990006778,0.0557598397,-0.4158359017,0.2968963864,-0.0106441720,0.3588730238,-0.2460953051,-0.3034068674,1.0000000000,1.0000000000,0.0000000000,0.0000000000,0.0000000000
0.0200000000,-0.1500000000,0.3000000000,-0.0627335374,0.0000000000,0.0523765974,0.4281179693,-0.2979801290,-0.0282369648,-0.3700717719,-0.2302080042,0.2990006778,0.0556609226,-0.4158130674,0.2969121691,-0.0105779621,0.3588829966,-0.2460396951,-0.3034068674,1.0000000000,1.0000000000,0.0000000000,0.0000000000,0.0000000000
0.0200000000,-0.1500000000,0.3000000000,-0.0627335374,0.0000000000,0.0522211461,0.4280834145,-0.2980009388,-0.0280846345,-0.3700955486,-0.2300944277,0.2990006778,0.0553570982,-0.4157428345,0.2969607698,-0.0103744635,0.3589136391,-0.2458687989,-0.3034068674,1.0000000000,1.0000000000,0.0000000000,0.0000000000,0.0000000000
0.0200000000,-0.1500000000,0.3000000000,-0.0627335374,0.0000000000,0.0519003394,0.4280116190,-0.2980446924,-0.0277712466,-0.3701443897,-0.2298604579,0.2990006778,0.0547318557,-0.4155981064,0.2970609369,-0.0099547563,0.3589768357,-0.2455166031,-0.3034068674,1.0000000000,1.0000000000,0.0000000000,0.0000000000,0.0000000000
0.0200000000,-0.1500000000,0.3000000000,-0.0627335374,0.0000000000,0.0514754078,0.4279146822,-0.2981058224,-0.0273581199,-0.3702085142,-0.2295509962,0.2990006778,0.0539091622,-0.4154078955,0.2971919895,-0.0093989450,0.3590606410,-0.2450513726,-0.3034068674,1.0000000000,1.0000000000,0.0000000000,0.0000000000,0.0000000000
0.0200000000,-0.1500000000,0.3000000000,-0.0627335374,0.0000000000,0.0510166033,0.4278053385,-0.2981800148,-0.0269158018,-0.3702765229,-0.2292171261,0.2990006778,0.0530339835,-0.4152069093,0.2973284862,-0.0087985829,0.3591515521,-0.2445518981,-0.3034068674,1.0000000000,1.0000000000,0.0000000000,0.0000000000,0.0000000000
0.0200000000,-0.1500000000,0.3000000000,-0.0627335374,0.0000000000,0.0505663548,0.4276904947,-0.2982660663,-0.0264870477,-0.3703414092,-0.2288894199,0.2990006778,0.0521958358,-0.4150170802,0.2974539175,-0.0082087884,0.3592415375,-0.2440661317,-0.3034068674,1.0000000000,1.0000000000,0.0000000000,0.0000000000,0.0000000000
0.0200000000,-0.1500000000,0.3000000000,-0.0627335374,0.0000000000,0.0501334907,0.4275717543,-0.2983634065,-0.0260802307,-0.3704018291,-0.2285740022,0.2990006778,0.0514127961,-0.4148428630,0.2975649649,-0.0076408408,0.3593289470,-0.2436038256,-0.3034068674,1.0000000000,1.0000000000,0.0000000000,0.0000000000,0.0000000000
0.0200000000,-0.1500000000,0.3000000000,-0.0627335374,0.0000000000,0.0497133701,0.4274470708,-0.2984743832,-0.0256906870,-0.3704583938,-0.2282669845,0.2990006778,0.0506783328,-0.4146830254,0.2976622174,-0.0070877924,0.3594149038,-0.2431598566,-0.3034068674,1.0000000000,1.0000000000,0.0000000000,0.0000000000,0.0000000000
0.0200000000,-0.1500000000,0.3000000000,-0.0627335374,0.0000000000,0.0492956539,0.4273119244,-0.2986042919,-0.0253094780,-0.3705122154,-0.2279605260,0.2990006778,0.0499780466,-0.4145350733,0.2977466364,-0.0065355096,0.3595017251,-0.2427236781,-0.3034068674,1.0000000000,1.0000000000,0.0000000000,0.0000000000,0.0000000000
0.0200000000,-0.1500000000,0.3000000000,-0.0627335374,0.0000000000,0.0488553325,0.4271515205,-0.2987726963,-0.0249197574,-0.3705646969,-0.2276368804,0.2990006778,0.0492878312,-0.4143975144,0.2978148587,-0.0059520254,0.3595950829,-0.2422739502,-0.3034068674,1.0000000000,1.0000000000,0.0000000000,0.0000000000,0.0000000000
0.0200000000,-0.1500000000,0.3000000000,-0.0627335374,0.0000000000,0.0483390626,0.4269315573,-0.2990261161,-0.0244907192,-0.3706176465,-0.2272600742,0.2990006778,0.0485639608,-0.4142708393,0.2978551500,-0.0052725783,0.3597068502,-0.2417692776,-0.3034068674,1.0000000000,1.0000000000,0.0000000000,0.0000000000,0.0000000000
0.0200000000,-0.1500000000,0.3000000000,-0.0627335374,0.0000000000,0.0476969976,0.4266043870,-0.2994353260,-0.0240153963,-0.3706672368,-0.2268026876,0.2990006778,0.0478097404,-0.4141748083,0.2978338847,-0.0044489554,0.3598478085,-0.2411890991,-0.3034068674,1.0000000000,1.0000000000,0.0000000000,0.0000000000,0.0000000000
0.0200000000,-0.1500000000,0.3000000000,-0.0627335374,0.0000000000,0.0469306962,0.4261226879,-0.3000833174,-0.0235772523,-0.3706938952,-0.2262940270,0.2990006778,0.0471711881,-0.4141745312,0.2976740630,-0.0035427001,0.3600135513,-0.2406065028,-0.3034068674,1.0000000000,1.0000000000,0.0000000000,0.0000000000,0.0000000000
0.0200000000,-0.1500000000,0.3000000000,-0.0627335374,0.0000000000,0.0461137310,0.4255139215,-0.3009399516,-0.0232961290,-0.3706800471,-0.2258215810,0.2990006778,0.0467951705,-0.4143113167,0.2973407398,-0.0027321336,0.3601766415,-0.2401551109,-0.3034068674,1.0000000000,1.0000000000,0.0000000000,0.0000000000,0.0000000000
0.0200000000,-0.1500000000,0.3000000000,-0.0627335374,0.0000000000,0.0452687101,0.4248135738,-0.3019476297,-0.0232317946,-0.3706199472,-0.2254383458,0.2990006778,0.0467068827,-0.4145865919,0.2968380521,-0.0021523337,0.3603139284,-0.2399188631,-0.3034068674,1.0000000000,1.0000000000,0.0000000000,0.0000000000,0.0000000000
0.0200000000,-0.1500000000,0.3000000000,-0.0627335374,0.0000000000,0.0443812331,0.4240799184,-0.3029992683,-0.0233575839,-0.3705255320,-0.2251540538,0.2990006778,0.0468093535,-0.4149463369,0.2962360801,-0.0018811762,0.3604068067,-0.2399167822,-0.3034068674,1.0000000000,1.0000000000,0.0000000000,0.0000000000,0.0000000000
0.0200000000,-0.1500000000,0.3000000000,-0.0627335374,0.0000000000,0.0434412944,0.4233983580,-0.3039417749,-0.0235815488,-0.3704226660,-0.2249513519,0.2990006778,0.0469690495,-0.4152964023,0.2956655648,-0.0019631034,0.3604375745,-0.2401283129,-0.3034068674,1.0000000000,1.0000000000,0.0000000000,0.0000000000,0.0000000000
0.0200000000,-0.1500000000,0.3000000000,-0.0627335374,0.0000000000,0.0424952348,0.4229057797,-0.3045471241,-0.0237727946,-0.3703488247,-0.2248144111,0.2990006778,0.0470937987,-0.4155058625,0.2953319008,-0.0024684458,0.3603782260,-0.2405345465,-0.3034068674,1.0000000000,1.0000000000,0.0000000000,0.0000000000,0.0000000000
0.0200000000,-0.1500000000,0.3000000000,-0.0627335374,0.0000000000,0.0416644843,0.4227019047,-0.3046743689,-0.0238305252,-0.3703303958,-0.2247310382,0.2990006778,0.0471917019,-0.4155023709,0.2953638213,-0.0033454471,0.3602272332,-0.2410725249,-0.3034068674,1.0000000000,1.0000000000,0.0000000000,0.0000000000,0.0000000000
0.0200000000,-0.1500000000,0.3000000000,-0.0627335374,0.0000000000,0.0411193525,0.4229174117,-0.3041409349,-0.0236840463,-0.3703917275,-0.2247228383,0.2990006778,0.0473218011,-0.4152427663,0.2958525860,-0.0045728134,0.3599807032,-0.2417129503,-0.3034068674,1.0000000000,1.0000000000,0.0000000000,0.0000000000,0.0000000000
0.0200000000,-0.1500000000,0.3000000000,-0.0627335374,0.0000000000,0.0410329100,0.4236746840,-0.3027788113,-0.0232872310,-0.3705521370,-0.2248228255,0.2990006778,0.0475547110,-0.4147098422,0.2968478783,-0.0061254712,0.3596385007,-0.2424360386,-0.3034068674,1.0000000000,1.0000000000,0.0000000000,0.0000000000,0.0000000000
0.0200000000,-0.1500000000,0.3000000000,-0.0627335374,0.0000000000,0.0414293874,0.4249116147,-0.3007034383,-0.0226837165,-0.3707964208,-0.2250304134,0.2990006778,0.0479431791,-0.4139068593,0.2983599140,-0.0079613914,0.3592063857,-0.2432196938,-0.3034068674,1.0000000000,1.0000000000,0.0000000000,0.0000000000,0.0000000000
0.0200000000,-0.1500000000,0.3000000000,-0.0627335374,0.0000000000,0.0420561262,0.4261984811,-0.2986025523,-0.0220748313,-0.3710434664,-0.2252652723,0.2990006778,0.0485072158,-0.4128632641,0.3003457198,-0.0099654216,0.3587066316,-0.2440070402,-0.3034068674,1.0000000000,1.0000000000,0.0000000000,0.0000000000,0.0000000000
0.0200000000,-0.1500000000,0.3000000000,-0.0627335374,0.0000000000,0.0426195225,0.4271671819,-0.2970444944,-0.0215983845,-0.3712308954,-0.2254349845,0.2990006778,0.0491639435,-0.4117214201,0.3025346104,-0.0118968092,0.3582016622,-0.2447100150,-0.3034068674,1.0000000000,1.0000000000,0.0000000000,0.0000000000,0.0000000000
0.0200000000,-0.1500000000,0.3000000000,-0.0627335374,0.0000000000,0.0432065678,0.4279808747,-0.2957631921,-0.0211220751,-0.3713991202,-0.2255370518,0.2990006778,0.0498324943,-0.4105976034,0.3047005133,-0.0135623615,0.3577425701,-0.2452584092,-0.3034068674,1.0000000000,1.0000000000,0.0000000000,0.0000000000,0.0000000000
0.0200000000,-0.1500000000,0.3000000000,-0.0627335374,0.0000000000,0.0440479743,0.4290109685,-0.2941634151,-0.0204115248,-0.3716283822,-0.2256065451,0.2990006778,0.0504577895,-0.4095608679,0.3067058318,-0.0148674161,0.3573568493,-0.2456226710,-0.3034068674,1.0000000000,1.0000000000,0.0000000000,0.0000000000,0.0000000000
0.0200000000,-0.1500000000,0.3000000000,-0.0627335374,0.0000000000,0.0451627346,0.4303299826,-0.2921220627,-0.0193907400,-0.3719397730,-0.2256312013,0.2990006778,0.0510275293,-0.4086247769,0.3085215514,-0.0158145159,0.3570467927,-0.2458100709,-0.3034068674,1.0000000000,1.0000000000,0.0000000000,0.0000000000,0.0000000000
0.0200000000,-0.1500000000,0.3000000000,-0.0627335374,0.0000000000,0.0462535843,0.4315745467,-0.2902044872,-0.0181918206,-0.3722718607,-0.2255150465,0.2990006778,0.0515477702,-0.4078142678,0.3101031050,-0.0163962407,0.3568176778,-0.2458277455,-0.3034068674,1.0000000000,1.0000000000,0.0000000000,0.0000000000,0.0000000000
0.0200000000,-0.1500000000,0.3000000000,-0.0627335374,0.0000000000,0.0470435556,0.4324299189,-0.2888975026,-0.0169932075,-0.3725610586,-0.2252119135,0.2990006778,0.0520397126,-0.4071639432,0.3113929111,-0.0166770619,0.3566635989,-0.2457316799,-0.3034068674,1.0000000000,1.0000000000,0.0000000000,0.0000000000,0.0000000000
0.0200000000,-0.1500000000,0.3000000000,-0.0627335374,0.0000000000,0.0474713449,0.4328681733,-0.2882365084,-0.0158511676,-0.3727955579,-0.2247400681,0.2990006778,0.0525278146,-0.4067194362,0.3123158833,-0.0167246308,0.3565793598,-0.2455846531,-0.3034068674,1.0000000000,1.0000000000,0.0000000000,0.0000000000,0.0000000000
0.0200000000,-0.1500000000,0.3000000000,-0.0627335374,0.0000000000,0.0475997012,0.4330061160,-0.2880317461,-0.0148043924,-0.3729822538,-0.2241777754,0.2990006778,0.0530453477,-0.4064878294,0.3128685289,-0.0166716628,0.3565427294,-0.2454722817,-0.3034068674,1.0000000000,1.0000000000,0.0000000000,0.0000000000,0.0000000000
0.0200000000,-0.1500000000,0.3000000000,-0.0627335374,0.0000000000,0.0475254864,0.4329702408,-0.2880839566,-0.0139068981,-0.3731262090,-0.2236185446,0.2990006778,0.0536282371,-0.4064364534,0.3131191981,-0.0166720382,0.3565219083,-0.2454754620,-0.3034068674,1.0000000000,1.0000000000,0.0000000000,0.0000000000,0.0000000000
0.0200000000,-0.1500000000,0.3000000000,-0.0627335374,0.0000000000,0.0473390802,0.4328545177,-0.2882493476,-0.0132199040,-0.3732274126,-0.2231453251,0.2990006778,0.0543303057,-0.4065217234,0.3131608722,-0.0168828994,0.3564824745,-0.2456730071,-0.3034068674,1.0000000000,1.0000000000,0.0000000000,0.0000000000,0.0000000000
0.0200000000,-0.1500000000,0.3000000000,-0.0627335374,0.0000000000,0.0471369087,0.4327371941,-0.2884133836,-0.0127321761,-0.3732957870,-0.2227905361,0.2990006778,0.0551699640,-0.4066787465,0.3131142571,-0.0173616813,0.3564046533,-0.2460719804,-0.3034068674,1.0000000000,1.0000000000,0.0000000000,0.0000000000,0.0000000000
0.0200000000,-0.1500000000,0.3000000000,-0.0627335374,0.0000000000,0.0469775457,0.4326596303,-0.2885173773,-0.0124572122,-0.3733332584,-0.2225831962,0.2990006778,0.0561477122,-0.4068758214,0.3130359646,-0.0181360790,0.3562789644,-0.2466753903,-0.3034068674,1.0000000000,1.0000000000,0.0000000000,0.0000000000,0.0000000000
0.0200000000,-0.1500000000,0.3000000000,-0.0627335374,0.0000000000,0.0469020391,0.4326487215,-0.2885244695,-0.0124151869,-0.3733390712,-0.2225489932,0.2990006778,0.0572358040,-0.4070888085,0.3129612504,-0.0191973065,0.3561038451,-0.2474661824,-0.3034068674,1.0000000000,1.0000000000,0.0000000000,0.0000000000,0.0000000000
0.0200000000,-0.1500000000,0.3000000000,-0.0627335374,0.0000000000,0.0469397617,0.4327211232,-0.2884136383,-0.0126219531,-0.3733120037,-0.2227058867,0.2990006778,0.0583957011,-0.4072996886,0.3129115718,-0.0205139049,0.3558826860,-0.2484157174,-0.3034068674,1.0000000000,1.0000000000,0.0000000000,0.0000000000,0.0000000000
0.0200000000,-0.1500000000,0.3000000000,-0.0627335374,0.0000000000,0.0471382434,0.4328964863,-0.2881624150,-0.0131023953,-0.3732494905,-0.2230795497,0.2990006778,0.0595921653,-0.4074937856,0.3129037066,-0.0220562809,0.3556188341,-0.2494981595,-0.3034068674,1.0000000000,1.0000000000,0.0000000000,0.0000000000,0.0000000000
0.0200000000,-0.1500000000,0.3000000000,-0.0627335374,0.0000000000,0.0475005335,0.4331643344,-0.2877885675,-0.0138035053,-0.3731591573,-0.2236340058,0.2990006778,0.0607859057,-0.4076640242,0.3129395419,-0.0237373880,0.3553268518,-0.2506554305,-0.3034068674,1.0000000000,1.0000000000,0.0000000000,0.0000000000,0.0000000000
0.0200000000,-0.1500000000,0.3000000000,-0.0627335374,0.0000000000,0.0480106233,0.4335102263,-0.2873120648,-0.0146670970,-0.3730493348,-0.2243276703,0.2990006778,0.0619283510,-0.4078003618,0.3130238871,-0.0254722384,0.3550207188,-0.2518288087,-0.3034068674,1.0000000000,1.0000000000,0.0000000000,0.0000000000,0.0000000000
0.0200000000,-0.1500000000,0.3000000000,-0.0627335374,0.0000000000,0.0486093681,0.4338978968,-0.2867811800,-0.0155805593,-0.3729353253,-0.2250745865,0.2990006778,0.0629463254,-0.4078908590,0.3131579489,-0.0271307918,0.3547225336,-0.2529298243,-0.3034068674,1.0000000000,1.0000000000,0.0000000000,0.0000000000,0.0000000000
0.0200000000,-0.1500000000,0.3000000000,-0.0627335374,0.0000000000,0.0492180382,0.4342812665,-0.2862573456,-0.0164147098,-0.3728342085,-0.2257733698,0.2990006778,0.0637691885,-0.4079269311,0.3133374397,-0.0285794998,0.3544555858,-0.2538693104,-0.3034068674,1.0000000000,1.0000000000,0.0000000000,0.0000000000,0.0000000000
0.0200000000,-0.1500000000,0.3000000000,-0.0627335374,0.0000000000,0.0497744308,0.4346259285,-0.2857859768,-0.0170797635,-0.3727576574,-0.2263520057,0.2990006778,0.0643438002,-0.4078975258,0.3135675912,-0.0297315074,0.3542343995,-0.2545862014,-0.3034068674,1.0000000000,1.0000000000,0.0000000000,0.0000000000,0.0000000000
0.0200000000,-0.1500000000,0.3000000000,-0.0627335374,0.0000000000,0.0502655405,0.4349293516,-0.2853694901,-0.0175932553,-0.3727025256,-0.2268189019,0.2990006778,0.0646927874,-0.4077995226,0.3138601735,-0.0306328756,0.3540503369,-0.2551078394,-0.3034068674,1.0000000000,1.0000000000,0.0000000000,0.0000000000,0.0000000000
0.0200000000,-0.1500000000,0.3000000000,-0.0627335374,0.0000000000,0.0506687117,0.4351812161,-0.2850215396,-0.0179486555,-0.3726688823,-0.2271641249,0.2990006778,0.0647769086,-0.4076129525,0.3142400551,-0.0312611572,0.3539052733,-0.2554092534,-0.3034068674,1.0000000000,1.0000000000,0.0000000000,0.0000000000,0.0000000000
0.0200000000,-0.1500000000,0.3000000000,-0.0627335374,0.0000000000,0.0509502449,0.4353636809,-0.2847664276,-0.0181221418,-0.3726588978,-0.2273634780,0.2990006778,0.0645132779,-0.4073111514,0.3147313215,-0.0315349241,0.3538112945,-0.2554244837,-0.3034068674,1.0000000000,1.0000000000,0.0000000000,0.0000000000,0.0000000000
0.0200000000,-0.1500000000,0.3000000000,-0.0627335374,0.0000000000,0.0510968005,0.4354697335,-0.2846140487,-0.0181175263,-0.3726711756,-0.2274152446,0.2990006778,0.0637857694,-0.4068637130,0.3153542830,-0.0313380416,0.3537868192,-0.2550635315,-0.3034068674,1.0000000000,1.0000000000,0.0000000000,0.0000000000,0.0000000000
0.0200000000,-0.1500000000,0.3000000000,-0.0627335374,0.0000000000,0.0511275326,0.4355088181,-0.2845526961,-0.0179943051,-0.3726966036,-0.2273601744,0.2990006778,0.0624140609,-0.4062363078,0.3161153772,-0.0304839805,0.3538636699,-0.2541896976,-0.3034068674,1.0000000000,1.0000000000,0.0000000000,0.0000000000,0.0000000000
0.0200000000,-0.1500000000,0.3000000000,-0.0627335374,0.0000000000,0.0511104956,0.4355160552,-0.2845364237,-0.0178618584,-0.3727202358,-0.2272829626,0.2990006778,0.0604404342,-0.4054748622,0.3169384651,-0.0289960022,0.3540446530,-0.2528422897,-0.3034068674,1.0000000000,1.0000000000,0.0000000000,0.0000000000,0.0000000000
0.0200000000,-0.1500000000,0.3000000000,-0.0627335374,0.0000000000,0.0510989794,0.4355186896,-0.2845295267,-0.0177760935,-0.3727353099,-0.2272319875,0.2990006778,0.0579955483,-0.4046529418,0.3177235763,-0.0269838758,0.3543196669,-0.2511300874,-0.3034068674,1.0000000000,1.0000000000,0.0000000000,0.0000000000,0.0000000000
0.0200000000,-0.1500000000,0.3000000000,-0.0627335374,0.0000000000,0.0511264153,0.4355383986,-0.2845015707,-0.0177363018,-0.3727441829,-0.2272181547,0.2990006778,0.0553935329,-0.4038799378,0.3183621989,-0.0247475059,0.3546465867,-0.2493013497,-0.3034068674,1.0000000000,1.0000000000,0.0000000000,0.0000000000,0.0000000000
0.0200000000,-0.1500000000,0.3000000000,-0.0627335374,0.0000000000,0.0511478822,0.4355703278,-0.2844506995,-0.0176787384,-0.3727576794,-0.2271989043,0.2990006778,0.0530610615,-0.4032637055,0.3187857215,-0.0227016497,0.3549601341,-0.2476765188,-0.3034068674,1.0000000000,1.0000000000,0.0000000000,0.0000000000,0.0000000000
0.0200000000,-0.1500000000,0.3000000000,-0.0627335374,0.0000000000,0.0509085096,0.4355405931,-0.2844475460,-0.0174460493,-0.3727968848,-0.2270347673,0.2990006778,0.0514232251,-0.4028783278,0.3189898317,-0.0212551506,0.3551905813,-0.2465547192,-0.3034068674,1.0000000000,1.0000000000,0.0000000000,0.0000000000,0.0000000000
0.0200000000,-0.1500000000,0.3000000000,-0.0627335374,0.0000000000,0.0500993386,0.4353552247,-0.2845850113,-0.0168987605,-0.3728781755,-0.2265858086,0.2990006778,0.0504678750,-0.4026705968,0.3190738067,-0.0204124687,0.3553282815,-0.2459106753,-0.3034068674,1.0000000000,1.0000000000,0.0000000000,0.0000000000,0.0000000000
0.0200000000,-0.1500000000,0.3000000000,-0.0627335374,0.0000000000,0.0485145358,0.4349691263,-0.2848932268,-0.0159534686,-0.3730130384,-0.2257731093,0.2990006778,0.0500341572,-0.4025810835,0.3191011026,-0.0200313198,0.3553917735,-0.2456222157,-0.3034068674,1.0000000000,1.0000000000,0.0000000000,0.0000000000,0.0000000000
0.0200000000,-0.1500000000,0.3000000000,-0.0627335374,0.0000000000,0.0461788414,0.4344271262,-0.2852974218,-0.0146233380,-0.3732043038,-0.2246272601,0.2990006778,0.0498937139,-0.4025527132,0.3191080701,-0.0199083900,0.3554125269,-0.2455296749,-0.3034068674,1.0000000000,1.0000000000,0.0000000000,0.0000000000,0.0000000000
0.0200000000,-0.1500000000,0.3000000000,-0.0627335374,0.0000000000,0.0433280229,0.4338513799,-0.2856370966,-0.0129919855,-0.3734490168,-0.2232653500,0.2990006778,0.0498669971,-0.4025472760,0.3191093169,-0.0198850853,0.3554164931,-0.2455121555,-0.3034068674,1.0000000000,1.0000000000,0.0000000000,0.0000000000,0.0000000000
0.0200000000,-0.1500000000,0.3000000000,-0.0627335374,0.0000000000,0.0403217625,0.4334166702,-0.2856914115,-0.0111699111,-0.3737436355,-0.2218488242,0.2990006778,0.0498655722,-0.4025469749,0.3191093937,-0.0198838475,0.3554167046,-0.2455112226,-0.3034068674,1.0000000000,1.0000000000,0.0000000000,0.0000000000,0.0000000000
0.0200000000,-0.1500000000,0.3000000000,-0.0627335374,0.0000000000,0.0374897834,0.4332195041,-0.2853733242,-0.0093043273,-0.3740695326,-0.2205221985,0.2990006778,0.0498654163,-0.4025469451,0.3191093876,-0.0198836541,0.3554167404,-0.2455110894,-0.3034068674,1.0000000000,1.0000000000,0.0000000000,0.0000000000,0.0000000000
0.0200000000,-0.1500000000,0.3000000000,-0.0627335374,0.0000000000,0.0350048791,0.4332890691,-0.2846769515,-0.0075024222,-0.3744091807,-0.2193685303,0.2990006778,0.0498631140,-0.4025464722,0.3191093413,-0.0198805364,0.3554173130,-0.2455089523,-0.3034068674,1.0000000000,1.0000000000,0.0000000000,0.0000000000,0.0000000000
0.0200000000,-0.1500000000,0.3000000000,-0.0627335374,0.0000000000,0.0329462745,0.4335877637,-0.2836894169,-0.0058603953,-0.3747408475,-0.2184305415,0.2990006778,0.0498500206,-0.4025434070,0.3191097510,-0.0198612739,0.3554207732,-0.2454956948,-0.3034068674,1.0000000000,1.0000000000,0.0000000000,0.0000000000,0.0000000000
0.0200000000,-0.1500000000,0.3000000000,-0.0627335374,0.0000000000,0.0313068236,0.4340218220,-0.2825726567,-0.0044455649,-0.3750428544,-0.2177056928,0.2990006778,0.0498068276,-0.4025310620,0.3191153006,-0.0197908746,0.3554329636,-0.2454467091,-0.3034068674,1.0000000000,1.0000000000,0.0000000000,0.0000000000,0.0000000000
0.0200000000,-0.1500000000,0.3000000000,-0.0627335374,0.0000000000,0.0299969092,0.4344423828,-0.2815625190,-0.0032861190,-0.3752953028,-0.2171409885,0.2990006778,0.0497012577,-0.4024907146,0.3191483773,-0.0196013956,0.3554638393,-0.2453113786,-0.3034068674,1.0000000000,1.0000000000,0.0000000000,0.0000000000,0.0000000000
0.0200000000,-0.1500000000,0.3000000000,-0.0627335374,0.0000000000,0.0287896958,0.4347075367,-0.2808480776,-0.0022873000,-0.3755017568,-0.2166080514,0.2990006778,0.0495243865,-0.4024023266,0.3192431045,-0.0192779230,0.3555128994,-0.2450710025,-0.3034068674,1.0000000000,1.0000000000,0.0000000000,0.0000000000,0.0000000000
0.0200000000,-0.1500000000,0.3000000000,-0.0627335374,0.0000000000,0.0275013969,0.4347253198,-0.2805428916,-0.0013473420,-0.3756716979,-0.2159985094,0.2990006778,0.0492886562,-0.4022479224,0.3194361005,-0.0188745294,0.3555677349,-0.2447508025,-0.3034068674,1.0000000000,1.0000000000,0.0000000000,0.0000000000,0.0000000000
0.0200000000,-0.1500000000,0.3000000000,-0.0627335374,0.0000000000,0.0259785798,0.4344573348,-0.2806750471,-0.0003524139,-0.3758220504,-0.2152220179,0.2990006778,0.0490413337,-0.4020256478,0.3197449037,-0.0185235402,0.3556043499,-0.2444324988,-0.3034068674,1.0000000000,1.0000000000,0.0000000000,0.0000000000,0.0000000000
0.0200000000,-0.1500000000,0.3000000000,-0.0627335374,0.0000000000,0.0241201229,0.4339188204,-0.2811919452,0.0008003731,-0.3759730712,-0.2142210216,0.2990006778,0.0488460552,-0.4017540836,0.3201553127,-0.0183711237,0.3555990804,-0.2442160208,-0.3034068674,1.0000000000,1.0000000000,0.0000000000,0.0000000000,0.0000000000
0.0200000000,-0.1500000000,0.3000000000,-0.0627335374,0.0000000000,0.0218728487,0.4331683983,-0.2819765551,0.0021950944,-0.3761459215,-0.2129710751,0.2990006778,0.0487432782,-0.4014651709,0.3206229892,-0.0185028090,0.3555409771,-0.2441691574,-0.3034068674,1.0000000000,1.0000000000,0.0000000000,0.0000000000,0.0000000000
0.0200000000,-0.1500000000,0.3000000000,-0.0627335374,0.0000000000,0.0193552240,0.4323398180,-0.2828252707,0.0037920051,-0.3763470402,-0.2115603065,0.2990006778,0.0486879973,-0.4011864528,0.3210866634,-0.0188214887,0.3554514007,-0.2442428134,-0.3034068674,1.0000000000,1.0000000000,0.0000000000,0.0000000000,0.0000000000
0.0200000000,-0.1500000000,0.3000000000,-0.0627335374,0.0000000000,0.0166989605,0.4315362246,-0.2835921052,0.0055140974,-0.3765729342,-0.2100854834,0.2990006778,0.0486145450,-0.4009268136,0.3215117032,-0.0192270116,0.3553500811,-0.2443771072,-0.3034068674,1.0000000000,1.0000000000,0.0000000000,0.0000000000,0.0000000000
0.0200000000,-0.1500000000,0.3000000000,-0.0627335374,0.0000000000,0.0140663604,0.4308461211,-0.2841658492,0.0072439435,-0.3768112726,-0.2086610131,0.2990006778,0.0484668047,-0.4006846172,0.3218845990,-0.0196545464,0.3552490788,-0.2445295326,-0.3034068674,1.0000000000,1.0000000000,0.0000000000,0.0000000000,0.0000000000
0.0200000000,-0.1500000000,0.3000000000,-0.0627335374,0.0000000000,0.0116133025,0.4303367377,-0.2844722179,0.0088578159,-0.3770463729,-0.2073943888,0.2990006778,0.0482173495,-0.4004516395,0.3222117999,-0.0200978390,0.3551489183,-0.2446915837,-0.3034068674,1.0000000000,1.0000000000,0.0000000000,0.0000000000,0.0000000000
0.0200000000,-0.1500000000,0.3000000000,-0.0627335374,0.0000000000,0.0094687563,0.4300733501,-0.2844360465,0.0102487793,-0.3772652399,-0.2063802548,0.2990006778,0.0478546562,-0.4002143612,0.3225139080,-0.0205995880,0.3550406417,-0.2448828941,-0.3034068674,1.0000000000,1.0000000000,0.0000000000,0.0000000000,0.0000000000
0.0200000000,-0.1500000000,0.3000000000,-0.0627335374,0.0000000000,0.0076291176,0.4300544066,-0.2840639536,0.0114142444,-0.3774670542,-0.2056166729,0.2990006778,0.0473969335,-0.3999618516,0.3228156840,-0.0211909251,0.3549169410,-0.2451183312,-0.3034068674,1.0000000000,1.0000000000,0.0000000000,0.0000000000,0.0000000000
0.0200000000,-0.1500000000,0.3000000000,-0.0627335374,0.0000000000,0.0061184013,0.4302931182,-0.2833425122,0.0123445701,-0.3776510936,-0.2051141091,0.2990006778,0.0468537107,-0.3996909520,0.3231257333,-0.0218803595,0.3547756241,-0.2454020063,-0.3034068674,1.0000000000,1.0000000000,0.0000000000,0.0000000000,0.0000000000
0.0200000000,-0.1500000000,0.3000000000,-0.0627335374,0.0000000000,0.0049820307,0.4307726983,-0.2823114755,0.0130237923,-0.3778126140,-0.2048754727,0.2990006778,0.0462565702,-0.3994092435,0.3234402565,-0.0226448972,0.3546208625,-0.2457243638,-0.3034068674,1.0000000000,1.0000000000,0.0000000000,0.0000000000,0.0000000000
0.0200000000,-0.1500000000,0.3000000000,-0.0627335374,0.0000000000,0.0042534505,0.4314265182,-0.2810888252,0.0134425564,-0.3779434697,-0.2048789434,0.2990006778,0.0456769729,-0.3991357521,0.3237471370,-0.0234395898,0.3544612481,-0.2460690068,-0.3034068674,1.0000000000,1.0000000000,0.0000000000,0.0000000000,0.0000000000
0.0200000000,-0.1500000000,0.3000000000,-0.0627335374,0.0000000000,0.0039092709,0.4321311355,-0.2798725075,0.0136166815,-0.3780349867,-0.2050622109,0.2990006778,0.0452455717,-0.3989015681,0.3240307779,-0.0242190608,0.3543057260,-0.2464268364,-0.3034068674,1.0000000000,1.0000000000,0.0000000000,0.0000000000,0.0000000000
0.0200000000,-0.1500000000,0.3000000000,-0.0627335374,0.0000000000,0.0037711894,0.4327554401,-0.2788372726,0.0136512287,-0.3780940103,-0.2053014374,0.2990006778,0.0450485930,-0.3987245029,0.3242853496,-0.0249706176,0.3541569885,-0.2468013141,-0.3034068674,1.0000000000,1.0000000000,0.0000000000,0.0000000000,0.0000000000
0.0200000000,-0.1500000000,0.3000000000,-0.0627335374,0.0000000000,0.0037176090,0.4332288240,-0.2780712608,0.0136214511,-0.3781275968,-0.2055178329,0.2990006778,0.0451087319,-0.3986120184,0.3245043904,-0.0256918964,0.3540159858,-0.2471952072,-0.3034068674,1.0000000000,1.0000000000,0.0000000000,0.0000000000,0.0000000000
0.0200000000,-0.1500000000,0.3000000000,-0.0627335374,0.0000000000,0.0036814332,0.4335320506,-0.2775886716,0.0135812046,-0.3781438622,-0.2056689068,0.2990006778,0.0453491811,-0.3985554465,0.3246799229,-0.0263584016,0.3538875693,-0.2475868696,-0.3034068674,1.0000000000,1.0000000000,0.0000000000,0.0000000000,0.0000000000
0.0200000000,-0.1500000000,0.3000000000,-0.0627335374,0.0000000000,0.0036504291,0.4336870650,-0.2773459379,0.0135553129,-0.3781499513,-0.2057488136,0.2990006778,0.0456075899,-0.3985298855,0.3248068220,-0.0269099331,0.3537824526,-0.2479223865,-0.3034068674,1.0000000000,1.0000000000,0.0000000000,0.0000000000,0.0000000000
0.0200000000,-0.1500000000,0.3000000000,-0.0627335374,0.0000000000,0.0036335713,0.4337397815,-0.2772652201,0.0135461661,-0.3781513057,-0.2057759510,0.2990006778,0.0456851645,-0.3984984756,0.3248901003,-0.0272568085,0.3537155642,-0.2481230949,-0.3034068674,1.0000000000,1.0000000000,0.0000000000,0.0000000000,0.0000000000
0.0200000000,-0.1500000000,0.3000000000,-0.0627335374,0.0000000000,0.0036278552,0.4337537040,-0.2772443613,0.0135439069,-0.3781515338,-0.2057829774,0.2990006778,0.0455393587,-0.3984404241,0.3249533163,-0.0274006587,0.3536848311,-0.2481792559,-0.3034068674,1.0000000000,1.0000000000,0.0000000000,0.0000000000,0.0000000000
0.0200000000,-0.1500000000,0.3000000000,-0.0627335374,0.0000000000,0.0036268047,0.4337558567,-0.2772412076,0.0135435971,-0.3781515524,-0.2057840341,0.2990006778,0.0452530498,-0.3983631398,0.3250078761,-0.0273907403,0.3536810675,-0.2481275282,-0.3034068674,1.0000000000,1.0000000000,0.0000000000,0.0000000000,0.0000000000
0.0200000000,-0.1500000000,0.3000000000,-0.0627335374,0.0000000000,0.0036267299,0.4337559924,-0.2772410129,0.0135435804,-0.3781515528,-0.2057840987,0.2990006778,0.0449718104,-0.3982921285,0.3250518935,-0.0273163453,0.3536893817,-0.2480394722,-0.3034068674,1.0000000000,1.0000000000,0.0000000000,0.0000000000,0.0000000000
0.0200000000,-0.1500000000,0.3000000000,-0.0627335374,0.0000000000,0.0036267295,0.4337559929,-0.2772410121,0.0135435803,-0.3781515528,-0.2057840990,0.2990006778,0.0448008387,-0.3982492354,0.3250779939,-0.0272546626,0.3536973339,-0.2479760316,-0.3034068674,1.0000000000,1.0000000000,0.0000000000,0.0000000000,0.0000000000
0.0200000000,-0.1500000000,0.3000000000,-0.0627335374,0.0000000000,0.0036267295,0.4337559929,-0.2772410121,0.0135435803,-0.3781515528,-0.2057840990,0.2990006778,0.0447462969,-0.3982354705,0.3250864460,-0.0272321592,0.3537003458,-0.2479540353,-0.3034068674,1.0000000000,1.0000000000,0.0000000000,0.0000000000,0.0000000000
0.0200000000,-0.1500000000,0.3000000000,-0.0627335374,0.0000000000,0.0036267295,0.4337559929,-0.2772410121,0.0135435803,-0.3781515528,-0.2057840990,0.2990006778,0.0447354484,-0.3982327216,0.3250881458,-0.0272274529,0.3537009827,-0.2479495150,-0.3034068674,1.0000000000,1.0000000000,0.0000000000,0.0000000000,0.0000000000
0.0200000000,-0.1500000000,0.3000000000,-0.0627335374,0.0000000000,0.0036267295,0.4337559929,-0.2772410121,0.0135435803,-0.3781515528,-0.2057840990,0.2990006778,0.0447345293,-0.3982324882,0.3250882907,-0.0272270427,0.3537010386,-0.2479491249,-0.3034068674,1.0000000000,1.0000000000,0.0000000000,0.0000000000,0.0000000000
0.0200000000,-0.1500000000,0.3000000000,-0.0627335374,0.0000000000,0.0036267295,0.4337559929,-0.2772410121,0.0135435803,-0.3781515528,-0.2057840990,0.2990006778,0.0447345217,-0.3982324863,0.3250882919,-0.0272270392,0.3537010391,-0.2479491216,-0.3034068674,1.0000000000,1.0000000000,0.0000000000,0.0000000000,0.0000000000
0.0200000000,-0.1500000000,0.3000000000,-0.0627335374,0.0000000000,0.0036267295,0.4337559929,-0.2772410121,0.0135435803,-0.3781515528,-0.2057840990,0.2990006778,0.0447345220,-0.3982324864,0.3250882918,-0.0272270393,0.3537010391,-0.2479491217,-0.3034068674,1.0000000000,1.0000000000,0.0000000000,0.0000000000,0.0000000000
0.0200000000,-0.1500000000,0.3000000000,-0.0627335374,0.0000000000,0.0036267295,0.4337559929,-0.2772410121,0.0135435803,-0.3781515528,-0.2057840990,0.2990006778,0.0447345220,-0.3982324864,0.3250882918,-0.0272270393,0.3537010391,-0.2479491217,-0.3034068674,1.0000000000,1.0000000000,0.0000000000,0.0000000000,0.0000000000
0.0200000000,-0.1500000000,0.3000000000,-0.0627335374,0.0000000000,0.0036267295,0.4337559929,-0.2772410121,0.0135435803,-0.3781515528,-0.2057840990,0.2990006778,0.0447345288,-0.3982324884,0.3250882902,-0.0272270431,0.3537010386,-0.2479491252,-0.3034068674,1.0000000000,1.0000000000,0.0000000000,0.0000000000,0.0000000000
0.0200000000,-0.1500000000,0.3000000000,-0.0627335374,0.0000000000,0.0036267295,0.4337559929,-0.2772410121,0.0135435803,-0.3781515528,-0.2057840990,0.2990006778,0.0447341634,-0.3982323791,0.3250883789,-0.0272268391,0.3537010647,-0.2479489378,-0.3034068674,1.0000000000,1.0000000000,0.0000000000,0.0000000000,0.0000000000
0.0200000000,-0.1500000000,0.3000000000,-0.0627335374,0.0000000000,0.0036267295,0.4337559929,-0.2772410121,0.0135435803,-0.3781515528,-0.2057840990,0.2990006778,0.0447295234,-0.3982309920,0.3250895029,-0.0272242469,0.3537013974,-0.2479465573,-0.3034068674,1.0000000000,1.0000000000,0.0000000000,0.0000000000,0.0000000000
0.0200000000,-0.1500000000,0.3000000000,-0.0627335374,0.0000000000,0.0036267295,0.4337559929,-0.2772410121,0.0135435803,-0.3781515528,-0.2057840990,0.2990006778,0.0447066131,-0.3982240632,0.3250951879,-0.0272115727,0.3537030094,-0.2479348452,-0.3034068674,1.0000000000,1.0000000000,0.0000000000,0.0000000000,0.0000000000
0.0200000000,-0.1500000000,0.3000000000,-0.0627335374,0.0000000000,0.0036267295,0.4337559929,-0.2772410121,0.0135435803,-0.3781515528,-0.2057840990,0.2990006778,0.0446361004,-0.3982015881,0.3251146421,-0.0271739402,0.3537075986,-0.2478991368,-0.3034068674,1.0000000000,1.0000000000,0.0000000000,0.0000000000,0.0000000000
0.0200000000,-0.1500000000,0.3000000000,-0.0627335374,0.0000000000,0.0036267295,0.4337559929,-0.2772410121,0.0135435803,-0.3781515528,-0.2057840990,0.2990006778,0.0444974761,-0.3981530111,0.3251604612,-0.0271034084,0.3537154706,-0.2478291255,-0.3034068674,1.0000000000,1.0000000000,0.0000000000,0.0000000000,0.0000000000
0.0200000000,-0.1500000000,0.3000000000,-0.0627335374,0.0000000000,0.0036267295,0.4337559929,-0.2772410121,0.0135435803,-0.3781515528,-0.2057840990,0.2990006778,0.0442742789,-0.3980640981,0.3252529353,-0.0269931926,0.3537261174,-0.2477137580,-0.3034068674,1.0000000000,1.0000000000,0.0000000000,0.0000000000,0.0000000000
0.0200000000,-0.1500000000,0.3000000000,-0.0627335374,0.0000000000,0.0036267295,0.4337559929,-0.2772410121,0.0135435803,-0.3781515528,-0.2057840990,0.2990006778,0.0439812077,-0.3979264308,0.3254113545,-0.0268450455,0.3537376818,-0.2475509859,-0.3034068674,1.0000000000,1.0000000000,0.0000000000,0.0000000000,0.0000000000
0.0200000000,-0.1500000000,0.3000000000,-0.0627335374,0.0000000000,0.0036267295,0.4337559929,-0.2772410121,0.0135435803,-0.3781515528,-0.2057840990,0.2990006778,0.0436916477,-0.3977497935,0.3256402457,-0.0266763210,0.3537469145,-0.2473586060,-0.3034068674,1.0000000000,1.0000000000,0.0000000000,0.0000000000,0.0000000000
0.0200000000,-0.1500000000,0.3000000000,-0.0627335374,0.0000000000,0.0036267295,0.4337559929,-0.2772410121,0.0135435803,-0.3781515528,-0.2057840990,0.2990006778,0.0435513220,-0.3975728780,0.3259145689,-0.0265174539,0.3537508154,-0.2471779394,-0.3034068674,1.0000000000,1.0000000000,0.0000000000,0.0000000000,0.0000000000
0.0200000000,-0.1500000000,0.3000000000,-0.0627335374,0.0000000000,0.0036267295,0.4337559929,-0.2772410121,0.0135435803,-0.3781515528,-0.2057840990,0.2990006778,0.0436629698,-0.3974478692,0.3261725358,-0.0263885926,0.3537511099,-0.2470482590,-0.3034068674,1.0000000000,1.0000000000,0.0000000000,0.0000000000,0.0000000000
0.0200000000,-0.1500000000,0.3000000000,-0.0627335374,0.0000000000,0.0036267295,0.4337559929,-0.2772410121,0.0135435803,-0.3781515528,-0.2057840990,0.2990006778,0.0440614219,-0.3974121616,0.3263581827,-0.0262912173,0.3537521776,-0.2469882927,-0.3034068674,1.0000000000,1.0000000000,0.0000000000,0.0000000000,0.0000000000
0.0200000000,-0.1500000000,0.3000000000,-0.0627335374,0.0000000000,0.0036267295,0.4337559929,-0.2772410121,0.0135435803,-0.3781515528,-0.2057840990,0.2990006778,0.0446774010,-0.3974719682,0.3264393781,-0.0262066842,0.3537598182,-0.2469867625,-0.3034068674,1.0000000000,1.0000000000,0.0000000000,0.0000000000,0.0000000000
0.0200000000,-0.1500000000,0.3000000000,-0.0627335374,0.0000000000,0.0036267295,0.4337559929,-0.2772410121,0.0135435803,-0.3781515528,-0.2057840990,0.2990006778,0.0453483934,-0.3975963269,0.3264216702,-0.0260994431,0.3537795766,-0.2470021486,-0.3034068674,1.0000000000,1.0000000000,0.0000000000,0.0000000000,0.0000000000
0.0200000000,-0.1500000000,0.3000000000,-0.0627335374,0.0000000000,0.0036267295,0.4337559929,-0.2772410121,0.0135435803,-0.3781515528,-0.2057840990,0.2990006778,0.0458469016,-0.3977224102,0.3263473798,-0.0259242280,0.3538156172,-0.2469705056,-0.3034068674,1.0000000000,1.0000000000,0.0000000000,0.0000000000,0.0000000000
0.0200000000,-0.1500000000,0.3000000000,-0.0627335374,0.0000000000,0.0036267295,0.4337559929,-0.2772410121,0.0135435803,-0.3781515528,-0.2057840990,0.2990006778,0.0460435495,-0.3977930525,0.3262788400,-0.0256730594,0.3538641324,-0.2468568310,-0.3034068674,1.0000000000,1.0000000000,0.0000000000,0.0000000000,0.0000000000
0.0200000000,-0.1500000000,0.3000000000,-0.0627335374,0.0000000000,0.0036267295,0.4337559929,-0.2772410121,0.0135435803,-0.3781515528,-0.2057840990,0.2990006778,0.0459067966,-0.3977805260,0.3262557441,-0.0253647102,0.3539186717,-0.2466591970,-0.3034068674,1.0000000000,1.0000000000,0.0000000000,0.0000000000,0.0000000000
0.0200000000,-0.1500000000,0.3000000000,-0.0627335374,0.0000000000,0.0036267295,0.4337559929,-0.2772410121,0.0135435803,-0.3781515528,-0.2057840990,0.2990006778,0.0455067808,-0.3976828562,0.3263029980,-0.0250414901,0.3539700186,-0.2464052559,-0.3034068674,1.0000000000,1.0000000000,0.0000000000,0.0000000000,0.0000000000
0.0200000000,-0.1500000000,0.3000000000,-0.0627335374,0.0000000000,0.0036267295,0.4337559929,-0.2772410121,0.0135435803,-0.3781515528,-0.2057840990,0.2990006778,0.0450005088,-0.3975191710,0.3264345517,-0.0247497916,0.3540091698,-0.2461376807,-0.3034068674,1.0000000000,1.0000000000,0.0000000000,0.0000000000,0.0000000000
0.0200000000,-0.1500000000,0.3000000000,-0.0627335374,0.0000000000,0.0036267295,0.4337559929,-0.2772410121,0.0135435803,-0.3781515528,-0.2057840990,0.2990006778,0.0446388338,-0.3973295058,0.3266560581,-0.0245129805,0.3540317178,-0.2458976671,-0.3034068674,1.0000000000,1.0000000000,0.0000000000,0.0000000000,0.0000000000
0.0200000000,-0.1500000000,0.3000000000,-0.0627335374,0.0000000000,0.0036267295,0.4337559929,-0.2772410121,0.0135435803,-0.3781515528,-0.2057840990,0.2990006778,0.0446446756,-0.3971686581,0.3269387813,-0.0242874082,0.3540474304,-0.2456907584,-0.3034068674,1.0000000000,1.0000000000,0.0000000000,0.0000000000,0.0000000000
0.0200000000,-0.1500000000,0.3000000000,-0.0627335374,0.0000000000,0.0036267295,0.4337559929,-0.2772410121,0.0135435803,-0.3781515528,-0.2057840990,0.2990006778,0.0451885458,-0.3970846377,0.3272501290,-0.0239866914,0.3540736583,-0.2454913993,-0.3034068674,1.0000000000,1.0000000000,0.0000000000,0.0000000000,0.0000000000
0.0200000000,-0.1500000000,0.3000000000,-0.0627335374,0.0000000000,0.0036267295,0.4337559929,-0.2772410121,0.0135435803,-0.3781515528,-0.2057840990,0.2990006778,0.0463466322,-0.3971146549,0.3275477229,-0.0235024574,0.3541322982,-0.2452523917,-0.3034068674,1.0000000000,1.0000000000,0.0000000000,0.0000000000,0.0000000000
0.0200000000,-0.1500000000,0.3000000000,-0.0627335374,0.0000000000,0.0036267295,0.4337559929,-0.2772410121,0.0135435803,-0.3781515528,-0.2057840990,0.2990006778,0.0480504339,-0.3972725563,0.3277858570,-0.0227500989,0.3542414975,-0.2449256021,-0.3034068674,1.0000000000,1.0000000000,0.0000000000,0.0000000000,0.0000000000
0.0200000000,-0.1500000000,0.3000000000,-0.0627335374,0.0000000000,0.0036267295,0.4337559929,-0.2772410121,0.0135435803,-0.3781515528,-0.2057840990,0.2990006778,0.0500442149,-0.3975396162,0.3279183927,-0.0216957853,0.3544108180,-0.2444729954,-0.3034068674,1.0000000000,1.0000000000,0.0000000000,0.0000000000,0.0000000000
0.0200000000,-0.1500000000,0.3000000000,-0.0627335374,0.0000000000,0.0036267295,0.4337559929,-0.2772410121,0.0135435803,-0.3781515528,-0.2057840990,0.2990006778,0.0519938037,-0.3978616526,0.3279380225,-0.0203775623,0.3546343376,-0.2438821216,-0.3034068674,1.0000000000,1.0000000000,0.0000000000,0.0000000000,0.0000000000
0.0200000000,-0.1500000000,0.3000000000,-0.0627335374,0.0000000000,0.0036267295,0.4337559929,-0.2772410121,0.0135435803,-0.3781515528,-0.2057840990,0.2990006778,0.0537467722,-0.3982122709,0.3278441726,-0.0187665498,0.3549169232,-0.2431184716,-0.3034068674,1.0000000000,1.0000000000,0.0000000000,0.0000000000,0.0000000000
0.0200000000,-0.1500000000,0.3000000000,-0.0627335374,0.0000000000,0.0036267295,0.4337559929,-0.2772410121,0.0135435803,-0.3781515528,-0.2057840990,0.2990006778,0.0552465934,-0.3985689396,0.3276588809,-0.0169043794,0.3552496676,-0.2421957791,-0.3034068674,1.0000000000,1.0000000000,0.0000000000,0.0000000000,0.0000000000
0.0200000000,-0.1500000000,0.3000000000,-0.0627335374,0.0000000000,0.0036267295,0.4337559929,-0.2772410121,0.0135435803,-0.3781515528,-0.2057840990,0.2990006778,0.0564487964,-0.3988950653,0.3274324937,-0.0150097316,0.3555914486,-0.2412301664,-0.3034068674,1.0000000000,1.0000000000,0.0000000000,0.0000000000,0.0000000000
0.0200000000,-0.1500000000,0.3000000000,-0.0627335374,0.0000000000,0.0036267295,0.4337559929,-0.2772410121,0.0135435803,-0.3781515528,-0.2057840990,0.2990006778,0.0572972853,-0.3991406444,0.3272352994,-0.0134503690,0.3558744344,-0.2404224132,-0.3034068674,1.0000000000,1.0000000000,0.0000000000,0.0000000000,0.0000000000
0.0200000000,-0.1500000000,0.3000000000,-0.0627335374,0.0000000000,0.0036267295,0.4337559929,-0.2772410121,0.0135435803,-0.3781515528,-0.2057840990,0.2990006778,0.0578387602,-0.3992948530,0.3271015547,-0.0123976800,0.3560669271,-0.2398738114,-0.3034068674,1.0000000000,1.0000000000,0.0000000000,0.0000000000,0.0000000000
0.0200000000,-0.1500000000,0.3000000000,-0.0627335374,0.0000000000,0.0036267295,0.4337559929,-0.2772410121,0.0135435803,-0.3781515528,-0.2057840990,0.2990006778,0.0581225815,-0.3993826604,0.3270039317,-0.0117606256,0.3561864217,-0.2395411868,-0.3034068674,1.0000000000,1.0000000000,0.0000000000,0.0000000000,0.0000000000
0.0200000000,-0.1500000000,0.3000000000,-0.0627335374,0.0000000000,0.0036267295,0.4337559929,-0.2772410121,0.0135435803,-0.3781515528,-0.2057840990,0.2990006778,0.0582467286,-0.3994758319,0.3268486476,-0.0111309225,0.3563091073,-0.2392099254,-0.3034068674,1.0000000000,1.0000000000,0.0000000000,0.0000000000,0.0000000000
0.0200000000,-0.1500000000,0.3000000000,-0.0627335374,0.0000000000,0.0036267295,0.4337559929,-0.2772410121,0.0135435803,-0.3781515528,-0.2057840990,0.2990006778,0.0582900121,-0.3996507207,0.3265276855,-0.0099876951,0.3565312325,-0.2385983718,-0.3034068674,0.9981750979,1.0000000000,0.0000000000,0.0000000000,0.0000000000
0.0200000000,-0.1500000000,0.3000000000,-0.0627335374,0.0000000000,0.0036267349,0.4337559943,-0.2772410103,0.0135435785,-0.3781515527,-0.2057841009,0.2990006778,0.0581284970,-0.3998902376,0.3260326661,-0.0081698399,0.3568805725,-0.2375973517,-0.3034068674,0.9348135905,1.0000000000,0.0000000000,0.0000000000,0.0000000000
0.0200000000,-0.1500000000,0.3000000000,-0.0627335374,0.0000000000,0.0036264930,0.4337559322,-0.2772410909,0.0135436569,-0.3781515553,-0.2057840186,0.2990006778,0.0574988561,-0.4000554421,0.3255236132,-0.0062030963,0.3572560714,-0.2364589889,-0.3034068674,0.8681469238,1.0000000000,0.0000000000,0.0000000000,0.0000000000
0.0200000000,-0.1500000000,0.3000000000,-0.0627335374,0.0000000000,0.0036215028,0.4337546043,-0.2772427502,0.0135455370,-0.3781516648,-0.2057821454,0.2990006778,0.0561711281,-0.4000242592,0.3251415131,-0.0045280037,0.3575726624,-0.2353919575,-0.3034068674,0.8014802571,1.0000000000,0.0000000000,0.0000000000,0.0000000000
0.0200000000,-0.1500000000,0.3000000000,-0.0627335374,0.0000000000,0.0035875761,0.4337455265,-0.2772535578,0.0135601857,-0.3781528345,-0.2057682789,0.2990006778,0.0540354767,-0.3997246485,0.3249767267,-0.0032823056,0.3578004002,-0.2344462531,-0.3034068674,0.7348135905,1.0000000000,0.0000000000,0.0000000000,0.0000000000
0.0200000000,-0.1500000000,0.3000000000,-0.0627335374,0.0000000000,0.0034524265,0.4337109133,-0.2772914244,0.0136276040,-0.3781597079,-0.2057083090,0.2990006778,0.0510865965,-0.3991051208,0.3251141106,-0.0024425587,0.3579371251,-0.2335864386,-0.3034068674,0.6681469238,1.0000000000,0.0000000000,0.0000000000,0.0000000000
0.0200000000,-0.1500000000,0.3000000000,-0.0627335374,0.0000000000,0.0030673317,0.4336251274,-0.2773697395,0.0138505541,-0.3781874012,-0.2055245561,0.2990006778,0.0475124828,-0.3981277083,0.3256710139,-0.0020537310,0.3579668873,-0.2328313278,-0.3034068674,0.6014802571,1.0000000000,0.0000000000,0.0000000000,0.0000000000
0.0200000000,-0.1500000000,0.3000000000,-0.0627335374,0.0000000000,0.0023369575,0.4334954049,-0.2774520432,0.0143215000,-0.3782534644,-0.2051615317,0.2990006778,0.0437987224,-0.3968927081,0.3266185249,-0.0020972372,0.3578952540,-0.2322286227,-0.3034068674,0.5348135905,1.0000000000,0.0000000000,0.0000000000,0.0000000000
0.0200000000,-0.1500000000,0.3000000000,-0.0627335374,0.0000000000,0.0011996486,0.4333520944,-0.2774708668,0.0151135698,-0.3783741056,-0.2045864472,0.2990006778,0.0402867911,-0.3954974047,0.3278912169,-0.0025335856,0.3577338536,-0.2318068161,-0.3034068674,0.4681469238,1.0000000000,0.0000000000,0.0000000000,0.0000000000
0.0200000000,-0.1500000000,0.3000000000,-0.0627335374,0.0000000000,-0.0003514535,0.4332387870,-0.2773512539,0.0162505738,-0.3785575928,-0.2038036059,0.2990006778,0.0371380019,-0.3940248574,0.3293960296,-0.0032823834,0.3575030678,-0.2315570157,-0.3034068674,0.4014802571,1.0000000000,0.0000000000,0.0000000000,0.0000000000
0.0200000000,-0.1500000000,0.3000000000,-0.0627335374,0.0000000000,-0.0022576136,0.4331992445,-0.2770348395,0.0176935790,-0.3788007448,-0.2028571251,0.2990006778,0.0344080037,-0.3925456122,0.3310314085,-0.0042653406,0.3572234236,-0.2314624087,-0.3034068674,0.3348135905,1.0000000000,0.0000000000,0.0000000000,0.0000000000
0.0200000000,-0.1500000000,0.3000000000,-0.0627335374,0.0000000000,-0.0043282244,0.4332646984,-0.2765139577,0.0192899860,-0.3790790903,-0.2018582431,0.2990006778,0.0321922881,-0.3911682704,0.3326449176,-0.0053933511,0.3569209302,-0.2315164165,-0.3034068674,0.2681469238,1.0000000000,0.0000000000,0.0000000000,0.0000000000
0.0200000000,-0.1500000000,0.3000000000,-0.0627335374,0.0000000000,-0.0062866555,0.4334171464,-0.2758792725,0.0208066918,-0.3793500724,-0.2009481195,0.2990006778,0.0304781452,-0.3899740348,0.3340990798,-0.0065650695,0.3566225819,-0.2316897910,-0.3034068674,0.2014802571,1.0000000000,0.0000000000,0.0000000000,0.0000000000
0.0200000000,-0.1500000000,0.3000000000,-0.0627335374,0.0000000000,-0.0079802891,0.4336404159,-0.2751907267,0.0221087096,-0.3795887756,-0.2002055257,0.2990006778,0.0292287723,-0.3889864156,0.3353457290,-0.0077662354,0.3563342073,-0.2319816673,-0.3034068674,0.1348135905,1.0000000000,0.0000000000,0.0000000000,0.0000000000
0.0200000000,-0.1500000000,0.3000000000,-0.0627335374,0.0000000000,-0.0093657469,0.4339204960,-0.2744801073,0.0231475954,-0.3797859212,-0.1996545188,0.2990006778,0.0283673237,-0.3881805403,0.3364059911,-0.0090480319,0.3560455621,-0.2324096120,-0.3034068674,0.0681469238,1.0000000000,0.0000000000,0.0000000000,0.0000000000
0.0200000000,-0.1500000000,0.3000000000,-0.0627335374,0.0000000000,-0.0104118151,0.4342397387,-0.2737816636,0.0238841886,-0.3799336904,-0.1993117933,0.2990006778,0.0278552692,-0.3875401175,0.3372979372,-0.0104792569,0.3557436598,-0.2330067844,-0.3034068674,0.0036145290,1.0000000000,0.0000000000,0.0000000000,0.0000000000
0.0200000000,-0.1500000000,0.3000000000,-0.0627335374,0.0000000000,-0.0110222959,0.4345676130,-0.2731635994,0.0242244074,-0.3800136947,-0.1992239825,0.2990006778,0.0277407909,-0.3871014508,0.3379773480,-0.0121079733,0.3554235513,-0.2338184731,-0.3034068674,0.0000000000,1.0000000000,0.0000000000,0.0000000000,0.0000000000
0.0200000000,-0.1500000000,0.3000000000,-0.0627335374,0.0000000000,-0.0112077986,0.4348714965,-0.2726742685,0.0241676620,-0.3800235364,-0.1993776198,0.2990006778,0.0280364923,-0.3868840684,0.3384154967,-0.0139356901,0.3550871299,-0.2348543318,-0.3034068674,0.0000000000,1.0000000000,0.0000000000,0.0000000000,0.0000000000
0.0200000000,-0.1500000000,0.3000000000,-0.0627335374,0.0000000000,-0.0110139095,0.4351273521,-0.2723414547,0.0237362193,-0.3799654722,-0.1997479234,0.2990006778,0.0287844380,-0.3869131944,0.3385828223,-0.0160013558,0.3547300069,-0.2361502942,-0.3034068674,0.0000000000,1.0000000000,0.0000000000,0.0000000000,0.0000000000
0.0200000000,-0.1500000000,0.3000000000,-0.0627335374,0.0000000000,-0.0105543284,0.4353113322,-0.2721790791,0.0230165413,-0.3798526472,-0.2002694452,0.2990006778,0.0299721438,-0.3871863849,0.3384787678,-0.0182967065,0.3543535394,-0.2377007605,-0.3034068674,0.0000000000,1.0000000000,0.0000000000,0.0000000000,0.0000000000
0.0200000000,-0.1500000000,0.3000000000,-0.0627335374,0.0000000000,-0.0099981705,0.4353952205,-0.2721974161,0.0221622747,-0.3797090325,-0.2008327722,0.2990006778,0.0314898608,-0.3876627950,0.3381370714,-0.0206835787,0.3539782605,-0.2394022099,-0.3034068674,0.0000000000,1.0000000000,0.0000000000,0.0000000000,0.0000000000
0.0200000000,-0.1500000000,0.3000000000,-0.0627335374,0.0000000000,-0.0095710012,0.4353502140,-0.2723965363,0.0213953684,-0.3795700017,-0.2012853295,0.2990006778,0.0331201773,-0.3882537285,0.3376395097,-0.0229025566,0.3536414049,-0.2410535797,-0.3034068674,0.0000000000,1.0000000000,0.0000000000,0.0000000000,0.0000000000
0.0200000000,-0.1500000000,0.3000000000,-0.0627335374,0.0000000000,-0.0094251278,0.4351873296,-0.2727274148,0.0208719299,-0.3794629782,-0.2015330814,0.2990006778,0.0346621952,-0.3888527348,0.3371037204,-0.0248099749,0.3533584643,-0.2425162876,-0.3034068674,0.0000000000,1.0000000000,0.0000000000,0.0000000000,0.0000000000
0.0200000000,-0.1500000000,0.3000000000,-0.0627335374,0.0000000000,-0.0096414248,0.4349143818,-0.2731604370,0.0206668898,-0.3794014214,-0.2015318132,0.2990006778,0.0360366925,-0.3894073113,0.3365948699,-0.0263750529,0.3531298527,-0.2437463962,-0.3034068674,0.0000000000,1.0000000000,0.0000000000,0.0000000000,0.0000000000
0.0200000000,-0.1500000000,0.3000000000,-0.0627335374,0.0000000000,-0.0102567329,0.4345425892,-0.2736690993,0.0208106385,-0.3793915015,-0.2012671887,0.2990006778,0.0372225482,-0.3898917933,0.3361509153,-0.0276095029,0.3529509195,-0.2447387858,-0.3034068674,0.0000000000,1.0000000000,0.0000000000,0.0000000000,0.0000000000
0.0200000000,-0.1500000000,0.3000000000,-0.0627335374,0.0000000000,-0.0112929504,0.4340838411,-0.2742283834,0.0213196247,-0.3794370577,-0.2007343837,0.2990006778,0.0382156807,-0.3902917521,0.3357960309,-0.0285177175,0.3528192610,-0.2454892020,-0.3034068674,0.0000000000,1.0000000000,0.0000000000,0.0000000000,0.0000000000
0.0200000000,-0.1500000000,0.3000000000,-0.0627335374,0.0000000000,-0.0127553700,0.4335533303,-0.2748107375,0.0221925548,-0.3795391635,-0.1999416667,0.2990006778,0.0390234910,-0.3906001207,0.3355450737,-0.0291052554,0.3527329777,-0.2459977978,-0.3034068674,0.0000000000,1.0000000000,0.0000000000,0.0000000000,0.0000000000
0.0200000000,-0.1500000000,0.3000000000,-0.0627335374,0.0000000000,-0.0145587320,0.4329757123,-0.2753931834,0.0233421390,-0.3796848491,-0.1989555968,0.2990006778,0.0397032629,-0.3908372114,0.3353800136,-0.0294574318,0.3526793616,-0.2463272389,-0.3034068674,0.0000000000,1.0000000000,0.0000000000,0.0000000000,0.0000000000
0.0200000000,-0.1500000000,0.3000000000,-0.0627335374,0.0000000000,-0.0167159091,0.4323495536,-0.2759749268,0.0247503764,-0.3798705496,-0.1977878786,0.2990006778,0.0402923391,-0.3910149740,0.3352912642,-0.0296226944,0.3526511412,-0.2465135475,-0.3034068674,0.0000000000,1.0000000000,0.0000000000,0.0000000000,0.0000000000
0.0200000000,-0.1500000000,0.3000000000,-0.0627335374,0.0000000000,-0.0193039778,0.4316556032,-0.2765711869,0.0264379638,-0.3800973877,-0.1964186350,0.2990006778,0.0408185273,-0.3911405632,0.3352746517,-0.0296359055,0.3526428624,-0.2465821112,-0.3034068674,0.0000000000,1.0000000000,0.0000000000,0.0000000000,0.0000000000
0.0200000000,-0.1500000000,0.3000000000,-0.0627335374,0.0000000000,-0.0223904746,0.4308766293,-0.2771947973,0.0284112792,-0.3803643149,-0.1948383445,0.2990006778,0.0412838616,-0.3912106139,0.3353363408,-0.0295170176,0.3526507261,-0.2465437916,-0.3034068674,0.0000000000,1.0000000000,0.0000000000,0.0000000000,0.0000000000
0.0200000000,-0.1500000000,0.3000000000,-0.0627335374,0.0000000000,-0.0259039277,0.4300271346,-0.2778334970,0.0305719906,-0.3806560936,-0.1931168311,0.2990006778,0.0416498651,-0.3912080402,0.3354936097,-0.0292807148,0.3526709197,-0.2463989466,-0.3034068674,0.0000000000,1.0000000000,0.0000000000,0.0000000000,0.0000000000
0.0200000000,-0.1500000000,0.3000000000,-0.0627335374,0.0000000000,-0.0295849691,0.4291558909,-0.2784607596,0.0327252407,-0.3809447079,-0.1913970909,0.2990006778,0.0418945523,-0.3911295168,0.3357447877,-0.0289666322,0.3526969018,-0.2461697469,-0.3034068674,0.0000000000,1.0000000000,0.0000000000,0.0000000000,0.0000000000
0.0200000000,-0.1500000000,0.3000000000,-0.0627335374,0.0000000000,-0.0332848724,0.4282863460,-0.2790687409,0.0347563231,-0.3812132554,-0.1897609863,0.2990006778,0.0420268045,-0.3909739677,0.3360940797,-0.0285995887,0.3527241830,-0.2458713609,-0.3034068674,0.0000000000,1.0000000000,0.0000000000,0.0000000000,0.0000000000
0.0200000000,-0.1500000000,0.3000000000,-0.0627335374,0.0000000000,-0.0369631097,0.4274187650,-0.2796651626,0.0366296765,-0.3814562111,-0.1882302656,0.2990006778,0.0421036715,-0.3907494602,0.3365451203,-0.0281973969,0.3527495078,-0.2455202441,-0.3034068674,0.0000000000,1.0000000000,0.0000000000,0.0000000000,0.0000000000
0.0200000000,-0.1500000000,0.3000000000,-0.0627335374,0.0000000000,-0.0406189801,0.4265507869,-0.2802538273,0.0383356795,-0.3816721949,-0.1868089737,0.2990006778,0.0422252489,-0.3904717671,0.3371019208,-0.0277728063,0.3527704609,-0.2451344870,-0.3034068674,0.0000000000,1.0000000000,0.0000000000,0.0000000000,0.0000000000
0.0200000000,-0.1500000000,0.3000000000,-0.0627335374,0.0000000000,-0.0441792142,0.4257083105,-0.2808098360,0.0398222041,-0.3818545708,-0.1855396212,0.2990006778,0.0425382495,-0.3901715207,0.3377574861,-0.0273422155,0.3527849377,-0.2447423157,-0.3034068674,0.0000000000,1.0000000000,0.0000000000,0.0000000000,0.0000000000
0.0200000000,-0.1500000000,0.3000000000,-0.0627335374,0.0000000000,-0.0475247884,0.4249360530,-0.2812921571,0.0410546416,-0.3820005040,-0.1844606371,0.2990006778,0.0431333777,-0.3898914301,0.3384663367,-0.0269216314,0.3527939197,-0.2443748468,-0.3034068674,0.0000000000,1.0000000000,0.0000000000,0.0000000000,0.0000000000
0.0200000000,-0.1500000000,0.3000000000,-0.0627335374,0.0000000000,-0.0505452064,0.4242793419,-0.2816569379,0.0419951795,-0.3821072077,-0.1836114422,0.2990006778,0.0440580789,-0.3896649998,0.3391852915,-0.0265131466,0.3528005752,-0.2440492636,-0.3034068674,0.0000000000,1.0000000000,0.0000000000,0.0000000000,0.0000000000
0.0200000000,-0.1500000000,0.3000000000,-0.0627335374,0.0000000000,-0.0531709306,0.4237741976,-0.2818670542,0.0426250796,-0.3821752053,-0.1830132809,0.2990006778,0.0453101049,-0.3895147590,0.3398746549,-0.0261026213,0.3528105033,-0.2437663969,-0.3034068674,0.0000000000,1.0000000000,0.0000000000,0.0000000000,0.0000000000
0.0200000000,-0.1500000000,0.3000000000,-0.0627335374,0.0000000000,-0.0553741218,0.4234458154,-0.2818932060,0.0429343601,-0.3822057296,-0.1826774086,0.2990006778,0.0468593902,-0.3894519841,0.3405054825,-0.0256600331,0.3528311086,-0.2435116215,-0.3034068674,0.0000000000,1.0000000000,0.0000000000,0.0000000000,0.0000000000
0.0200000000,-0.1500000000,0.3000000000,-0.0627335374,0.0000000000,-0.0571671499,0.4233085340,-0.2817133552,0.0429176571,-0.3821986341,-0.1826113745,0.2990006778,0.0486467711,-0.3894762784,0.3410595563,-0.0251345419,0.3528724628,-0.2432517208,-0.3034068674,0.0000000000,1.0000000000,0.0000000000,0.0000000000,0.0000000000
0.0200000000,-0.1500000000,0.3000000000,-0.0627335374,0.0000000000,-0.0586400812,0.4233349055,-0.2813516732,0.0426248499,-0.3821586013,-0.1827762290,0.2990006778,0.0505543153,-0.3895640520,0.3415399110,-0.0244908569,0.3529402207,-0.2429512032,-0.3034068674,0.0000000000,1.0000000000,0.0000000000,0.0000000000,0.0000000000
0.0200000000,-0.1500000000,0.3000000000,-0.0627335374,0.0000000000,-0.0598167871,0.4235107859,-0.2808254100,0.0420736145,-0.3820867864,-0.1831569268,0.2990006778,0.0524772139,-0.3896981741,0.3419417213,-0.0237107089,0.3530378717,-0.2425884062,-0.3034068674,0.0000000000,1.0000000000,0.0000000000,0.0000000000,0.0000000000
0.0200000000,-0.1500000000,0.3000000000,-0.0627335374,0.0000000000,-0.0607163042,0.4238055564,-0.2801780072,0.0413083932,-0.3819880244,-0.1837150454,0.2990006778,0.0542866966,-0.3898565628,0.3422605043,-0.0228113614,0.3531628747,-0.2421606403,-0.3034068674,0.0000000000,1.0000000000,0.0000000000,0.0000000000,0.0000000000
0.0200000000,-0.1500000000,0.3000000000,-0.0627335374,0.0000000000,-0.0613646902,0.4241763377,-0.2794701129,0.0403982520,-0.3818704259,-0.1843923370,0.2990006778,0.0558556398,-0.3900155237,0.3424949334,-0.0218361734,0.3533080256,-0.2416805859,-0.3034068674,0.0000000000,1.0000000000,0.0000000000,0.0000000000,0.0000000000
0.0200000000,-0.1500000000,0.3000000000,-0.0627335374,0.0000000000,-0.0618102845,0.4245817383,-0.2787551209,0.0394071110,-0.3817416409,-0.1851335242,0.2990006778,0.0571160588,-0.3901577721,0.3426521140,-0.0208263391,0.3534658049,-0.2411641327,-0.3034068674,0.0000000000,1.0000000000,0.0000000000,0.0000000000,0.0000000000
0.0200000000,-0.1500000000,0.3000000000,-0.0627335374,0.0000000000,-0.0621443712,0.4249941600,-0.2780553715,0.0383721789,-0.3816063281,-0.1859037513,0.2990006778,0.0581369970,-0.3902818252,0.3427580091,-0.0197998060,0.3536309976,-0.2406235692,-0.3034068674,0.0000000000,1.0000000000,0.0000000000,0.0000000000,0.0000000000
0.0200000000,-0.1500000000,0.3000000000,-0.0627335374,0.0000000000,-0.0624191106,0.4254013066,-0.2773784461,0.0373046234,-0.3814658475,-0.1866902138,0.2990006778,0.0589677743,-0.3903888730,0.3428270353,-0.0187608582,0.3538016913,-0.2400634886,-0.3034068674,0.0000000000,1.0000000000,0.0000000000,0.0000000000,0.0000000000
0.0200000000,-0.1500000000,0.3000000000,-0.0627335374,0.0000000000,-0.0626685814,0.4257923505,-0.2767337099,0.0362191445,-0.3813220081,-0.1874791013,0.2990006778,0.0596369219,-0.3904789431,0.3428687212,-0.0177190716,0.3539754787,-0.2394906073,-0.3034068674,0.0000000000,1.0000000000,0.0000000000,0.0000000000,0.0000000000
0.0200000000,-0.1500000000,0.3000000000,-0.0627335374,0.0000000000,-0.0629156272,0.4261600260,-0.2761274779,0.0351222303,-0.3811754936,-0.1882630948,0.2990006778,0.0601601583,-0.3905521028,0.3428882101,-0.0166786120,0.3541512272,-0.2389080027,-0.3034068674,0.0000000000,1.0000000000,0.0000000000,0.0000000000,0.0000000000
0.0200000000,-0.1500000000,0.3000000000,-0.0627335374,0.0000000000,-0.0631845852,0.4265039177,-0.2755551026,0.0339946443,-0.3810235117,-0.1890525503,0.2990006778,0.0605616749,-0.3906113419,0.3428883066,-0.0156231961,0.3543314491,-0.2383078001,-0.3034068674,0.0000000000,1.0000000000,0.0000000000,0.0000000000,0.0000000000
0.0200000000,-0.1500000000,0.3000000000,-0.0627335374,0.0000000000,-0.0634929912,0.4268269988,-0.2750080203,0.0328218884,-0.3808640433,-0.1898569226,0.2990006778,0.0608826390,-0.3906622126,0.3428734749,-0.0145409906,0.3545177164,-0.2376862581,-0.3034068674,0.0000000000,1.0000000000,0.0000000000,0.0000000000,0.0000000000
0.0200000000,-0.1500000000,0.3000000000,-0.0627335374,0.0000000000,-0.0638486537,0.4271201917,-0.2744989842,0.0316226478,-0.3806993403,-0.1906613312,0.2990006778,0.0611342456,-0.3907057267,0.3428457147,-0.0134520294,0.3547064905,-0.2370563481,-0.3034068674,0.0000000000,1.0000000000,0.0000000000,0.0000000000,0.0000000000
0.0200000000,-0.1500000000,0.3000000000,-0.0627335374,0.0000000000,-0.0642492643,0.4273689615,-0.2740515566,0.0304441976,-0.3805355944,-0.1914322239,0.2990006778,0.0613208224,-0.3907412205,0.3428077063,-0.0124012894,0.3548899835,-0.2364452884,-0.3034068674,0.0000000000,1.0000000000,0.0000000000,0.0000000000,0.0000000000
0.0200000000,-0.1500000000,0.3000000000,-0.0627335374,0.0000000000,-0.0646854135,0.4275642243,-0.2736820734,0.0293314539,-0.3803789841,-0.1921398854,0.2990006778,0.0614490164,-0.3907683171,0.3427624836,-0.0114286888,0.3550612309,-0.2358773640,-0.3034068674,0.0000000000,1.0000000000,0.0000000000,0.0000000000,0.0000000000
0.0200000000,-0.1500000000,0.3000000000,-0.0627335374,0.0000000000,-0.0651349056,0.4277057409,-0.2733954358,0.0283261511,-0.3802357617,-0.1927604745,0.2990006778,0.0615307393,-0.3907871671,0.3427139884,-0.0105668703,0.3552144298,-0.2353727514,-0.3034068674,0.0000000000,1.0000000000,0.0000000000,0.0000000000,0.0000000000
0.0200000000,-0.1500000000,0.3000000000,-0.0627335374,0.0000000000,-0.0655722973,0.4278029435,-0.2731818357,0.0274478738,-0.3801093287,-0.1932875142,0.2990006778,0.0615824423,-0.3907991090,0.3426660149,-0.0098270199,0.3553473427,-0.2349390575,-0.3034068674,0.0000000000,1.0000000000,0.0000000000,0.0000000000,0.0000000000
0.0200000000,-0.1500000000,0.3000000000,-0.0627335374,0.0000000000,-0.0659909705,0.4278626556,-0.2730315707,0.0266913470,-0.3799992436,-0.1937273778,0.2990006778,0.0616126185,-0.3908054327,0.3426196234,-0.0092019174,0.3554610472,-0.2345725267,-0.3034068674,0.0000000000,1.0000000000,0.0000000000,0.0000000000,0.0000000000
0.0200000000,-0.1500000000,0.3000000000,-0.0627335374,0.0000000000,-0.0664041824,0.4278980086,-0.2729206459,0.0260059560,-0.3798986586,-0.1941150335,0.2990006778,0.0616316147,-0.3908088673,0.3425739830,-0.0086444720,0.3555634469,-0.2342458337,-0.3034068674,0.0000000000,1.0000000000,0.0000000000,0.0000000000,0.0000000000
0.0200000000,-0.1500000000,0.3000000000,-0.0627335374,0.0000000000,-0.0668508754,0.4279152572,-0.2728308968,0.0253198160,-0.3797970934,-0.1944941517,0.2990006778,0.0616499864,-0.3908130117,0.3425266781,-0.0080939839,0.3556648616,-0.2339238081,-0.3034068674,0.0000000000,1.0000000000,0.0000000000,0.0000000000,0.0000000000
0.0200000000,-0.1500000000,0.3000000000,-0.0627335374,0.0000000000,-0.0674112668,0.4279006077,-0.2727679843,0.0245502465,-0.3796811459,-0.1949049595,0.2990006778,0.0616775058,-0.3908224979,0.3424730648,-0.0074913544,0.3557755288,-0.2335727404,-0.3034068674,0.0000000000,1.0000000000,0.0000000000,0.0000000000,0.0000000000
0.0200000000,-0.1500000000,0.3000000000,-0.0627335374,0.0000000000,-0.0681363564,0.4278401431,-0.2727439124,0.0236588800,-0.3795440748,-0.1953625290,0.2990006778,0.0617169083,-0.3908393318,0.3424105134,-0.0068116092,0.3558998294,-0.2331784013,-0.3034068674,0.0000000000,1.0000000000,0.0000000000,0.0000000000,0.0000000000
0.0200000000,-0.1500000000,0.3000000000,-0.0627335374,0.0000000000,-0.0690410466,0.4277241916,-0.2727711099,0.0226520653,-0.3793862145,-0.1958585143,0.2990006778,0.0617629364,-0.3908623136,0.3423391222,-0.0060606089,0.3560367908,-0.2327437815,-0.3034068674,0.0000000000,1.0000000000,0.0000000000,0.0000000000,0.0000000000
0.0200000000,-0.1500000000,0.3000000000,-0.0627335374,0.0000000000,-0.0701242341,0.4275431209,-0.2728652816,0.0215610520,-0.3792116445,-0.1963704652,0.2990006778,0.0618049540,-0.3908882299,0.3422606747,-0.0052621440,0.3561823090,-0.2322817759,-0.3034068674,0.0000000000,1.0000000000,0.0000000000,0.0000000000,0.0000000000
0.0200000000,-0.1500000000,0.3000000000,-0.0627335374,0.0000000000,-0.0714144773,0.4272770123,-0.2730525961,0.0204029071,-0.3790216102,-0.1968790181,0.2990006778,0.0618322097,-0.3909140829,0.3421765995,-0.0044309167,0.3563338193,-0.2317998439,-0.3034068674,0.0000000000,1.0000000000,0.0000000000,0.0000000000,0.0000000000
0.0200000000,-0.1500000000,0.3000000000,-0.0627335374,0.0000000000,-0.0729942356,0.4268884043,-0.2733762985,0.0191675271,-0.3788120875,-0.1973716891,0.2990006778,0.0618274255,-0.3909362123,0.3420873197,-0.0035605442,0.3564923506,-0.2312922213,-0.3034068674,0.0000000000,1.0000000000,0.0000000000,0.0000000000,0.0000000000
0.0200000000,-0.1500000000,0.3000000000,-0.0627335374,0.0000000000,-0.0749320924,0.4263475325,-0.2738699568,0.0178441081,-0.3785794632,-0.1978400888,0.2990006778,0.0617508729,-0.3909480652,0.3419909944,-0.0026358776,0.3566605440,-0.2307460160,-0.3034068674,0.0000000000,1.0000000000,0.0000000000,0.0000000000,0.0000000000
0.0200000000,-0.1500000000,0.3000000000,-0.0627335374,0.0000000000,-0.0773638944,0.4255938791,-0.2746012585,0.0164101371,-0.3783166318,-0.1982672231,0.2990006778,0.0614957048,-0.3909343488,0.3418785613,-0.0016235580,0.3568446146,-0.2301320924,-0.3034068674,0.0000000000,1.0000000000,0.0000000000,0.0000000000,0.0000000000
0.0200000000,-0.1500000000,0.3000000000,-0.0627335374,0.0000000000,-0.0804886982,0.4245340605,-0.2756746496,0.0148373187,-0.3780138377,-0.1986235806,0.2990006778,0.0608412302,-0.3908661527,0.3417268541,-0.0004691784,0.3570553161,-0.2294002484,-0.3034068674,0.0000000000,1.0000000000,0.0000000000,0.0000000000,0.0000000000
0.0200000000,-0.1500000000,0.3000000000,-0.0627335374,0.0000000000,-0.0842469100,0.4231575622,-0.2771106859,0.0132156107,-0.3776840994,-0.1988565830,0.2990006778,0.0595343143,-0.3907169080,0.3415019655,0.0007965761,0.3572895278,-0.2285514620,-0.3034068674,0.0000000000,1.0000000000,0.0000000000,0.0000000000,0.0000000000
0.0200000000,-0.1500000000,0.3000000000,-0.0627335374,0.0000000000,-0.0885349167,0.4214787563,-0.2788981424,0.0115926772,-0.3773350240,-0.1989525604,0.2990006778,0.0573501765,-0.3904810917,0.3411419301,0.0021402550,0.3575460549,-0.2275986007,-0.3034068674,0.0000000000,1.0000000000,0.0000000000,0.0000000000,0.0000000000
0.0200000000,-0.1500000000,0.3000000000,-0.0627335374,0.0000000000,-0.0928004662,0.4197280052,-0.2807822911,0.0101002575,-0.3770005556,-0.1989519086,0.2990006778,0.0546175880,-0.3902176020,0.3406579610,0.0033983003,0.3577965038,-0.2266725964,-0.3034068674,0.0000000000,1.0000000000,0.0000000000,0.0000000000,0.0000000000
0.0200000000,-0.1500000000,0.3000000000,-0.0627335374,0.0000000000,-0.0969923190,0.4179366078,-0.2827217016,0.0087080178,-0.3766781828,-0.1988880235,0.2990006778,0.0514619169,-0.3899590047,0.3400358840,0.0045392116,0.3580368399,-0.2258092725,-0.3034068674,0.0000000000,1.0000000000,0.0000000000,0.0000000000,0.0000000000
0.0200000000,-0.1500000000,0.3000000000,-0.0627335374,0.0000000000,-0.1015582100,0.4159158918,-0.2849132505,0.0072347521,-0.3763289898,-0.1987760301,0.2990006778,0.0476288437,-0.3897120201,0.3391795300,0.0056406753,0.3582876405,-0.2249594105,-0.3034068674,0.0000000000,1.0000000000,0.0000000000,0.0000000000,0.0000000000
0.0200000000,-0.1500000000,0.3000000000,-0.0627335374,0.0000000000,-0.1069398574,0.4134565419,-0.2875700733,0.0055184653,-0.3759160105,-0.1986175709,0.2990006778,0.0428513862,-0.3895271243,0.3379208304,0.0066543908,0.3585534698,-0.2241670369,-0.3034068674,0.0000000000,1.0000000000,0.0000000000,0.0000000000,0.0000000000
0.0200000000,-0.1500000000,0.3000000000,-0.0627335374,0.0000000000,-0.1127373841,0.4107442120,-0.2904659570,0.0036824086,-0.3754707247,-0.1984358655,0.2990006778,0.0378135026,-0.3895198893,0.3362964376,0.0072666129,0.3587789131,-0.2236833153,-0.3034068674,0.0000000000,1.0000000000,0.0000000000,0.0000000000,0.0000000000
0.0200000000,-0.1500000000,0.3000000000,-0.0627335374,0.0000000000,-0.1188141641,0.4078802916,-0.2934672953,0.0017964271,-0.3750114290,-0.1982363686,0.2990006778,0.0330568705,-0.3897330517,0.3344105328,0.0073281689,0.3589316271,-0.2236271245,-0.3034068674,0.0000000000,1.0000000000,0.0000000000,0.0000000000,0.0000000000
0.0200000000,-0.1500000000,0.3000000000,-0.0627335374,0.0000000000,-0.1250194031,0.4049713602,-0.2964385682,-0.0000411720,-0.3745611193,-0.1980090627,0.2990006778,0.0289832697,-0.3901574631,0.3324040937,0.0067852291,0.3589926346,-0.2240360978,-0.3034068674,0.0000000000,1.0000000000,0.0000000000,0.0000000000,0.0000000000
0.0200000000,-0.1500000000,0.3000000000,-0.0627335374,0.0000000000,-0.1311777375,0.4021231221,-0.2992527486,-0.0017239520,-0.3741437532,-0.1977387354,0.2990006778,0.0257924133,-0.3907357453,0.3304300806,0.0057036789,0.3589620671,-0.2248522506,-0.3034068674,0.0000000000,1.0000000000,0.0000000000,0.0000000000,0.0000000000
0.0200000000,-0.1500000000,0.3000000000,-0.0627335374,0.0000000000,-0.1370709936,0.3994486494,-0.3017824423,-0.0031420992,-0.3737838895,-0.1974121105,0.2990006778,0.0235552636,-0.3913871134,0.3286385722,0.0042195722,0.3588517800,-0.2259633184,-0.3034068674,0.0000000000,1.0000000000,0.0000000000,0.0000000000,0.0000000000
0.0200000000,-0.1500000000,0.3000000000,-0.0627335374,0.0000000000,-0.1425336457,0.3970264917,-0.3039484246,-0.0042251416,-0.3734971659,-0.1970225446,0.2990006778,0.0222113184,-0.3920355185,0.3271320462,0.0024908702,0.3586804085,-0.2272425914,-0.3034068674,0.0000000000,1.0000000000,0.0000000000,0.0000000000,0.0000000000
0.0200000000,-0.1500000000,0.3000000000,-0.0627335374,0.0000000000,-0.1476132857,0.3948171806,-0.3058224130,-0.0050382388,-0.3732693466,-0.1965858037,0.2990006778,0.0214563328,-0.3926466784,0.3258708311,0.0006679842,0.3584754394,-0.2285782607,-0.3034068674,0.0000000000,1.0000000000,0.0000000000,0.0000000000,0.0000000000
0.0200000000,-0.1500000000,0.3000000000,-0.0627335374,0.0000000000,-0.1523510555,0.3927822107,-0.3074680530,-0.0056483315,-0.3730863212,-0.1961217768,0.2990006778,0.0210788941,-0.3932143978,0.3247999658,-0.0011648046,0.3582545663,-0.2299114877,-0.3034068674,0.0000000000,1.0000000000,0.0000000000,0.0000000000,0.0000000000
0.0200000000,-0.1500000000,0.3000000000,-0.0627335374,0.0000000000,-0.1567515514,0.3908961855,-0.3089329115,-0.0061214647,-0.3729350006,-0.1956570002,0.2990006778,0.0209068184,-0.3937392735,0.3238662372,-0.0029368417,0.3580332264,-0.2311950280,-0.3034068674,0.0000000000,1.0000000000,0.0000000000,0.0000000000,0.0000000000
0.0200000000,-0.1500000000,0.3000000000,-0.0627335374,0.0000000000,-0.1607493570,0.3891554733,-0.3102247363,-0.0065081955,-0.3728070337,-0.1952257869,0.2990006778,0.0208206164,-0.3942185711,0.3230386352,-0.0045781918,0.3578252303,-0.2323818074,-0.3034068674,0.0000000000,1.0000000000,0.0000000000,0.0000000000,0.0000000000
0.0200000000,-0.1500000000,0.3000000000,-0.0627335374,0.0000000000,-0.1641972202,0.3875343434,-0.3112792048,-0.0068354820,-0.3727024525,-0.1948793991,0.2990006778,0.0207663869,-0.3946439818,0.3223154522,-0.0060232806,0.3576415764,-0.2334268707,-0.3034068674,0.0000000000,1.0000000000,0.0000000000,0.0000000000,0.0000000000
0.0200000000,-0.1500000000,0.3000000000,-0.0627335374,0.0000000000,-0.1670227522,0.3859338459,-0.3120080792,-0.0070961287,-0.3726287200,-0.1946539194,0.2990006778,0.0207630107,-0.3950107618,0.3217100562,-0.0072650457,0.3574825089,-0.2343246717,-0.3034068674,0.0000000000,1.0000000000,0.0000000000,0.0000000000,0.0000000000
0.0200000000,-0.1500000000,0.3000000000,-0.0627335374,0.0000000000,-0.1692097350,0.3843306077,-0.3123628103,-0.0072408830,-0.3725968213,-0.1945397854,0.2990006778,0.0208624817,-0.3953038970,0.3212634501,-0.0083056115,0.3573445844,-0.2350719062,-0.3034068674,0.0000000000,1.0000000000,0.0000000000,0.0000000000,0.0000000000
0.0200000000,-0.1500000000,0.3000000000,-0.0627335374,0.0000000000,-0.1709992336,0.3828541785,-0.3124849710,-0.0072052600,-0.3726069300,-0.1944280200,0.2990006778,0.0211034528,-0.3955121868,0.3210061090,-0.0091981696,0.3572165800,-0.2356975143,-0.3034068674,0.0000000000,1.0000000000,0.0000000000,0.0000000000,0.0000000000
0.0200000000,-0.1500000000,0.3000000000,-0.0627335374,0.0000000000,-0.1729162919,0.3816301113,-0.3126605597,-0.0069197159,-0.3726509457,-0.1941393475,0.2990006778,0.0214851879,-0.3956393826,0.3209304725,-0.0100620620,0.3570789967,-0.2362760292,-0.3034068674,0.0000000000,1.0000000000,0.0000000000,0.0000000000,0.0000000000
0.0200000000,-0.1500000000,0.3000000000,-0.0627335374,0.0000000000,-0.1752987156,0.3805872489,-0.3130525084,-0.0064043382,-0.3727160647,-0.1936114441,0.2990006778,0.0219213049,-0.3957114440,0.3209626038,-0.0109707260,0.3569250069,-0.2368619174,-0.3034068674,0.0000000000,1.0000000000,0.0000000000,0.0000000000,0.0000000000
0.0200000000,-0.1500000000,0.3000000000,-0.0627335374,0.0000000000,-0.1783844567,0.3794295755,-0.3136601356,-0.0056872891,-0.3728004514,-0.1928610674,0.2990006778,0.0223897384,-0.3957689726,0.3210276610,-0.0120380763,0.3567413219,-0.2375403081,-0.3034068674,0.0000000000,1.0000000000,0.0000000000,0.0000000000,0.0000000000
0.0200000000,-0.1500000000,0.3000000000,-0.0627335374,0.0000000000,-0.1820963053,0.3780767941,-0.3144285086,-0.0048059973,-0.3729024546,-0.1919384586,0.2990006778,0.0228738437,-0.3958245936,0.3210995291,-0.0132587162,0.3565308472,-0.2383125583,-0.3034068674,0.0000000000,1.0000000000,0.0000000000,0.0000000000,0.0000000000
0.0200000000,-0.1500000000,0.3000000000,-0.0627335374,0.0000000000,-0.1861328122,0.3766036844,-0.3152719243,-0.0038112814,-0.3730189375,-0.1909181928,0.2990006778,0.0233458978,-0.3958728852,0.3211792866,-0.0145347839,0.3563098968,-0.2391159987,-0.3034068674,0.0000000000,1.0000000000,0.0000000000,0.0000000000,0.0000000000
0.0200000000,-0.1500000000,0.3000000000,-0.0627335374,0.0000000000,-0.1901868528,0.3751178015,-0.3161147056,-0.0027580170,-0.3731450824,-0.1898705432,0.2990006778,0.0237845976,-0.3959065823,0.3212732037,-0.0157672544,0.3560947081,-0.2398864862,-0.3034068674,0.0000000000,1.0000000000,0.0000000000,0.0000000000,0.0000000000
0.0200000000,-0.1500000000,0.3000000000,-0.0627335374,0.0000000000,-0.1937173524,0.3738191415,-0.3168364935,-0.0017662759,-0.3732677314,-0.1889263273,0.2990006778,0.0241428593,-0.3959167529,0.3213813800,-0.0167864907,0.3559139567,-0.2405158232,-0.3034068674,0.0000000000,1.0000000000,0.0000000000,0.0000000000,0.0000000000
0.0200000000,-0.1500000000,0.3000000000,-0.0627335374,0.0000000000,-0.1969998027,0.3726096638,-0.3174957315,-0.0007748772,-0.3733936159,-0.1880182778,0.2990006778,0.0244584635,-0.3959086695,0.3215078829,-0.0176853895,0.3557517913,-0.2410631359,-0.3034068674,0.0000000000,1.0000000000,0.0000000000,0.0000000000,0.0000000000
0.0200000000,-0.1500000000,0.3000000000,-0.0627335374,0.0000000000,-0.2001382864,0.3714525329,-0.3181132792,0.0002446728,-0.3735261990,-0.1871185905,0.2990006778,0.0247457711,-0.3958831189,0.3216565583,-0.0184959008,0.3556025683,-0.2415482517,-0.3034068674,0.0000000000,1.0000000000,0.0000000000,0.0000000000,0.0000000000
0.0200000000,-0.1500000000,0.3000000000,-0.0627335374,0.0000000000,-0.2033925788,0.3702528607,-0.3187366438,0.0013976905,-0.3736799426,-0.1861434805,0.2990006778,0.0250256607,-0.3958338430,0.3218465960,-0.0192703328,0.3554558496,-0.2420002209,-0.3034068674,0.0000000000,1.0000000000,0.0000000000,0.0000000000,0.0000000000
0.0200000000,-0.1500000000,0.3000000000,-0.0627335374,0.0000000000,-0.2068921419,0.3689635013,-0.3193891758,0.0027380212,-0.3738622864,-0.1850505551,0.2990006778,0.0253087169,-0.3957573512,0.3220883267,-0.0200340513,0.3553064931,-0.2424329084,-0.3034068674,0.0000000000,1.0000000000,0.0000000000,0.0000000000,0.0000000000
0.0200000000,-0.1500000000,0.3000000000,-0.0627335374,0.0000000000,-0.2112637641,0.3673576887,-0.3201638656,0.0046381547,-0.3741280621,-0.1835859745,0.2990006778,0.0256291278,-0.3956163334,0.3224639821,-0.0208318057,0.3551399128,-0.2428559944,-0.3034068674,0.0000000000,1.0000000000,0.0000000000,0.0000000000,0.0000000000
0.0200000000,-0.1500000000,0.3000000000,-0.0627335374,0.0000000000,-0.2163966207,0.3654810236,-0.3210263605,0.0071253624,-0.3744830031,-0.1817541849,0.2990006778,0.0259765002,-0.3954077035,0.3229763317,-0.0215913345,0.3549680274,-0.2432235334,-0.3034068674,0.0000000000,1.0000000000,0.0000000000,0.0000000000,0.0000000000
0.0200000000,-0.1500000000,0.3000000000,-0.0627335374,0.0000000000,-0.2216481776,0.3635785173,-0.3218472126,0.0099844881,-0.3748984549,-0.1797433974,0.2990006778,0.0263147596,-0.3951571222,0.3235653927,-0.0221530915,0.3548228241,-0.2434497675,-0.3034068674,0.0000000000,1.0000000000,0.0000000000,0.0000000000,0.0000000000
0.0200000000,-0.1500000000,0.3000000000,-0.0627335374,0.0000000000,-0.2267008048,0.3617782656,-0.3225666803,0.0130396930,-0.3753485604,-0.1776789774,0.2990006778,0.0266569891,-0.3949035476,0.3241623018,-0.0224926531,0.3547143065,-0.2435388423,-0.3034068674,0.0000000000,1.0000000000,0.0000000000,0.0000000000,0.0000000000
0.0200000000,-0.1500000000,0.3000000000,-0.0627335374,0.0000000000,-0.2315173844,0.3601076230,-0.3231728639,0.0162119031,-0.3758207068,-0.1756054417,0.2990006778,0.0270451763,-0.3946795912,0.3247195140,-0.0226597338,0.3546381598,-0.2435378248,-0.3034068674,0.0000000000,1.0000000000,0.0000000000,0.0000000000,0.0000000000
0.0200000000,-0.1500000000,0.3000000000,-0.0627335374,0.0000000000,-0.2361408637,0.3585693905,-0.3236593200,0.0194749115,-0.3763103434,-0.1735343892,0.2990006778,0.0275305394,-0.3945150670,0.3251981679,-0.0227104632,0.3545882006,-0.2434964905,-0.3034068674,0.0000000000,1.0000000000,0.0000000000,0.0000000000,0.0000000000
0.0200000000,-0.1500000000,0.3000000000,-0.0627335374,0.0000000000,-0.2407659289,0.3571039743,-0.3240509686,0.0228920238,-0.3768258682,-0.1714137914,0.2990006778,0.0281473255,-0.3944187738,0.3255934248,-0.0227056073,0.3545545565,-0.2434568675,-0.3034068674,0.0000000000,1.0000000000,0.0000000000,0.0000000000,0.0000000000
0.0200000000,-0.1500000000,0.3000000000,-0.0627335374,0.0000000000,-0.2455611784,0.3556645408,-0.3243604766,0.0265487941,-0.3773794115,-0.1691870656,0.2990006778,0.0289266122,-0.3943998642,0.3258988677,-0.0226805671,0.3545317485,-0.2434455746,-0.3034068674,0.0000000000,1.0000000000,0.0000000000,0.0000000000,0.0000000000
0.0200000000,-0.1500000000,0.3000000000,-0.0627335374,0.0000000000,-0.2506151180,0.3542201199,-0.3246012976,0.0304789005,-0.3779750023,-0.1668311331,0.2990006778,0.0298734759,-0.3944621518,0.3261096860,-0.0226638599,0.3545153133,-0.2434817400,-0.3034068674,0.0000000000,1.0000000000,0.0000000000,0.0000000000,0.0000000000
0.0200000000,-0.1500000000,0.3000000000,-0.0627335374,0.0000000000,-0.2558160374,0.3527839388,-0.3247875275,0.0345724702,-0.3785946233,-0.1644105727,0.2990006778,0.0309387852,-0.3945985893,0.3262236706,-0.0226734458,0.3545023542,-0.2435713872,-0.3034068674,0.0000000000,1.0000000000,0.0000000000,0.0000000000,0.0000000000
0.0200000000,-0.1500000000,0.3000000000,-0.0627335374,0.0000000000,-0.2608092286,0.3514211254,-0.3249389606,0.0385366677,-0.3791924604,-0.1620950580,0.2990006778,0.0320047680,-0.3947818954,0.3262534011,-0.0227107385,0.3544915714,-0.2436991441,-0.3034068674,0.0000000000,1.0000000000,0.0000000000,0.0000000000,0.0000000000
0.0200000000,-0.1500000000,0.3000000000,-0.0627335374,0.0000000000,-0.2653547355,0.3501666960,-0.3250821011,0.0421700529,-0.3797374773,-0.1599903317,0.2990006778,0.0329777554,-0.3949764500,0.3262337008,-0.0227602548,0.3544827326,-0.2438364632,-0.3034068674,0.0000000000,1.0000000000,0.0000000000,0.0000000000,0.0000000000
0.0200000000,-0.1500000000,0.3000000000,-0.0627335374,0.0000000000,-0.2694499626,0.3490052532,-0.3252366747,0.0454664241,-0.3802285454,-0.1580891723,0.2990006778,0.0338375876,-0.3951672051,0.3261852039,-0.0228090995,0.3544763408,-0.2439681032,-0.3034068674,0.0000000000,1.0000000000,0.0000000000,0.0000000000,0.0000000000
0.0200000000,-0.1500000000,0.3000000000,-0.0627335374,0.0000000000,-0.2732340332,0.3478910514,-0.3254166498,0.0485349764,-0.3806822192,-0.1563207285,0.2990006778,0.0346108196,-0.3953548424,0.3261148974,-0.0228501429,0.3544730437,-0.2440909323,-0.3034068674,0.0000000000,1.0000000000,0.0000000000,0.0000000000,0.0000000000
0.0200000000,-0.1500000000,0.3000000000,-0.0627335374,0.0000000000,-0.2768524750,0.3467771817,-0.3256328041,0.0514941786,-0.3811163099,-0.1546135660,0.2990006778,0.0353383085,-0.3955515286,0.3260136949,-0.0228806181,0.3544740643,-0.2442100758,-0.3034068674,0.0000000000,1.0000000000,0.0000000000,0.0000000000,0.0000000000
0.0200000000,-0.1500000000,0.3000000000,-0.0627335374,0.0000000000,-0.2804119761,0.3456228553,-0.3258973771,0.0544355743,-0.3815443044,-0.1529142970,0.2990006778,0.0360600635,-0.3957761487,0.3258602759,-0.0228990951,0.3544813979,-0.2443344265,-0.3034068674,0.0000000000,1.0000000000,0.0000000000,0.0000000000,0.0000000000
0.0200000000,-0.1500000000,0.3000000000,-0.0627335374,0.0000000000,-0.2839601867,0.3444105996,-0.3262141361,0.0573993309,-0.3819724120,-0.1512002393,0.2990006778,0.0367992018,-0.3960404552,0.3256409079,-0.0229080507,0.3544957539,-0.2444714686,-0.3034068674,0.0000000000,1.0000000000,0.0000000000,0.0000000000,0.0000000000
0.0200000000,-0.1500000000,0.3000000000,-0.0627335374,0.0000000000,-0.2874821667,0.3431369777,-0.3265876642,0.0603760081,-0.3823992374,-0.1494771106,0.2990006778,0.0375620446,-0.3963542337,0.3253400995,-0.0229124950,0.3545175560,-0.2446288187,-0.3034068674,0.0000000000,1.0000000000,0.0000000000,0.0000000000,0.0000000000
0.0200000000,-0.1500000000,0.3000000000,-0.0627335374,0.0000000000,-0.2909238143,0.3418105530,-0.3270206910,0.0633220156,-0.3828184598,-0.1477695323,0.2990006778,0.0383472734,-0.3967252200,0.3249436311,-0.0229205014,0.3545466056,-0.2448148001,-0.3034068674,0.0000000000,1.0000000000,0.0000000000,0.0000000000,0.0000000000
0.0200000000,-0.1500000000,0.3000000000,-0.0627335374,0.0000000000,-0.2941695009,0.3404563718,-0.3275148780,0.0661393127,-0.3832158946,-0.1461322370,0.2990006778,0.0391465016,-0.3971580103,0.3244406606,-0.0229430544,0.3545819336,-0.2450378975,-0.3034068674,0.0000000000,1.0000000000,0.0000000000,0.0000000000,0.0000000000
0.0200000000,-0.1500000000,0.3000000000,-0.0627335374,0.0000000000,-0.2969973960,0.3391404494,-0.3280589091,0.0686308229,-0.3835634746,-0.1446760822,0.2990006778,0.0399299051,-0.3976382255,0.3238476279,-0.0229917929,0.3546202160,-0.2452978127,-0.3034068674,0.0000000000,1.0000000000,0.0000000000,0.0000000000,0.0000000000
0.0200000000,-0.1500000000,0.3000000000,-0.0627335374,0.0000000000,-0.2992343463,0.3379458980,-0.3286182720,0.0706288827,-0.3838383253,-0.1434960830,0.2990006778,0.0406503611,-0.3981200976,0.3232318732,-0.0230650775,0.3546561914,-0.2455714975,-0.3034068674,0.0000000000,1.0000000000,0.0000000000,0.0000000000,0.0000000000
0.0200000000,-0.1500000000,0.3000000000,-0.0627335374,0.0000000000,-0.3007682744,0.3369446299,-0.3291561388,0.0720228731,-0.3840258073,-0.1426552090,0.2990006778,0.0412565824,-0.3985512922,0.3226709723,-0.0231508946,0.3546855401,-0.2458266096,-0.3034068674,0.0000000000,1.0000000000,0.0000000000,0.0000000000,0.0000000000
0.0200000000,-0.1500000000,0.3000000000,-0.0627335374,0.0000000000,-0.3016116111,0.3361820744,-0.3296317380,0.0728218569,-0.3841286463,-0.1421514933,0.2990006778,0.0417058469,-0.3988834658,0.3222368443,-0.0232297827,0.3547057930,-0.2460288443,-0.3034068674,0.0000000000,1.0000000000,0.0000000000,0.0000000000,0.0000000000
0.0200000000,-0.1500000000,0.3000000000,-0.0627335374,0.0000000000,-0.3018630378,0.3356919090,-0.3299929793,0.0731325486,-0.3841638570,-0.1419339867,0.2990006778,0.0419730529,-0.3990855469,0.3219740097,-0.0232836281,0.3547167000,-0.2461538708,-0.3034068674,0.0000000000,1.0000000000,0.0000000000,0.0000000000,0.0000000000
0.0200000000,-0.1500000000,0.3000000000,-0.0627335374,0.0000000000,-0.3016930405,0.3354990382,-0.3301758655,0.0731515466,-0.3841616493,-0.1419086691,0.2990006778,0.0420829577,-0.3991697300,0.3218656452,-0.0233077095,0.3547207167,-0.2462062358,-0.3034068674,0.0000000000,1.0000000000,0.0000000000,0.0000000000,0.0000000000
0.0200000000,-0.1500000000,0.3000000000,-0.0627335374,0.0000000000,-0.3013004507,0.3355811066,-0.3301519952,0.0730935882,-0.3841538435,-0.1419676248,0.2990006778,0.0421158206,-0.3991950558,0.3218333662,-0.0233152035,0.3547218187,-0.2462219680,-0.3034068674,0.0000000000,1.0000000000,0.0000000000,0.0000000000,0.0000000000
0.0200000000,-0.1500000000,0.3000000000,-0.0627335374,0.0000000000,-0.3007712629,0.3359404227,-0.3298970343,0.0730666117,-0.3841567007,-0.1420604901,0.2990006778,0.0421215114,-0.3991994589,0.3218278068,-0.0233165331,0.3547219956,-0.2462246928,-0.3034068674,0.0000000000,1.0000000000,0.0000000000,0.0000000000,0.0000000000
0.0200000000,-0.1500000000,0.3000000000,-0.0627335374,0.0000000000,-0.3001440150,0.3365659351,-0.3294122768,0.0731147132,-0.3841765776,-0.1421652697,0.2990006778,0.0421219057,-0.3991997649,0.3218274239,-0.0233166267,0.3547220071,-0.2462248812,-0.3034068674,0.0000000000,1.0000000000,0.0000000000,0.0000000000,0.0000000000
0.0200000000,-0.1500000000,0.3000000000,-0.0627335374,0.0000000000,-0.2994503681,0.3374213161,-0.3287267148,0.0732555755,-0.3842152879,-0.1422667280,0.2990006778,0.0421219036,-0.3991997632,0.3218274260,-0.0233166262,0.3547220070,-0.2462248802,-0.3034068674,0.0000000000,1.0000000000,0.0000000000,0.0000000000,0.0000000000
0.0200000000,-0.1500000000,0.3000000000,-0.0627335374,0.0000000000,-0.2987730434,0.3384106769,-0.3279149432,0.0735267486,-0.3842762834,-0.1423271987,0.2990006778,0.0421219036,-0.3991997632,0.3218274260,-0.0233166262,0.3547220070,-0.2462248802,-0.3034068674,0.0000000000,1.0000000000,0.0000000000,0.0000000000,0.0000000000
0.0200000000,-0.1500000000,0.3000000000,-0.0627335374,0.0000000000,-0.2982344584,0.3393903836,-0.3270854420,0.0739788174,-0.3843638968,-0.1422939872,0.2990006778,0.0421219036,-0.3991997632,0.3218274260,-0.0233166262,0.3547220070,-0.2462248802,-0.3034068674,0.0000000000,1.0000000000,0.0000000000,0.0000000000,0.0000000000
0.0200000000,-0.1500000000,0.3000000000,-0.0627335374,0.0000000000,-0.2979482865,0.3402433908,-0.3263217329,0.0746709966,-0.3844842728,-0.1421163755,0.2990006778,0.0421219036,-0.3991997632,0.3218274260,-0.0233166262,0.3547220070,-0.2462248802,-0.3034068674,0.0000000000,1.0000000000,0.0000000000,0.0000000000,0.0000000000
0.0200000000,-0.1500000000,0.3000000000,-0.0627335374,0.0000000000,-0.2979674207,0.3408932832,-0.3256814838,0.0756110305,-0.3846367546,-0.1417783051,0.2990006778,0.0421219036,-0.3991997632,0.3218274260,-0.0233166262,0.3547220070,-0.2462248802,-0.3034068674,0.0000000000,1.0000000000,0.0000000000,0.0000000000,0.0000000000
0.0200000000,-0.1500000000,0.3000000000,-0.0627335374,0.0000000000,-0.2982415664,0.3413195153,-0.3251934253,0.0767065855,-0.3848070705,-0.1413246833,0.2990006778,0.0421219036,-0.3991997632,0.3218274260,-0.0233166262,0.3547220070,-0.2462248802,-0.3034068674,0.0000000000,1.0000000000,0.0000000000,0.0000000000,0.0000000000
0.0200000000,-0.1500000000,0.3000000000,-0.0627335374,0.0000000000,-0.2985719925,0.3415762118,-0.3248522340,0.0777161218,-0.3849606252,-0.1408872484,0.2990006778,0.0421219036,-0.3991997632,0.3218274260,-0.0233166262,0.3547220070,-0.2462248802,-0.3034068674,0.0000000000,1.0000000000,0.0000000000,0.0000000000,0.0000000000
0.0200000000,-0.1500000000,0.3000000000,-0.0627335374,0.0000000000,-0.2987114272,0.3417740728,-0.3246131271,0.0783815700,-0.3850618619,-0.1406126157,0.2990006778,0.0421219036,-0.3991997632,0.3218274260,-0.0233166262,0.3547220070,-0.2462248802,-0.3034068674,0.0000000000,1.0000000000,0.0000000000,0.0000000000,0.0000000000
0.0200000000,-0.1500000000,0.3000000000,-0.0627335374,0.0000000000,-0.2984796166,0.3419976079,-0.3244411700,0.0785213049,-0.3850859973,-0.1406029801,0.2990006778,0.0421219036,-0.3991997632,0.3218274260,-0.0233166262,0.3547220070,-0.2462248802,-0.3034068674,0.0000000000,1.0000000000,0.0000000000,0.0000000000,0.0000000000
0.0200000000,-0.1500000000,0.3000000000,-0.0627335374,0.0000000000,-0.2977732947,0.3423106811,-0.3243021713,0.0780513780,-0.3850221453,-0.1409083412,0.2990006778,0.0421219036,-0.3991997632,0.3218274260,-0.0233166262,0.3547220070,-0.2462248802,-0.3034068674,0.0000000000,1.0000000000,0.0000000000,0.0000000000,0.0000000000
0.0200000000,-0.1500000000,0.3000000000,-0.0627335374,0.0000000000,-0.2965283380,0.3427636616,-0.3241644108,0.0769355056,-0.3848659626,-0.1415541099,0.2990006778,0.0421219036,-0.3991997632,0.3218274260,-0.0233166262,0.3547220070,-0.2462248802,-0.3034068674,0.0000000000,1.0000000000,0.0000000000,0.0000000000,0.0000000000
0.0200000000,-0.1500000000,0.3000000000,-0.0627335374,0.0000000000,-0.2947049376,0.3434007614,-0.3239945619,0.0751687128,-0.3846173235,-0.1425516230,0.2990006778,0.0421219036,-0.3991997632,0.3218274260,-0.0233166262,0.3547220070,-0.2462248802,-0.3034068674,0.0128049794,1.0000000000,0.0000000000,0.0000000000,0.0000000000
0.0200000000,-0.1500000000,0.3000000000,-0.0627335374,0.0000000000,-0.2923601958,0.3442312096,-0.3237674414,0.0728477042,-0.3842903045,-0.1438578491,0.2990006778,0.0421219036,-0.3991997632,0.3218274260,-0.0233166262,0.3547220070,-0.2462248802,-0.3034068674,0.0743883401,1.0000000000,0.0000000000,0.0000000000,0.0000000000
0.0200000000,-0.1500000000,0.3000000000,-0.0627335374,0.0000000000,-0.2895443424,0.3452552257,-0.3234626505,0.0700515728,-0.3838962342,-0.1454420871,0.2990006778,0.0421219036,-0.3991997632,0.3218274260,-0.0233166262,0.3547220070,-0.2462248802,-0.3034068674,0.1410550067,1.0000000000,0.0000000000,0.0000000000,0.0000000000
0.0200000000,-0.1500000000,0.3000000000,-0.0627335374,0.0000000000,-0.2863564683,0.3464325841,-0.3230632576,0.0669159124,-0.3834540391,-0.1472608707,0.2990006778,0.0421219036,-0.3991997632,0.3218274260,-0.0233166262,0.3547220070,-0.2462248802,-0.3034068674,0.2077216734,1.0000000000,0.0000000000,0.0000000000,0.0000000000
0.0200000000,-0.1500000000,0.3000000000,-0.0627335374,0.0000000000,-0.2828862043,0.3476952075,-0.3225426817,0.0635844088,-0.3829833880,-0.1492980044,0.2990006778,0.0421219036,-0.3991997632,0.3218274260,-0.0233166262,0.3547220070,-0.2462248802,-0.3034068674,0.2743883401,1.0000000000,0.0000000000,0.0000000000,0.0000000000
0.0200000000,-0.1500000000,0.3000000000,-0.0627335374,0.0000000000,-0.2791793364,0.3489949435,-0.3218759245,0.0601517500,-0.3824975120,-0.1515512540,0.2990006778,0.0421219036,-0.3991997632,0.3218274260,-0.0233166262,0.3547220070,-0.2462248802,-0.3034068674,0.3410550067,1.0000000000,0.0000000000,0.0000000000,0.0000000000
0.0200000000,-0.1500000000,0.3000000000,-0.0627335374,0.0000000000,-0.2752705795,0.3503427673,-0.3210817481,0.0566427776,-0.3820009542,-0.1539670667,0.2990006778,0.0421219036,-0.3991997632,0.3218274260,-0.0233166262,0.3547220070,-0.2462248802,-0.3034068674,0.4077216734,1.0000000000,0.0000000000,0.0000000000,0.0000000000
0.0200000000,-0.1500000000,0.3000000000,-0.0627335374,0.0000000000,-0.2711845353,0.3517652607,-0.3201848563,0.0530617034,-0.3814953406,-0.1564893690,0.2990006778,0.0421219036,-0.3991997632,0.3218274260,-0.0233166262,0.3547220070,-0.2462248802,-0.3034068674,0.4743883401,1.0000000000,0.0000000000,0.0000000000,0.0000000000
0.0200000000,-0.1500000000,0.3000000000,-0.0627335374,0.0000000000,-0.2670121487,0.3532486508,-0.3192225960,0.0494751775,-0.3809905466,-0.1590375156,0.2990006778,0.0421219036,-0.3991997632,0.3218274260,-0.0233166262,0.3547220070,-0.2462248802,-0.3034068674,0.5410550067,1.0000000000,0.0000000000,0.0000000000,0.0000000000
0.0200000000,-0.1500000000,0.3000000000,-0.0627335374,0.0000000000,-0.2629323877,0.3547333721,-0.3182452848,0.0460344701,-0.3805080110,-0.1614922773,0.2990006778,0.0421219036,-0.3991997632,0.3218274260,-0.0233166262,0.3547220070,-0.2462248802,-0.3034068674,0.6077216734,1.0000000000,0.0000000000,0.0000000000,0.0000000000
0.0200000000,-0.1500000000,0.3000000000,-0.0627335374,0.0000000000,-0.2590822141,0.3561676781,-0.3172921790,0.0428526857,-0.3800635693,-0.1637689684,0.2990006778,0.0421219036,-0.3991997632,0.3218274260,-0.0233166262,0.3547220070,-0.2462248802,-0.3034068674,0.6743883401,1.0000000000,0.0000000000,0.0000000000,0.0000000000
0.0200000000,-0.1500000000,0.3000000000,-0.0627335374,0.0000000000,-0.2553456608,0.3575821989,-0.3163454401,0.0398207279,-0.3796414872,-0.1659451679,0.2990006778,0.0421219036,-0.3991997632,0.3218274260,-0.0233166262,0.3547220070,-0.2462248802,-0.3034068674,0.7410550067,1.0000000000,0.0000000000,0.0000000000,0.0000000000
0.0200000000,-0.1500000000,0.3000000000,-0.0627335374,0.0000000000,-0.2515375704,0.3590357653,-0.3153650706,0.0367842141,-0.3792199265,-0.1681343946,0.2990006778,0.0421219036,-0.3991997632,0.3218274260,-0.0233166262,0.3547220070,-0.2462248802,-0.3034068674,0.8077216734,1.0000000000,0.0000000000,0.0000000000,0.0000000000
0.0200000000,-0.1500000000,0.3000000000,-0.0627335374,0.0000000000,-0.2476062592,0.3605425109,-0.3143433238,0.0336987895,-0.3787925091,-0.1703682522,0.2990006778,0.0421219036,-0.3991997632,0.3218274260,-0.0233166262,0.3547220070,-0.2462248802,-0.3034068674,0.8743883401,1.0000000000,0.0000000000,0.0000000000,0.0000000000
0.0200000000,-0.1500000000,0.3000000000,-0.0627335374,0.0000000000,-0.2437337953,0.3620353621,-0.3133340135,0.0307028422,-0.3783782849,-0.1725392191,0.2990006778,0.0421219036,-0.3991997632,0.3218274260,-0.0233166262,0.3547220070,-0.2462248802,-0.3034068674,0.9410448078,1.0000000000,0.0000000000,0.0000000000,0.0000000000
0.0200000000,-0.1500000000,0.3000000000,-0.0627335374,0.0000000000,-0.2401931397,0.3634153867,-0.3124152699,0.0280014502,-0.3780055094,-0.1744882259,0.2990006778,0.0421219036,-0.3991997632,0.3218274260,-0.0233166262,0.3547220070,-0.2462248802,-0.3034068674,0.9947017303,1.0000000000,0.0000000000,0.0000000000,0.0000000000
0.0200000000,-0.1500000000,0.3000000000,-0.0627335374,0.0000000000,-0.2369976451,0.3646760837,-0.3115916686,0.0255925682,-0.3776736883,-0.1762152286,0.2990006778,0.0421219036,-0.3991997632,0.3218274260,-0.0233166262,0.3547220070,-0.2462248802,-0.3034068674,1.0000000000,1.0000000000,0.0000000000,0.0000000000,0.0000000000
0.0200000000,-0.1500000000,0.3000000000,-0.0627335374,0.0000000000,-0.2340124443,0.3658639255,-0.3108262927,0.0233648956,-0.3773672717,-0.1778051685,0.2990006778,0.0421219036,-0.3991997632,0.3218274260,-0.0233166262,0.3547220070,-0.2462248802,-0.3034068674,1.0000000000,1.0000000000,0.0000000000,0.0000000000,0.0000000000
0.0200000000,-0.1500000000,0.3000000000,-0.0627335374,0.0000000000,-0.2311046172,0.3670236324,-0.3100846055,0.0212156011,-0.3770719077,-0.1793371994,0.2990006778,0.0421219036,-0.3991997632,0.3218274260,-0.0233166262,0.3547220070,-0.2462248802,-0.3034068674,1.0000000000,1.0000000000,0.0000000000,0.0000000000,0.0000000000
0.0200000000,-0.1500000000,0.3000000000,-0.0627335374,0.0000000000,-0.2282163290,0.3681728735,-0.3093540318,0.0191063879,-0.3767822382,-0.1808415309,0.2990006778,0.0421219036,-0.3991997632,0.3218274260,-0.0233166262,0.3547220070,-0.2462248802,-0.3034068674,1.0000000000,1.0000000000,0.0000000000,0.0000000000,0.0000000000
0.0200000000,-0.1500000000,0.3000000000,-0.0627335374,0.0000000000,-0.2253281166,0.3693174493,-0.3086298642,0.0170244119,-0.3764964860,-0.1823286841,0.2990006778,0.0421219036,-0.3991997632,0.3218274260,-0.0233166262,0.3547220070,-0.2462248802,-0.3034068674,1.0000000000,1.0000000000,0.0000000000,0.0000000000,0.0000000000
0.0200000000,-0.1500000000,0.3000000000,-0.0627335374,0.0000000000,-0.2223785123,0.3704785890,-0.3078935900,0.0149208028,-0.3762079161,-0.1838372401,0.2990006778,0.0421219036,-0.3991997632,0.3218274260,-0.0233166262,0.3547220070,-0.2462248802,-0.3034068674,1.0000000000,1.0000000000,0.0000000000,0.0000000000,0.0000000000
0.0200000000,-0.1500000000,0.3000000000,-0.0627335374,0.0000000000,-0.2191831425,0.3717148191,-0.3070987205,0.0126736001,-0.3758997310,-0.1854659423,0.2990006778,0.0421219036,-0.3991997632,0.3218274260,-0.0233166262,0.3547220070,-0.2462248802,-0.3034068674,1.0000000000,1.0000000000,0.0000000000,0.0000000000,0.0000000000
0.0200000000,-0.1500000000,0.3000000000,-0.0627335374,0.0000000000,-0.2154596752,0.3731132643,-0.3061778514,0.0101051629,-0.3755474533,-0.1873597593,0.2990006778,0.0421219036,-0.3991997632,0.3218274260,-0.0233166262,0.3547220070,-0.2462248802,-0.3034068674,1.0000000000,1.0000000000,0.0000000000,0.0000000000,0.0000000000
0.0200000000,-0.1500000000,0.3000000000,-0.0627335374,0.0000000000,-0.2109958368,0.3747359506,-0.3050842207,0.0070897667,-0.3751337180,-0.1896226494,0.2990006778,0.0421219036,-0.3991997632,0.3218274260,-0.0233166262,0.3547220070,-0.2462248802,-0.3034068674,1.0000000000,1.0000000000,0.0000000000,0.0000000000,0.0000000000
0.0200000000,-0.1500000000,0.3000000000,-0.0627335374,0.0000000000,-0.2058687543,0.3765496789,-0.3038471844,0.0036929740,-0.3746673411,-0.1922036899,0.2990006778,0.0421219036,-0.3991997632,0.3218274260,-0.0233166262,0.3547220070,-0.2462248802,-0.3034068674,1.0000000000,1.0000000000,0.0000000000,0.0000000000,0.0000000000
0.0200000000,-0.1500000000,0.3000000000,-0.0627335374,0.0000000000,-0.2003808740,0.3784519623,-0.3025507650,0.0001179159,-0.3741759522,-0.1949381638,0.2990006778,0.0421219036,-0.3991997632,0.3218274260,-0.0233166262,0.3547220070,-0.2462248802,-0.3034068674,1.0000000000,1.0000000000,0.0000000000,0.0000000000,0.0000000000
0.0200000000,-0.1500000000,0.3000000000,-0.0627335374,0.0000000000,-0.1947692807,0.3803627658,-0.3012618955,-0.0034790985,-0.3736806637,-0.1976979301,0.2990006778,0.0421219036,-0.3991997632,0.3218274260,-0.0233166262,0.3547220070,-0.2462248802,-0.3034068674,1.0000000000,1.0000000000,0.0000000000,0.0000000000,0.0000000000
0.0200000000,-0.1500000000,0.3000000000,-0.0627335374,0.0000000000,-0.1892386946,0.3822158259,-0.3000356153,-0.0069701021,-0.3731987185,-0.2003765454,0.2990006778,0.0421219036,-0.3991997632,0.3218274260,-0.0233166262,0.3547220070,-0.2462248802,-0.3034068674,1.0000000000,1.0000000000,0.0000000000,0.0000000000,0.0000000000
0.0200000000,-0.1500000000,0.3000000000,-0.0627335374,0.0000000000,-0.1838626155,0.3839861689,-0.2988925003,-0.0103090030,-0.3727362302,-0.2029360349,0.2990006778,0.0421219036,-0.3991997632,0.3218274260,-0.0233166262,0.3547220070,-0.2462248802,-0.3034068674,1.0000000000,1.0000000000,0.0000000000,0.0000000000,0.0000000000
0.0200000000,-0.1500000000,0.3000000000,-0.0627335374,0.0000000000,-0.1784994317,0.3857137054,-0.2977998741,-0.0135794113,-0.3722816191,-0.2054477052,0.2990006778,0.0421219036,-0.3991997632,0.3218274260,-0.0233166262,0.3547220070,-0.2462248802,-0.3034068674,1.0000000000,1.0000000000,0.0000000000,0.0000000000,0.0000000000
0.0200000000,-0.1500000000,0.3000000000,-0.0627335374,0.0000000000,-0.1729340218,0.3874606718,-0.2967073757,-0.0169104130,-0.3718170682,-0.2080205289,0.2990006778,0.0421219036,-0.3991997632,0.3218274260,-0.0233166262,0.3547220070,-0.2462248802,-0.3034068674,1.0000000000,1.0000000000,0.0000000000,0.0000000000,0.0000000000
0.0200000000,-0.1500000000,0.3000000000,-0.0627335374,0.0000000000,-0.1669638814,0.3892761608,-0.2955794994,-0.0204101002,-0.3713272225,-0.2107477721,0.2990006778,0.0421219036,-0.3991997632,0.3218274260,-0.0233166262,0.3547220070,-0.2462248802,-0.3034068674,1.0000000000,1.0000000000,0.0000000000,0.0000000000,0.0000000000
0.0200000000,-0.1500000000,0.3000000000,-0.0627335374,0.0000000000,-0.1603964577,0.3912015066,-0.2943890818,-0.0241725577,-0.3707984375,-0.2137123918,0.2990006778,0.0421219036,-0.3991997632,0.3218274260,-0.0233166262,0.3547220070,-0.2462248802,-0.3034068674,1.0000000000,1.0000000000,0.0000000000,0.0000000000,0.0000000000
0.0200000000,-0.1500000000,0.3000000000,-0.0627335374,0.0000000000,-0.1531066777,0.3932552385,-0.2931281544,-0.0282419994,-0.3702238641,-0.2169578212,0.2990006778,0.0421219036,-0.3991997632,0.3218274260,-0.0233166262,0.3547220070,-0.2462248802,-0.3034068674,1.0000000000,1.0000000000,0.0000000000,0.0000000000,0.0000000000
0.0200000000,-0.1500000000,0.3000000000,-0.0627335374,0.0000000000,-0.1451904046,0.3954005821,-0.2918287580,-0.0325356187,-0.3696146625,-0.2204210249,0.2990006778,0.0421219036,-0.3991997632,0.3218274260,-0.0233166262,0.3547220070,-0.2462248802,-0.3034068674,1.0000000000,1.0000000000,0.0000000000,0.0000000000,0.0000000000
0.0200000000,-0.1500000000,0.3000000000,-0.0627335374,0.0000000000,-0.1369398844,0.3975642420,-0.2905446063,-0.0368826848,-0.3689949978,-0.2239594129,0.2990006778,0.0421219036,-0.3991997632,0.3218274260,-0.0233166262,0.3547220070,-0.2462248802,-0.3034068674,1.0000000000,1.0000000000,0.0000000000,0.0000000000,0.0000000000
0.0200000000,-0.1500000000,0.3000000000,-0.0627335374,0.0000000000,-0.1285500698,0.3996948867,-0.2893156557,-0.0411615217,-0.3683819394,-0.2274724494,0.2990006778,0.0421219036,-0.3991997632,0.3218274260,-0.0233166262,0.3547220070,-0.2462248802,-0.3034068674,1.0000000000,1.0000000000,0.0000000000,0.0000000000,0.0000000000
0.0200000000,-0.1500000000,0.3000000000,-0.0627335374,0.0000000000,-0.1201472412,0.4017602780,-0.2881681592,-0.0452927277,-0.3677866071,-0.2308939317,0.2990006778,0.0421219036,-0.3991997632,0.3218274260,-0.0233166262,0.3547220070,-0.2462248802,-0.3034068674,1.0000000000,1.0000000000,0.0000000000,0.0000000000,0.0000000000
0.0200000000,-0.1500000000,0.3000000000,-0.0627335374,0.0000000000,-0.1118631998,0.4037280120,-0.2871288554,-0.0491956900,-0.3672202960,-0.2341556304,0.2990006778,0.0421219036,-0.3991997632,0.3218274260,-0.0233166262,0.3547220070,-0.2462248802,-0.3034068674,1.0000000000,1.0000000000,0.0000000000,0.0000000000,0.0000000000
0.0200000000,-0.1500000000,0.3000000000,-0.0627335374,0.0000000000,-0.1038868554,0.4055581167,-0.2862280024,-0.0527721996,-0.3666970231,-0.2371703814,0.2990006778,0.0421219036,-0.3991997632,0.3218274260,-0.0233166262,0.3547220070,-0.2462248802,-0.3034068674,1.0000000000,1.0000000000,0.0000000000,0.0000000000,0.0000000000
0.0200000000,-0.1500000000,0.3000000000,-0.0627335374,0.0000000000,-0.0963368006,0.4072355113,-0.2854737976,-0.0559830913,-0.3662227989,-0.2398966129,0.2990006778,0.0421219036,-0.3991997632,0.3218274260,-0.0233166262,0.3547220070,-0.2462248802,-0.3034068674,1.0000000000,1.0000000000,0.0000000000,0.0000000000,0.0000000000
0.0200000000,-0.1500000000,0.3000000000,-0.0627335374,0.0000000000,-0.0892830365,0.4087496809,-0.2848748190,-0.0587965638,-0.3658023418,-0.2423033440,0.2990006778,0.0421219036,-0.3991997632,0.3218274260,-0.0233166262,0.3547220070,-0.2462248802,-0.3034068674,1.0000000000,1.0000000000,0.0000000000,0.0000000000,0.0000000000
0.0200000000,-0.1500000000,0.3000000000,-0.0627335374,0.0000000000,-0.0827486027,0.4101019567,-0.2844288285,-0.0612023773,-0.3654376355,-0.2443802270,0.2990006778,0.0421219036,-0.3991997632,0.3218274260,-0.0233166262,0.3547220070,-0.2462248802,-0.3034068674,1.0000000000,1.0000000000,0.0000000000,0.0000000000,0.0000000000
0.0200000000,-0.1500000000,0.3000000000,-0.0627335374,0.0000000000,-0.0767765806,0.4112907682,-0.2841326918,-0.0631766223,-0.3651330449,-0.2461070837,0.2990006778,0.0421219036,-0.3991997632,0.3218274260,-0.0233166262,0.3547220070,-0.2462248802,-0.3034068674,1.0000000000,1.0000000000,0.0000000000,0.0000000000,0.0000000000
0.0200000000,-0.1500000000,0.3000000000,-0.0627335374,0.0000000000,-0.0714502636,0.4123133175,-0.2839757421,-0.0646980552,-0.3648931589,-0.2474624245,0.2990006778,0.0421219036,-0.3991997632,0.3218274260,-0.0233166262,0.3547220070,-0.2462248802,-0.3034068674,1.0000000000,1.0000000000,0.0000000000,0.0000000000,0.0000000000
0.0200000000,-0.1500000000,0.3000000000,-0.0627335374,0.0000000000,-0.0668035278,0.4131841678,-0.2839271281,-0.0658081299,-0.3647136903,-0.2484725143,0.2990006778,0.0421219036,-0.3991997632,0.3218274260,-0.0233166262,0.3547220070,-0.2462248802,-0.3034068674,1.0000000000,1.0000000000,0.0000000000,0.0000000000,0.0000000000
0.0200000000,-0.1500000000,0.3000000000,-0.0627335374,0.0000000000,-0.0628665992,0.4139122955,-0.2839641596,-0.0665351151,-0.3645918520,-0.2491554457,0.2990006778,0.0421219036,-0.3991997632,0.3218274260,-0.0233166262,0.3547220070,-0.2462248802,-0.3034068674,1.0000000000,1.0000000000,0.0000000000,0.0000000000,0.0000000000
0.0200000000,-0.1500000000,0.3000000000,-0.0627335374,0.0000000000,-0.0595651570,0.4145194252,-0.2840641201,-0.0669292495,-0.3645211081,-0.2495549573,0.2990006778,0.0421219036,-0.3991997632,0.3218274260,-0.0233166262,0.3547220070,-0.2462248802,-0.3034068674,1.0000000000,1.0000000000,0.0000000000,0.0000000000,0.0000000000
0.0200000000,-0.1500000000,0.3000000000,-0.0627335374,0.0000000000,-0.0567567178,0.4150302772,-0.2842138732,-0.0670250729,-0.3644967580,-0.2497113395,0.2990006778,0.0421219036,-0.3991997632,0.3218274260,-0.0233166262,0.3547220070,-0.2462248802,-0.3034068674,1.0000000000,1.0000000000,0.0000000000,0.0000000000,0.0000000000
0.0200000000,-0.1500000000,0.3000000000,-0.0627335374,0.0000000000,-0.0542663625,0.4154695175,-0.2844083516,-0.0668426632,-0.3645158638,-0.2496579666,0.2990006778,0.0421219036,-0.3991997632,0.3218274260,-0.0233166262,0.3547220070,-0.2462248802,-0.3034068674,1.0000000000,1.0000000000,0.0000000000,0.0000000000,0.0000000000
0.0200000000,-0.1500000000,0.3000000000,-0.0627335374,0.0000000000,-0.0520133489,0.4158540684,-0.2846359705,-0.0664316779,-0.3645709844,-0.2494363918,0.2990006778,0.0421219036,-0.3991997632,0.3218274260,-0.0233166262,0.3547220070,-0.2462248802,-0.3034068674,1.0000000000,1.0000000000,0.0000000000,0.0000000000,0.0000000000
0.0200000000,-0.1500000000,0.3000000000,-0.0627335374,0.0000000000,-0.0500655683,0.4161831552,-0.2848813088,-0.0658408187,-0.3646551266,-0.2490721721,0.2990006778,0.0421219036,-0.3991997632,0.3218274260,-0.0233166262,0.3547220070,-0.2462248802,-0.3034068674,1.0000000000,1.0000000000,0.0000000000,0.0000000000,0.0000000000
0.0200000000,-0.1500000000,0.3000000000,-0.0627335374,0.0000000000,-0.0484691730,0.4164579012,-0.2851306388,-0.0651261634,-0.3647598869,-0.2485974665,0.2990006778,0.0421219036,-0.3991997632,0.3218274260,-0.0233166262,0.3547220070,-0.2462248802,-0.3034068674,1.0000000000,1.0000000000,0.0000000000,0.0000000000,0.0000000000
0.0200000000,-0.1500000000,0.3000000000,-0.0627335374,0.0000000000,-0.0471808756,0.4166845805,-0.2853817824,-0.0643155704,-0.3648806857,-0.2480350001,0.2990006778,0.0421219036,-0.3991997632,0.3218274260,-0.0233166262,0.3547220070,-0.2462248802,-0.3034068674,1.0000000000,1.0000000000,0.0000000000,0.0000000000,0.0000000000
0.0200000000,-0.1500000000,0.3000000000,-0.0627335374,0.0000000000,-0.0461004944,0.4168726341,-0.2856409321,-0.0634109697,-0.3650166549,-0.2473960692,0.2990006778,0.0421219036,-0.3991997632,0.3218274260,-0.0233166262,0.3547220070,-0.2462248802,-0.3034068674,1.0000000000,1.0000000000,0.0000000000,0.0000000000,0.0000000000
0.0200000000,-0.1500000000,0.3000000000,-0.0627335374,0.0000000000,-0.0451429959,0.4170314764,-0.2859124205,-0.0624158804,-0.3651668309,-0.2466908894,0.2990006778,0.0421219036,-0.3991997632,0.3218274260,-0.0233166262,0.3547220070,-0.2462248802,-0.3034068674,1.0000000000,1.0000000000,0.0000000000,0.0000000000,0.0000000000
0.0200000000,-0.1500000000,0.3000000000,-0.0627335374,0.0000000000,-0.0442750217,0.4171637944,-0.2861995138,-0.0613250014,-0.3653318269,-0.2459191967,0.2990006778,0.0421219036,-0.3991997632,0.3218274260,-0.0233166262,0.3547220070,-0.2462248802,-0.3034068674,1.0000000000,1.0000000000,0.0000000000,0.0000000000,0.0000000000
0.0200000000,-0.1500000000,0.3000000000,-0.0627335374,0.0000000000,-0.0434806480,0.4172708374,-0.2865038866,-0.0601413555,-0.3655109767,-0.2450841819,0.2990006778,0.0421219036,-0.3991997632,0.3218274260,-0.0233166262,0.3547220070,-0.2462248802,-0.3034068674,1.0000000000,1.0000000000,0.0000000000,0.0000000000,0.0000000000
0.0200000000,-0.1500000000,0.3000000000,-0.0627335374,0.0000000000,-0.0427577503,0.4173528038,-0.2868250470,-0.0588859076,-0.3657007437,-0.2441991793,0.2990006778,0.0421219036,-0.3991997632,0.3218274260,-0.0233166262,0.3547220070,-0.2462248802,-0.3034068674,1.0000000000,1.0000000000,0.0000000000,0.0000000000,0.0000000000
0.0200000000,-0.1500000000,0.3000000000,-0.0627335374,0.0000000000,-0.0421025303,0.4174112168,-0.2871606136,-0.0575950848,-0.3658951372,-0.2432874183,0.2990006778,0.0421219036,-0.3991997632,0.3218274260,-0.0233166262,0.3547220070,-0.2462248802,-0.3034068674,1.0000000000,1.0000000000,0.0000000000,0.0000000000,0.0000000000
0.0200000000,-0.1500000000,0.3000000000,-0.0627335374,0.0000000000,-0.0414950567,0.4174503601,-0.2875086235,-0.0562975458,-0.3660894864,-0.2423683999,0.2990006778,0.0421219036,-0.3991997632,0.3218274260,-0.0233166262,0.3547220070,-0.2462248802,-0.3034068674,1.0000000000,1.0000000000,0.0000000000,0.0000000000,0.0000000000
0.0200000000,-0.1500000000,0.3000000000,-0.0627335374,0.0000000000,-0.0409156439,0.4174720655,-0.2878706889,-0.0550068692,-0.3662813796,-0.2414520078,0.2990006778,0.0421219036,-0.3991997632,0.3218274260,-0.0233166262,0.3547220070,-0.2462248802,-0.3034068674,1.0000000000,1.0000000000,0.0000000000,0.0000000000,0.0000000000
0.0200000000,-0.1500000000,0.3000000000,-0.0627335374,0.0000000000,-0.0403449589,0.4174772890,-0.2882500493,-0.0537246252,-0.3664703087,-0.2405403768,0.2990006778,0.0421219036,-0.3991997632,0.3218274260,-0.0233166262,0.3547220070,-0.2462248802,-0.3034068674,1.0000000000,1.0000000000,0.0000000000,0.0000000000,0.0000000000
0.0200000000,-0.1500000000,0.3000000000,-0.0627335374,0.0000000000,-0.0397619739,0.4174649208,-0.2886537025,-0.0524354341,-0.3666583237,-0.2396248592,0.2990006778,0.0421219036,-0.3991997632,0.3218274260,-0.0233166262,0.3547220070,-0.2462248802,-0.3034068674,1.0000000000,1.0000000000,0.0000000000,0.0000000000,0.0000000000
0.0200000000,-0.1500000000,0.3000000000,-0.0627335374,0.0000000000,-0.0391445947,0.4174338268,-0.2890891868,-0.0511236509,-0.3668474891,-0.2386965032,0.2990006778,0.0421219036,-0.3991997632,0.3218274260,-0.0233166262,0.3547220070,-0.2462248802,-0.3034068674,1.0000000000,1.0000000000,0.0000000000,0.0000000000,0.0000000000
0.0200000000,-0.1500000000,0.3000000000,-0.0627335374,0.0000000000,-0.0384852980,0.4173873180,-0.2895532415,-0.0498083249,-0.3670349024,-0.2377678824,0.2990006778,0.0421219036,-0.3991997632,0.3218274260,-0.0233166262,0.3547220070,-0.2462248802,-0.3034068674,1.0000000000,1.0000000000,0.0000000000,0.0000000000,0.0000000000
0.0200000000,-0.1500000000,0.3000000000,-0.0627335374,0.0000000000,-0.0377823770,0.4173294501,-0.2900387268,-0.0485272582,-0.3672148019,-0.2368636394,0.2990006778,0.0421219036,-0.3991997632,0.3218274260,-0.0233166262,0.3547220070,-0.2462248802,-0.3034068674,1.0000000000,1.0000000000,0.0000000000,0.0000000000,0.0000000000
0.0200000000,-0.1500000000,0.3000000000,-0.0627335374,0.0000000000,-0.0370335651,0.4172639355,-0.2905394328,-0.0473031959,-0.3673838836,-0.2359991071,0.2990006778,0.0421219036,-0.3991997632,0.3218274260,-0.0233166262,0.3547220070,-0.2462248802,-0.3034068674,1.0000000000,1.0000000000,0.0000000000,0.0000000000,0.0000000000
0.0200000000,-0.1500000000,0.3000000000,-0.0627335374,0.0000000000,-0.0362269970,0.4171924970,-0.2910549466,-0.0461325291,-0.3675428157,-0.2351734601,0.2990006778,0.0421219036,-0.3991997632,0.3218274260,-0.0233166262,0.3547220070,-0.2462248802,-0.3034068674,1.0000000000,1.0000000000,0.0000000000,0.0000000000,0.0000000000
0.0200000000,-0.1500000000,0.3000000000,-0.0627335374,0.0000000000,-0.0353477916,0.4171165709,-0.2915865310,-0.0450003014,-0.3676940411,-0.2343788105,0.2990006778,0.0421219036,-0.3991997632,0.3218274260,-0.0233166262,0.3547220070,-0.2462248802,-0.3034068674,1.0000000000,1.0000000000,0.0000000000,0.0000000000,0.0000000000
0.0200000000,-0.1500000000,0.3000000000,-0.0627335374,0.0000000000,-0.0343961473,0.4170390898,-0.2921299810,-0.0438992074,-0.3678391327,-0.2336112278,0.2990006778,0.0421219036,-0.3991997632,0.3218274260,-0.0233166262,0.3547220070,-0.2462248802,-0.3034068674,1.0000000000,1.0000000000,0.0000000000,0.0000000000,0.0000000000
0.0200000000,-0.1500000000,0.3000000000,-0.0627335374,0.0000000000,-0.0333780996,0.4169641500,-0.2926765278,-0.0428371391,-0.3679774520,-0.2328768267,0.2990006778,0.0421219036,-0.3991997632,0.3218274260,-0.0233166262,0.3547220070,-0.2462248802,-0.3034068674,1.0000000000,1.0000000000,0.0000000000,0.0000000000,0.0000000000
0.0200000000,-0.1500000000,0.3000000000,-0.0627335374,0.0000000000,-0.0323150302,0.4168972623,-0.2932108657,-0.0418297716,-0.3681075413,-0.2321864241,0.2990006778,0.0421219036,-0.3991997632,0.3218274260,-0.0233166262,0.3547220070,-0.2462248802,-0.3034068674,1.0000000000,1.0000000000,0.0000000000,0.0000000000,0.0000000000
0.0200000000,-0.1500000000,0.3000000000,-0.0627335374,0.0000000000,-0.0312359371,0.4168443983,-0.2937145335,-0.0408931075,-0.3682281121,-0.2315511725,0.2990006778,0.0421219036,-0.3991997632,0.3218274260,-0.0233166262,0.3547220070,-0.2462248802,-0.3034068674,1.0000000000,1.0000000000,0.0000000000,0.0000000000,0.0000000000
0.0200000000,-0.1500000000,0.3000000000,-0.0627335374,0.0000000000,-0.0301574609,0.4168090829,-0.2941772364,-0.0400224643,-0.3683407015,-0.2309689351,0.2990006778,0.0421219036,-0.3991997632,0.3218274260,-0.0233166262,0.3547220070,-0.2462248802,-0.3034068674,1.0000000000,1.0000000000,0.0000000000,0.0000000000,0.0000000000
0.0200000000,-0.1500000000,0.3000000000,-0.0627335374,0.0000000000,-0.0290778943,0.4167911312,-0.2946011944,-0.0391946513,-0.3684489944,-0.2304249445,0.2990006778,0.0421219036,-0.3991997632,0.3218274260,-0.0233166262,0.3547220070,-0.2462248802,-0.3034068674,1.0000000000,1.0000000000,0.0000000000,0.0000000000,0.0000000000
0.0200000000,-0.1500000000,0.3000000000,-0.0627335374,0.0000000000,-0.0279958576,0.4167907496,-0.2949870226,-0.0383961668,-0.3685551772,-0.2299109189,0.2990006778,0.0421219036,-0.3991997632,0.3218274260,-0.0233166262,0.3547220070,-0.2462248802,-0.3034068674,1.0000000000,1.0000000000,0.0000000000,0.0000000000,0.0000000000
0.0200000000,-0.1500000000,0.3000000000,-0.0627335374,0.0000000000,-0.0269149133,0.4168075987,-0.2953350013,-0.0376180498,-0.3686607031,-0.2294208868,0.2990006778,0.0421219036,-0.3991997632,0.3218274260,-0.0233166262,0.3547220070,-0.2462248802,-0.3034068674,1.0000000000,1.0000000000,0.0000000000,0.0000000000,0.0000000000
0.0200000000,-0.1500000000,0.3000000000,-0.0627335374,0.0000000000,-0.0258256444,0.4168435130,-0.2956445506,-0.0368430906,-0.3687684492,-0.2289456339,0.2990006778,0.0421219036,-0.3991997632,0.3218274260,-0.0233166262,0.3547220070,-0.2462248802,-0.3034068674,1.0000000000,1.0000000000,0.0000000000,0.0000000000,0.0000000000
0.0200000000,-0.1500000000,0.3000000000,-0.0627335374,0.0000000000,-0.0246760780,0.4169035430,-0.2959206443,-0.0360203294,-0.3688864764,-0.2284586799,0.2990006778,0.0421219036,-0.3991997632,0.3218274260,-0.0233166262,0.3547220070,-0.2462248802,-0.3034068674,1.0000000000,1.0000000000,0.0000000000,0.0000000000,0.0000000000
0.0200000000,-0.1500000000,0.3000000000,-0.0627335374,0.0000000000,-0.0234130695,0.4169931884,-0.2961682474,-0.0350960556,-0.3690232980,-0.2279318151,0.2990006778,0.0421219036,-0.3991997632,0.3218274260,-0.0233166262,0.3547220070,-0.2462248802,-0.3034068674,1.0000000000,1.0000000000,0.0000000000,0.0000000000,0.0000000000
0.0200000000,-0.1500000000,0.3000000000,-0.0627335374,0.0000000000,-0.0220425705,0.4171168997,-0.2963781289,-0.0340606339,-0.3691811368,-0.2273609119,0.2990006778,0.0421219036,-0.3991997632,0.3218274260,-0.0233166262,0.3547220070,-0.2462248802,-0.3034068674,1.0000000000,1.0000000000,0.0000000000,0.0000000000,0.0000000000
0.0200000000,-0.1500000000,0.3000000000,-0.0627335374,0.0000000000,-0.0206546240,0.4172700580,-0.2965353415,-0.0329715788,-0.3693515072,-0.2267748296,0.2990006778,0.0421219036,-0.3991997632,0.3218274260,-0.0233166262,0.3547220070,-0.2462248802,-0.3034068674,1.0000000000,1.0000000000,0.0000000000,0.0000000000,0.0000000000
0.0200000000,-0.1500000000,0.3000000000,-0.0627335374,0.0000000000,-0.0193881685,0.4174390502,-0.2966281838,-0.0319305850,-0.3695183852,-0.2262231286,0.2990006778,0.0421219036,-0.3991997632,0.3218274260,-0.0233166262,0.3547220070,-0.2462248802,-0.3034068674,1.0000000000,1.0000000000,0.0000000000,0.0000000000,0.0000000000
0.0200000000,-0.1500000000,0.3000000000,-0.0627335374,0.0000000000,-0.0183283042,0.4176082223,-0.2966629895,-0.0310096216,-0.3696694013,-0.2257384997,0.2990006778,0.0421219036,-0.3991997632,0.3218274260,-0.0233166262,0.3547220070,-0.2462248802,-0.3034068674,1.0000000000,1.0000000000,0.0000000000,0.0000000000,0.0000000000
0.0200000000,-0.1500000000,0.3000000000,-0.0627335374,0.0000000000,-0.0174258836,0.4177729361,-0.2966618033,-0.0301798920,-0.3698077575,-0.2253029535,0.2990006778,0.0421219036,-0.3991997632,0.3218274260,-0.0233166262,0.3547220070,-0.2462248802,-0.3034068674,1.0000000000,1.0000000000,0.0000000000,0.0000000000,0.0000000000
0.0200000000,-0.1500000000,0.3000000000,-0.0627335374,0.0000000000,-0.0166102264,0.4179360644,-0.2966383867,-0.0293845264,-0.3699418716,-0.2248861505,0.2990006778,0.0421219036,-0.3991997632,0.3218274260,-0.0233166262,0.3547220070,-0.2462248802,-0.3034068674,1.0000000000,1.0000000000,0.0000000000,0.0000000000,0.0000000000
0.0200000000,-0.1500000000,0.3000000000,-0.0627335374,0.0000000000,-0.0158368851,0.4181004254,-0.2965995890,-0.0285837909,-0.3700778157,-0.2244670793,0.2990006778,0.0421219036,-0.3991997632,0.3218274260,-0.0233166262,0.3547220070,-0.2462248802,-0.3034068674,1.0000000000,1.0000000000,0.0000000000,0.0000000000,0.0000000000
0.0200000000,-0.1500000000,0.3000000000,-0.0627335374,0.0000000000,-0.0150951160,0.4182658166,-0.2965486589,-0.0277622748,-0.3702178868,-0.2240368334,0.2990006778,0.0421219036,-0.3991997632,0.3218274260,-0.0233166262,0.3547220070,-0.2462248802,-0.3034068674,1.0000000000,1.0000000000,0.0000000000,0.0000000000,0.0000000000
0.0200000000,-0.1500000000,0.3000000000,-0.0627335374,0.0000000000,-0.0143882311,0.4184300698,-0.2964887220,-0.0269126074,-0.3703630621,-0.2235898694,0.2990006778,0.0421219036,-0.3991997632,0.3218274260,-0.0233166262,0.3547220070,-0.2462248802,-0.3034068674,1.0000000000,1.0000000000,0.0000000000,0.0000000000,0.0000000000
0.0200000000,-0.1500000000,0.3000000000,-0.0627335374,0.0000000000,-0.0137123547,0.4185920479,-0.2964230952,-0.0260248720,-0.3705147393,-0.2231196670,0.2990006778,0.0421219036,-0.3991997632,0.3218274260,-0.0233166262,0.3547220070,-0.2462248802,-0.3034068674,1.0000000000,1.0000000000,0.0000000000,0.0000000000,0.0000000000
0.0200000000,-0.1500000000,0.3000000000,-0.0627335374,0.0000000000,-0.0130537248,0.4187515400,-0.2963558386,-0.0250730398,-0.3706768987,-0.2226110062,0.2990006778,0.0421219036,-0.3991997632,0.3218274260,-0.0233166262,0.3547220070,-0.2462248802,-0.3034068674,1.0000000000,1.0000000000,0.0000000000,0.0000000000,0.0000000000
0.0200000000,-0.1500000000,0.3000000000,-0.0627335374,0.0000000000,-0.0123973130,0.4189068026,-0.2962940156,-0.0240194236,-0.3708552229,-0.2220410749,0.2990006778,0.0421219036,-0.3991997632,0.3218274260,-0.0233166262,0.3547220070,-0.2462248802,-0.3034068674,1.0000000000,1.0000000000,0.0000000000,0.0000000000,0.0000000000
0.0200000000,-0.1500000000,0.3000000000,-0.0627335374,0.0000000000,-0.0117500337,0.4190485419,-0.2962521574,-0.0228311167,-0.3710540761,-0.2213859165,0.2990006778,0.0421219036,-0.3991997632,0.3218274260,-0.0233166262,0.3547220070,-0.2462248802,-0.3034068674,1.0000000000,1.0000000000,0.0000000000,0.0000000000,0.0000000000
0.0200000000,-0.1500000000,0.3000000000,-0.0627335374,0.0000000000,-0.0111472087,0.4191565483,-0.2962565186,-0.0215098329,-0.3712713437,-0.2206364669,0.2990006778,0.0421219036,-0.3991997632,0.3218274260,-0.0233166262,0.3547220070,-0.2462248802,-0.3034068674,1.0000000000,1.0000000000,0.0000000000,0.0000000000,0.0000000000
0.0200000000,-0.1500000000,0.3000000000,-0.0627335374,0.0000000000,-0.0106152666,0.4192097152,-0.2963370472,-0.0200808015,-0.3715008624,-0.2197975945,0.2990006778,0.0421219036,-0.3991997632,0.3218274260,-0.0233166262,0.3547220070,-0.2462248802,-0.3034068674,1.0000000000,1.0000000000,0.0000000000,0.0000000000,0.0000000000
0.0200000000,-0.1500000000,0.3000000000,-0.0627335374,0.0000000000,-0.0101648744,0.4191818351,-0.2965360779,-0.0185577445,-0.3717375658,-0.2188658914,0.2990006778,0.0421219036,-0.3991997632,0.3218274260,-0.0233166262,0.3547220070,-0.2462248802,-0.3034068674,1.0000000000,1.0000000000,0.0000000000,0.0000000000,0.0000000000
0.0200000000,-0.1500000000,0.3000000000,-0.0627335374,0.0000000000,-0.0097942157,0.4190426996,-0.2969054906,-0.0169790499,-0.3719718041,-0.2178515732,0.2990006778,0.0421219036,-0.3991997632,0.3218274260,-0.0233166262,0.3547220070,-0.2462248802,-0.3034068674,1.0000000000,1.0000000000,0.0000000000,0.0000000000,0.0000000000
0.0200000000,-0.1500000000,0.3000000000,-0.0627335374,0.0000000000,-0.0094847627,0.4187566914,-0.2975097917,-0.0154506231,-0.3721821841,-0.2168037904,0.2990006778,0.0421219036,-0.3991997632,0.3218274260,-0.0233166262,0.3547220070,-0.2462248802,-0.3034068674,1.0000000000,1.0000000000,0.0000000000,0.0000000000,0.0000000000
0.0200000000,-0.1500000000,0.3000000000,-0.0627335374,0.0000000000,-0.0091697733,0.4183109653,-0.2983858606,-0.0141534762,-0.3723370544,-0.2158281466,0.2990006778,0.0421219036,-0.3991997632,0.3218274260,-0.0233166262,0.3547220070,-0.2462248802,-0.3034068674,1.0000000000,1.0000000000,0.0000000000,0.0000000000,0.0000000000
0.0200000000,-0.1500000000,0.3000000000,-0.0627335374,0.0000000000,-0.0087534939,0.4177348118,-0.2995064881,-0.0132415046,-0.3724134396,-0.2150326045,0.2990006778,0.0421219036,-0.3991997632,0.3218274260,-0.0233166262,0.3547220070,-0.2462248802,-0.3034068674,1.0000000000,1.0000000000,0.0000000000,0.0000000000,0.0000000000
0.0200000000,-0.1500000000,0.3000000000,-0.0627335374,0.0000000000,-0.0081450674,0.4170633174,-0.3008343576,-0.0128477042,-0.3723923407,-0.2145146072,0.2990006778,0.0421219036,-0.3991997632,0.3218274260,-0.0233166262,0.3547220070,-0.2462248802,-0.3034068674,1.0000000000,1.0000000000,0.0000000000,0.0000000000,0.0000000000
0.0200000000,-0.1500000000,0.3000000000,-0.0627335374,0.0000000000,-0.0072880547,0.4163363821,-0.3023166004,-0.0130496023,-0.3722646254,-0.2143388813,0.2990006778,0.0421219036,-0.3991997632,0.3218274260,-0.0233166262,0.3547220070,-0.2462248802,-0.3034068674,1.0000000000,1.0000000000,0.0000000000,0.0000000000,0.0000000000
0.0200000000,-0.1500000000,0.3000000000,-0.0627335374,0.0000000000,-0.0061886340,0.4155799083,-0.3039091282,-0.0138643105,-0.3720301939,-0.2145257586,0.2990006778,0.0421219036,-0.3991997632,0.3218274260,-0.0233166262,0.3547220070,-0.2462248802,-0.3034068674,1.0000000000,1.0000000000,0.0000000000,0.0000000000,0.0000000000
0.0200000000,-0.1500000000,0.3000000000,-0.0627335374,0.0000000000,-0.0050002430,0.4148043835,-0.3055555403,-0.0151416681,-0.3717167352,-0.2149843756,0.2990006778,0.0421219036,-0.3991997632,0.3218274260,-0.0233166262,0.3547220070,-0.2462248802,-0.3034068674,1.0000000000,1.0000000000,0.0000000000,0.0000000000,0.0000000000
0.0200000000,-0.1500000000,0.3000000000,-0.0627335374,0.0000000000,-0.0039929878,0.4140180912,-0.3071699708,-0.0165650341,-0.3713810160,-0.2155204415,0.2990006778,0.0421219036,-0.3991997632,0.3218274260,-0.0233166262,0.3547220070,-0.2462248802,-0.3034068674,1.0000000000,1.0000000000,0.0000000000,0.0000000000,0.0000000000
0.0200000000,-0.1500000000,0.3000000000,-0.0627335374,0.0000000000,-0.0034396274,0.4132303606,-0.3086610247,-0.0178025382,-0.3710828821,-0.2159316973,0.2990006778,0.0421219036,-0.3991997632,0.3218274260,-0.0233166262,0.3547220070,-0.2462248802,-0.3034068674,1.0000000000,1.0000000000,0.0000000000,0.0000000000,0.0000000000
0.0200000000,-0.1500000000,0.3000000000,-0.0627335374,0.0000000000,-0.0035253634,0.4124495202,-0.3099607391,-0.0185619769,-0.3708744919,-0.2160423675,0.2990006778,0.0421219036,-0.3991997632,0.3218274260,-0.0233166262,0.3547220070,-0.2462248802,-0.3034068674,1.0000000000,1.0000000000,0.0000000000,0.0000000000,0.0000000000
0.0200000000,-0.1500000000,0.3000000000,-0.0627335374,0.0000000000,-0.0043265406,0.4116817076,-0.3110332221,-0.0186300473,-0.3707932365,-0.2157268147,0.2990006778,0.0421219036,-0.3991997632,0.3218274260,-0.0233166262,0.3547220070,-0.2462248802,-0.3034068674,1.0000000000,1.0000000000,0.0000000000,0.0000000000,0.0000000000
0.0200000000,-0.1500000000,0.3000000000,-0.0627335374,0.0000000000,-0.0057396703,0.4109341838,-0.3118909866,-0.0179628349,-0.3708457261,-0.2149667752,0.2990006778,0.0421219036,-0.3991997632,0.3218274260,-0.0233166262,0.3547220070,-0.2462248802,-0.3034068674,1.0000000000,1.0000000000,0.0000000000,0.0000000000,0.0000000000
0.0200000000,-0.1500000000,0.3000000000,-0.0627335374,0.0000000000,-0.0075231599,0.4102207916,-0.3125767357,-0.0167023228,-0.3710060862,-0.2138612515,0.2990006778,0.0421219036,-0.3991997632,0.3218274260,-0.0233166262,0.3547220070,-0.2462248802,-0.3034068674,1.0000000000,1.0000000000,0.0000000000,0.0000000000,0.0000000000
0.0200000000,-0.1500000000,0.3000000000,-0.0627335374,0.0000000000,-0.0094587620,0.4095643790,-0.3131125318,-0.0150029302,-0.3712476142,-0.2125194708,0.2990006778,0.0421219036,-0.3991997632,0.3218274260,-0.0233166262,0.3547220070,-0.2462248802,-0.3034068674,1.0000000000,1.0000000000,0.0000000000,0.0000000000,0.0000000000
0.0200000000,-0.1500000000,0.3000000000,-0.0627335374,0.0000000000,-0.0113484307,0.4089835512,-0.3135233637,-0.0130549402,-0.3715375704,-0.2110688987,0.2990006778,0.0421219036,-0.3991997632,0.3218274260,-0.0233166262,0.3547220070,-0.2462248802,-0.3034068674,1.0000000000,1.0000000000,0.0000000000,0.0000000000,0.0000000000
0.0200000000,-0.1500000000,0.3000000000,-0.0627335374,0.0000000000,-0.0130627191,0.4084807370,-0.3138427352,-0.0110409881,-0.3718440048,-0.2096232028,0.2990006778,0.0421219036,-0.3991997632,0.3218274260,-0.0233166262,0.3547220070,-0.2462248802,-0.3034068674,0.9960403173,1.0000000000,0.0000000000,0.0000000000,0.0000000000
0.0200000000,-0.1500000000,0.3000000000,-0.0627335374,0.0000000000,-0.0146057004,0.4080214912,-0.3141291932,-0.0091010485,-0.3721404915,-0.2082506309,0.2990006778,0.0421219036,-0.3991997632,0.3218274260,-0.0233166262,0.3547220070,-0.2462248802,-0.3034068674,0.9380747392,1.0000000000,0.0000000000,0.0000000000,0.0000000000
0.0200000000,-0.1500000000,0.3000000000,-0.0627335374,0.0000000000,-0.0161000297,0.4075463031,-0.3144494952,-0.0072842953,-0.3724150010,-0.2069512783,0.2990006778,0.0421219036,-0.3991997632,0.3218274260,-0.0233166262,0.3547220070,-0.2462248802,-0.3034068674,0.8714080725,1.0000000000,0.0000000000,0.0000000000,0.0000000000
0.0200000000,-0.1500000000,0.3000000000,-0.0627335374,0.0000000000,-0.0176841240,0.4069963939,-0.3148625611,-0.0055926674,-0.3726637533,-0.2056980905,0.2990006778,0.0421219036,-0.3991997632,0.3218274260,-0.0233166262,0.3547220070,-0.2462248802,-0.3034068674,0.8047414059,1.0000000000,0.0000000000,0.0000000000,0.0000000000
0.0200000000,-0.1500000000,0.3000000000,-0.0627335374,0.0000000000,-0.0194692609,0.4063248265,-0.3154138027,-0.0040085973,-0.3728870186,-0.2044586468,0.2990006778,0.0421219036,-0.3991997632,0.3218274260,-0.0233166262,0.3547220070,-0.2462248802,-0.3034068674,0.7380747392,1.0000000000,0.0000000000,0.0000000000,0.0000000000
0.0200000000,-0.1500000000,0.3000000000,-0.0627335374,0.0000000000,-0.0215046527,0.4055033001,-0.3161333432,-0.0025244291,-0.3730844712,-0.2032165685,0.2990006778,0.0421219036,-0.3991997632,0.3218274260,-0.0233166262,0.3547220070,-0.2462248802,-0.3034068674,0.6714080725,1.0000000000,0.0000000000,0.0000000000,0.0000000000
0.0200000000,-0.1500000000,0.3000000000,-0.0627335374,0.0000000000,-0.0237145721,0.4045510234,-0.3170077426,-0.0011496798,-0.3732556303,-0.2019882099,0.2990006778,0.0421219036,-0.3991997632,0.3218274260,-0.0233166262,0.3547220070,-0.2462248802,-0.3034068674,0.6047414059,1.0000000000,0.0000000000,0.0000000000,0.0000000000
0.0200000000,-0.1500000000,0.3000000000,-0.0627335374,0.0000000000,-0.0259339590,0.4035312741,-0.3179783969,0.0001011290,-0.3734017483,-0.2008119236,0.2990006778,0.0421219036,-0.3991997632,0.3218274260,-0.0233166262,0.3547220070,-0.2462248802,-0.3034068674,0.5380747392,1.0000000000,0.0000000000,0.0000000000,0.0000000000
0.0200000000,-0.1500000000,0.3000000000,-0.0627335374,0.0000000000,-0.0280074222,0.4025096081,-0.3189813082,0.0012129574,-0.3735241966,-0.1997267279,0.2990006778,0.0421219036,-0.3991997632,0.3218274260,-0.0233166262,0.3547220070,-0.2462248802,-0.3034068674,0.4714080725,1.0000000000,0.0000000000,0.0000000000,0.0000000000
0.0200000000,-0.1500000000,0.3000000000,-0.0627335374,0.0000000000,-0.0298271518,0.4015496652,-0.3199438823,0.0021989979,-0.3736292137,-0.1987523511,0.2990006778,0.0421219036,-0.3991997632,0.3218274260,-0.0233166262,0.3547220070,-0.2462248802,-0.3034068674,0.4047414059,1.0000000000,0.0000000000,0.0000000000,0.0000000000
0.0200000000,-0.1500000000,0.3000000000,-0.0627335374,0.0000000000,-0.0313597166,0.4007093684,-0.3207825554,0.0031139089,-0.3737301321,-0.1978798411,0.2990006778,0.0421219036,-0.3991997632,0.3218274260,-0.0233166262,0.3547220070,-0.2462248802,-0.3034068674,0.3380747392,1.0000000000,0.0000000000,0.0000000000,0.0000000000
0.0200000000,-0.1500000000,0.3000000000,-0.0627335374,0.0000000000,-0.0326971370,0.4000223042,-0.3214189864,0.0040630872,-0.3738478963,-0.1970573952,0.2990006778,0.0421219036,-0.3991997632,0.3218274260,-0.0233166262,0.3547220070,-0.2462248802,-0.3034068674,0.2714080725,1.0000000000,0.0000000000,0.0000000000,0.0000000000
0.0200000000,-0.1500000000,0.3000000000,-0.0627335374,0.0000000000,-0.0339988997,0.3994880379,-0.3218114761,0.0051416424,-0.3739996701,-0.1962242130,0.2990006778,0.0421219036,-0.3991997632,0.3218274260,-0.0233166262,0.3547220070,-0.2462248802,-0.3034068674,0.2047414059,1.0000000000,0.0000000000,0.0000000000,0.0000000000
0.0200000000,-0.1500000000,0.3000000000,-0.0627335374,0.0000000000,-0.0353905082,0.3991099700,-0.3219210940,0.0064020674,-0.3741956535,-0.1953476080,0.2990006778,0.0421219036,-0.3991997632,0.3218274260,-0.0233166262,0.3547220070,-0.2462248802,-0.3034068674,0.1380747392,1.0000000000,0.0000000000,0.0000000000,0.0000000000
0.0200000000,-0.1500000000,0.3000000000,-0.0627335374,0.0000000000,-0.0369410897,0.3988896586,-0.3217285639,0.0078336777,-0.3744349079,-0.1944326317,0.2990006778,0.0421219036,-0.3991997632,0.3218274260,-0.0233166262,0.3547220070,-0.2462248802,-0.3034068674,0.0714080725,1.0000000000,0.0000000000,0.0000000000,0.0000000000
0.0200000000,-0.1500000000,0.3000000000,-0.0627335374,0.0000000000,-0.0386492136,0.3988316855,-0.3212309422,0.0093543872,-0.3747042703,-0.1935289296,0.2990006778,0.0421219036,-0.3991997632,0.3218274260,-0.0233166262,0.3547220070,-0.2462248802,-0.3034068674,0.0089574645,1.0000000000,0.0000000000,0.0000000000,0.0000000000
0.0200000000,-0.1500000000,0.3000000000,-0.0627335374,0.0000000000,-0.0404306694,0.3989152325,-0.3204904268,0.0108126058,-0.3749761978,-0.1927180494,0.2990006778,0.0421219036,-0.3991997632,0.3218274260,-0.0233166262,0.3547220070,-0.2462248802,-0.3034068674,0.0000000000,1.0000000000,0.0000000000,0.0000000000,0.0000000000
0.0200000000,-0.1500000000,0.3000000000,-0.0627335374,0.0000000000,-0.0421940414,0.3990934390,-0.3196113490,0.0120852744,-0.3752256641,-0.1920543312,0.2990006778,0.0421219036,-0.3991997632,0.3218274260,-0.0233166262,0.3547220070,-0.2462248802,-0.3034068674,0.0000000000,1.0000000000,0.0000000000,0.0000000000,0.0000000000
0.0200000000,-0.1500000000,0.3000000000,-0.0627335374,0.0000000000,-0.0439014682,0.3993278138,-0.3186680485,0.0131047292,-0.3754381139,-0.1915620595,0.2990006778,0.0421219036,-0.3991997632,0.3218274260,-0.0233166262,0.3547220070,-0.2462248802,-0.3034068674,0.0000000000,1.0000000000,0.0000000000,0.0000000000,0.0000000000
0.0200000000,-0.1500000000,0.3000000000,-0.0627335374,0.0000000000,-0.0455573287,0.3995820089,-0.3177181747,0.0138375609,-0.3756053777,-0.1912456412,0.2990006778,0.0421219036,-0.3991997632,0.3218274260,-0.0233166262,0.3547220070,-0.2462248802,-0.3034068674,0.0000000000,1.0000000000,0.0000000000,0.0000000000,0.0000000000
0.0200000000,-0.1500000000,0.3000000000,-0.0627335374,0.0000000000,-0.0471792280,0.3998151236,-0.3168227062,0.0142157797,-0.3757137141,-0.1911278676,0.2990006778,0.0421219036,-0.3991997632,0.3218274260,-0.0233166262,0.3547220070,-0.2462248802,-0.3034068674,0.0000000000,1.0000000000,0.0000000000,0.0000000000,0.0000000000
0.0200000000,-0.1500000000,0.3000000000,-0.0627335374,0.0000000000,-0.0487656955,0.3999729724,-0.3160680317,0.0141554254,-0.3757455739,-0.1912362664,0.2990006778,0.0421219036,-0.3991997632,0.3218274260,-0.0233166262,0.3547220070,-0.2462248802,-0.3034068674,0.0000000000,1.0000000000,0.0000000000,0.0000000000,0.0000000000
0.0200000000,-0.1500000000,0.3000000000,-0.0627335374,0.0000000000,-0.0502838487,0.4000054836,-0.3155415209,0.0136316852,-0.3756925968,-0.1915661276,0.2990006778,0.0421219036,-0.3991997632,0.3218274260,-0.0233166262,0.3547220070,-0.2462248802,-0.3034068674,0.0000000000,1.0000000000,0.0000000000,0.0000000000,0.0000000000
0.0200000000,-0.1500000000,0.3000000000,-0.0627335374,0.0000000000,-0.0516982223,0.3998689432,-0.3153217522,0.0126480945,-0.3755512002,-0.1920985007,0.2990006778,0.0421219036,-0.3991997632,0.3218274260,-0.0233166262,0.3547220070,-0.2462248802,-0.3034068674,0.0000000000,1.0000000000,0.0000000000,0.0000000000,0.0000000000
0.0200000000,-0.1500000000,0.3000000000,-0.0627335374,0.0000000000,-0.0530132240,0.3995458081,-0.3154342569,0.0112948328,-0.3753340812,-0.1927731272,0.2990006778,0.0421219036,-0.3991997632,0.3218274260,-0.0233166262,0.3547220070,-0.2462248802,-0.3034068674,0.0000000000,1.0000000000,0.0000000000,0.0000000000,0.0000000000
0.0200000000,-0.1500000000,0.3000000000,-0.0627335374,0.0000000000,-0.0542961772,0.3990507635,-0.3158354364,0.0097750110,-0.3750752843,-0.1934747466,0.2990006778,0.0421219036,-0.3991997632,0.3218274260,-0.0233166262,0.3547220070,-0.2462248802,-0.3034068674,0.0000000000,1.0000000000,0.0000000000,0.0000000000,0.0000000000
0.0200000000,-0.1500000000,0.3000000000,-0.0627335374,0.0000000000,-0.0556968352,0.3984515773,-0.3163723648,0.0084124696,-0.3748337989,-0.1940371218,0.2990006778,0.0421219036,-0.3991997632,0.3218274260,-0.0233166262,0.3547220070,-0.2462248802,-0.3034068674,0.0000000000,1.0000000000,0.0000000000,0.0000000000,0.0000000000
0.0200000000,-0.1500000000,0.3000000000,-0.0627335374,0.0000000000,-0.0573999289,0.3978210047,-0.3168722934,0.0074691904,-0.3746602719,-0.1943333104,0.2990006778,0.0421219036,-0.3991997632,0.3218274260,-0.0233166262,0.3547220070,-0.2462248802,-0.3034068674,0.0000000000,1.0000000000,0.0000000000,0.0000000000,0.0000000000
0.0200000000,-0.1500000000,0.3000000000,-0.0627335374,0.0000000000,-0.0596093611,0.3971912891,-0.3172200749,0.0071126446,-0.3745876145,-0.1942772314,0.2990006778,0.0421219036,-0.3991997632,0.3218274260,-0.0233166262,0.3547220070,-0.2462248802,-0.3034068674,0.0000000000,1.0000000000,0.0000000000,0.0000000000,0.0000000000
0.0200000000,-0.1500000000,0.3000000000,-0.0627335374,0.0000000000,-0.0624912809,0.3965672687,-0.3173562462,0.0074130647,-0.3746303700,-0.1938303765,0.2990006778,0.0421219036,-0.3991997632,0.3218274260,-0.0233166262,0.3547220070,-0.2462248802,-0.3034068674,0.0000000000,1.0000000000,0.0000000000,0.0000000000,0.0000000000
0.0200000000,-0.1500000000,0.3000000000,-0.0627335374,0.0000000000,-0.0661850079,0.3959411101,-0.3172548949,0.0084036371,-0.3747950223,-0.1929699363,0.2990006778,0.0421219036,-0.3991997632,0.3218274260,-0.0233166262,0.3547220070,-0.2462248802,-0.3034068674,0.0000000000,1.0000000000,0.0000000000,0.0000000000,0.0000000000
0.0200000000,-0.1500000000,0.3000000000,-0.0627335374,0.0000000000,-0.0707321357,0.3952968646,-0.3169378347,0.0100405841,-0.3750728072,-0.1917145599,0.2990006778,0.0421219036,-0.3991997632,0.3218274260,-0.0233166262,0.3547220070,-0.2462248802,-0.3034068674,0.0000000000,1.0000000000,0.0000000000,0.0000000000,0.0000000000
0.0200000000,-0.1500000000,0.3000000000,-0.0627335374,0.0000000000,-0.0760652534,0.3946154175,-0.3164618232,0.0122195891,-0.3754434901,-0.1901196381,0.2990006778,0.0421219036,-0.3991997632,0.3218274260,-0.0233166262,0.3547220070,-0.2462248802,-0.3034068674,0.0000000000,1.0000000000,0.0000000000,0.0000000000,0.0000000000
0.0200000000,-0.1500000000,0.3000000000,-0.0627335374,0.0000000000,-0.0820911105,0.3938836527,-0.3158776207,0.0148560446,-0.3758903844,-0.1882339232,0.2990006778,0.0421219036,-0.3991997632,0.3218274260,-0.0233166262,0.3547220070,-0.2462248802,-0.3034068674,0.0000000000,1.0000000000,0.0000000000,0.0000000000,0.0000000000
0.0200000000,-0.1500000000,0.3000000000,-0.0627335374,0.0000000000,-0.0885860489,0.3931037720,-0.3152460322,0.0178154472,-0.3763886080,-0.1861441335,0.2990006778,0.0421219036,-0.3991997632,0.3218274260,-0.0233166262,0.3547220070,-0.2462248802,-0.3034068674,0.0000000000,1.0000000000,0.0000000000,0.0000000000,0.0000000000
0.0200000000,-0.1500000000,0.3000000000,-0.0627335374,0.0000000000,-0.0952517088,0.3922877223,-0.3146318959,0.0209378450,-0.3769091896,-0.1839573922,0.2990006778,0.0421219036,-0.3991997632,0.3218274260,-0.0233166262,0.3547220070,-0.2462248802,-0.3034068674,0.0000000000,1.0000000000,0.0000000000,0.0000000000,0.0000000000
0.0200000000,-0.1500000000,0.3000000000,-0.0627335374,0.0000000000,-0.1017913808,0.3914548295,-0.3140854185,0.0240599006,-0.3774238877,-0.1817833443,0.2990006778,0.0421219036,-0.3991997632,0.3218274260,-0.0233166262,0.3547220070,-0.2462248802,-0.3034068674,0.0000000000,1.0000000000,0.0000000000,0.0000000000,0.0000000000
0.0200000000,-0.1500000000,0.3000000000,-0.0627335374,0.0000000000,-0.1079739580,0.3906292895,-0.3136283123,0.0270529642,-0.3779119491,-0.1797102489,0.2990006778,0.0421219036,-0.3991997632,0.3218274260,-0.0233166262,0.3547220070,-0.2462248802,-0.3034068674,0.0000000000,1.0000000000,0.0000000000,0.0000000000,0.0000000000
0.0200000000,-0.1500000000,0.3000000000,-0.0627335374,0.0000000000,-0.1136104605,0.3898283173,-0.3132720597,0.0298266008,-0.3783589861,-0.1778184154,0.2990006778,0.0421219036,-0.3991997632,0.3218274260,-0.0233166262,0.3547220070,-0.2462248802,-0.3034068674,0.0000000000,1.0000000000,0.0000000000,0.0000000000,0.0000000000
0.0200000000,-0.1500000000,0.3000000000,-0.0627335374,0.0000000000,-0.1186998889,0.3890320594,-0.3130062243,0.0324026212,-0.3787686015,-0.1761571293,0.2990006778,0.0421219036,-0.3991997632,0.3218274260,-0.0233166262,0.3547220070,-0.2462248802,-0.3034068674,0.0000000000,1.0000000000,0.0000000000,0.0000000000,0.0000000000
0.0200000000,-0.1500000000,0.3000000000,-0.0627335374,0.0000000000,-0.1235154137,0.3881651910,-0.3128091536,0.0349542773,-0.3791674034,-0.1747023005,0.2990006778,0.0421219036,-0.3991997632,0.3218274260,-0.0233166262,0.3547220070,-0.2462248802,-0.3034068674,0.0000000000,1.0000000000,0.0000000000,0.0000000000,0.0000000000
0.0200000000,-0.1500000000,0.3000000000,-0.0627335374,0.0000000000,-0.1284693452,0.3871707315,-0.3126733489,0.0376692304,-0.3795839514,-0.1732740553,0.2990006778,0.0421219036,-0.3991997632,0.3218274260,-0.0233166262,0.3547220070,-0.2462248802,-0.3034068674,0.0000000000,1.0000000000,0.0000000000,0.0000000000,0.0000000000
0.0200000000,-0.1500000000,0.3000000000,-0.0627335374,0.0000000000,-0.1337336423,0.3860772449,-0.3126071137,0.0405611660,-0.3800206375,-0.1716777756,0.2990006778,0.0421219036,-0.3991997632,0.3218274260,-0.0233166262,0.3547220070,-0.2462248802,-0.3034068674,0.0000000000,1.0000000000,0.0000000000,0.0000000000,0.0000000000
0.0200000000,-0.1500000000,0.3000000000,-0.0627335374,0.0000000000,-0.1392785582,0.3849132445,-0.3126211968,0.0435841843,-0.3804704848,-0.1698530152,0.2990006778,0.0421219036,-0.3991997632,0.3218274260,-0.0233166262,0.3547220070,-0.2462248802,-0.3034068674,0.0000000000,1.0000000000,0.0000000000,0.0000000000,0.0000000000
0.0200000000,-0.1500000000,0.3000000000,-0.0627335374,0.0000000000,-0.1450071912,0.3836742933,-0.3127216191,0.0467109987,-0.3809293594,-0.1678536997,0.2990006778,0.0421219036,-0.3991997632,0.3218274260,-0.0233166262,0.3547220070,-0.2462248802,-0.3034068674,0.0000000000,1.0000000000,0.0000000000,0.0000000000,0.0000000000
0.0200000000,-0.1500000000,0.3000000000,-0.0627335374,0.0000000000,-0.1507537754,0.3823612481,-0.3129101834,0.0498879299,-0.3813893321,-0.1657818543,0.2990006778,0.0421219036,-0.3991997632,0.3218274260,-0.0233166262,0.3547220070,-0.2462248802,-0.3034068674,0.0000000000,1.0000000000,0.0000000000,0.0000000000,0.0000000000
0.0200000000,-0.1500000000,0.3000000000,-0.0627335374,0.0000000000,-0.1562164383,0.3810305926,-0.3131718024,0.0529632162,-0.3818291137,-0.1637731140,0.2990006778,0.0421219036,-0.3991997632,0.3218274260,-0.0233166262,0.3547220070,-0.2462248802,-0.3034068674,0.0000000000,1.0000000000,0.0000000000,0.0000000000,0.0000000000
0.0200000000,-0.1500000000,0.3000000000,-0.0627335374,0.0000000000,-0.1612093115,0.3797347341,-0.3134862989,0.0558280744,-0.3822342715,-0.1619051083,0.2990006778,0.0421219036,-0.3991997632,0.3218274260,-0.0233166262,0.3547220070,-0.2462248802,-0.3034068674,0.0000000000,1.0000000000,0.0000000000,0.0000000000,0.0000000000
0.0200000000,-0.1500000000,0.3000000000,-0.0627335374,0.0000000000,-0.1657778749,0.3784793940,-0.3138383550,0.0584975998,-0.3826081625,-0.1601674612,0.2990006778,0.0421219036,-0.3991997632,0.3218274260,-0.0233166262,0.3547220070,-0.2462248802,-0.3034068674,0.0000000000,1.0000000000,0.0000000000,0.0000000000,0.0000000000
0.0200000000,-0.1500000000,0.3000000000,-0.0627335374,0.0000000000,-0.1700979394,0.3772412411,-0.3142163672,0.0610598901,-0.3829645017,-0.1585027044,0.2990006778,0.0421219036,-0.3991997632,0.3218274260,-0.0233166262,0.3547220070,-0.2462248802,-0.3034068674,0.0000000000,1.0000000000,0.0000000000,0.0000000000,0.0000000000
0.0200000000,-0.1500000000,0.3000000000,-0.0627335374,0.0000000000,-0.1742790857,0.3759933157,-0.3146255132,0.0635781720,-0.3833124707,-0.1568697014,0.2990006778,0.0421219036,-0.3991997632,0.3218274260,-0.0233166262,0.3547220070,-0.2462248802,-0.3034068674,0.0000000000,1.0000000000,0.0000000000,0.0000000000,0.0000000000
0.0200000000,-0.1500000000,0.3000000000,-0.0627335374,0.0000000000,-0.1783501771,0.3747223660,-0.3150728353,0.0660724171,-0.3836547956,-0.1552553221,0.2990006778,0.0421219036,-0.3991997632,0.3218274260,-0.0233166262,0.3547220070,-0.2462248802,-0.3034068674,0.0000000000,1.0000000000,0.0000000000,0.0000000000,0.0000000000
0.0200000000,-0.1500000000,0.3000000000,-0.0627335374,0.0000000000,-0.1823352302,0.3734355058,-0.3155450097,0.0685477835,-0.3839927956,-0.1536579056,0.2990006778,0.0421219036,-0.3991997632,0.3218274260,-0.0233166262,0.3547220070,-0.2462248802,-0.3034068674,0.0000000000,1.0000000000,0.0000000000,0.0000000000,0.0000000000
0.0200000000,-0.1500000000,0.3000000000,-0.0627335374,0.0000000000,-0.1862078549,0.3721574084,-0.3160213593,0.0709782693,-0.3843235033,-0.1520967801,0.2990006778,0.0421219036,-0.3991997632,0.3218274260,-0.0233166262,0.3547220070,-0.2462248802,-0.3034068674,0.0000000000,1.0000000000,0.0000000000,0.0000000000,0.0000000000
0.0200000000,-0.1500000000,0.3000000000,-0.0627335374,0.0000000000,-0.1898354625,0.3709342802,-0.3164830314,0.0732792108,-0.3846355096,-0.1506270659,0.2990006778,0.0421219036,-0.3991997632,0.3218274260,-0.0233166262,0.3547220070,-0.2462248802,-0.3034068674,0.0000000000,1.0000000000,0.0000000000,0.0000000000,0.0000000000
0.0200000000,-0.1500000000,0.3000000000,-0.0627335374,0.0000000000,-0.1930304131,0.3698196398,-0.3169168105,0.0753374594,-0.3849132485,-0.1493192379,0.2990006778,0.0421219036,-0.3991997632,0.3218274260,-0.0233166262,0.3547220070,-0.2462248802,-0.3034068674,0.0000000000,1.0000000000,0.0000000000,0.0000000000,0.0000000000
0.0200000000,-0.1500000000,0.3000000000,-0.0627335374,0.0000000000,-0.1958119110,0.3688113681,-0.3173247549,0.0771605372,-0.3851580618,-0.1481641086,0.2990006778,0.0421219036,-0.3991997632,0.3218274260,-0.0233166262,0.3547220070,-0.2462248802,-0.3034068674,0.0000000000,1.0000000000,0.0000000000,0.0000000000,0.0000000000
0.0200000000,-0.1500000000,0.3000000000,-0.0627335374,0.0000000000,-0.1983855311,0.3678572251,-0.3177192716,0.0788661677,-0.3853865410,-0.1470843178,0.2990006778,0.0421219036,-0.3991997632,0.3218274260,-0.0233166262,0.3547220070,-0.2462248802,-0.3034068674,0.0000000000,1.0000000000,0.0000000000,0.0000000000,0.0000000000
0.0200000000,-0.1500000000,0.3000000000,-0.0627335374,0.0000000000,-0.2008915503,0.3669202451,-0.3181081545,0.0805363031,-0.3856100869,-0.1460284517,0.2990006778,0.0421219036,-0.3991997632,0.3218274260,-0.0233166262,0.3547220070,-0.2462248802,-0.3034068674,0.0000000000,1.0000000000,0.0000000000,0.0000000000,0.0000000000
0.0200000000,-0.1500000000,0.3000000000,-0.0627335374,0.0000000000,-0.2033908526,0.3659828680,-0.3184953523,0.0822077711,-0.3858337185,-0.1449745550,0.2990006778,0.0421219036,-0.3991997632,0.3218274260,-0.0233166262,0.3547220070,-0.2462248802,-0.3034068674,0.0000000000,1.0000000000,0.0000000000,0.0000000000,0.0000000000
0.0200000000,-0.1500000000,0.3000000000,-0.0627335374,0.0000000000,-0.2059500529,0.3650179475,-0.3188931847,0.0839271434,-0.3860635968,-0.1438934833,0.2990006778,0.0421219036,-0.3991997632,0.3218274260,-0.0233166262,0.3547220070,-0.2462248802,-0.3034068674,0.0000000000,1.0000000000,0.0000000000,0.0000000000,0.0000000000
0.0200000000,-0.1500000000,0.3000000000,-0.0627335374,0.0000000000,-0.2087495158,0.3639481264,-0.3193399107,0.0858227722,-0.3863167143,-0.1427025502,0.2990006778,0.0421219036,-0.3991997632,0.3218274260,-0.0233166262,0.3547220070,-0.2462248802,-0.3034068674,0.0000000000,1.0000000000,0.0000000000,0.0000000000,0.0000000000
0.0200000000,-0.1500000000,0.3000000000,-0.0627335374,0.0000000000,-0.2119728860,0.3626927606,-0.3198735335,0.0880268862,-0.3866104917,-0.1413187137,0.2990006778,0.0421219036,-0.3991997632,0.3218274260,-0.0233166262,0.3547220070,-0.2462248802,-0.3034068674,0.0000000000,1.0000000000,0.0000000000,0.0000000000,0.0000000000
0.0200000000,-0.1500000000,0.3000000000,-0.0627335374,0.0000000000,-0.2156449567,0.3612370870,-0.3204966818,0.0905614613,-0.3869476179,-0.1397334037,0.2990006778,0.0421219036,-0.3991997632,0.3218274260,-0.0233166262,0.3547220070,-0.2462248802,-0.3034068674,0.0000000000,1.0000000000,0.0000000000,0.0000000000,0.0000000000
0.0200000000,-0.1500000000,0.3000000000,-0.0627335374,0.0000000000,-0.2196016960,0.3596476023,-0.3211728356,0.0933146579,-0.3873130870,-0.1380235239,0.2990006778,0.0421219036,-0.3991997632,0.3218274260,-0.0233166262,0.3547220070,-0.2462248802,-0.3034068674,0.0000000000,1.0000000000,0.0000000000,0.0000000000,0.0000000000
0.0200000000,-0.1500000000,0.3000000000,-0.0627335374,0.0000000000,-0.2236589848,0.3579985215,-0.3218662330,0.0961620409,-0.3876903140,-0.1362705155,0.2990006778,0.0421219036,-0.3991997632,0.3218274260,-0.0233166262,0.3547220070,-0.2462248802,-0.3034068674,0.0000000000,1.0000000000,0.0000000000,0.0000000000,0.0000000000
0.0200000000,-0.1500000000,0.3000000000,-0.0627335374,0.0000000000,-0.2277269214,0.3563220540,-0.3225671364,0.0990464934,-0.3880717175,-0.1345080001,0.2990006778,0.0421219036,-0.3991997632,0.3218274260,-0.0233166262,0.3547220070,-0.2462248802,-0.3034068674,0.0000000000,1.0000000000,0.0000000000,0.0000000000,0.0000000000
0.0200000000,-0.1500000000,0.3000000000,-0.0627335374,0.0000000000,-0.2317911404,0.3546223063,-0.3232770307,0.1019593017,-0.3884561843,-0.1327388835,0.2990006778,0.0421219036,-0.3991997632,0.3218274260,-0.0233166262,0.3547220070,-0.2462248802,-0.3034068674,0.0000000000,1.0000000000,0.0000000000,0.0000000000,0.0000000000
0.0200000000,-0.1500000000,0.3000000000,-0.0627335374,0.0000000000,-0.2358397134,0.3529081426,-0.3239899744,0.1048884147,-0.3888421823,-0.1309708202,0.2990006778,0.0421219036,-0.3991997632,0.3218274260,-0.0233166262,0.3547220070,-0.2462248802,-0.3034068674,0.0000000000,1.0000000000,0.0000000000,0.0000000000,0.0000000000
0.0200000000,-0.1500000000,0.3000000000,-0.0627335374,0.0000000000,-0.2398005542,0.3512168866,-0.3246862346,0.1077742745,-0.3892219098,-0.1292410151,0.2990006778,0.0421219036,-0.3991997632,0.3218274260,-0.0233166262,0.3547220070,-0.2462248802,-0.3034068674,0.0000000000,1.0000000000,0.0000000000,0.0000000000,0.0000000000
0.0200000000,-0.1500000000,0.3000000000,-0.0627335374,0.0000000000,-0.2434408387,0.3496503220,-0.3253209692,0.1104407901,-0.3895720825,-0.1276569657,0.2990006778,0.0421219036,-0.3991997632,0.3218274260,-0.0233166262,0.3547220070,-0.2462248802,-0.3034068674,0.0000000000,1.0000000000,0.0000000000,0.0000000000,0.0000000000
0.0200000000,-0.1500000000,0.3000000000,-0.0627335374,0.0000000000,-0.2464952006,0.3483235401,-0.3258494986,0.1126865059,-0.3898662412,-0.1263361444,0.2990006778,0.0421219036,-0.3991997632,0.3218274260,-0.0233166262,0.3547220070,-0.2462248802,-0.3034068674,0.0000000000,1.0000000000,0.0000000000,0.0000000000,0.0000000000
0.0200000000,-0.1500000000,0.3000000000,-0.0627335374,0.0000000000,-0.2489894188,0.3472314334,-0.3262800878,0.1145235914,-0.3901063875,-0.1252629957,0.2990006778,0.0421219036,-0.3991997632,0.3218274260,-0.0233166262,0.3547220070,-0.2462248802,-0.3034068674,0.0000000000,1.0000000000,0.0000000000,0.0000000000,0.0000000000
0.0200000000,-0.1500000000,0.3000000000,-0.0627335374,0.0000000000,-0.2511386912,0.3462876903,-0.3266519887,0.1161070085,-0.3903132738,-0.1243389177,0.2990006778,0.0421219036,-0.3991997632,0.3218274260,-0.0233166262,0.3547220070,-0.2462248802,-0.3034068674,0.0000000000,1.0000000000,0.0000000000,0.0000000000,0.0000000000
0.0200000000,-0.1500000000,0.3000000000,-0.0627335374,0.0000000000,-0.2531625991,0.3454001962,-0.3270028817,0.1175984907,-0.3905082617,-0.1234666747,0.2990006778,0.0421219036,-0.3991997632,0.3218274260,-0.0233166262,0.3547220070,-0.2462248802,-0.3034068674,0.0000000000,1.0000000000,0.0000000000,0.0000000000,0.0000000000
0.0200000000,-0.1500000000,0.3000000000,-0.0627335374,0.0000000000,-0.2551636505,0.3445235994,-0.3273490748,0.1190754290,-0.3907013986,-0.1226029006,0.2990006778,0.0421219036,-0.3991997632,0.3218274260,-0.0233166262,0.3547220070,-0.2462248802,-0.3034068674,0.0000000000,1.0000000000,0.0000000000,0.0000000000,0.0000000000
0.0200000000,-0.1500000000,0.3000000000,-0.0627335374,0.0000000000,-0.2571640440,0.3436467122,-0.3276934572,0.1205554160,-0.3908948663,-0.1217394685,0.2990006778,0.0421219036,-0.3991997632,0.3218274260,-0.0233166262,0.3547220070,-0.2462248802,-0.3034068674,0.0000000000,1.0000000000,0.0000000000,0.0000000000,0.0000000000
0.0200000000,-0.1500000000,0.3000000000,-0.0627335374,0.0000000000,-0.2591797206,0.3427626536,-0.3280384179,0.1220495183,-0.3910900888,-0.1208702061,0.2990006778,0.0421219036,-0.3991997632,0.3218274260,-0.0233166262,0.3547220070,-0.2462248802,-0.3034068674,0.0000000000,1.0000000000,0.0000000000,0.0000000000,0.0000000000
0.0200000000,-0.1500000000,0.3000000000,-0.0627335374,0.0000000000,-0.2612881360,0.3418400971,-0.3283959911,0.1236110069,-0.3912940802,-0.1199631691,0.2990006778,0.0421219036,-0.3991997632,0.3218274260,-0.0233166262,0.3547220070,-0.2462248802,-0.3034068674,0.0000000000,1.0000000000,0.0000000000,0.0000000000,0.0000000000
0.0200000000,-0.1500000000,0.3000000000,-0.0627335374,0.0000000000,-0.2636551244,0.3408113629,-0.3287915524,0.1253545576,-0.3915218951,-0.1189504546,0.2990006778,0.0421219036,-0.3991997632,0.3218274260,-0.0233166262,0.3547220070,-0.2462248802,-0.3034068674,0.0000000000,1.0000000000,0.0000000000,0.0000000000,0.0000000000
0.0200000000,-0.1500000000,0.3000000000,-0.0627335374,0.0000000000,-0.2664541492,0.3396034753,-0.3292501393,0.1274026140,-0.3917894236,-0.1177628784,0.2990006778,0.0421219036,-0.3991997632,0.3218274260,-0.0233166262,0.3547220070,-0.2462248802,-0.3034068674,0.0000000000,1.0000000000,0.0000000000,0.0000000000,0.0000000000
0.0200000000,-0.1500000000,0.3000000000,-0.0627335374,0.0000000000,-0.2696157091,0.3382413806,-0.3297585043,0.1297107537,-0.3920905150,-0.1164322508,0.2990006778,0.0421219036,-0.3991997632,0.3218274260,-0.0233166262,0.3547220070,-0.2462248802,-0.3034068674,0.0000000000,1.0000000000,0.0000000000,0.0000000000,0.0000000000
0.0200000000,-0.1500000000,0.3000000000,-0.0627335374,0.0000000000,-0.2729198226,0.3368152661,-0.3302814870,0.1321231159,-0.3924046023,-0.1150519477,0.2990006778,0.0421219036,-0.3991997632,0.3218274260,-0.0233166262,0.3547220070,-0.2462248802,-0.3034068674,0.0000000000,1.0000000000,0.0000000000,0.0000000000,0.0000000000
0.0200000000,-0.1500000000,0.3000000000,-0.0627335374,0.0000000000,-0.2762171877,0.3353909357,-0.3307947732,0.1345188317,-0.3927158795,-0.1136903590,0.2990006778,0.0421219036,-0.3991997632,0.3218274260,-0.0233166262,0.3547220070,-0.2462248802,-0.3034068674,0.0000000000,1.0000000000,0.0000000000,0.0000000000,0.0000000000
0.0200000000,-0.1500000000,0.3000000000,-0.0627335374,0.0000000000,-0.2794233480,0.3340100171,-0.3312837244,0.1368121183,-0.3930132161,-0.1123929729,0.2990006778,0.0421219036,-0.3991997632,0.3218274260,-0.0233166262,0.3547220070,-0.2462248802,-0.3034068674,0.0000000000,1.0000000000,0.0000000000,0.0000000000,0.0000000000
0.0200000000,-0.1500000000,0.3000000000,-0.0627335374,0.0000000000,-0.2825016800,0.3326927863,-0.3317419234,0.1389591488,-0.3932910068,-0.1111813720,0.2990006778,0.0421219036,-0.3991997632,0.3218274260,-0.0233166262,0.3547220070,-0.2462248802,-0.3034068674,0.0000000000,1.0000000000,0.0000000000,0.0000000000,0.0000000000
0.0200000000,-0.1500000000,0.3000000000,-0.0627335374,0.0000000000,-0.2854874693,0.3314232439,-0.3321775330,0.1409990008,-0.3935545472,-0.1100316496,0.2990006778,0.0421219036,-0.3991997632,0.3218274260,-0.0233166262,0.3547220070,-0.2462248802,-0.3034068674,0.0000000000,1.0000000000,0.0000000000,0.0000000000,0.0000000000
0.0200000000,-0.1500000000,0.3000000000,-0.0627335374,0.0000000000,-0.2884259248,0.3301814430,-0.3325983058,0.1429725898,-0.3938092454,-0.1089204643,0.2990006778,0.0421219036,-0.3991997632,0.3218274260,-0.0233166262,0.3547220070,-0.2462248802,-0.3034068674,0.0000000000,1.0000000000,0.0000000000,0.0000000000,0.0000000000
0.0200000000,-0.1500000000,0.3000000000,-0.0627335374,0.0000000000,-0.2913146798,0.3289758243,-0.3329985531,0.1448449045,-0.3940504638,-0.1078663417,0.2990006778,0.0421219036,-0.3991997632,0.3218274260,-0.0233166262,0.3547220070,-0.2462248802,-0.3034068674,0.0000000000,1.0000000000,0.0000000000,0.0000000000,0.0000000000
0.0200000000,-0.1500000000,0.3000000000,-0.0627335374,0.0000000000,-0.2941310665,0.3278264357,-0.3333687717,0.1465544145,-0.3942701689,-0.1069009287,0.2990006778,0.0421219036,-0.3991997632,0.3218274260,-0.0233166262,0.3547220070,-0.2462248802,-0.3034068674,0.0000000000,1.0000000000,0.0000000000,0.0000000000,0.0000000000
0.0200000000,-0.1500000000,0.3000000000,-0.0627335374,0.0000000000,-0.2968592132,0.3267427237,-0.3337069335,0.1480780984,-0.3944654891,-0.1060344279,0.2990006778,0.0421219036,-0.3991997632,0.3218274260,-0.0233166262,0.3547220070,-0.2462248802,-0.3034068674,0.0000000000,1.0000000000,0.0000000000,0.0000000000,0.0000000000
0.0200000000,-0.1500000000,0.3000000000,-0.0627335374,0.0000000000,-0.2994659347,0.3257272902,-0.3340178022,0.1494204270,-0.3946371152,-0.1052639302,0.2990006778,0.0421219036,-0.3991997632,0.3218274260,-0.0233166262,0.3547220070,-0.2462248802,-0.3034068674,0.0000000000,1.0000000000,0.0000000000,0.0000000000,0.0000000000
0.0200000000,-0.1500000000,0.3000000000,-0.0627335374,0.0000000000,-0.3018635105,0.3248081956,-0.3342964207,0.1505155731,-0.3947764498,-0.1046248887,0.2990006778,0.0421219036,-0.3991997632,0.3218274260,-0.0233166262,0.3547220070,-0.2462248802,-0.3034068674,0.0000000000,1.0000000000,0.0000000000,0.0000000000,0.0000000000
0.0200000000,-0.1500000000,0.3000000000,-0.0627335374,0.0000000000,-0.3039772912,0.3240163276,-0.3345351824,0.1512866997,-0.3948735666,-0.1041563895,0.2990006778,0.0421219036,-0.3991997632,0.3218274260,-0.0233166262,0.3547220070,-0.2462248802,-0.3034068674,0.0000000000,1.0000000000,0.0000000000,0.0000000000,0.0000000000
0.0200000000,-0.1500000000,0.3000000000,-0.0627335374,0.0000000000,-0.3058335625,0.3233409693,-0.3347395392,0.1517653531,-0.3949327991,-0.1038386293,0.2990006778,0.0421219036,-0.3991997632,0.3218274260,-0.0233166262,0.3547220070,-0.2462248802,-0.3034068674,0.0000000000,1.0000000000,0.0000000000,0.0000000000,0.0000000000
0.0200000000,-0.1500000000,0.3000000000,-0.0627335374,0.0000000000,-0.3074754622,0.3227603261,-0.3349180198,0.1520156145,-0.3949626048,-0.1036369110,0.2990006778,0.0421219036,-0.3991997632,0.3218274260,-0.0233166262,0.3547220070,-0.2462248802,-0.3034068674,0.0000000000,1.0000000000,0.0000000000,0.0000000000,0.0000000000
0.0200000000,-0.1500000000,0.3000000000,-0.0627335374,0.0000000000,-0.3088526782,0.3222881954,-0.3350674855,0.1520140674,-0.3949597730,-0.1035665136,0.2990006778,0.0421219036,-0.3991997632,0.3218274260,-0.0233166262,0.3547220070,-0.2462248802,-0.3034068674,0.0000000000,1.0000000000,0.0000000000,0.0000000000,0.0000000000
0.0200000000,-0.1500000000,0.3000000000,-0.0627335374,0.0000000000,-0.3099061767,0.3219464228,-0.3351824279,0.1517126392,-0.3949179671,-0.1036535245,0.2990006778,0.0421219036,-0.3991997632,0.3218274260,-0.0233166262,0.3547220070,-0.2462248802,-0.3034068674,0.0000000000,1.0000000000,0.0000000000,0.0000000000,0.0000000000
0.0200000000,-0.1500000000,0.3000000000,-0.0627335374,0.0000000000,-0.3106814265,0.3217182854,-0.3352686678,0.1511524025,-0.3948426438,-0.1038738128,0.2990006778,0.0421219036,-0.3991997632,0.3218274260,-0.0233166262,0.3547220070,-0.2462248802,-0.3034068674,0.0000000000,1.0000000000,0.0000000000,0.0000000000,0.0000000000
0.0200000000,-0.1500000000,0.3000000000,-0.0627335374,0.0000000000,-0.3113077799,0.3215529217,-0.3353406856,0.1504506283,-0.3947491210,-0.1041638812,0.2990006778,0.0421219036,-0.3991997632,0.3218274260,-0.0233166262,0.3547220070,-0.2462248802,-0.3034068674,0.0000000000,1.0000000000,0.0000000000,0.0000000000,0.0000000000
0.0200000000,-0.1500000000,0.3000000000,-0.0627335374,0.0000000000,-0.3118696775,0.3214150885,-0.3354084633,0.1496698463,-0.3946453398,-0.1044910974,0.2990006778,0.0421219036,-0.3991997632,0.3218274260,-0.0233166262,0.3547220070,-0.2462248802,-0.3034068674,0.0000000000,1.0000000000,0.0000000000,0.0000000000,0.0000000000
0.0200000000,-0.1500000000,0.3000000000,-0.0627335374,0.0000000000,-0.3123413772,0.3213116420,-0.3354728036,0.1487349241,-0.3945210601,-0.1048945413,0.2990006778,0.0421219036,-0.3991997632,0.3218274260,-0.0233166262,0.3547220070,-0.2462248802,-0.3034068674,0.0000000000,1.0000000000,0.0000000000,0.0000000000,0.0000000000
0.0200000000,-0.1500000000,0.3000000000,-0.0627335374,0.0000000000,-0.3126573264,0.3212669192,-0.3355312658,0.1475291032,-0.3943607437,-0.1054324124,0.2990006778,0.0421219036,-0.3991997632,0.3218274260,-0.0233166262,0.3547220070,-0.2462248802,-0.3034068674,0.0000000000,1.0000000000,0.0000000000,0.0000000000,0.0000000000
0.0200000000,-0.1500000000,0.3000000000,-0.0627335374,0.0000000000,-0.3128068182,0.3212863099,-0.3355840960,0.1460315909,-0.3941616772,-0.1061127066,0.2990006778,0.0421219036,-0.3991997632,0.3218274260,-0.0233166262,0.3547220070,-0.2462248802,-0.3034068674,0.0000000000,1.0000000000,0.0000000000,0.0000000000,0.0000000000
0.0200000000,-0.1500000000,0.3000000000,-0.0627335374,0.0000000000,-0.3128480842,0.3213486907,-0.3356345996,0.1443389838,-0.3939366275,-0.1068854862,0.2990006778,0.0421219036,-0.3991997632,0.3218274260,-0.0233166262,0.3547220070,-0.2462248802,-0.3034068674,0.0000000000,1.0000000000,0.0000000000,0.0000000000,0.0000000000
0.0200000000,-0.1500000000,0.3000000000,-0.0627335374,0.0000000000,-0.3128181942,0.3214369219,-0.3356870129,0.1425051996,-0.3936923798,-0.1077246593,0.2990006778,0.0421219036,-0.3991997632,0.3218274260,-0.0233166262,0.3547220070,-0.2462248802,-0.3034068674,0.0000000000,1.0000000000,0.0000000000,0.0000000000,0.0000000000
0.0200000000,-0.1500000000,0.3000000000,-0.0627335374,0.0000000000,-0.3126614075,0.3215634935,-0.3357458844,0.1404118719,-0.3934125771,-0.1086908869,0.2990006778,0.0421219036,-0.3991997632,0.3218274260,-0.0233166262,0.3547220070,-0.2462248802,-0.3034068674,0.0000000000,1.0000000000,0.0000000000,0.0000000000,0.0000000000
0.0200000000,-0.1500000000,0.3000000000,-0.0627335374,0.0000000000,-0.3123055044,0.3217497394,-0.3358148367,0.1379134133,-0.3930774136,-0.1098553670,0.2990006778,0.0421219036,-0.3991997632,0.3218274260,-0.0233166262,0.3547220070,-0.2462248802,-0.3034068674,0.0000000000,1.0000000000,0.0000000000,0.0000000000,0.0000000000
0.0200000000,-0.1500000000,0.3000000000,-0.0627335374,0.0000000000,-0.3117530611,0.3219960436,-0.3358949876,0.1350125853,-0.3926870573,-0.1112139569,0.2990006778,0.0421219036,-0.3991997632,0.3218274260,-0.0233166262,0.3547220070,-0.2462248802,-0.3034068674,0.0000000000,1.0000000000,0.0000000000,0.0000000000,0.0000000000
0.0200000000,-0.1500000000,0.3000000000,-0.0627335374,0.0000000000,-0.3110754185,0.3222803181,-0.3359845983,0.1318624113,-0.3922618028,-0.1126904301,0.2990006778,0.0421219036,-0.3991997632,0.3218274260,-0.0233166262,0.3547220070,-0.2462248802,-0.3034068674,0.0000000000,1.0000000000,0.0000000000,0.0000000000,0.0000000000
0.0200000000,-0.1500000000,0.3000000000,-0.0627335374,0.0000000000,-0.3103144629,0.3225845138,-0.3360830068,0.1285957040,-0.3918189337,-0.1142226184,0.2990006778,0.0421219036,-0.3991997632,0.3218274260,-0.0233166262,0.3547220070,-0.2462248802,-0.3034068674,0.0000000000,1.0000000000,0.0000000000,0.0000000000,0.0000000000
0.0200000000,-0.1500000000,0.3000000000,-0.0627335374,0.0000000000,-0.3094607401,0.3229049723,-0.3361908875,0.1252527641,-0.3913634490,-0.1157951341,0.2990006778,0.0421219036,-0.3991997632,0.3218274260,-0.0233166262,0.3547220070,-0.2462248802,-0.3034068674,0.0000000000,1.0000000000,0.0000000000,0.0000000000,0.0000000000
0.0200000000,-0.1500000000,0.3000000000,-0.0627335374,0.0000000000,-0.3085231480,0.3232389637,-0.3363074327,0.1218479362,-0.3908972385,-0.1174019348,0.2990006778,0.0421219036,-0.3991997632,0.3218274260,-0.0233166262,0.3547220070,-0.2462248802,-0.3034068674,0.0000000000,1.0000000000,0.0000000000,0.0000000000,0.0000000000
0.0200000000,-0.1500000000,0.3000000000,-0.0627335374,0.0000000000,-0.3075424402,0.3235776997,-0.3364305419,0.1184209814,-0.3904256893,-0.1190227131,0.2990006778,0.0421219036,-0.3991997632,0.3218274260,-0.0233166262,0.3547220070,-0.2462248802,-0.3034068674,0.0000000000,1.0000000000,0.0000000000,0.0000000000,0.0000000000
0.0200000000,-0.1500000000,0.3000000000,-0.0627335374,0.0000000000,-0.3065647105,0.3239084797,-0.3365583354,0.1150481845,-0.3899593459,-0.1206192388,0.2990006778,0.0421219036,-0.3991997632,0.3218274260,-0.0233166262,0.3547220070,-0.2462248802,-0.3034068674,0.0000000000,1.0000000000,0.0000000000,0.0000000000,0.0000000000
0.0200000000,-0.1500000000,0.3000000000,-0.0627335374,0.0000000000,-0.3056245228,0.3242148217,-0.3366906479,0.1118603685,-0.3895163261,-0.1221275585,0.2990006778,0.0421219036,-0.3991997632,0.3218274260,-0.0233166262,0.3547220070,-0.2462248802,-0.3034068674,0.0000000000,1.0000000000,0.0000000000,0.0000000000,0.0000000000
0.0200000000,-0.1500000000,0.3000000000,-0.0627335374,0.0000000000,-0.3047338167,0.3244872128,-0.3368270699,0.1089395662,-0.3891083030,-0.1235089584,0.2990006778,0.0421219036,-0.3991997632,0.3218274260,-0.0233166262,0.3547220070,-0.2462248802,-0.3034068674,0.0000000000,1.0000000000,0.0000000000,0.0000000000,0.0000000000
0.0200000000,-0.1500000000,0.3000000000,-0.0627335374,0.0000000000,-0.3038813685,0.3247319668,-0.3369662006,0.1062261730,-0.3887273257,-0.1247942206,0.2990006778,0.0421219036,-0.3991997632,0.3218274260,-0.0233166262,0.3547220070,-0.2462248802,-0.3034068674,0.0000000000,1.0000000000,0.0000000000,0.0000000000,0.0000000000
0.0200000000,-0.1500000000,0.3000000000,-0.0627335374,0.0000000000,-0.3030522449,0.3249602185,-0.3371070537,0.1036194887,-0.3883595333,-0.1260328125,0.2990006778,0.0421219036,-0.3991997632,0.3218274260,-0.0233166262,0.3547220070,-0.2462248802,-0.3034068674,0.0000000000,1.0000000000,0.0000000000,0.0000000000,0.0000000000
0.0200000000,-0.1500000000,0.3000000000,-0.0627335374,0.0000000000,-0.3022367264,0.3251803743,-0.3372494114,0.1010498081,-0.3879953354,-0.1272574309,0.2990006778,0.0421218710,-0.3991997441,0.3218274454,-0.0233166186,0.3547220072,-0.2462248680,-0.3034068674,0.0000000000,1.0000000000,0.0000000000,0.0000000000,0.0000000000
0.0200000000,-0.1500000000,0.3000000000,-0.0627335374,0.0000000000,-0.3014328721,0.3253949338,-0.3373938022,0.0984980271,-0.3876320371,-0.1284760015,0.2990006778,0.0421223795,-0.3992000432,0.3218271432,-0.0233167370,0.3547220044,-0.2462250580,-0.3034068674,0.0000000000,1.0000000000,0.0000000000,0.0000000000,0.0000000000
0.0200000000,-0.1500000000,0.3000000000,-0.0627335374,0.0000000000,-0.3006418211,0.3256022131,-0.3375412429,0.0959781181,-0.3872716991,-0.1296805430,0.2990006778,0.0421287449,-0.3992037874,0.3218233614,-0.0233182185,0.3547219698,-0.2462274358,-0.3034068674,0.0000000000,1.0000000000,0.0000000000,0.0000000000,0.0000000000
0.0200000000,-0.1500000000,0.3000000000,-0.0627335374,0.0000000000,-0.2998654119,0.3257985264,-0.3376929634,0.0935171895,-0.3869183122,-0.1308571264,0.2990006778,0.0421508991,-0.3992168191,0.3218101990,-0.0233233750,0.3547218495,-0.2462357118,-0.3034068674,0.0000000000,1.0000000000,0.0000000000,0.0000000000,0.0000000000
0.0200000000,-0.1500000000,0.3000000000,-0.0627335374,0.0000000000,-0.2991048269,0.3259812171,-0.3378496331,0.0911325830,-0.3865744000,-0.1319973382,0.2990006778,0.0421902768,-0.3992399820,0.3217868036,-0.0233325404,0.3547216356,-0.2462504219,-0.3034068674,0.0000000000,1.0000000000,0.0000000000,0.0000000000,0.0000000000
0.0200000000,-0.1500000000,0.3000000000,-0.0627335374,0.0000000000,-0.2983583445,0.3261517220,-0.3380104922,0.0888130812,-0.3862384324,-0.1331072657,0.2990006778,0.0422303720,-0.3992635670,0.3217629819,-0.0233418727,0.3547214178,-0.2462653999,-0.3034068674,0.0000000000,1.0000000000,0.0000000000,0.0000000000,0.0000000000
0.0200000000,-0.1500000000,0.3000000000,-0.0627335374,0.0000000000,-0.2976234607,0.3263138163,-0.3381742611,0.0865316319,-0.3859065165,-0.1342007244,0.2990006778,0.0422520499,-0.3992763185,0.3217501025,-0.0233469184,0.3547213000,-0.2462734979,-0.3034068674,0.0000000000,1.0000000000,0.0000000000,0.0000000000,0.0000000000
0.0200000000,-0.1500000000,0.3000000000,-0.0627335374,0.0000000000,-0.2968977032,0.3264712168,-0.3383399629,0.0842653121,-0.3855754446,-0.1352886873,0.2990006778,0.0422577875,-0.3992796935,0.3217466936,-0.0233482538,0.3547212688,-0.2462756413,-0.3034068674,0.0000000000,1.0000000000,0.0000000000,0.0000000000,0.0000000000
0.0200000000,-0.1500000000,0.3000000000,-0.0627335374,0.0000000000,-0.2961793547,0.3266253663,-0.3385075670,0.0820051953,-0.3852440241,-0.1363750547,0.2990006778,0.0422584785,-0.3992800996,0.3217462840,-0.0233484133,0.3547212652,-0.2462758983,-0.3034068674,0.0000000000,1.0000000000,0.0000000000,0.0000000000,0.0000000000
0.0200000000,-0.1500000000,0.3000000000,-0.0627335374,0.0000000000,-0.2954615361,0.3267765261,-0.3386799091,0.0797287105,-0.3849088752,-0.1374707672,0.2990006778,0.0422586124,-0.3992801803,0.3217461983,-0.0233484528,0.3547212638,-0.2462759554,-0.3034068674,0.0000000000,1.0000000000,0.0000000000,0.0000000000,0.0000000000
0.0200000000,-0.1500000000,0.3000000000,-0.0627335374,0.0000000000,-0.2947175949,0.3269249673,-0.3388681299,0.0773498600,-0.3845570462,-0.1386179100,0.2990006778,0.0422616574,-0.3992820160,0.3217442441,-0.0233493541,0.3547212326,-0.2462772593,-0.3034068674,0.0000000000,1.0000000000,0.0000000000,0.0000000000,0.0000000000
0.0200000000,-0.1500000000,0.3000000000,-0.0627335374,0.0000000000,-0.2938908134,0.3270710544,-0.3390970155,0.0746815187,-0.3841600945,-0.1399071822,0.2990006778,0.0422790438,-0.3992924971,0.3217330878,-0.0233544993,0.3547210545,-0.2462847026,-0.3034068674,0.0000000000,1.0000000000,0.0000000000,0.0000000000,0.0000000000
0.0200000000,-0.1500000000,0.3000000000,-0.0627335374,0.0000000000,-0.2929547732,0.3272150920,-0.3393797371,0.0716303695,-0.3837034939,-0.1413814900,0.2990006778,0.0423190909,-0.3993166412,0.3217073871,-0.0233663510,0.3547206445,-0.2463018484,-0.3034068674,0.0000000000,1.0000000000,0.0000000000,0.0000000000,0.0000000000
0.0200000000,-0.1500000000,0.3000000000,-0.0627335374,0.0000000000,-0.2919519019,0.3273559198,-0.3397011966,0.0683252736,-0.3832061626,-0.1429757759,0.2990006778,0.0423680550,-0.3993462622,0.3216758071,-0.0233808651,0.3547201497,-0.2463228612,-0.3034068674,0.0000000000,1.0000000000,0.0000000000,0.0000000000,0.0000000000
0.0200000000,-0.1500000000,0.3000000000,-0.0627335374,0.0000000000,-0.2909496770,0.3274892110,-0.3400371899,0.0649798154,-0.3826999663,-0.1445855181,0.2990006778,0.0424105141,-0.3993725011,0.3216475640,-0.0233935794,0.3547197567,-0.2463413519,-0.3034068674,0.0000000000,1.0000000000,0.0000000000,0.0000000000,0.0000000000
0.0200000000,-0.1500000000,0.3000000000,-0.0627335374,0.0000000000,-0.2900231037,0.3276060789,-0.3403625791,0.0618411589,-0.3822224053,-0.1460903921,0.2990006778,0.0424506436,-0.3993984809,0.3216190377,-0.0234058684,0.3547194628,-0.2463594025,-0.3034068674,0.0000000000,1.0000000000,0.0000000000,0.0000000000,0.0000000000
0.0200000000,-0.1500000000,0.3000000000,-0.0627335374,0.0000000000,-0.2892526717,0.3276930735,-0.3406522505,0.0591814757,-0.3818152355,-0.1473581576,0.2990006778,0.0424953260,-0.3994282870,0.3215859174,-0.0234197861,0.3547191866,-0.2463799449,-0.3034068674,0.0000000000,1.0000000000,0.0000000000,0.0000000000,0.0000000000
0.0200000000,-0.1500000000,0.3000000000,-0.0627335374,0.0000000000,-0.2886463310,0.3277477194,-0.3409005115,0.0570421406,-0.3814857095,-0.1483725703,0.2990006778,0.0425331932,-0.3994549066,0.3215558085,-0.0234322274,0.3547189735,-0.2463981864,-0.3034068674,0.0000000000,1.0000000000,0.0000000000,0.0000000000,0.0000000000
0.0200000000,-0.1500000000,0.3000000000,-0.0627335374,0.0000000000,-0.2881387144,0.3277807950,-0.3411234168,0.0552177691,-0.3812032820,-0.1492379534,0.2990006778,0.0425612425,-0.3994783444,0.3215279378,-0.0234432796,0.3547188594,-0.2464140106,-0.3034068674,0.0000000000,1.0000000000,0.0000000000,0.0000000000,0.0000000000
0.0200000000,-0.1500000000,0.3000000000,-0.0627335374,0.0000000000,-0.2876716582,0.3278030843,-0.3413369026,0.0535184142,-0.3809392287,-0.1500475506,0.2990006778,0.0425872389,-0.3995041291,0.3214960262,-0.0234555280,0.3547188013,-0.2464312016,-0.3034068674,0.0000000000,1.0000000000,0.0000000000,0.0000000000,0.0000000000
0.0200000000,-0.1500000000,0.3000000000,-0.0627335374,0.0000000000,-0.2872166772,0.3278209244,-0.3415492864,0.0518489152,-0.3806790315,-0.1508457765,0.2990006778,0.0426117104,-0.3995296222,0.3214641532,-0.0234676468,0.3547187644,-0.2464481375,-0.3034068674,0.0000000000,1.0000000000,0.0000000000,0.0000000000,0.0000000000
0.0200000000,-0.1500000000,0.3000000000,-0.0627335374,0.0000000000,-0.2867673891,0.3278361994,-0.3417630242,0.0501856459,-0.3804189677,-0.1516423178,0.2990006778,0.0426324764,-0.3995514455,0.3214367927,-0.0234779537,0.3547187520,-0.2464625987,-0.3034068674,0.0000000000,1.0000000000,0.0000000000,0.0000000000,0.0000000000
0.0200000000,-0.1500000000,0.3000000000,-0.0627335374,0.0000000000,-0.2863231615,0.3278477652,-0.3419805197,0.0485199521,-0.3801576363,-0.1524402811,0.2990006778,0.0426557106,-0.3995763077,0.3214054302,-0.0234896151,0.3547187731,-0.2464790394,-0.3034068674,0.0000000000,1.0000000000,0.0000000000,0.0000000000,0.0000000000
0.0200000000,-0.1500000000,0.3000000000,-0.0627335374,0.0000000000,-0.2858836742,0.3278499866,-0.3422093770,0.0468289501,-0.3798913261,-0.1532495155,0.2990006778,0.0426822596,-0.3996068679,0.3213660903,-0.0235040456,0.3547188659,-0.2464993134,-0.3034068674,0.0000000000,1.0000000000,0.0000000000,0.0000000000,0.0000000000
0.0200000000,-0.1500000000,0.3000000000,-0.0627335374,0.0000000000,-0.2854490092,0.3278333010,-0.3424621172,0.0450758198,-0.3796139547,-0.1540859340,0.2990006778,0.0427075548,-0.3996420143,0.3213188437,-0.0235209812,0.3547191225,-0.2465228277,-0.3034068674,0.0000000000,1.0000000000,0.0000000000,0.0000000000,0.0000000000
0.0200000000,-0.1500000000,0.3000000000,-0.0627335374,0.0000000000,-0.2850196005,0.3277914184,-0.3427466984,0.0432374416,-0.3793216221,-0.1549591694,0.2990006778,0.0427306736,-0.3996839404,0.3212599117,-0.0235416340,0.3547196092,-0.2465510867,-0.3034068674,0.0000000000,1.0000000000,0.0000000000,0.0000000000,0.0000000000
0.0200000000,-0.1500000000,0.3000000000,-0.0627335374,0.0000000000,-0.2845967619,0.3277267323,-0.3430594096,0.0413264013,-0.3790161523,-0.1558631065,0.2990006778,0.0427521149,-0.3997334188,0.3211884937,-0.0235663451,0.3547202922,-0.2465844787,-0.3034068674,0.0000000000,1.0000000000,0.0000000000,0.0000000000,0.0000000000
0.0200000000,-0.1500000000,0.3000000000,-0.0627335374,0.0000000000,-0.2841820125,0.3276495024,-0.3433863557,0.0393863179,-0.3787046066,-0.1567785176,0.2990006778,0.0427707227,-0.3997858983,0.3211115313,-0.0235927256,0.3547210852,-0.2466198403,-0.3034068674,0.0000000000,1.0000000000,0.0000000000,0.0000000000,0.0000000000
0.0200000000,-0.1500000000,0.3000000000,-0.0627335374,0.0000000000,-0.2837810383,0.3275606234,-0.3437243607,0.0374368567,-0.3783901406,-0.1576962507,0.2990006778,0.0427861317,-0.3998408358,0.3210294286,-0.0236203451,0.3547220726,-0.2466568510,-0.3034068674,0.0000000000,1.0000000000,0.0000000000,0.0000000000,0.0000000000
0.0200000000,-0.1500000000,0.3000000000,-0.0627335374,0.0000000000,-0.2834081075,0.3274466839,-0.3440852757,0.0354677375,-0.3780707487,-0.1586186251,0.2990006778,0.0427974628,-0.3999042095,0.3209320298,-0.0236520086,0.3547235422,-0.2466995177,-0.3034068674,0.0000000000,1.0000000000,0.0000000000,0.0000000000,0.0000000000
0.0200000000,-0.1500000000,0.3000000000,-0.0627335374,0.0000000000,-0.2830786565,0.3272914600,-0.3444834949,0.0334624556,-0.3777433453,-0.1595502174,0.2990006778,0.0428029106,-0.3999826857,0.3208084493,-0.0236908522,0.3547257103,-0.2467519938,-0.3034068674,0.0000000000,1.0000000000,0.0000000000,0.0000000000,0.0000000000
0.0200000000,-0.1500000000,0.3000000000,-0.0627335374,0.0000000000,-0.2828051173,0.3270868342,-0.3449235980,0.0314268365,-0.3774085112,-0.1604862468,0.2990006778,0.0427998455,-0.4000766792,0.3206580823,-0.0237369680,0.3547285226,-0.2468140390,-0.3034068674,0.0000000000,1.0000000000,0.0000000000,0.0000000000,0.0000000000
0.0200000000,-0.1500000000,0.3000000000,-0.0627335374,0.0000000000,-0.2826078375,0.3268320346,-0.3453976116,0.0294145055,-0.3770748873,-0.1613995786,0.2990006778,0.0427834807,-0.4001816017,0.3204861831,-0.0237884467,0.3547320189,-0.2468829117,-0.3034068674,0.0000000000,1.0000000000,0.0000000000,0.0000000000,0.0000000000
0.0200000000,-0.1500000000,0.3000000000,-0.0627335374,0.0000000000,-0.2825313957,0.3265128619,-0.3459047585,0.0274971278,-0.3767539152,-0.1622513151,0.2990006778,0.0427461105,-0.4003001787,0.3202838766,-0.0238471014,0.3547367960,-0.2469613599,-0.3034068674,0.0000000000,1.0000000000,0.0000000000,0.0000000000,0.0000000000
0.0200000000,-0.1500000000,0.3000000000,-0.0627335374,0.0000000000,-0.2826237629,0.3261136362,-0.3464428538,0.0257564712,-0.3764587964,-0.1629979149,0.2990006778,0.0426814833,-0.4004372874,0.3200400119,-0.0239143460,0.3547435980,-0.2470524231,-0.3034068674,0.0000000000,1.0000000000,0.0000000000,0.0000000000,0.0000000000
0.0200000000,-0.1500000000,0.3000000000,-0.0627335374,0.0000000000,-0.2829142807,0.3256374857,-0.3469914013,0.0242980816,-0.3762072873,-0.1635886897,0.2990006778,0.0425889499,-0.4005915287,0.3197568920,-0.0239856933,0.3547530031,-0.2471527211,-0.3034068674,0.0000000000,1.0000000000,0.0000000000,0.0000000000,0.0000000000
0.0200000000,-0.1500000000,0.3000000000,-0.0627335374,0.0000000000,-0.2834423656,0.3250938023,-0.3475171906,0.0232741413,-0.3760251482,-0.1639518039,0.2990006778,0.0424686559,-0.4007582635,0.3194429412,-0.0240514572,0.3547659609,-0.2472542504,-0.3034068674,0.0000000000,1.0000000000,0.0000000000,0.0000000000,0.0000000000
0.0200000000,-0.1500000000,0.3000000000,-0.0627335374,0.0000000000,-0.2842256432,0.3244932121,-0.3479984052,0.0227523246,-0.3759245138,-0.1640576483,0.2990006778,0.0423226973,-0.4009332093,0.3191065214,-0.0241015186,0.3547835001,-0.2473489697,-0.3034068674,0.0000000000,1.0000000000,0.0000000000,0.0000000000,0.0000000000
0.0200000000,-0.1500000000,0.3000000000,-0.0627335374,0.0000000000,-0.2852749245,0.3238401777,-0.3484267003,0.0227394683,-0.3759071989,-0.1639046583,0.2990006778,0.0421527788,-0.4011145385,0.3187514566,-0.0241269591,0.3548068242,-0.2474306570,-0.3034068674,0.0000000000,1.0000000000,0.0000000000,0.0000000000,0.0000000000
0.0200000000,-0.1500000000,0.3000000000,-0.0627335374,0.0000000000,-0.2866069203,0.3231393002,-0.3487905889,0.0232600531,-0.3759776988,-0.1634826491,0.2990006778,0.0419607442,-0.4013002749,0.3183818595,-0.0241168346,0.3548374604,-0.2474918024,-0.3034068674,0.0000000000,1.0000000000,0.0000000000,0.0000000000,0.0000000000
0.0200000000,-0.1500000000,0.3000000000,-0.0627335374,0.0000000000,-0.2882014660,0.3224099892,-0.3490748325,0.0243005278,-0.3761343843,-0.1628041740,0.2990006778,0.0417540238,-0.4014848017,0.3180100108,-0.0240595945,0.3548763589,-0.2475231226,-0.3034068674,0.0000000000,1.0000000000,0.0000000000,0.0000000000,0.0000000000
0.0200000000,-0.1500000000,0.3000000000,-0.0627335374,0.0000000000,-0.2899936040,0.3216937200,-0.3492556845,0.0258050961,-0.3763689948,-0.1619083582,0.2990006778,0.0415478398,-0.4016566988,0.3176608507,-0.0239407461,0.3549239217,-0.2475112720,-0.3034068674,0.0000000000,1.0000000000,0.0000000000,0.0000000000,0.0000000000
0.0200000000,-0.1500000000,0.3000000000,-0.0627335374,0.0000000000,-0.2918785296,0.3210311073,-0.3493303836,0.0276247024,-0.3766573699,-0.1608774157,0.2990006778,0.0413566112,-0.4018079899,0.3173528381,-0.0237571311,0.3549791570,-0.2474513557,-0.3034068674,0.0000000000,1.0000000000,0.0000000000,0.0000000000,0.0000000000
0.0200000000,-0.1500000000,0.3000000000,-0.0627335374,0.0000000000,-0.2938190524,0.3204287943,-0.3493123321,0.0296668660,-0.3769837021,-0.1597558995,0.2990006778,0.0411809973,-0.4019425084,0.3170791557,-0.0235089514,0.3550426061,-0.2473452797,-0.3034068674,0.0000000000,1.0000000000,0.0000000000,0.0000000000,0.0000000000
0.0200000000,-0.1500000000,0.3000000000,-0.0627335374,0.0000000000,-0.2958575725,0.3198747776,-0.3492061112,0.0319450018,-0.3773492829,-0.1585325380,0.2990006778,0.0410132235,-0.4020708452,0.3168183851,-0.0231814766,0.3551185704,-0.2471885174,-0.3034068674,0.0000000000,1.0000000000,0.0000000000,0.0000000000,0.0000000000
0.0200000000,-0.1500000000,0.3000000000,-0.0627335374,0.0000000000,-0.2980759797,0.3193553856,-0.3490029625,0.0345323744,-0.3777652781,-0.1571676064,0.2990006778,0.0408430372,-0.4022068543,0.3165425843,-0.0227377128,0.3552156763,-0.2469642885,-0.3034068674,0.0000000000,1.0000000000,0.0000000000,0.0000000000,0.0000000000
0.0200000000,-0.1500000000,0.3000000000,-0.0627335374,0.0000000000,-0.3005361282,0.3188730537,-0.3486821101,0.0375027094,-0.3782431452,-0.1556273820,0.2990006778,0.0406620785,-0.4023677947,0.3162182845,-0.0221034961,0.3553493265,-0.2466347259,-0.3034068674,0.0000000000,1.0000000000,0.0000000000,0.0000000000,0.0000000000
0.0200000000,-0.1500000000,0.3000000000,-0.0627335374,0.0000000000,-0.3031104933,0.3184428657,-0.3482701913,0.0406994094,-0.3787571717,-0.1539953639,0.2990006778,0.0404774991,-0.4025653571,0.3158266631,-0.0212398488,0.3555276794,-0.2461815816,-0.3034068674,0.0000000000,1.0000000000,0.0000000000,0.0000000000,0.0000000000
0.0200000000,-0.1500000000,0.3000000000,-0.0627335374,0.0000000000,-0.3055529816,0.3180680548,-0.3478438201,0.0438109362,-0.3792564040,-0.1524259552,0.2990006778,0.0403230114,-0.4028021232,0.3153729692,-0.0201777157,0.3557449764,-0.2456263212,-0.3034068674,0.0000000000,1.0000000000,0.0000000000,0.0000000000,0.0000000000
0.0200000000,-0.1500000000,0.3000000000,-0.0627335374,0.0000000000,-0.3076714109,0.3177241868,-0.3474890852,0.0465883409,-0.3796996441,-0.1510333653,0.2990006778,0.0402641251,-0.4030785515,0.3148753258,-0.0189881141,0.3559875845,-0.2450152275,-0.3034068674,0.0000000000,1.0000000000,0.0000000000,0.0000000000,0.0000000000
0.0200000000,-0.1500000000,0.3000000000,-0.0627335374,0.0000000000,-0.3094158278,0.3173677145,-0.3472632687,0.0489589759,-0.3800742384,-0.1498396281,0.2990006778,0.0403986446,-0.4033945354,0.3143619414,-0.0177684514,0.3562365825,-0.2444117156,-0.3034068674,0.0000000000,1.0000000000,0.0000000000,0.0000000000,0.0000000000
0.0200000000,-0.1500000000,0.3000000000,-0.0627335374,0.0000000000,-0.3108425134,0.3169715486,-0.3471700579,0.0509978627,-0.3803920039,-0.1487994439,0.2990006778,0.0408861428,-0.4037530691,0.3138726846,-0.0166326346,0.3564693500,-0.2438931549,-0.3034068674,0.0000000000,1.0000000000,0.0000000000,0.0000000000,0.0000000000
0.0200000000,-0.1500000000,0.3000000000,-0.0627335374,0.0000000000,-0.3120643100,0.3165827846,-0.3471220278,0.0528673270,-0.3806809876,-0.1478430852,0.2990006778,0.0418613781,-0.4041499773,0.3134526860,-0.0156732359,0.3566665331,-0.2435196288,-0.3034068674,0.0000000000,1.0000000000,0.0000000000,0.0000000000,0.0000000000
0.0200000000,-0.1500000000,0.3000000000,-0.0627335374,0.0000000000,-0.3130968852,0.3163178520,-0.3469975098,0.0546309777,-0.3809547963,-0.1469639889,0.2990006778,0.0433949311,-0.4045763502,0.3131371172,-0.0149295727,0.3568186565,-0.2433140298,-0.3034068674,0.0000000000,1.0000000000,0.0000000000,0.0000000000,0.0000000000
0.0200000000,-0.1500000000,0.3000000000,-0.0627335374,0.0000000000,-0.3138368461,0.3163317776,-0.3466771034,0.0562283267,-0.3812076864,-0.1462222450,0.2990006778,0.0455149962,-0.4050223295,0.3129509313,-0.0143993042,0.3569241260,-0.2432717482,-0.3034068674,0.0000000000,1.0000000000,0.0000000000,0.0000000000,0.0000000000
0.0200000000,-0.1500000000,0.3000000000,-0.0627335374,0.0000000000,-0.3141206417,0.3167791743,-0.3460633369,0.0575309129,-0.3814228773,-0.1457085293,0.2990006778,0.0481636403,-0.4054753548,0.3128999112,-0.0140225204,0.3569926321,-0.2433483302,-0.3034068674,0.0000000000,1.0000000000,0.0000000000,0.0000000000,0.0000000000
0.0200000000,-0.1500000000,0.3000000000,-0.0627335374,0.0000000000,-0.3137415344,0.3178191533,-0.3450688569,0.0583729699,-0.3815776960,-0.1455298842,0.2990006778,0.0511928997,-0.4059157451,0.3129774242,-0.0136657644,0.3570473125,-0.2434475638,-0.3034068674,0.0000000000,1.0000000000,0.0000000000,0.0000000000,0.0000000000
0.0200000000,-0.1500000000,0.3000000000,-0.0627335374,0.0000000000,-0.3126708102,0.3194527680,-0.3437061393,0.0587271946,-0.3816681058,-0.1456952781,0.2990006778,0.0542895803,-0.4063149197,0.3131463309,-0.0131235849,0.3571259903,-0.2434184141,-0.3034068674,0.0000000000,1.0000000000,0.0000000000,0.0000000000,0.0000000000
0.0200000000,-0.1500000000,0.3000000000,-0.0627335374,0.0000000000,-0.3110386823,0.3215643365,-0.3420503491,0.0586976748,-0.3817083955,-0.1461299243,0.2990006778,0.0571401487,-0.4066441058,0.3133693370,-0.0122095316,0.3572633028,-0.2431213346,-0.3034068674,0.0000000000,1.0000000000,0.0000000000,0.0000000000,0.0000000000
0.0200000000,-0.1500000000,0.3000000000,-0.0627335374,0.0000000000,-0.3090075096,0.3240098216,-0.3401918788,0.0584154539,-0.3817164648,-0.1467430322,0.2990006778,0.0595137051,-0.4068831979,0.3136165193,-0.0107811726,0.3574858029,-0.2424510577,-0.3034068674,0.0302741252,1.0000000000,0.0000000000,0.0000000000,0.0000000000
0.0200000000,-0.1500000000,0.3000000000,-0.0627335374,0.0000000000,-0.3067167370,0.3266220925,-0.3382475693,0.0579801887,-0.3817046374,-0.1474573774,0.2990006778,0.0613307965,-0.4070411991,0.3138490026,-0.0087886743,0.3578049775,-0.2413781214,-0.3034068674,0.0931566290,1.0000000000,0.0000000000,0.0000000000,0.0000000000
0.0200000000,-0.1500000000,0.3000000000,-0.0627335374,0.0000000000,-0.3041919344,0.3292213154,-0.3363774677,0.0573690563,-0.3816654762,-0.1482548060,0.2990006778,0.0626853819,-0.4071746149,0.3139936158,-0.0062952802,0.3582157295,-0.2399700951,-0.3034068674,0.1598232957,1.0000000000,0.0000000000,0.0000000000,0.0000000000
0.0200000000,-0.1500000000,0.3000000000,-0.0627335374,0.0000000000,-0.3013929541,0.3316286986,-0.3347584724,0.0564646475,-0.3815763736,-0.1491654563,0.2990006778,0.0638799089,-0.4073808910,0.3139655795,-0.0035937734,0.3586749493,-0.2384604925,-0.3034068674,0.2264899624,1.0000000000,0.0000000000,0.0000000000,0.0000000000
0.0200000000,-0.1500000000,0.3000000000,-0.0627335374,0.0000000000,-0.2982655725,0.3337302747,-0.3334959136,0.0551563731,-0.3814174470,-0.1502405906,0.2990006778,0.0651651180,-0.4077319008,0.3137115923,-0.0009789876,0.3591367449,-0.2370700522,-0.3034068674,0.2931566290,1.0000000000,0.0000000000,0.0000000000,0.0000000000
0.0200000000,-0.1500000000,0.3000000000,-0.0627335374,0.0000000000,-0.2947123963,0.3354789778,-0.3326181183,0.0533544833,-0.3811741085,-0.1515597406,0.2990006778,0.0666744525,-0.4082685434,0.3131999402,0.0013982092,0.3595778824,-0.2359130763,-0.3034068674,0.3598232957,1.0000000000,0.0000000000,0.0000000000,0.0000000000
0.0200000000,-0.1500000000,0.3000000000,-0.0627335374,0.0000000000,-0.2905935201,0.3369079257,-0.3320930420,0.0509841457,-0.3808356176,-0.1532158182,0.2990006778,0.0684501444,-0.4090058384,0.3124180360,0.0035371251,0.3599990175,-0.2349974975,-0.3034068674,0.4264899624,1.0000000000,0.0000000000,0.0000000000,0.0000000000
0.0200000000,-0.1500000000,0.3000000000,-0.0627335374,0.0000000000,-0.2857592935,0.3380903116,-0.3319080484,0.0479502962,-0.3803870842,-0.1552846988,0.2990006778,0.0704483151,-0.4099420059,0.3113575774,0.0054982678,0.3604107778,-0.2342836397,-0.3034068674,0.4931566290,1.0000000000,0.0000000000,0.0000000000,0.0000000000
0.0200000000,-0.1500000000,0.3000000000,-0.0627335374,0.0000000000,-0.2803510258,0.3391159316,-0.3320262733,0.0443574713,-0.3798437922,-0.1576723818,0.2990006778,0.0724897619,-0.4110066666,0.3100893864,0.0073293951,0.3608157832,-0.2337053876,-0.3034068674,0.5598232957,1.0000000000,0.0000000000,0.0000000000,0.0000000000
0.0200000000,-0.1500000000,0.3000000000,-0.0627335374,0.0000000000,-0.2747027178,0.3400148651,-0.3323887184,0.0404552623,-0.3792438560,-0.1602001332,0.2990006778,0.0743881427,-0.4121068873,0.3087204868,0.0090201536,0.3612042680,-0.2332222876,-0.3034068674,0.6264899624,1.0000000000,0.0000000000,0.0000000000,0.0000000000
0.0200000000,-0.1500000000,0.3000000000,-0.0627335374,0.0000000000,-0.2691324434,0.3407886328,-0.3329230747,0.0364957286,-0.3786267277,-0.1627100346,0.2990006778,0.0760171038,-0.4131654006,0.3073477804,0.0105491923,0.3615654228,-0.2328095935,-0.3034068674,0.6931566290,1.0000000000,0.0000000000,0.0000000000,0.0000000000
0.0200000000,-0.1500000000,0.3000000000,-0.0627335374,0.0000000000,-0.2638364178,0.3414489874,-0.3335572577,0.0326525316,-0.3780206099,-0.1651044584,0.2990006778,0.0773274287,-0.4141367494,0.3060355139,0.0119241299,0.3618957782,-0.2324413927,-0.3034068674,0.7598232957,1.0000000000,0.0000000000,0.0000000000,0.0000000000
0.0200000000,-0.1500000000,0.3000000000,-0.0627335374,0.0000000000,-0.2588642372,0.3420134884,-0.3342505999,0.0289848368,-0.3774354825,-0.1673555773,0.2990006778,0.0783125914,-0.4150070711,0.3048062374,0.0131732798,0.3621984142,-0.2320942051,-0.3034068674,0.8264899624,1.0000000000,0.0000000000,0.0000000000,0.0000000000
0.0200000000,-0.1500000000,0.3000000000,-0.0627335374,0.0000000000,-0.2540454956,0.3425224590,-0.3349919663,0.0253902477,-0.3768562443,-0.1695390130,0.2990006778,0.0790482657,-0.4158106226,0.3036233810,0.0143641091,0.3624873774,-0.2317443432,-0.3034068674,0.8931566290,1.0000000000,0.0000000000,0.0000000000,0.0000000000
0.0200000000,-0.1500000000,0.3000000000,-0.0627335374,0.0000000000,-0.2491146752,0.3430188033,-0.3357954632,0.0216875886,-0.3762546949,-0.1717776137,0.2990006778,0.0796082079,-0.4165954763,0.3024264602,0.0155685365,0.3627791776,-0.2313712117,-0.3034068674,0.9597535074,1.0000000000,0.0000000000,0.0000000000,0.0000000000
0.0200000000,-0.1500000000,0.3000000000,-0.0627335374,0.0000000000,-0.2439050376,0.3435299563,-0.3366702905,0.0177606475,-0.3756123729,-0.1741500479,0.2990006778,0.0800163442,-0.4173861793,0.3011813383,0.0168263729,0.3630829542,-0.2309618091,-0.3034068674,0.9961740928,1.0000000000,0.0000000000,0.0000000000,0.0000000000
0.0200000000,-0.1500000000,0.3000000000,-0.0627335374,0.0000000000,-0.2385026428,0.3440579087,-0.3375879986,0.0136780455,-0.3749406252,-0.1766168075,0.2990006778,0.0802602409,-0.4181649707,0.2999152317,0.0181167597,0.3633931919,-0.2305207001,-0.3034068674,1.0000000000,1.0000000000,0.0000000000,0.0000000000,0.0000000000
0.0200000000,-0.1500000000,0.3000000000,-0.0627335374,0.0000000000,-0.2332004874,0.3445845146,-0.3384881008,0.0096615786,-0.3742755204,-0.1790405423,0.2990006778,0.0803058517,-0.4188816257,0.2987041412,0.0193712548,0.3636928253,-0.2300668047,-0.3034068674,1.0000000000,1.0000000000,0.0000000000,0.0000000000,0.0000000000
0.0200000000,-0.1500000000,0.3000000000,-0.0627335374,0.0000000000,-0.2282293555,0.3450928968,-0.3393242801,0.0058891127,-0.3736468259,-0.1813106281,0.2990006778,0.0801841957,-0.4195111549,0.2975978631,0.0205381264,0.3639696266,-0.2296223104,-0.3034068674,1.0000000000,1.0000000000,0.0000000000,0.0000000000,0.0000000000
0.0200000000,-0.1500000000,0.3000000000,-0.0627335374,0.0000000000,-0.2236957909,0.3455761897,-0.3400710936,0.0024460967,-0.3730697960,-0.1833743092,0.2990006778,0.0799616487,-0.4200536584,0.2966126445,0.0215907120,0.3642180834,-0.2292063031,-0.3034068674,1.0000000000,1.0000000000,0.0000000000,0.0000000000,0.0000000000
0.0200000000,-0.1500000000,0.3000000000,-0.0627335374,0.0000000000,-0.2196881119,0.3460296270,-0.3407055461,-0.0005978236,-0.3725571048,-0.1851887368,0.2990006778,0.0796858954,-0.4205070747,0.2957635147,0.0225037757,0.3644330071,-0.2288353195,-0.3034068674,1.0000000000,1.0000000000,0.0000000000,0.0000000000,0.0000000000
0.0200000000,-0.1500000000,0.3000000000,-0.0627335374,0.0000000000,-0.2161660157,0.3464550370,-0.3412356173,-0.0032720710,-0.3721044867,-0.1867725592,0.2990006778,0.0793826735,-0.4208836784,0.2950363130,0.0232874389,0.3646171982,-0.2285094666,-0.3034068674,1.0000000000,1.0000000000,0.0000000000,0.0000000000,0.0000000000
0.0200000000,-0.1500000000,0.3000000000,-0.0627335374,0.0000000000,-0.2129162795,0.3468677560,-0.3417042335,-0.0057351583,-0.3716855282,-0.1882265073,0.2990006778,0.0790602147,-0.4212162099,0.2943789147,0.0239964889,0.3647835773,-0.2282094909,-0.3034068674,1.0000000000,1.0000000000,0.0000000000,0.0000000000,0.0000000000
0.0200000000,-0.1500000000,0.3000000000,-0.0627335374,0.0000000000,-0.2095986582,0.3473057079,-0.3421592322,-0.0082366072,-0.3712592252,-0.1897143745,0.2990006778,0.0787025328,-0.4215453370,0.2937203400,0.0247066265,0.3649498895,-0.2279056674,-0.3034068674,1.0000000000,1.0000000000,0.0000000000,0.0000000000,0.0000000000
0.0200000000,-0.1500000000,0.3000000000,-0.0627335374,0.0000000000,-0.2059365862,0.3478149530,-0.3426160154,-0.0109739263,-0.3707938054,-0.1913723259,0.2990006778,0.0782717904,-0.4218934951,0.2930147807,0.0254657646,0.3651273845,-0.2275765327,-0.3034068674,1.0000000000,1.0000000000,0.0000000000,0.0000000000,0.0000000000
0.0200000000,-0.1500000000,0.3000000000,-0.0627335374,0.0000000000,-0.2017877485,0.3484257865,-0.3430731065,-0.0140454222,-0.3702734956,-0.1932711243,0.2990006778,0.0777420957,-0.4222684925,0.2922435537,0.0262932033,0.3653205629,-0.2272124227,-0.3034068674,1.0000000000,1.0000000000,0.0000000000,0.0000000000,0.0000000000
0.0200000000,-0.1500000000,0.3000000000,-0.0627335374,0.0000000000,-0.1972213448,0.3491350243,-0.3435144221,-0.0173959185,-0.3697073390,-0.1953766263,0.2990006778,0.0771291963,-0.4226627759,0.2914230289,0.0271695077,0.3655249822,-0.2268226823,-0.3034068674,1.0000000000,1.0000000000,0.0000000000,0.0000000000,0.0000000000
0.0200000000,-0.1500000000,0.3000000000,-0.0627335374,0.0000000000,-0.1924254432,0.3499309799,-0.3438984778,-0.0208775633,-0.3691201943,-0.1975963559,0.2990006778,0.0764760408,-0.4230575669,0.2905944859,0.0280420530,0.3657288979,-0.2264333521,-0.3034068674,1.0000000000,1.0000000000,0.0000000000,0.0000000000,0.0000000000
0.0200000000,-0.1500000000,0.3000000000,-0.0627335374,0.0000000000,-0.1875715378,0.3507971799,-0.3441950429,-0.0243595848,-0.3685343387,-0.1998461079,0.2990006778,0.0758228498,-0.4234382724,0.2897912165,0.0288671138,0.3659227095,-0.2260667325,-0.3034068674,1.0000000000,1.0000000000,0.0000000000,0.0000000000,0.0000000000
0.0200000000,-0.1500000000,0.3000000000,-0.0627335374,0.0000000000,-0.1827436026,0.3517164069,-0.3444035767,-0.0277832462,-0.3679594338,-0.2020840325,0.2990006778,0.0751931001,-0.4238019838,0.2890231311,0.0296324572,0.3661037481,-0.2257301396,-0.3034068674,1.0000000000,1.0000000000,0.0000000000,0.0000000000,0.0000000000
0.0200000000,-0.1500000000,0.3000000000,-0.0627335374,0.0000000000,-0.1780211185,0.3526753131,-0.3445183245,-0.0310914699,-0.3674052543,-0.2042706681,0.2990006778,0.0746159042,-0.4241463256,0.2883004574,0.0303238161,0.3662689865,-0.2254326142,-0.3034068674,1.0000000000,1.0000000000,0.0000000000,0.0000000000,0.0000000000
0.0200000000,-0.1500000000,0.3000000000,-0.0627335374,0.0000000000,-0.1734678266,0.3536673580,-0.3445271569,-0.0342364142,-0.3668805474,-0.2063748802,0.2990006778,0.0741170603,-0.4244683931,0.2876334850,0.0309248586,0.3664150593,-0.2251840811,-0.3034068674,1.0000000000,1.0000000000,0.0000000000,0.0000000000,0.0000000000
0.0200000000,-0.1500000000,0.3000000000,-0.0627335374,0.0000000000,-0.1690562833,0.3546970603,-0.3444309957,-0.0372347714,-0.3663827362,-0.2084095226,0.2990006778,0.0736995623,-0.4247717357,0.2870169272,0.0314384880,0.3665428628,-0.2249843935,-0.3034068674,1.0000000000,1.0000000000,0.0000000000,0.0000000000,0.0000000000
0.0200000000,-0.1500000000,0.3000000000,-0.0627335374,0.0000000000,-0.1645878658,0.3557911905,-0.3442496575,-0.0402230258,-0.3658891910,-0.2104696395,0.2990006778,0.0733383828,-0.4250733676,0.2864170173,0.0319006818,0.3666607846,-0.2248176356,-0.3034068674,1.0000000000,1.0000000000,0.0000000000,0.0000000000,0.0000000000
0.0200000000,-0.1500000000,0.3000000000,-0.0627335374,0.0000000000,-0.1598415703,0.3569994779,-0.3439706170,-0.0433384481,-0.3653788876,-0.2126611140,0.2990006778,0.0730282646,-0.4253889895,0.2858066100,0.0323290169,0.3667736734,-0.2246794267,-0.3034068674,1.0000000000,1.0000000000,0.0000000000,0.0000000000,0.0000000000
0.0200000000,-0.1500000000,0.3000000000,-0.0627335374,0.0000000000,-0.1546829601,0.3583619446,-0.3435685608,-0.0466547329,-0.3648414638,-0.2150477132,0.2990006778,0.0727827605,-0.4257273428,0.2851741842,0.0327217498,0.3668820693,-0.2245751077,-0.3034068674,1.0000000000,1.0000000000,0.0000000000,0.0000000000,0.0000000000
0.0200000000,-0.1500000000,0.3000000000,-0.0627335374,0.0000000000,-0.1490496122,0.3599000362,-0.3430243650,-0.0501973439,-0.3642738887,-0.2176568868,0.2990006778,0.0726273252,-0.4260939668,0.2845159642,0.0330710344,0.3669849653,-0.2245129916,-0.3034068674,1.0000000000,1.0000000000,0.0000000000,0.0000000000,0.0000000000
0.0200000000,-0.1500000000,0.3000000000,-0.0627335374,0.0000000000,-0.1428029053,0.3616654818,-0.3422889714,-0.0540190784,-0.3636704294,-0.2205489337,0.2990006778,0.0726206809,-0.4264999967,0.2838261171,0.0333543380,0.3670790723,-0.2245142427,-0.3034068674,1.0000000000,1.0000000000,0.0000000000,0.0000000000,0.0000000000
0.0200000000,-0.1500000000,0.3000000000,-0.0627335374,0.0000000000,-0.1359223118,0.3636701056,-0.3413415729,-0.0581086591,-0.3630343506,-0.2237267099,0.2990006778,0.0727979441,-0.4269460260,0.2831106221,0.0335530683,0.3671609641,-0.2245922246,-0.3034068674,1.0000000000,1.0000000000,0.0000000000,0.0000000000,0.0000000000
0.0200000000,-0.1500000000,0.3000000000,-0.0627335374,0.0000000000,-0.1285439518,0.3658710751,-0.3402049025,-0.0623738049,-0.3623793623,-0.2271180313,0.2990006778,0.0731546359,-0.4274190989,0.2823889530,0.0336597644,0.3672281283,-0.2247460903,-0.3034068674,1.0000000000,1.0000000000,0.0000000000,0.0000000000,0.0000000000
0.0200000000,-0.1500000000,0.3000000000,-0.0627335374,0.0000000000,-0.1208103058,0.3682195523,-0.3389100041,-0.0667188769,-0.3617191587,-0.2306462757,0.2990006778,0.0736797879,-0.4279051531,0.2816809963,0.0336709753,0.3672786826,-0.2249718149,-0.3034068674,1.0000000000,1.0000000000,0.0000000000,0.0000000000,0.0000000000
0.0200000000,-0.1500000000,0.3000000000,-0.0627335374,0.0000000000,-0.1128022113,0.3706807244,-0.3374844532,-0.0710850240,-0.3610617642,-0.2342634776,0.2990006778,0.0743650675,-0.4283947291,0.2809997613,0.0335871842,0.3673118619,-0.2252650152,-0.3034068674,1.0000000000,1.0000000000,0.0000000000,0.0000000000,0.0000000000
0.0200000000,-0.1500000000,0.3000000000,-0.0627335374,0.0000000000,-0.1045829533,0.3732239419,-0.3359539890,-0.0754167935,-0.3604145939,-0.2379266585,0.2990006778,0.0752039846,-0.4288778973,0.2803593764,0.0334055800,0.3673262912,-0.2256232400,-0.3034068674,1.0000000000,1.0000000000,0.0000000000,0.0000000000,0.0000000000
0.0200000000,-0.1500000000,0.3000000000,-0.0627335374,0.0000000000,-0.0963373298,0.3757818103,-0.3343804586,-0.0796269867,-0.3597876681,-0.2415471671,0.2990006778,0.0761351535,-0.4293395398,0.2797713807,0.0331453199,0.3673243623,-0.2260256745,-0.3034068674,1.0000000000,1.0000000000,0.0000000000,0.0000000000,0.0000000000
0.0200000000,-0.1500000000,0.3000000000,-0.0627335374,0.0000000000,-0.0881809262,0.3783180819,-0.3328133882,-0.0836745048,-0.3591820248,-0.2450660590,0.2990006778,0.0770928692,-0.4297682677,0.2792406401,0.0328267506,0.3673090995,-0.2264519900,-0.3034068674,1.0000000000,1.0000000000,0.0000000000,0.0000000000,0.0000000000
0.0200000000,-0.1500000000,0.3000000000,-0.0627335374,0.0000000000,-0.0800034607,0.3808759087,-0.3312620122,-0.0876243775,-0.3585801711,-0.2485111168,0.2990006778,0.0780412367,-0.4301618210,0.2787634285,0.0324563704,0.3672818278,-0.2268954951,-0.3034068674,1.0000000000,1.0000000000,0.0000000000,0.0000000000,0.0000000000
0.0200000000,-0.1500000000,0.3000000000,-0.0627335374,0.0000000000,-0.0715803486,0.3835300096,-0.3297145800,-0.0915862902,-0.3579585180,-0.2519558904,0.2990006778,0.0789610312,-0.4305232307,0.2783309638,0.0320308548,0.3672425882,-0.2273584358,-0.3034068674,1.0000000000,1.0000000000,0.0000000000,0.0000000000,0.0000000000
0.0200000000,-0.1500000000,0.3000000000,-0.0627335374,0.0000000000,-0.0628052042,0.3862929196,-0.3281769771,-0.0955794590,-0.3573128279,-0.2554274166,0.2990006778,0.0798137589,-0.4308475856,0.2779434381,0.0315408014,0.3671898094,-0.2278424679,-0.3034068674,1.0000000000,1.0000000000,0.0000000000,0.0000000000,0.0000000000
0.0200000000,-0.1500000000,0.3000000000,-0.0627335374,0.0000000000,-0.0538107244,0.3890806208,-0.3266780178,-0.0995145310,-0.3566647537,-0.2588848954,0.2990006778,0.0805414957,-0.4311266019,0.2776029655,0.0309897490,0.3671238860,-0.2283388088,-0.3034068674,1.0000000000,1.0000000000,0.0000000000,0.0000000000,0.0000000000
0.0200000000,-0.1500000000,0.3000000000,-0.0627335374,0.0000000000,-0.0446933326,0.3918317555,-0.3252422815,-0.1033296862,-0.3560290809,-0.2622976085,0.2990006778,0.0810813975,-0.4313515381,0.2773115222,0.0303804084,0.3670450778,-0.2288386542,-0.3034068674,1.0000000000,1.0000000000,0.0000000000,0.0000000000,0.0000000000
0.0200000000,-0.1500000000,0.3000000000,-0.0627335374,0.0000000000,-0.0354516084,0.3945280599,-0.3238855850,-0.1070048020,-0.3554097560,-0.2656572589,0.2990006778,0.0813675022,-0.4315147025,0.2770687286,0.0297069108,0.3669523936,-0.2293386455,-0.3034068674,1.0000000000,1.0000000000,0.0000000000,0.0000000000,0.0000000000
0.0200000000,-0.1500000000,0.3000000000,-0.0627335374,0.0000000000,-0.0260719362,0.3971656995,-0.3226168116,-0.1105230442,-0.3548091861,-0.2689539448,0.2990006778,0.0813413583,-0.4316130902,0.2768680529,0.0289587216,0.3668445024,-0.2298405628,-0.3034068674,1.0000000000,1.0000000000,0.0000000000,0.0000000000,0.0000000000
0.0200000000,-0.1500000000,0.3000000000,-0.0627335374,0.0000000000,-0.0166032799,0.3997240449,-0.3214552199,-0.1138178644,-0.3542372238,-0.2721390614,0.2990006778,0.0809149746,-0.4316424298,0.2766989639,0.0281177512,0.3667191232,-0.2303486234,-0.3034068674,1.0000000000,1.0000000000,0.0000000000,0.0000000000,0.0000000000
0.0200000000,-0.1500000000,0.3000000000,-0.0627335374,0.0000000000,-0.0071924090,0.4021778579,-0.3204099018,-0.1168225767,-0.3537049217,-0.2751481527,0.2990006778,0.0800610730,-0.4316107318,0.2765430600,0.0271854273,0.3665777711,-0.2308635495,-0.3034068674,1.0000000000,1.0000000000,0.0000000000,0.0000000000,0.0000000000
0.0200000000,-0.1500000000,0.3000000000,-0.0627335374,0.0000000000,0.0020354432,0.4045116915,-0.3194782076,-0.1194905365,-0.3532211743,-0.2779337971,0.2990006778,0.0787799557,-0.4315282974,0.2763836174,0.0261703472,0.3664230549,-0.2313842105,-0.3034068674,1.0000000000,1.0000000000,0.0000000000,0.0000000000,0.0000000000
0.0200000000,-0.1500000000,0.3000000000,-0.0627335374,0.0000000000,0.0109939235,0.4067195542,-0.3186478078,-0.1217863211,-0.3527940446,-0.2804637807,0.2990006778,0.0770777104,-0.4314053358,0.2762051074,0.0250809179,0.3662574912,-0.2319099061,-0.3034068674,1.0000000000,1.0000000000,0.0000000000,0.0000000000,0.0000000000
0.0200000000,-0.1500000000,0.3000000000,-0.0627335374,0.0000000000,0.0195901479,0.4087974273,-0.3179010150,-0.1236882753,-0.3524298251,-0.2827141008,0.2990006778,0.0749930180,-0.4312538233,0.2759956629,0.0239341194,0.3660847752,-0.2324372766,-0.3034068674,1.0000000000,1.0000000000,0.0000000000,0.0000000000,0.0000000000
0.0200000000,-0.1500000000,0.3000000000,-0.0627335374,0.0000000000,0.0276718796,0.4107264179,-0.3172264548,-0.1251553631,-0.3521379705,-0.2846413850,0.2990006778,0.0725807553,-0.4310838951,0.2757497743,0.0227559314,0.3659096679,-0.2329575870,-0.3034068674,1.0000000000,1.0000000000,0.0000000000,0.0000000000,0.0000000000
0.0200000000,-0.1500000000,0.3000000000,-0.0627335374,0.0000000000,0.0352469024,0.4125238979,-0.3165975438,-0.1262367246,-0.3519132190,-0.2862785841,0.2990006778,0.0699457880,-0.4309043567,0.2754744350,0.0215699698,0.3657355958,-0.2334657900,-0.3034068674,1.0000000000,1.0000000000,0.0000000000,0.0000000000,0.0000000000
0.0200000000,-0.1500000000,0.3000000000,-0.0627335374,0.0000000000,0.0424500341,0.4142254581,-0.3159863874,-0.1269947725,-0.3517482183,-0.2876855461,0.2990006778,0.0671401457,-0.4307180175,0.2751758617,0.0203755795,0.3655619785,-0.2339661948,-0.3034068674,1.0000000000,1.0000000000,0.0000000000,0.0000000000,0.0000000000
0.0200000000,-0.1500000000,0.3000000000,-0.0627335374,0.0000000000,0.0494033373,0.4158534835,-0.3153763640,-0.1274608497,-0.3516412379,-0.2889024289,0.2990006778,0.0641802553,-0.4305237783,0.2748595438,0.0191624355,0.3653866745,-0.2344653708,-0.3034068674,1.0000000000,1.0000000000,0.0000000000,0.0000000000,0.0000000000
0.0200000000,-0.1500000000,0.3000000000,-0.0627335374,0.0000000000,0.0561428344,0.4174063501,-0.3147665159,-0.1276497152,-0.3515929003,-0.2899458736,0.2990006778,0.0611029310,-0.4303200654,0.2745358781,0.0179296127,0.3652087512,-0.2349651467,-0.3034068674,1.0000000000,1.0000000000,0.0000000000,0.0000000000,0.0000000000
0.0200000000,-0.1500000000,0.3000000000,-0.0627335374,0.0000000000,0.0625059982,0.4188421725,-0.3141794196,-0.1275588948,-0.3516041532,-0.2907891653,0.2990006778,0.0580192721,-0.4301087229,0.2742245402,0.0167079129,0.3650319138,-0.2354537010,-0.3034068674,1.0000000000,1.0000000000,0.0000000000,0.0000000000,0.0000000000
0.0200000000,-0.1500000000,0.3000000000,-0.0627335374,0.0000000000,0.0682193555,0.4201092822,-0.3136562273,-0.1272474892,-0.3516589947,-0.2914154584,0.2990006778,0.0551143600,-0.4298987643,0.2739478290,0.0155592081,0.3648648563,-0.2359078058,-0.3034068674,1.0000000000,1.0000000000,0.0000000000,0.0000000000,0.0000000000
0.0200000000,-0.1500000000,0.3000000000,-0.0627335374,0.0000000000,0.0731187965,0.4211787745,-0.3132265645,-0.1267783360,-0.3517414162,-0.2918278808,0.2990006778,0.0525067696,-0.4296977394,0.2737169210,0.0145234484,0.3647134139,-0.2363132667,-0.3034068674,1.0000000000,1.0000000000,0.0000000000,0.0000000000,0.0000000000
0.0200000000,-0.1500000000,0.3000000000,-0.0627335374,0.0000000000,0.0772404028,0.4220632461,-0.3128952700,-0.1261973497,-0.3518404666,-0.2920529945,0.2990006778,0.0502074281,-0.4295073735,0.2735310655,0.0136001219,0.3645775210,-0.2366718791,-0.3034068674,1.0000000000,1.0000000000,0.0000000000,0.0000000000,0.0000000000
0.0200000000,-0.1500000000,0.3000000000,-0.0627335374,0.0000000000,0.0807550397,0.4228054600,-0.3126494799,-0.1255350621,-0.3519488613,-0.2921299629,0.2990006778,0.0481513423,-0.4293249158,0.2733817514,0.0127624164,0.3644532807,-0.2369951700,-0.3034068674,1.0000000000,1.0000000000,0.0000000000,0.0000000000,0.0000000000
0.0200000000,-0.1500000000,0.3000000000,-0.0627335374,0.0000000000,0.0837902718,0.4234347633,-0.3124825542,-0.1247945229,-0.3520647233,-0.2920757079,0.2990006778,0.0462705986,-0.4291464856,0.2732619084,0.0119858772,0.3643370887,-0.2372924907,-0.3034068674,1.0000000000,1.0000000000,0.0000000000,0.0000000000,0.0000000000
0.0200000000,-0.1500000000,0.3000000000,-0.0627335374,0.0000000000,0.0864948847,0.4239805913,-0.3123841807,-0.1239668555,-0.3521901183,-0.2919061316,0.2990006778,0.0444788047,-0.4289668588,0.2731629756,0.0112399781,0.3642244377,-0.2375752567,-0.3034068674,1.0000000000,1.0000000000,0.0000000000,0.0000000000,0.0000000000
0.0200000000,-0.1500000000,0.3000000000,-0.0627335374,0.0000000000,0.0889928034,0.4244627914,-0.3123522202,-0.1230200725,-0.3523309967,-0.2916185064,0.2990006778,0.0426900053,-0.4287790517,0.2730795654,0.0104910361,0.3641100531,-0.2378559972,-0.3034068674,1.0000000000,1.0000000000,0.0000000000,0.0000000000,0.0000000000
0.0200000000,-0.1500000000,0.3000000000,-0.0627335374,0.0000000000,0.0913461547,0.4248879646,-0.3123929820,-0.1219208610,-0.3524927200,-0.2911987814,0.2990006778,0.0408453475,-0.4285771933,0.2730098818,0.0097165081,0.3639902685,-0.2381424699,-0.3034068674,1.0000000000,1.0000000000,0.0000000000,0.0000000000,0.0000000000
0.0200000000,-0.1500000000,0.3000000000,-0.0627335374,0.0000000000,0.0935023984,0.4252483576,-0.3125069324,-0.1206988013,-0.3526699975,-0.2906576719,0.2990006778,0.0389800138,-0.4283648569,0.2729548058,0.0089375669,0.3638685860,-0.2384254059,-0.3034068674,1.0000000000,1.0000000000,0.0000000000,0.0000000000,0.0000000000
0.0200000000,-0.1500000000,0.3000000000,-0.0627335374,0.0000000000,0.0952984489,0.4255244188,-0.3126835185,-0.1194595652,-0.3528452203,-0.2900408831,0.2990006778,0.0372316723,-0.4281568400,0.2729166198,0.0082224777,0.3637563315,-0.2386777085,-0.3034068674,1.0000000000,1.0000000000,0.0000000000,0.0000000000,0.0000000000
0.0200000000,-0.1500000000,0.3000000000,-0.0627335374,0.0000000000,0.0967101849,0.4257242322,-0.3128969166,-0.1182886822,-0.3530057903,-0.2894047488,0.2990006778,0.0356736839,-0.4279637363,0.2728918382,0.0076051491,0.3636594755,-0.2388876991,-0.3034068674,1.0000000000,1.0000000000,0.0000000000,0.0000000000,0.0000000000
0.0200000000,-0.1500000000,0.3000000000,-0.0627335374,0.0000000000,0.0978230814,0.4258667842,-0.3131329757,-0.1171908176,-0.3531523258,-0.2887676133,0.2990006778,0.0342750108,-0.4277847457,0.2728755987,0.0070712760,0.3635759645,-0.2390619889,-0.3034068674,1.0000000000,1.0000000000,0.0000000000,0.0000000000,0.0000000000
0.0200000000,-0.1500000000,0.3000000000,-0.0627335374,0.0000000000,0.0987006780,0.4259631526,-0.3133877418,-0.1161524433,-0.3532876583,-0.2881309265,0.2990006778,0.0329971001,-0.4276170779,0.2728649844,0.0066050951,0.3635033516,-0.2392067414,-0.3034068674,1.0000000000,1.0000000000,0.0000000000,0.0000000000,0.0000000000
0.0200000000,-0.1500000000,0.3000000000,-0.0627335374,0.0000000000,0.0993917445,0.4260218436,-0.3136583410,-0.1151603585,-0.3534144300,-0.2874939854,0.2990006778,0.0318103671,-0.4274582239,0.2728584034,0.0061933909,0.3634395191,-0.2393272017,-0.3034068674,1.0000000000,1.0000000000,0.0000000000,0.0000000000,0.0000000000
0.0200000000,-0.1500000000,0.3000000000,-0.0627335374,0.0000000000,0.0999497312,0.4260528488,-0.3139396846,-0.1142004555,-0.3535358094,-0.2868567605,0.2990006778,0.0306846527,-0.4273053200,0.2728548476,0.0058226679,0.3633822475,-0.2394285561,-0.3034068674,1.0000000000,1.0000000000,0.0000000000,0.0000000000,0.0000000000
0.0200000000,-0.1500000000,0.3000000000,-0.0627335374,0.0000000000,0.1004203015,0.4260658340,-0.3142257240,-0.1132638293,-0.3536539253,-0.2862215359,0.2990006778,0.0295945505,-0.4271558226,0.2728535596,0.0054842909,0.3633301387,-0.2395134915,-0.3034068674,1.0000000000,1.0000000000,0.0000000000,0.0000000000,0.0000000000
0.0200000000,-0.1500000000,0.3000000000,-0.0627335374,0.0000000000,0.1008036371,0.4260618056,-0.3145145452,-0.1123540637,-0.3537682399,-0.2855910637,0.2990006778,0.0285389168,-0.4270095960,0.2728545111,0.0051821775,0.3632838579,-0.2395795216,-0.3034068674,1.0000000000,1.0000000000,0.0000000000,0.0000000000,0.0000000000
0.0200000000,-0.1500000000,0.3000000000,-0.0627335374,0.0000000000,0.1011058936,0.4260418941,-0.3148057886,-0.1114693602,-0.3538790663,-0.2849651739,0.2990006778,0.0275147244,-0.4268663872,0.2728575453,0.0049142886,0.3632430672,-0.2396276140,-0.3034068674,1.0000000000,1.0000000000,0.0000000000,0.0000000000,0.0000000000
0.0200000000,-0.1500000000,0.3000000000,-0.0627335374,0.0000000000,0.1013563210,0.4260093716,-0.3151020347,-0.1105894682,-0.3539896976,-0.2843346315,0.2990006778,0.0264968023,-0.4267235242,0.2728622246,0.0046673848,0.3632055596,-0.2396631924,-0.3034068674,1.0000000000,1.0000000000,0.0000000000,0.0000000000,0.0000000000
0.0200000000,-0.1500000000,0.3000000000,-0.0627335374,0.0000000000,0.1015757189,0.4259579180,-0.3154233620,-0.1096470026,-0.3541101003,-0.2836554564,0.2990006778,0.0253998550,-0.4265709194,0.2728689247,0.0044274736,0.3631689269,-0.2396853113,-0.3034068674,1.0000000000,1.0000000000,0.0000000000,0.0000000000,0.0000000000
0.0200000000,-0.1500000000,0.3000000000,-0.0627335374,0.0000000000,0.1017613271,0.4258716568,-0.3158034944,-0.1085451321,-0.3542539129,-0.2828586410,0.2990006778,0.0240996956,-0.4263932595,0.2728790784,0.0041880695,0.3631319674,-0.2396839035,-0.3034068674,1.0000000000,1.0000000000,0.0000000000,0.0000000000,0.0000000000
0.0200000000,-0.1500000000,0.3000000000,-0.0627335374,0.0000000000,0.1018987419,0.4257418137,-0.3162565684,-0.1072452834,-0.3544265376,-0.2819146639,0.2990006778,0.0225414947,-0.4261831520,0.2728943747,0.0039561622,0.3630957295,-0.2396482756,-0.3034068674,1.0000000000,1.0000000000,0.0000000000,0.0000000000,0.0000000000
0.0200000000,-0.1500000000,0.3000000000,-0.0627335374,0.0000000000,0.1019732068,0.4255735367,-0.3167659184,-0.1057931634,-0.3546216872,-0.2808540582,0.2990006778,0.0207688336,-0.4259449050,0.2729160994,0.0037525796,0.3630636191,-0.2395702586,-0.3034068674,1.0000000000,1.0000000000,0.0000000000,0.0000000000,0.0000000000
0.0200000000,-0.1500000000,0.3000000000,-0.0627335374,0.0000000000,0.1019731685,0.4253790654,-0.3173006068,-0.1042733010,-0.3548276298,-0.2797355186,0.2990006778,0.0188705191,-0.4256885289,0.2729447782,0.0036026465,0.3630398563,-0.2394441309,-0.3034068674,1.0000000000,1.0000000000,0.0000000000,0.0000000000,0.0000000000
0.0200000000,-0.1500000000,0.3000000000,-0.0627335374,0.0000000000,0.1018946291,0.4251726617,-0.3178276746,-0.1027749189,-0.3550320871,-0.2786221963,0.2990006778,0.0169434058,-0.4254255337,0.2729800611,0.0035271432,0.3630279359,-0.2392680813,-0.3034068674,1.0000000000,1.0000000000,0.0000000000,0.0000000000,0.0000000000
0.0200000000,-0.1500000000,0.3000000000,-0.0627335374,0.0000000000,0.1017643628,0.4249755576,-0.3183111552,-0.1013940573,-0.3552215994,-0.2775861978,0.2990006778,0.0151109093,-0.4251720540,0.2730188274,0.0035217191,0.3630273531,-0.2390591752,-0.3034068674,1.0000000000,1.0000000000,0.0000000000,0.0000000000,0.0000000000
0.0200000000,-0.1500000000,0.3000000000,-0.0627335374,0.0000000000,0.1016071584,0.4248016926,-0.3187303099,-0.1001858816,-0.3553883424,-0.2766702193,0.2990006778,0.0134492809,-0.4249385587,0.2730582954,0.0035758012,0.3630365342,-0.2388329585,-0.3034068674,1.0000000000,1.0000000000,0.0000000000,0.0000000000,0.0000000000
0.0200000000,-0.1500000000,0.3000000000,-0.0627335374,0.0000000000,0.1014362769,0.4246498097,-0.3190927320,-0.0991285763,-0.3555352367,-0.2758606888,0.2990006778,0.0119408921,-0.4247235194,0.2730975801,0.0036748549,0.3630530890,-0.2385965906,-0.3034068674,1.0000000000,1.0000000000,0.0000000000,0.0000000000,0.0000000000
0.0200000000,-0.1500000000,0.3000000000,-0.0627335374,0.0000000000,0.1012538025,0.4245066666,-0.3194275734,-0.0981377726,-0.3556740774,-0.2750984491,0.2990006778,0.0104847655,-0.4245140984,0.2731385573,0.0038078108,0.3630750019,-0.2383452840,-0.3034068674,1.0000000000,1.0000000000,0.0000000000,0.0000000000,0.0000000000
0.0200000000,-0.1500000000,0.3000000000,-0.0627335374,0.0000000000,0.1010442347,0.4243545228,-0.3197667251,-0.0971099594,-0.3558198905,-0.2743096387,0.2990006778,0.0089256986,-0.4242885287,0.2731876618,0.0039924798,0.3631047491,-0.2380496769,-0.3034068674,1.0000000000,1.0000000000,0.0000000000,0.0000000000,0.0000000000
0.0200000000,-0.1500000000,0.3000000000,-0.0627335374,0.0000000000,0.1007906993,0.4241823379,-0.3201278869,-0.0959811556,-0.3559821040,-0.2734480957,0.2990006778,0.0071521648,-0.4240301030,0.2732511728,0.0042550452,0.3631462503,-0.2376801604,-0.3034068674,1.0000000000,1.0000000000,0.0000000000,0.0000000000,0.0000000000
0.0200000000,-0.1500000000,0.3000000000,-0.0627335374,0.0000000000,0.1004915460,0.4239910350,-0.3205085278,-0.0947516076,-0.3561609131,-0.2725143757,0.2990006778,0.0051528031,-0.4237358854,0.2733316942,0.0046064101,0.3632011134,-0.2372283872,-0.3034068674,1.0000000000,1.0000000000,0.0000000000,0.0000000000,0.0000000000
0.0200000000,-0.1500000000,0.3000000000,-0.0627335374,0.0000000000,0.1001545506,0.4237883994,-0.3208947408,-0.0934512461,-0.3563524477,-0.2715314934,0.2990006778,0.0029556150,-0.4234077486,0.2734314255,0.0050551757,0.3632705710,-0.2366918941,-0.3034068674,1.0000000000,1.0000000000,0.0000000000,0.0000000000,0.0000000000
0.0200000000,-0.1500000000,0.3000000000,-0.0627335374,0.0000000000,0.0997852007,0.4235813206,-0.3212737881,-0.0921006603,-0.3565543303,-0.2705161566,0.2990006778,0.0005626795,-0.4230433506,0.2735545207,0.0056210643,0.3633575732,-0.2360582005,-0.3034068674,1.0000000000,1.0000000000,0.0000000000,0.0000000000,0.0000000000
0.0200000000,-0.1500000000,0.3000000000,-0.0627335374,0.0000000000,0.0993727297,0.4233670652,-0.3216468136,-0.0906647600,-0.3567726239,-0.2694453321,0.2990006778,-0.0021459156,-0.4226211582,0.2737131942,0.0063672541,0.3634716852,-0.2352735587,-0.3034068674,1.0000000000,1.0000000000,0.0000000000,0.0000000000,0.0000000000
0.0200000000,-0.1500000000,0.3000000000,-0.0627335374,0.0000000000,0.0989034269,0.4231378440,-0.3220252394,-0.0890822662,-0.3570168326,-0.2682767830,0.2990006778,-0.0053496735,-0.4221098997,0.2739233158,0.0073773492,0.3636255508,-0.2342649204,-0.3034068674,1.0000000000,1.0000000000,0.0000000000,0.0000000000,0.0000000000
0.0200000000,-0.1500000000,0.3000000000,-0.0627335374,0.0000000000,0.0983810617,0.4228965332,-0.3224043948,-0.0873461578,-0.3572885781,-0.2670078986,0.2990006778,-0.0091662446,-0.4214844872,0.2742011300,0.0087389364,0.3638321734,-0.2329644927,-0.3034068674,1.0000000000,1.0000000000,0.0000000000,0.0000000000,0.0000000000
0.0200000000,-0.1500000000,0.3000000000,-0.0627335374,0.0000000000,0.0978357761,0.4226588174,-0.3227621592,-0.0855254576,-0.3575779233,-0.2656905347,0.2990006778,-0.0135893540,-0.4207382664,0.2745553604,0.0105150079,0.3641007135,-0.2313357531,-0.3034068674,1.0000000000,1.0000000000,0.0000000000,0.0000000000,0.0000000000
0.0200000000,-0.1500000000,0.3000000000,-0.0627335374,0.0000000000,0.0973115062,0.4224418457,-0.3230784435,-0.0837207461,-0.3578692161,-0.2643970359,0.2990006778,-0.0185406869,-0.4198799041,0.2749840234,0.0127417852,0.3644366397,-0.2293689407,-0.3034068674,1.0000000000,1.0000000000,0.0000000000,0.0000000000,0.0000000000
0.0200000000,-0.1500000000,0.3000000000,-0.0627335374,0.0000000000,0.0968650060,0.4222595370,-0.3233440811,-0.0820582620,-0.3581413878,-0.2632141345,0.2990006778,-0.0239533517,-0.4189182020,0.2754829822,0.0154937126,0.3648517551,-0.2270314394,-0.3034068674,1.0000000000,1.0000000000,0.0000000000,0.0000000000,0.0000000000
0.0200000000,-0.1500000000,0.3000000000,-0.0627335374,0.0000000000,0.0965393342,0.4221127755,-0.3235730968,-0.0806581647,-0.3583721606,-0.2622168903,0.2990006778,-0.0296307337,-0.4178881960,0.2760316071,0.0187458387,0.3653429219,-0.2243666252,-0.3034068674,1.0000000000,1.0000000000,0.0000000000,0.0000000000,0.0000000000
0.0200000000,-0.1500000000,0.3000000000,-0.0627335374,0.0000000000,0.0963488671,0.4219927650,-0.3237892065,-0.0796013599,-0.3585452065,-0.2614503197,0.2990006778,-0.0353651985,-0.4168244050,0.2766121977,0.0224514471,0.3659030886,-0.2214311069,-0.3034068674,1.0000000000,1.0000000000,0.0000000000,0.0000000000,0.0000000000
0.0200000000,-0.1500000000,0.3000000000,-0.0627335374,0.0000000000,0.0962766012,0.4218845901,-0.3240175912,-0.0789234073,-0.3586519397,-0.2609275592,0.2990006778,-0.0409320345,-0.4157603421,0.2772129892,0.0265391052,0.3665206225,-0.2182961842,-0.3034068674,1.0000000000,1.0000000000,0.0000000000,0.0000000000,0.0000000000
0.0200000000,-0.1500000000,0.3000000000,-0.0627335374,0.0000000000,0.0962721450,0.4217726799,-0.3242734966,-0.0786008948,-0.3586948621,-0.2606242550,0.2990006778,-0.0460742335,-0.4147301016,0.2778294506,0.0308798806,0.3671741388,-0.2150677395,-0.3034068674,1.0000000000,1.0000000000,0.0000000000,0.0000000000,0.0000000000
0.0200000000,-0.1500000000,0.3000000000,-0.0627335374,0.0000000000,0.0962521019,0.4216444377,-0.3245549218,-0.0785584528,-0.3586869905,-0.2604849203,0.2990006778,-0.0505072784,-0.4137601033,0.2784749213,0.0353193101,0.3678367990,-0.2118653848,-0.3034068674,1.0000000000,1.0000000000,0.0000000000,0.0000000000,0.0000000000
0.0200000000,-0.1500000000,0.3000000000,-0.0627335374,0.0000000000,0.0961324868,0.4214992053,-0.3248358488,-0.0786216122,-0.3586606857,-0.2603994354,0.2990006778,-0.0542049862,-0.4128416302,0.2791703445,0.0397087598,0.3684835400,-0.2087724379,-0.3034068674,1.0000000000,1.0000000000,0.0000000000,0.0000000000,0.0000000000
0.0200000000,-0.1500000000,0.3000000000,-0.0627335374,0.0000000000,0.0958740551,0.4213467109,-0.3250840421,-0.0786550439,-0.3586422095,-0.2602885877,0.2990006778,-0.0572596428,-0.4119578121,0.2799250111,0.0439392110,0.3690968087,-0.2058393583,-0.3034068674,1.0000000000,1.0000000000,0.0000000000,0.0000000000,0.0000000000
0.0200000000,-0.1500000000,0.3000000000,-0.0627335374,0.0000000000,0.0954794850,0.4212029834,-0.3252684548,-0.0785898963,-0.3586462989,-0.2601185632,0.2990006778,-0.0597769131,-0.4111013315,0.2807292170,0.0479095966,0.3696615696,-0.2031158446,-0.3034068674,1.0000000000,1.0000000000,0.0000000000,0.0000000000,0.0000000000
0.0200000000,-0.1500000000,0.3000000000,-0.0627335374,0.0000000000,0.0949881142,0.4210862040,-0.3253659687,-0.0784240861,-0.3586754718,-0.2598987285,0.2990006778,-0.0618613207,-0.4102771185,0.2815544798,0.0515325952,0.3701662757,-0.2006480018,-0.3034068674,1.0000000000,1.0000000000,0.0000000000,0.0000000000,0.0000000000
0.0200000000,-0.1500000000,0.3000000000,-0.0627335374,0.0000000000,0.0944633513,0.4210162986,-0.3253580435,-0.0782100739,-0.3587223900,-0.2596736173,0.2990006778,-0.0635621397,-0.4095079399,0.2823553112,0.0546981455,0.3705966279,-0.1985054908,-0.3034068674,1.0000000000,1.0000000000,0.0000000000,0.0000000000,0.0000000000
0.0200000000,-0.1500000000,0.3000000000,-0.0627335374,0.0000000000,0.0939741983,0.4209983070,-0.3252579005,-0.0780349569,-0.3587708320,-0.2595012891,0.2990006778,-0.0649665227,-0.4088080907,0.2830955235,0.0574205954,0.3709580744,-0.1966763384,-0.3034068674,1.0000000000,1.0000000000,0.0000000000,0.0000000000,0.0000000000
0.0200000000,-0.1500000000,0.3000000000,-0.0627335374,0.0000000000,0.0935558790,0.4210314779,-0.3250789932,-0.0779617332,-0.3588086682,-0.2594209910,0.2990006778,-0.0661453829,-0.4081745857,0.2837686365,0.0597796933,0.3712645141,-0.1951050133,-0.3034068674,1.0000000000,1.0000000000,0.0000000000,0.0000000000,0.0000000000
0.0200000000,-0.1500000000,0.3000000000,-0.0627335374,0.0000000000,0.0932174936,0.4211155831,-0.3248249250,-0.0780291068,-0.3588288235,-0.2594565757,0.2990006778,-0.0671646518,-0.4075885591,0.2843923895,0.0618929325,0.3715342368,-0.1937092045,-0.3034068674,1.0000000000,1.0000000000,0.0000000000,0.0000000000,0.0000000000
0.0200000000,-0.1500000000,0.3000000000,-0.0627335374,0.0000000000,0.0929575860,0.4212494828,-0.3244974818,-0.0782610747,-0.3588269110,-0.2596221410,0.2990006778,-0.0680805826,-0.4070263118,0.2849930559,0.0638839021,0.3717858146,-0.1924025991,-0.3034068674,1.0000000000,1.0000000000,0.0000000000,0.0000000000,0.0000000000
0.0200000000,-0.1500000000,0.3000000000,-0.0627335374,0.0000000000,0.0927949908,0.4214315904,-0.3241058710,-0.0786920523,-0.3587960123,-0.2599388771,0.2990006778,-0.0688903923,-0.4064884232,0.2855711332,0.0657840479,0.3720243940,-0.1911658888,-0.3034068674,1.0000000000,1.0000000000,0.0000000000,0.0000000000,0.0000000000
0.0200000000,-0.1500000000,0.3000000000,-0.0627335374,0.0000000000,0.0927435776,0.4216479278,-0.3236822628,-0.0793147597,-0.3587343761,-0.2603958579,0.2990006778,-0.0695565440,-0.4059979830,0.2861018068,0.0675431076,0.3722434970,-0.1900372145,-0.3034068674,1.0000000000,1.0000000000,0.0000000000,0.0000000000,0.0000000000
0.0200000000,-0.1500000000,0.3000000000,-0.0627335374,0.0000000000,0.0928056698,0.4218896147,-0.3232448551,-0.0801240410,-0.3586411455,-0.2609856983,0.2990006778,-0.0700469250,-0.4055708587,0.2865714897,0.0691406535,0.3724413857,-0.1890317980,-0.3034068674,1.0000000000,1.0000000000,0.0000000000,0.0000000000,0.0000000000
0.0200000000,-0.1500000000,0.3000000000,-0.0627335374,0.0000000000,0.0929734820,0.4221502243,-0.3228036618,-0.0811151377,-0.3585161023,-0.2617022035,0.2990006778,-0.0703327053,-0.4052179783,0.2869758675,0.0705856103,0.3726214651,-0.1881416163,-0.3034068674,1.0000000000,1.0000000000,0.0000000000,0.0000000000,0.0000000000
0.0200000000,-0.1500000000,0.3000000000,-0.0627335374,0.0000000000,0.0932274493,0.4224151015,-0.3223813311,-0.0822420787,-0.3583649849,-0.2625092824,0.2990006778,-0.0703783966,-0.4049590885,0.2872990180,0.0718478892,0.3727815262,-0.1873852649,-0.3034068674,1.0000000000,1.0000000000,0.0000000000,0.0000000000,0.0000000000
0.0200000000,-0.1500000000,0.3000000000,-0.0627335374,0.0000000000,0.0935327165,0.4226580087,-0.3220187091,-0.0833954521,-0.3582027621,-0.2633256075,0.2990006778,-0.0701298324,-0.4048294433,0.2875020811,0.0728277725,0.3729079536,-0.1868349919,-0.3034068674,1.0000000000,1.0000000000,0.0000000000,0.0000000000,0.0000000000
0.0200000000,-0.1500000000,0.3000000000,-0.0627335374,0.0000000000,0.0938362594,0.4228617300,-0.3217330912,-0.0844533750,-0.3580489845,-0.2640655091,0.2990006778,-0.0695969959,-0.4048315006,0.2875750750,0.0734990466,0.3729945971,-0.1865157775,-0.3034068674,1.0000000000,1.0000000000,0.0000000000,0.0000000000,0.0000000000
0.0200000000,-0.1500000000,0.3000000000,-0.0627335374,0.0000000000,0.0941069499,0.4230244685,-0.3215182288,-0.0853655275,-0.3579130632,-0.2646957027,0.2990006778,-0.0687721291,-0.4049638824,0.2875188834,0.0738796748,0.3730426232,-0.1864225406,-0.3034068674,1.0000000000,1.0000000000,0.0000000000,0.0000000000,0.0000000000
0.0200000000,-0.1500000000,0.3000000000,-0.0627335374,0.0000000000,0.0943325875,0.4231505088,-0.3213618352,-0.0861211008,-0.3577981400,-0.2652109644,0.2990006778,-0.0676021710,-0.4052393335,0.2873254133,0.0739781186,0.3730533885,-0.1865579832,-0.3034068674,1.0000000000,1.0000000000,0.0000000000,0.0000000000,0.0000000000
0.0200000000,-0.1500000000,0.3000000000,-0.0627335374,0.0000000000,0.0945074675,0.4232441063,-0.3212534001,-0.0867094943,-0.3577071740,-0.2656066946,0.2990006778,-0.0659875486,-0.4056886968,0.2869700637,0.0737682133,0.3730240871,-0.1869519980,-0.3034068674,1.0000000000,1.0000000000,0.0000000000,0.0000000000,0.0000000000
0.0200000000,-0.1500000000,0.3000000000,-0.0627335374,0.0000000000,0.0946202413,0.4233041063,-0.3211896110,-0.0870915710,-0.3576473745,-0.2658592555,0.2990006778,-0.0637326221,-0.4063781929,0.2863953736,0.0731468520,0.3729416294,-0.1876961367,-0.3034068674,1.0000000000,1.0000000000,0.0000000000,0.0000000000,0.0000000000
0.0200000000,-0.1500000000,0.3000000000,-0.0627335374,0.0000000000,0.0946788323,0.4233362955,-0.3211583422,-0.0872917876,-0.3576158097,-0.2659890131,0.2990006778,-0.0608285931,-0.4072997503,0.2856131714,0.0721051119,0.3728043020,-0.1887937950,-0.3034068674,1.0000000000,1.0000000000,0.0000000000,0.0000000000,0.0000000000
0.0200000000,-0.1500000000,0.3000000000,-0.0627335374,0.0000000000,0.0947019301,0.4233496697,-0.3211464852,-0.0873717179,-0.3576031474,-0.2660396844,0.2990006778,-0.0574323462,-0.4083787915,0.2846989567,0.0707163851,0.3726201963,-0.1901698319,-0.3034068674,1.0000000000,1.0000000000,0.0000000000,0.0000000000,0.0000000000
0.0200000000,-0.1500000000,0.3000000000,-0.0627335374,0.0000000000,0.0947080307,0.4233534224,-0.3211434524,-0.0873931981,-0.3575997306,-0.2660529801,0.2990006778,-0.0537809157,-0.4095050307,0.2837652662,0.0691019147,0.3724030035,-0.1917046259,-0.3034068674,1.0000000000,1.0000000000,0.0000000000,0.0000000000,0.0000000000
0.0200000000,-0.1500000000,0.3000000000,-0.0627335374,0.0000000000,0.0947088842,0.4233539807,-0.3211430417,-0.0873962709,-0.3575992397,-0.2660548352,0.2990006778,-0.0500951001,-0.4105721558,0.2829237001,0.0673856967,0.3721666666,-0.1932783634,-0.3034068674,1.0000000000,1.0000000000,0.0000000000,0.0000000000,0.0000000000
0.0200000000,-0.1500000000,0.3000000000,-0.0627335374,0.0000000000,0.0947088945,0.4233539888,-0.3211430375,-0.0873963114,-0.3575992332,-0.2660548577,0.2990006778,-0.0465289908,-0.4114952458,0.2822694405,0.0656507232,0.3719193647,-0.1948049600,-0.3034068674,1.0000000000,1.0000000000,0.0000000000,0.0000000000,0.0000000000
0.0200000000,-0.1500000000,0.3000000000,-0.0627335374,0.0000000000,0.0947088910,0.4233539864,-0.3211430391,-0.0873962986,-0.3575992352,-0.2660548501,0.2990006778,-0.0431276692,-0.4122644963,0.2818094391,0.0639254863,0.3716647801,-0.1962620376,-0.3034068674,1.0000000000,1.0000000000,0.0000000000,0.0000000000,0.0000000000
0.0200000000,-0.1500000000,0.3000000000,-0.0627335374,0.0000000000,0.0947088910,0.4233539864,-0.3211430391,-0.0873962986,-0.3575992352,-0.2660548501,0.2990006778,-0.0398808473,-0.4129083156,0.2815042284,0.0621995376,0.3714029607,-0.1976665918,-0.3034068674,1.0000000000,1.0000000000,0.0000000000,0.0000000000,0.0000000000
0.0200000000,-0.1500000000,0.3000000000,-0.0627335374,0.0000000000,0.0947088910,0.4233539864,-0.3211430391,-0.0873962986,-0.3575992352,-0.2660548501,0.2990006778,-0.0367719494,-0.4134676351,0.2812959391,0.0604569727,0.3711342337,-0.1990439362,-0.3034068674,1.0000000000,1.0000000000,0.0000000000,0.0000000000,0.0000000000
0.0200000000,-0.1500000000,0.3000000000,-0.0627335374,0.0000000000,0.0947088910,0.4233539864,-0.3211430391,-0.0873962986,-0.3575992352,-0.2660548501,0.2990006778,-0.0338022845,-0.4139824837,0.2811238242,0.0586963248,0.3708615110,-0.2004098723,-0.3034068674,1.0000000000,1.0000000000,0.0000000000,0.0000000000,0.0000000000
0.0200000000,-0.1500000000,0.3000000000,-0.0627335374,0.0000000000,0.0947088910,0.4233539864,-0.3211430391,-0.0873962986,-0.3575992352,-0.2660548501,0.2990006778,-0.0310340486,-0.4144744837,0.2809420709,0.0569455194,0.3705917826,-0.2017533043,-0.3034068674,1.0000000000,1.0000000000,0.0000000000,0.0000000000,0.0000000000
0.0200000000,-0.1500000000,0.3000000000,-0.0627335374,0.0000000000,0.0947088910,0.4233539864,-0.3211430391,-0.0873962986,-0.3575992352,-0.2660548501,0.2990006778,-0.0285331529,-0.4149419674,0.2807403108,0.0552538255,0.3703334203,-0.2030412343,-0.3034068674,1.0000000000,1.0000000000,0.0000000000,0.0000000000,0.0000000000
0.0200000000,-0.1500000000,0.3000000000,-0.0627335374,0.0000000000,0.0947088910,0.4233539864,-0.3211430391,-0.0873962986,-0.3575992352,-0.2660548501,0.2990006778,-0.0263571378,-0.4153658355,0.2805368022,0.0536609374,0.3700916914,-0.2042399339,-0.3034068674,1.0000000000,1.0000000000,0.0000000000,0.0000000000,0.0000000000
0.0200000000,-0.1500000000,0.3000000000,-0.0627335374,0.0000000000,0.0947088910,0.4233539864,-0.3211430391,-0.0873962986,-0.3575992352,-0.2660548501,0.2990006778,-0.0245291627,-0.4157271508,0.2803567158,0.0521809980,0.3698673589,-0.2053323658,-0.3034068674,1.0000000000,1.0000000000,0.0000000000,0.0000000000,0.0000000000
0.0200000000,-0.1500000000,0.3000000000,-0.0627335374,0.0000000000,0.0947088910,0.4233539864,-0.3211430391,-0.0873962986,-0.3575992352,-0.2660548501,0.2990006778,-0.0230090393,-0.4160228659,0.2802135829,0.0507896729,0.3696556318,-0.2063333517,-0.3034068674,1.0000000000,1.0000000000,0.0000000000,0.0000000000,0.0000000000
0.0200000000,-0.1500000000,0.3000000000,-0.0627335374,0.0000000000,0.0947088910,0.4233539864,-0.3211430391,-0.0873962986,-0.3575992352,-0.2660548501,0.2990006778,-0.0216961109,-0.4162769440,0.2800907466,0.0494173426,0.3694462137,-0.2072980950,-0.3034068674,1.0000000000,1.0000000000,0.0000000000,0.0000000000,0.0000000000
0.0200000000,-0.1500000000,0.3000000000,-0.0627335374,0.0000000000,0.0947088910,0.4233539864,-0.3211430391,-0.0873962986,-0.3575992352,-0.2660548501,0.2990006778,-0.0203985882,-0.4165550209,0.2799246638,0.0479589757,0.3692258450,-0.2083235380,-0.3034068674,1.0000000000,1.0000000000,0.0000000000,0.0000000000,0.0000000000
0.0200000000,-0.1500000000,0.3000000000,-0.0627335374,0.0000000000,0.0947088910,0.4233539864,-0.3211430391,-0.0873962986,-0.3575992352,-0.2660548501,0.2990006778,-0.0189508985,-0.4169315036,0.2796314531,0.0463212335,0.3689845017,-0.2095024533,-0.3034068674,1.0000000000,1.0000000000,0.0000000000,0.0000000000,0.0000000000
0.0200000000,-0.1500000000,0.3000000000,-0.0627335374,0.0000000000,0.0947088910,0.4233539864,-0.3211430391,-0.0873962986,-0.3575992352,-0.2660548501,0.2990006778,-0.0172312358,-0.4174766189,0.2791233622,0.0444268343,0.3687151477,-0.2109150702,-0.3034068674,1.0000000000,1.0000000000,0.0000000000,0.0000000000,0.0000000000
0.0200000000,-0.1500000000,0.3000000000,-0.0627335374,0.0000000000,0.0947088910,0.4233539864,-0.3211430391,-0.0873962986,-0.3575992352,-0.2660548501,0.2990006778,-0.0151859778,-0.4182373715,0.2783337209,0.0422226003,0.3684135197,-0.2126156996,-0.3034068674,1.0000000000,1.0000000000,0.0000000000,0.0000000000,0.0000000000
0.0200000000,-0.1500000000,0.3000000000,-0.0627335374,0.0000000000,0.0947088910,0.4233539864,-0.3211430391,-0.0873962986,-0.3575992352,-0.2660548501,0.2990006778,-0.0128353016,-0.4192384295,0.2772131723,0.0396445931,0.3680728031,-0.2146541853,-0.3034068674,1.0000000000,1.0000000000,0.0000000000,0.0000000000,0.0000000000
0.0200000000,-0.1500000000,0.3000000000,-0.0627335374,0.0000000000,0.0947088910,0.4233539864,-0.3211430391,-0.0873962986,-0.3575992352,-0.2660548501,0.2990006778,-0.0103788149,-0.4204006095,0.2758429249,0.0367192203,0.3676925322,-0.2169759131,-0.3034068674,1.0000000000,1.0000000000,0.0000000000,0.0000000000,0.0000000000
0.0200000000,-0.1500000000,0.3000000000,-0.0627335374,0.0000000000,0.0947088910,0.4233539864,-0.3211430391,-0.0873962986,-0.3575992352,-0.2660548501,0.2990006778,-0.0080898903,-0.4216103853,0.2743476832,0.0334828785,0.3672708522,-0.2195014058,-0.3034068674,1.0000000000,1.0000000000,0.0000000000,0.0000000000,0.0000000000
0.0200000000,-0.1500000000,0.3000000000,-0.0627335374,0.0000000000,0.0947088910,0.4233539864,-0.3211430391,-0.0873962986,-0.3575992352,-0.2660548501,0.2990006778,-0.0063362985,-0.4227124843,0.2729061886,0.0300737082,0.3668184089,-0.2220663952,-0.3034068674,1.0000000000,1.0000000000,0.0000000000,0.0000000000,0.0000000000
0.0200000000,-0.1500000000,0.3000000000,-0.0627335374,0.0000000000,0.0947088910,0.4233539864,-0.3211430391,-0.0873962986,-0.3575992352,-0.2660548501,0.2990006778,-0.0054465357,-0.4235453175,0.2717222472,0.0268158050,0.3663737501,-0.2243917748,-0.3034068674,1.0000000000,1.0000000000,0.0000000000,0.0000000000,0.0000000000
0.0200000000,-0.1500000000,0.3000000000,-0.0627335374,0.0000000000,0.0947088910,0.4233539864,-0.3211430391,-0.0873962986,-0.3575992352,-0.2660548501,0.2990006778,-0.0055978423,-0.4240429996,0.2708773538,0.0238629036,0.3659560876,-0.2263444555,-0.3034068674,1.0000000000,1.0000000000,0.0000000000,0.0000000000,0.0000000000
0.0200000000,-0.1500000000,0.3000000000,-0.0627335374,0.0000000000,0.0947088910,0.4233539864,-0.3211430391,-0.0873962986,-0.3575992352,-0.2660548501,0.2990006778,-0.0067119582,-0.4242627255,0.2703014715,0.0211458209,0.3655589400,-0.2279881242,-0.3034068674,1.0000000000,1.0000000000,0.0000000000,0.0000000000,0.0000000000
0.0200000000,-0.1500000000,0.3000000000,-0.0627335374,0.0000000000,0.0947088910,0.4233539864,-0.3211430391,-0.0873962986,-0.3575992352,-0.2660548501,0.2990006778,-0.0087752960,-0.4242315375,0.2699577721,0.0186829406,0.3651879579,-0.2293199886,-0.3034068674,1.0000000000,1.0000000000,0.0000000000,0.0000000000,0.0000000000
0.0200000000,-0.1500000000,0.3000000000,-0.0627335374,0.0000000000,0.0947088910,0.4233539864,-0.3211430391,-0.0873962986,-0.3575992352,-0.2660548501,0.2990006778,-0.0117117487,-0.4239810189,0.2698112455,0.0165607849,0.3648601367,-0.2303026166,-0.3034068674,1.0000000000,1.0000000000,0.0000000000,0.0000000000,0.0000000000
0.0200000000,-0.1500000000,0.3000000000,-0.0627335374,0.0000000000,0.0947088910,0.4233539864,-0.3211430391,-0.0873962986,-0.3575992352,-0.2660548501,0.2990006778,-0.0152448163,-0.4235776901,0.2698046223,0.0148559272,0.3645924149,-0.2309323197,-0.3034068674,1.0000000000,1.0000000000,0.0000000000,0.0000000000,0.0000000000
0.0200000000,-0.1500000000,0.3000000000,-0.0627335374,0.0000000000,0.0947088910,0.4233539864,-0.3211430391,-0.0873962986,-0.3575992352,-0.2660548501,0.2990006778,-0.0189926056,-0.4230983742,0.2698826110,0.0136458727,0.3644012435,-0.2312171286,-0.3034068674,1.0000000000,1.0000000000,0.0000000000,0.0000000000,0.0000000000
0.0200000000,-0.1500000000,0.3000000000,-0.0627335374,0.0000000000,0.0947088910,0.4233539864,-0.3211430391,-0.0873962986,-0.3575992352,-0.2660548501,0.2990006778,-0.0223998368,-0.4226524144,0.2699690413,0.0128451848,0.3642764154,-0.2312900979,-0.3034068674,1.0000000000,1.0000000000,0.0000000000,0.0000000000,0.0000000000
0.0200000000,-0.1500000000,0.3000000000,-0.0627335374,0.0000000000,0.0947088910,0.4233539864,-0.3211430391,-0.0873962986,-0.3575992352,-0.2660548501,0.2990006778,-0.0256383047,-0.4222272902,0.2700518112,0.0122953440,0.3641930353,-0.2312310901,-0.3034068674,1.0000000000,1.0000000000,0.0000000000,0.0000000000,0.0000000000
0.0200000000,-0.1500000000,0.3000000000,-0.0627335374,0.0000000000,0.0947088910,0.4233539864,-0.3211430391,-0.0873962986,-0.3575992352,-0.2660548501,0.2990006778,-0.0287819214,-0.4218203583,0.2701210888,0.0119162746,0.3641387410,-0.2310828994,-0.3034068674,1.0000000000,1.0000000000,0.0000000000,0.0000000000,0.0000000000
0.0200000000,-0.1500000000,0.3000000000,-0.0627335374,0.0000000000,0.0947088910,0.4233539864,-0.3211430391,-0.0873962986,-0.3575992352,-0.2660548501,0.2990006778,-0.0319090991,-0.4214251569,0.2701725504,0.0116718207,0.3641079844,-0.2308600414,-0.3034068674,1.0000000000,1.0000000000,0.0000000000,0.0000000000,0.0000000000
0.0200000000,-0.1500000000,0.3000000000,-0.0627335374,0.0000000000,0.0947088910,0.4233539864,-0.3211430391,-0.0873962986,-0.3575992352,-0.2660548501,0.2990006778,-0.0350392810,-0.4210421513,0.2702015425,0.0115686755,0.3641022267,-0.2305576696,-0.3034068674,1.0000000000,1.0000000000,0.0000000000,0.0000000000,0.0000000000
0.0200000000,-0.1500000000,0.3000000000,-0.0627335374,0.0000000000,0.0947088910,0.4233539864,-0.3211430391,-0.0873962986,-0.3575992352,-0.2660548501,0.2990006778,-0.0381858125,-0.4206724901,0.2702038347,0.0115886049,0.3641186675,-0.2301867683,-0.3034068674,1.0000000000,1.0000000000,0.0000000000,0.0000000000,0.0000000000
0.0200000000,-0.1500000000,0.3000000000,-0.0627335374,0.0000000000,0.0947088910,0.4233539864,-0.3211430391,-0.0873962986,-0.3575992352,-0.2660548501,0.2990006778,-0.0414801426,-0.4203043824,0.2701734771,0.0117534370,0.3641618610,-0.2297209449,-0.3034068674,1.0000000000,0.9945868190,0.0000000000,0.0000000000,0.0000000000
0.0200000000,-0.1500000000,0.3000000000,-0.0627335374,0.0000000000,0.0947088910,0.4233539864,-0.3211430391,-0.0873962986,-0.3575992352,-0.2660548501,0.2990006778,-0.0451806967,-0.4199148944,0.2700982671,0.0121064286,0.3642408507,-0.2291082413,-0.3034068674,1.0000000000,0.9655929429,0.0000000000,0.0000000000,0.0000000000
0.0200000000,-0.1500000000,0.3000000000,-0.0627335374,0.0000000000,0.0947088910,0.4233539864,-0.3211430391,-0.0873962986,-0.3575992352,-0.2660548501,0.2990006778,-0.0496278090,-0.4194881811,0.2699384295,0.0128186711,0.3643879528,-0.2282183510,-0.3034068674,1.0000000000,0.9196681854,0.0000000000,0.0000000000,0.0000000000
0.0200000000,-0.1500000000,0.3000000000,-0.0627335374,0.0000000000,0.0947088910,0.4233539864,-0.3211430391,-0.0873962986,-0.3575992352,-0.2660548501,0.2990006778,-0.0548005487,-0.4190546800,0.2696495996,0.0141186870,0.3646433792,-0.2269298638,-0.3034068674,1.0000000000,0.8629662018,0.0000000000,0.0000000000,0.0000000000
0.0200000000,-0.1500000000,0.3000000000,-0.0627335374,0.0000000000,0.0947088910,0.4233539864,-0.3211430391,-0.0873962986,-0.3575992352,-0.2660548501,0.2990006778,-0.0600450871,-0.4186820329,0.2692514175,0.0160216190,0.3650045138,-0.2253053831,-0.3034068674,1.0000000000,0.8004215311,0.0000000000,0.0000000000,0.0000000000
0.0200000000,-0.1500000000,0.3000000000,-0.0627335374,0.0000000000,0.0947088910,0.4233539864,-0.3211430391,-0.0873962986,-0.3575992352,-0.2660548501,0.2990006778,-0.0651926696,-0.4183702653,0.2687819628,0.0185205957,0.3654652132,-0.2233622003,-0.3034068674,1.0000000000,0.7353608078,0.0000000000,0.0000000000,0.0000000000
0.0200000000,-0.1500000000,0.3000000000,-0.0627335374,0.0000000000,0.0947088910,0.4233539864,-0.3211430391,-0.0873962986,-0.3575992352,-0.2660548501,0.2990006778,-0.0703349092,-0.4180867225,0.2682815867,0.0215994558,0.3660186641,-0.2210935563,-0.3034068674,1.0000000000,0.6686941412,0.0000000000,0.0000000000,0.0000000000
0.0200000000,-0.1500000000,0.3000000000,-0.0627335374,0.0000000000,0.0947088910,0.4233539864,-0.3211430391,-0.0873962986,-0.3575992352,-0.2660548501,0.2990006778,-0.0754223461,-0.4178058338,0.2678040388,0.0251329086,0.3666390562,-0.2185698869,-0.3034068674,1.0000000000,0.6020274745,0.0000000000,0.0000000000,0.0000000000
0.0200000000,-0.1500000000,0.3000000000,-0.0627335374,0.0000000000,0.0947088910,0.4233539864,-0.3211430391,-0.0873962986,-0.3575992352,-0.2660548501,0.2990006778,-0.0805194770,-0.4174966144,0.2673896590,0.0290651624,0.3673128041,-0.2158131099,-0.3034068674,1.0000000000,0.5353608078,0.0000000000,0.0000000000,0.0000000000
0.0200000000,-0.1500000000,0.3000000000,-0.0627335374,0.0000000000,0.0947088910,0.4233539864,-0.3211430391,-0.0873962986,-0.3575992352,-0.2660548501,0.2990006778,-0.0857225612,-0.4171404982,0.2670470817,0.0333067617,0.3680244904,-0.2128661895,-0.3034068674,1.0000000000,0.4686941412,0.0000000000,0.0000000000,0.0000000000
0.0200000000,-0.1500000000,0.3000000000,-0.0627335374,0.0000000000,0.0947088910,0.4233539864,-0.3211430391,-0.0873962986,-0.3575992352,-0.2660548501,0.2990006778,-0.0911004245,-0.4167278384,0.2667755551,0.0378044830,0.3687652571,-0.2097558494,-0.3034068674,1.0000000000,0.4020274745,0.0000000000,0.0000000000,0.0000000000
0.0200000000,-0.1500000000,0.3000000000,-0.0627335374,0.0000000000,0.0947088910,0.4233539864,-0.3211430391,-0.0873962986,-0.3575992352,-0.2660548501,0.2990006778,-0.0965919996,-0.4162633008,0.2665757125,0.0424414364,0.3695158683,-0.2065592375,-0.3034068674,1.0000000000,0.3353608078,0.0000000000,0.0000000000,0.0000000000
0.0200000000,-0.1500000000,0.3000000000,-0.0627335374,0.0000000000,0.0947088910,0.4233539864,-0.3211430391,-0.0873962986,-0.3575992352,-0.2660548501,0.2990006778,-0.1019423537,-0.4157755004,0.2664457428,0.0469674727,0.3702362072,-0.2034505620,-0.3034068674,1.0000000000,0.2686941412,0.0000000000,0.0000000000,0.0000000000
0.0200000000,-0.1500000000,0.3000000000,-0.0627335374,0.0000000000,0.0947088910,0.4233539864,-0.3211430391,-0.0873962986,-0.3575992352,-0.2660548501,0.2990006778,-0.1067345329,-0.4153118754,0.2663840085,0.0510141083,0.3708671809,-0.2006893480,-0.3034068674,1.0000000000,0.2020274745,0.0000000000,0.0000000000,0.0000000000
0.0200000000,-0.1500000000,0.3000000000,-0.0627335374,0.0000000000,0.0947088910,0.4233539864,-0.3211430391,-0.0873962986,-0.3575992352,-0.2660548501,0.2990006778,-0.1109031048,-0.4148919266,0.2663682226,0.0545248291,0.3714033001,-0.1983139411,-0.3034068674,1.0000000000,0.1353608078,0.0000000000,0.0000000000,0.0000000000
0.0200000000,-0.1500000000,0.3000000000,-0.0627335374,0.0000000000,0.0947088910,0.4233539864,-0.3211430391,-0.0873962986,-0.3575992352,-0.2660548501,0.2990006778,-0.1146333605,-0.4145055446,0.2663786197,0.0576601695,0.3718731572,-0.1962111153,-0.3034068674,1.0000000000,0.0687142345,0.0000000000,0.0000000000,0.0000000000
0.0200000000,-0.1500000000,0.3000000000,-0.0627335374,0.0000000000,0.0947088910,0.4233539864,-0.3211430391,-0.0873962986,-0.3575992352,-0.2660548501,0.2990006778,-0.1180271976,-0.4141487834,0.2664067279,0.0605079471,0.3722903903,-0.1943243296,-0.3034068674,1.0000000000,0.0106990945,0.0000000000,0.0000000000,0.0000000000
0.0200000000,-0.1500000000,0.3000000000,-0.0627335374,0.0000000000,0.0947088910,0.4233539864,-0.3211430391,-0.0873962986,-0.3575992352,-0.2660548501,0.2990006778,-0.1210494186,-0.4138363079,0.2664621644,0.0630472665,0.3726399266,-0.1927033311,-0.3034068674,1.0000000000,0.0000000000,0.0000000000,0.0000000000,0.0000000000
0.0200000000,-0.1500000000,0.3000000000,-0.0627335374,0.0000000000,0.0947088910,0.4233539864,-0.3211430391,-0.0873962986,-0.3575992352,-0.2660548501,0.2990006778,-0.1236931097,-0.4135946380,0.2665772282,0.0653107012,0.3728912547,-0.1914316797,-0.3034068674,1.0000000000,0.0000000000,0.0000000000,0.0000000000,0.0000000000
0.0200000000,-0.1500000000,0.3000000000,-0.0627335374,0.0000000000,0.0947088910,0.4233539864,-0.3211430391,-0.0873962986,-0.3575992352,-0.2660548501,0.2990006778,-0.1261539577,-0.4134070006,0.2667498053,0.0674788328,0.3730680057,-0.1904012542,-0.3034068674,1.0000000000,0.0000000000,0.0000000000,0.0000000000,0.0000000000
0.0200000000,-0.1500000000,0.3000000000,-0.0627335374,0.0000000000,0.0947088910,0.4233539864,-0.3211430391,-0.0873962986,-0.3575992352,-0.2660548501,0.2990006778,-0.1285586059,-0.4132234884,0.2669294786,0.0696111609,0.3732285809,-0.1894268216,-0.3034068674,1.0000000000,0.0000000000,0.0000000000,0.0000000000,0.0000000000
0.0200000000,-0.1500000000,0.3000000000,-0.0627335374,0.0000000000,0.0947088910,0.4233539864,-0.3211430391,-0.0873962986,-0.3575992352,-0.2660548501,0.2990006778,-0.1309454017,-0.4130007418,0.2670651217,0.0716814200,0.3734229962,-0.1883664712,-0.3034068674,1.0000000000,0.0000000000,0.0000000000,0.0000000000,0.0000000000
0.0200000000,-0.1500000000,0.3000000000,-0.0627335374,0.0000000000,0.0947088910,0.4233539864,-0.3211430391,-0.0873962986,-0.3575992352,-0.2660548501,0.2990006778,-0.1333317781,-0.4127324443,0.2671517385,0.0736921629,0.3736595609,-0.1871951247,-0.3034068674,1.0000000000,0.0000000000,0.0000000000,0.0000000000,0.0000000000
0.0200000000,-0.1500000000,0.3000000000,-0.0627335374,0.0000000000,0.0947088910,0.4233539864,-0.3211430391,-0.0873962986,-0.3575992352,-0.2660548501,0.2990006778,-0.1357549650,-0.4124315889,0.2672165199,0.0756916737,0.3739211378,-0.1859514318,-0.3034068674,1.0000000000,0.0000000000,0.0000000000,0.0000000000,0.0000000000
0.0200000000,-0.1500000000,0.3000000000,-0.0627335374,0.0000000000,0.0947088910,0.4233539864,-0.3211430391,-0.0873962986,-0.3575992352,-0.2660548501,0.2990006778,-0.1382408038,-0.4121109175,0.2672826058,0.0777189529,0.3741915733,-0.1846728685,-0.3034068674,1.0000000000,0.0000000000,0.0000000000,0.0000000000,0.0000000000
0.0200000000,-0.1500000000,0.3000000000,-0.0627335374,0.0000000000,0.0947088910,0.4233539864,-0.3211430391,-0.0873962986,-0.3575992352,-0.2660548501,0.2990006778,-0.1407824890,-0.4117758582,0.2673539701,0.0797769746,0.3744662275,-0.1833729465,-0.3034068674,1.0000000000,0.0000000000,0.0000000000,0.0000000000,0.0000000000
0.0200000000,-0.1500000000,0.3000000000,-0.0627335374,0.0000000000,0.0947088910,0.4233539864,-0.3211430391,-0.0873962986,-0.3575992352,-0.2660548501,0.2990006778,-0.1433547787,-0.4114322264,0.2674288221,0.0818547101,0.3747427210,-0.1820630381,-0.3034068674,1.0000000000,0.0000000000,0.0000000000,0.0000000000,0.0000000000
0.0200000000,-0.1500000000,0.3000000000,-0.0627335374,0.0000000000,0.0947088910,0.4233539864,-0.3211430391,-0.0873962986,-0.3575992352,-0.2660548501,0.2990006778,-0.1459411957,-0.4110837904,0.2675053299,0.0839454224,0.3750200478,-0.1807490667,-0.3034068674,1.0000000000,0.0000000000,0.0000000000,0.0000000000,0.0000000000
0.0200000000,-0.1500000000,0.3000000000,-0.0627335374,0.0000000000,0.0947088910,0.4233539864,-0.3211430391,-0.0873962986,-0.3575992352,-0.2660548501,0.2990006778,-0.1485998338,-0.4107222473,0.2675852665,0.0860947718,0.3753043175,-0.1794023587,-0.3034068674,1.0000000000,0.0000000000,0.0000000000,0.0000000000,0.0000000000
0.0200000000,-0.1500000000,0.3000000000,-0.0627335374,0.0000000000,0.0947088910,0.4233539864,-0.3211430391,-0.0873962986,-0.3575992352,-0.2660548501,0.2990006778,-0.1515577311,-0.4103141978,0.2676771490,0.0884720881,0.3756182857,-0.1779138483,-0.3034068674,1.0000000000,0.0000000000,0.0000000000,0.0000000000,0.0000000000
0.0200000000,-0.1500000000,0.3000000000,-0.0627335374,0.0000000000,0.0947088910,0.4233539864,-0.3211430391,-0.0873962986,-0.3575992352,-0.2660548501,0.2990006778,-0.1551610166,-0.4098078186,0.2677944488,0.0913372237,0.3759960947,-0.1761192922,-0.3034068674,1.0000000000,0.0000000000,0.0000000000,0.0000000000,0.0000000000
0.0200000000,-0.1500000000,0.3000000000,-0.0627335374,0.0000000000,0.0947088910,0.4233539864,-0.3211430391,-0.0873962986,-0.3575992352,-0.2660548501,0.2990006778,-0.1595745296,-0.4091769505,0.2679445163,0.0948160164,0.3764528246,-0.1739447660,-0.3034068674,1.0000000000,0.0000000000,0.0000000000,0.0000000000,0.0000000000
0.0200000000,-0.1500000000,0.3000000000,-0.0627335374,0.0000000000,0.0947088910,0.4233539864,-0.3211430391,-0.0873962986,-0.3575992352,-0.2660548501,0.2990006778,-0.1644799892,-0.4084660845,0.2681172344,0.0986676200,0.3769543719,-0.1715510537,-0.3034068674,1.0000000000,0.0000000000,0.0000000000,0.0000000000,0.0000000000
0.0200000000,-0.1500000000,0.3000000000,-0.0627335374,0.0000000000,0.0947088910,0.4233539864,-0.3211430391,-0.0873962986,-0.3575992352,-0.2660548501,0.2990006778,-0.1691062984,-0.4077860190,0.2682864566,0.1022942613,0.3774205234,-0.1693188766,-0.3034068674,1.0000000000,0.0000000000,0.0000000000,0.0000000000,0.0000000000
0.0200000000,-0.1500000000,0.3000000000,-0.0627335374,0.0000000000,0.0947088910,0.4233539864,-0.3211430391,-0.0873962986,-0.3575992352,-0.2660548501,0.2990006778,-0.1729397133,-0.4072138291,0.2684326975,0.1052892499,0.3778004937,-0.1674922636,-0.3034068674,1.0000000000,0.0000000000,0.0000000000,0.0000000000,0.0000000000
0.0200000000,-0.1500000000,0.3000000000,-0.0627335374,0.0000000000,0.0947088910,0.4233539864,-0.3211430391,-0.0873962986,-0.3575992352,-0.2660548501,0.2990006778,-0.1760609022,-0.4067403443,0.2685565177,0.1077132400,0.3781054566,-0.1660218615,-0.3034068674,1.0000000000,0.0000000000,0.0000000000,0.0000000000,0.0000000000
0.0200000000,-0.1500000000,0.3000000000,-0.0627335374,0.0000000000,0.0947088910,0.4233539864,-0.3211430391,-0.0873962986,-0.3575992352,-0.2660548501,0.2990006778,-0.1788101758,-0.4063179395,0.2686678274,0.1098381669,0.3783726510,-0.1647336172,-0.3034068674,1.0000000000,0.0000000000,0.0000000000,0.0000000000,0.0000000000
0.0200000000,-0.1500000000,0.3000000000,-0.0627335374,0.0000000000,0.0947088910,0.4233539864,-0.3211430391,-0.0873962986,-0.3575992352,-0.2660548501,0.2990006778,-0.1814544660,-0.4059086327,0.2687752224,0.1118801324,0.3786300529,-0.1634950524,-0.3034068674,1.0000000000,0.0000000000,0.0000000000,0.0000000000,0.0000000000
0.0200000000,-0.1500000000,0.3000000000,-0.0627335374,0.0000000000,0.0947088910,0.4233539864,-0.3211430391,-0.0873962986,-0.3575992352,-0.2660548501,0.2990006778,-0.1840873859,-0.4054984846,0.2688824282,0.1139149296,0.3788865211,-0.1622629107,-0.3034068674,1.0000000000,0.0000000000,0.0000000000,0.0000000000,0.0000000000
0.0200000000,-0.1500000000,0.3000000000,-0.0627335374,0.0000000000,0.0947088910,0.4233539864,-0.3211430391,-0.0873962986,-0.3575992352,-0.2660548501,0.2990006778,-0.1867162562,-0.4050857255,0.2689908429,0.1159428878,0.3791414645,-0.1610379327,-0.3034068674,1.0000000000,0.0000000000,0.0000000000,0.0000000000,0.0000000000
0.0200000000,-0.1500000000,0.3000000000,-0.0627335374,0.0000000000,0.0947088910,0.4233539864,-0.3211430391,-0.0873962986,-0.3575992352,-0.2660548501,0.2990006778,-0.1893346678,-0.4046700879,0.2691015333,0.1179501831,0.3793929141,-0.1598277163,-0.3034068674,1.0000000000,0.0000000000,0.0000000000,0.0000000000,0.0000000000
0.0200000000,-0.1500000000,0.3000000000,-0.0627335374,0.0000000000,0.0947088910,0.4233539864,-0.3211430391,-0.0873962986,-0.3575992352,-0.2660548501,0.2990006778,-0.1919395667,-0.4042513825,0.2692149405,0.1199299712,0.3796399921,-0.1586357387,-0.3034068674,1.0000000000,0.0000000000,0.0000000000,0.0000000000,0.0000000000
0.0200000000,-0.1500000000,0.3000000000,-0.0627335374,0.0000000000,0.0947088910,0.4233539864,-0.3211430391,-0.0873962986,-0.3575992352,-0.2660548501,0.2990006778,-0.1945342392,-0.4038298196,0.2693303763,0.1218895836,0.3798837787,-0.1574578639,-0.3034068674,1.0000000000,0.0000000000,0.0000000000,0.0000000000,0.0000000000
0.0200000000,-0.1500000000,0.3000000000,-0.0627335374,0.0000000000,0.0947088910,0.4233539864,-0.3211430391,-0.0873962986,-0.3575992352,-0.2660548501,0.2990006778,-0.1971254698,-0.4034054891,0.2694467578,0.1238437799,0.3801262364,-0.1562865642,-0.3034068674,1.0000000000,0.0000000000,0.0000000000,0.0000000000,0.0000000000
0.0200000000,-0.1500000000,0.3000000000,-0.0627335374,0.0000000000,0.0947088910,0.4233539864,-0.3211430391,-0.0873962986,-0.3575992352,-0.2660548501,0.2990006778,-0.1997253439,-0.4029774988,0.2695638301,0.1258072203,0.3803693096,-0.1551134065,-0.3034068674,1.0000000000,0.0000000000,0.0000000000,0.0000000000,0.0000000000
0.0200000000,-0.1500000000,0.3000000000,-0.0627335374,0.0000000000,0.0947088910,0.4233539864,-0.3211430391,-0.0873962986,-0.3575992352,-0.2660548501,0.2990006778,-0.2023687120,-0.4025397713,0.2696835356,0.1278045706,0.3806161008,-0.1539231966,-0.3034068674,1.0000000000,0.0000000000,0.0000000000,0.0000000000,0.0000000000
0.0200000000,-0.1500000000,0.3000000000,-0.0627335374,0.0000000000,0.0947088910,0.4233539864,-0.3211430391,-0.0873962986,-0.3575992352,-0.2660548501,0.2990006778,-0.2051247032,-0.4020796341,0.2698100292,0.1298827518,0.3808724354,-0.1526870866,-0.3034068674,1.0000000000,0.0000000000,0.0000000000,0.0000000000,0.0000000000
0.0200000000,-0.1500000000,0.3000000000,-0.0627335374,0.0000000000,0.0947088910,0.4233539864,-0.3211430391,-0.0873962986,-0.3575992352,-0.2660548501,0.2990006778,-0.2080556616,-0.4015854369,0.2699470759,0.1320845720,0.3811434473,-0.1513795818,-0.3034068674,1.0000000000,0.0000000000,0.0000000000,0.0000000000,0.0000000000
0.0200000000,-0.1500000000,0.3000000000,-0.0627335374,0.0000000000,0.0947088910,0.4233539864,-0.3211430391,-0.0873962986,-0.3575992352,-0.2660548501,0.2990006778,-0.2111703189,-0.4010548452,0.2700952106,0.1344182602,0.3814296428,-0.1499982977,-0.3034068674,1.0000000000,0.0000000000,0.0000000000,0.0000000000,0.0000000000
0.0200000000,-0.1500000000,0.3000000000,-0.0627335374,0.0000000000,0.0947088910,0.4233539864,-0.3211430391,-0.0873962986,-0.3575992352,-0.2660548501,0.2990006778,-0.2144259716,-0.4004956903,0.2702515547,0.1368582388,0.3817277896,-0.1485599968,-0.3034068674,1.0000000000,0.0000000000,0.0000000000,0.0000000000,0.0000000000
0.0200000000,-0.1500000000,0.3000000000,-0.0627335374,0.0000000000,0.0947088910,0.4233539864,-0.3211430391,-0.0873962986,-0.3575992352,-0.2660548501,0.2990006778,-0.2179644009,-0.3998823143,0.2704234793,0.1395119845,0.3820514843,-0.1470003179,-0.3034068674,1.0000000000,0.0000000000,0.0000000000,0.0000000000,0.0000000000
0.0200000000,-0.1500000000,0.3000000000,-0.0627335374,0.0000000000,0.0947089010,0.4233539879,-0.3211430386,-0.0873963014,-0.3575992348,-0.2660548536,0.2990006778,-0.2221209013,-0.3991532487,0.2706291884,0.1426294740,0.3824315703,-0.1451715227,-0.3034068674,1.0000000000,0.0000000000,0.0000000000,0.0000000000,0.0000000000
0.0200000000,-0.1500000000,0.3000000000,-0.0627335374,0.0000000000,0.0947089005,0.4233539887,-0.3211430384,-0.0873963070,-0.3575992338,-0.2660548561,0.2990006778,-0.2271527007,-0.3982600164,0.2708826348,0.1464108420,0.3828914756,-0.1429618265,-0.3034068674,1.0000000000,0.0000000000,0.0000000000,0.0000000000,0.0000000000
0.0200000000,-0.1500000000,0.3000000000,-0.0627335374,0.0000000000,0.0947049607,0.4233533799,-0.3211432413,-0.0873951044,-0.3575994256,-0.2660534279,0.2990006778,-0.2330360961,-0.3972043326,0.2711812170,0.1508733217,0.3834306192,-0.1403783130,-0.3034068674,1.0000000000,0.0000000000,0.0000000000,0.0000000000,0.0000000000
0.0200000000,-0.1500000000,0.3000000000,-0.0627335374,0.0000000000,0.0946704232,0.4233477821,-0.3211450528,-0.0873828448,-0.3576014004,-0.2660401114,0.2990006778,-0.2393397339,-0.3960676153,0.2714973312,0.1557457363,0.3840149813,-0.1375920888,-0.3034068674,1.0000000000,0.0000000000,0.0000000000,0.0000000000,0.0000000000
0.0200000000,-0.1500000000,0.3000000000,-0.0627335374,0.0000000000,0.0945231941,0.4233229493,-0.3211527215,-0.0873242128,-0.3576109247,-0.2659805270,0.2990006778,-0.2457390904,-0.3949181257,0.2718053677,0.1608551819,0.3846240333,-0.1347127301,-0.3034068674,1.0000000000,0.0000000000,0.0000000000,0.0000000000,0.0000000000
0.0200000000,-0.1500000000,0.3000000000,-0.0627335374,0.0000000000,0.0941046990,0.4232498687,-0.3211742089,-0.0871420403,-0.3576407126,-0.2658045686,0.2990006778,-0.2519494157,-0.3938237545,0.2720776486,0.1660803953,0.3852440393,-0.1318197034,-0.3034068674,1.0000000000,0.0000000000,0.0000000000,0.0000000000,0.0000000000
0.0200000000,-0.1500000000,0.3000000000,-0.0627335374,0.0000000000,0.0932086365,0.4230882675,-0.3212211385,-0.0867253581,-0.3577090374,-0.2654162169,0.2990006778,-0.2577117769,-0.3928519909,0.2722859964,0.1713248882,0.3858644476,-0.1289769224,-0.3034068674,1.0000000000,0.0000000000,0.0000000000,0.0000000000,0.0000000000
0.0200000000,-0.1500000000,0.3000000000,-0.0627335374,0.0000000000,0.0915959216,0.4227849195,-0.3213175481,-0.0859302244,-0.3578388383,-0.2646932937,0.2990006778,-0.2627305799,-0.3920809551,0.2723991548,0.1764779743,0.3864727459,-0.1262576721,-0.3034068674,1.0000000000,0.0000000000,0.0000000000,0.0000000000,0.0000000000
0.0200000000,-0.1500000000,0.3000000000,-0.0627335374,0.0000000000,0.0893704586,0.4223458714,-0.3214816581,-0.0847779626,-0.3580248821,-0.2636587503,0.2990006778,-0.2669289523,-0.3915190760,0.2724237309,0.1813986952,0.3870523453,-0.1237257056,-0.3034068674,1.0000000000,0.0000000000,0.0000000000,0.0000000000,0.0000000000
0.0200000000,-0.1500000000,0.3000000000,-0.0627335374,0.0000000000,0.0867917763,0.4218089794,-0.3217209410,-0.0833770911,-0.3582478158,-0.2624098977,0.2990006778,-0.2703240591,-0.3911425646,0.2723816613,0.1859499698,0.3875867356,-0.1214360094,-0.3034068674,1.0000000000,0.0000000000,0.0000000000,0.0000000000,0.0000000000
0.0200000000,-0.1500000000,0.3000000000,-0.0627335374,0.0000000000,0.0841701807,0.4212303505,-0.3220238697,-0.0818832823,-0.3584818585,-0.2610835630,0.2990006778,-0.2730298391,-0.3909024056,0.2723035034,0.1900398074,0.3880649195,-0.1194153123,-0.3034068674,1.0000000000,0.0000000000,0.0000000000,0.0000000000,0.0000000000
0.0200000000,-0.1500000000,0.3000000000,-0.0627335374,0.0000000000,0.0817608569,0.4206646394,-0.3223647244,-0.0804457541,-0.3587036137,-0.2598090131,0.2990006778,-0.2751966898,-0.3907450620,0.2722174902,0.1936250700,0.3884819407,-0.1176664668,-0.3034068674,1.0000000000,0.0000000000,0.0000000000,0.0000000000,0.0000000000
0.0200000000,-0.1500000000,0.3000000000,-0.0627335374,0.0000000000,0.0797450716,0.4201550535,-0.3227169035,-0.0791825879,-0.3588951941,-0.2586872593,0.2990006778,-0.2769253447,-0.3906321365,0.2721431588,0.1966592146,0.3888326947,-0.1161989601,-0.3034068674,1.0000000000,0.0000000000,0.0000000000,0.0000000000,0.0000000000
0.0200000000,-0.1500000000,0.3000000000,-0.0627335374,0.0000000000,0.0780786311,0.4197035896,-0.3230635662,-0.0780926391,-0.3590581536,-0.2577160543,0.2990006778,-0.2783888130,-0.3905341722,0.2720844370,0.1992864400,0.3891351041,-0.1149321753,-0.3034068674,1.0000000000,0.0000000000,0.0000000000,0.0000000000,0.0000000000
0.0200000000,-0.1500000000,0.3000000000,-0.0627335374,0.0000000000,0.0766587021,0.4192953950,-0.3234013955,-0.0771279992,-0.3592009269,-0.2568542186,0.2990006778,-0.2797043419,-0.3904387133,0.2720383620,0.2016611764,0.3894079121,-0.1137867701,-0.3034068674,1.0000000000,0.0000000000,0.0000000000,0.0000000000,0.0000000000
0.0200000000,-0.1500000000,0.3000000000,-0.0627335374,0.0000000000,0.0754028339,0.4189171018,-0.3237304496,-0.0762447432,-0.3593309900,-0.2560647492,0.2990006778,-0.2809508209,-0.3903385793,0.2720026439,0.2039057605,0.3896654910,-0.1127023093,-0.3034068674,1.0000000000,0.0000000000,0.0000000000,0.0000000000,0.0000000000
0.0200000000,-0.1500000000,0.3000000000,-0.0627335374,0.0000000000,0.0742683389,0.4185612630,-0.3240518847,-0.0754183040,-0.3594524045,-0.2553270909,0.2990006778,-0.2821717144,-0.3902294953,0.2719766399,0.2060905605,0.3899157620,-0.1116452274,-0.3034068674,1.0000000000,0.0000000000,0.0000000000,0.0000000000,0.0000000000
0.0200000000,-0.1500000000,0.3000000000,-0.0627335374,0.0000000000,0.0732162982,0.4182169176,-0.3243742352,-0.0746194042,-0.3595694319,-0.2546165884,0.2990006778,-0.2834320850,-0.3901028063,0.2719609554,0.2083188889,0.3901705902,-0.1105646230,-0.3034068674,1.0000000000,0.0000000000,0.0000000000,0.0000000000,0.0000000000
0.0200000000,-0.1500000000,0.3000000000,-0.0627335374,0.0000000000,0.0721792233,0.4178627324,-0.3247172823,-0.0737928005,-0.3596897396,-0.2538864043,0.2990006778,-0.2848610815,-0.3899406442,0.2719574000,0.2107945481,0.3904536503,-0.1093588791,-0.3034068674,1.0000000000,0.0000000000,0.0000000000,0.0000000000,0.0000000000
0.0200000000,-0.1500000000,0.3000000000,-0.0627335374,0.0000000000,0.0711359830,0.4174881468,-0.3250945823,-0.0729064395,-0.3598176355,-0.2531110157,0.2990006778,-0.2865791332,-0.3897209959,0.2719723604,0.2136982098,0.3907850709,-0.1079396055,-0.3034068674,1.0000000000,0.0000000000,0.0000000000,0.0000000000,0.0000000000
0.0200000000,-0.1500000000,0.3000000000,-0.0627335374,0.0000000000,0.0701261977,0.4171057620,-0.3254946163,-0.0719806904,-0.3599506709,-0.2523104270,0.2990006778,-0.2885995778,-0.3894348834,0.2720122123,0.2170347417,0.3911637864,-0.1063085397,-0.3034068674,1.0000000000,0.0000000000,0.0000000000,0.0000000000,0.0000000000
0.0200000000,-0.1500000000,0.3000000000,-0.0627335374,0.0000000000,0.0692333418,0.4167482844,-0.3258816662,-0.0710796941,-0.3600809918,-0.2515425917,0.2990006778,-0.2908403624,-0.3890864988,0.2720814950,0.2206524758,0.3915710082,-0.1045438868,-0.3034068674,1.0000000000,0.0000000000,0.0000000000,0.0000000000,0.0000000000
0.0200000000,-0.1500000000,0.3000000000,-0.0627335374,0.0000000000,0.0685714122,0.4164606658,-0.3262068449,-0.0702803827,-0.3601996622,-0.2508801400,0.2990006778,-0.2932688503,-0.3886657078,0.2721904937,0.2244572901,0.3919953833,-0.1026906976,-0.3034068674,1.0000000000,0.0000000000,0.0000000000,0.0000000000,0.0000000000
0.0200000000,-0.1500000000,0.3000000000,-0.0627335374,0.0000000000,0.0681775781,0.4162637604,-0.3264437802,-0.0696071247,-0.3603046279,-0.2503487220,0.2990006778,-0.2959048536,-0.3881612187,0.2723448693,0.2284576641,0.3924386268,-0.1007407521,-0.3034068674,1.0000000000,0.0000000000,0.0000000000,0.0000000000,0.0000000000
0.0200000000,-0.1500000000,0.3000000000,-0.0627335374,0.0000000000,0.0680667382,0.4161694396,-0.3265758190,-0.0690655365,-0.3603962073,-0.2499575540,0.2990006778,-0.2987647520,-0.3875613409,0.2725511617,0.2326649532,0.3929018542,-0.0986881126,-0.3034068674,1.0000000000,0.0000000000,0.0000000000,0.0000000000,0.0000000000
0.0200000000,-0.1500000000,0.3000000000,-0.0627335374,0.0000000000,0.0682246619,0.4161800089,-0.3265947626,-0.0686513879,-0.3604756768,-0.2497043833,0.2990006778,-0.3017765929,-0.3868721371,0.2728103777,0.2369711273,0.3933723441,-0.0965879861,-0.3034068674,1.0000000000,0.0000000000,0.0000000000,0.0000000000,0.0000000000
0.0200000000,-0.1500000000,0.3000000000,-0.0627335374,0.0000000000,0.0686033440,0.4162867146,-0.3265021071,-0.0683506963,-0.3605451599,-0.2495746942,0.2990006778,-0.3047856339,-0.3861202553,0.2731152874,0.2411592053,0.3938257151,-0.0945483039,-0.3034068674,1.0000000000,0.0000000000,0.0000000000,0.0000000000,0.0000000000
0.0200000000,-0.1500000000,0.3000000000,-0.0627335374,0.0000000000,0.0691553584,0.4164823557,-0.3262962008,-0.0681502932,-0.3606068934,-0.2495554518,0.2990006778,-0.3076028786,-0.3853354543,0.2734592487,0.2449634417,0.3942330757,-0.0926969013,-0.3034068674,1.0000000000,0.0000000000,0.0000000000,0.0000000000,0.0000000000
0.0200000000,-0.1500000000,0.3000000000,-0.0627335374,0.0000000000,0.0698194490,0.4167439038,-0.3260008991,-0.0680114231,-0.3606653969,-0.2496099050,0.2990006778,-0.3101648850,-0.3845336386,0.2738362283,0.2483286046,0.3945903895,-0.0910546797,-0.3034068674,1.0000000000,0.0000000000,0.0000000000,0.0000000000,0.0000000000
0.0200000000,-0.1500000000,0.3000000000,-0.0627335374,0.0000000000,0.0705768202,0.4170622348,-0.3256272974,-0.0679061021,-0.3607244601,-0.2497160723,0.2990006778,-0.3124548374,-0.3837094030,0.2742526620,0.2512592184,0.3948993661,-0.0896141594,-0.3034068674,1.0000000000,0.0000000000,0.0000000000,0.0000000000,0.0000000000
0.0200000000,-0.1500000000,0.3000000000,-0.0627335374,0.0000000000,0.0714138061,0.4174303062,-0.3251841073,-0.0678118869,-0.3607871472,-0.2498565467,0.2990006778,-0.3144165451,-0.3828611582,0.2747159410,0.2537076754,0.3951552170,-0.0883952512,-0.3034068674,1.0000000000,0.0000000000,0.0000000000,0.0000000000,0.0000000000
0.0200000000,-0.1500000000,0.3000000000,-0.0627335374,0.0000000000,0.0723036834,0.4178347211,-0.3246878901,-0.0677122511,-0.3608548645,-0.2500139811,0.2990006778,-0.3159347632,-0.3820046105,0.2752259430,0.2555553311,0.3953451793,-0.0874538438,-0.3034068674,1.0000000000,0.0000000000,0.0000000000,0.0000000000,0.0000000000
0.0200000000,-0.1500000000,0.3000000000,-0.0627335374,0.0000000000,0.0731991769,0.4182511003,-0.3241694585,-0.0675940158,-0.3609272041,-0.2501670758,0.2990006778,-0.3167740020,-0.3811810637,0.2757750493,0.2565465973,0.3954418676,-0.0869111751,-0.3034068674,1.0000000000,0.0000000000,0.0000000000,0.0000000000,0.0000000000
0.0200000000,-0.1500000000,0.3000000000,-0.0627335374,0.0000000000,0.0740430245,0.4186466164,-0.3236730184,-0.0674522846,-0.3610013046,-0.2502948142,0.2990006778,-0.3168569805,-0.3804342059,0.2763397137,0.2566355447,0.3954409747,-0.0867911592,-0.3034068674,1.0000000000,0.0000000000,0.0000000000,0.0000000000,0.0000000000
0.0200000000,-0.1500000000,0.3000000000,-0.0627335374,0.0000000000,0.0747916893,0.4189960688,-0.3232328485,-0.0672859772,-0.3610744699,-0.2503826452,0.2990006778,-0.3161352558,-0.3798011258,0.2768988004,0.2558075499,0.3953413763,-0.0871033266,-0.3034068674,1.0000000000,0.0000000000,0.0000000000,0.0000000000,0.0000000000
0.0200000000,-0.1500000000,0.3000000000,-0.0627335374,0.0000000000,0.0754087434,0.4192783793,-0.3228778167,-0.0670963027,-0.3611440699,-0.2504196103,0.2990006778,-0.3145933908,-0.3793157514,0.2774303800,0.2540884617,0.3951459283,-0.0878401566,-0.3034068674,1.0000000000,0.0074459816,0.0000000000,0.0000000000,0.0000000000
0.0200000000,-0.1500000000,0.3000000000,-0.0627335374,0.0000000000,0.0758576047,0.4194739603,-0.3226339690,-0.0668810214,-0.3612083085,-0.2503933516,0.2990006778,-0.3122553559,-0.3790084279,0.2779107975,0.2515468399,0.3948618094,-0.0889759155,-0.3034068674,1.0000000000,0.0636326173,0.0000000000,0.0000000000,0.0000000000
0.0200000000,-0.1500000000,0.3000000000,-0.0627335374,0.0000000000,0.0760675079,0.4195492292,-0.3225430408,-0.0666236502,-0.3612664763,-0.2502748975,0.2990006778,-0.3091332616,-0.3789299221,0.2783012141,0.2482454374,0.3944956229,-0.0904915135,-0.3034068674,1.0000000000,0.1302992840,0.0000000000,0.0000000000,0.0000000000
0.0200000000,-0.1500000000,0.3000000000,-0.0627335374,0.0000000000,0.0760254773,0.4195024575,-0.3226042528,-0.0663129764,-0.3613206554,-0.2500560445,0.2990006778,-0.3054635716,-0.3790731923,0.2785815116,0.2444604304,0.3940771645,-0.0922627036,-0.3034068674,1.0000000000,0.1969659507,0.0000000000,0.0000000000,0.0000000000
0.0200000000,-0.1500000000,0.3000000000,-0.0627335374,0.0000000000,0.0757401472,0.4193432635,-0.3228017463,-0.0659439099,-0.3613731590,-0.2497387532,0.2990006778,-0.3014306242,-0.3794281447,0.2787389115,0.2403966327,0.3936285900,-0.0941969788,-0.3034068674,1.0000000000,0.2636326173,0.0000000000,0.0000000000,0.0000000000
0.0200000000,-0.1500000000,0.3000000000,-0.0627335374,0.0000000000,0.0752522285,0.4190971513,-0.3230994109,-0.0655203681,-0.3614264825,-0.2493394102,0.2990006778,-0.2972069134,-0.3799712231,0.2787717331,0.2362305660,0.3931691047,-0.0962120054,-0.3034068674,1.0000000000,0.3302992840,0.0000000000,0.0000000000,0.0000000000
0.0200000000,-0.1500000000,0.3000000000,-0.0627335374,0.0000000000,0.0746267409,0.4187989495,-0.3234511755,-0.0650583003,-0.3614818981,-0.2488870917,0.2990006778,-0.2929424403,-0.3806693646,0.2786876287,0.2321032644,0.3927140820,-0.0982396576,-0.3034068674,1.0000000000,0.3969659507,0.0000000000,0.0000000000,0.0000000000
0.0200000000,-0.1500000000,0.3000000000,-0.0627335374,0.0000000000,0.0739557004,0.4184916721,-0.3238042822,-0.0645978308,-0.3615371014,-0.2484304050,0.2990006778,-0.2887552018,-0.3814988842,0.2784899973,0.2281175825,0.3922746173,-0.1002315335,-0.3034068674,1.0000000000,0.4636326173,0.0000000000,0.0000000000,0.0000000000
0.0200000000,-0.1500000000,0.3000000000,-0.0627335374,0.0000000000,0.0733600385,0.4182241722,-0.3241053285,-0.0641985206,-0.3615863212,-0.2480332845,0.2990006778,-0.2846993363,-0.3824119115,0.2782088878,0.2242916593,0.3918525436,-0.1021716871,-0.3034068674,1.0000000000,0.5302992840,0.0000000000,0.0000000000,0.0000000000
0.0200000000,-0.1500000000,0.3000000000,-0.0627335374,0.0000000000,0.0729230801,0.4180294803,-0.3243200391,-0.0639058526,-0.3616241627,-0.2477422933,0.2990006778,-0.2808112168,-0.3833780341,0.2778630344,0.2206340179,0.3914488357,-0.1040506420,-0.3034068674,1.0000000000,0.5969659507,0.0000000000,0.0000000000,0.0000000000
0.0200000000,-0.1500000000,0.3000000000,-0.0627335374,0.0000000000,0.0726690746,0.4179164189,-0.3244419681,-0.0637333481,-0.3616479237,-0.2475711153,0.2990006778,-0.2771264644,-0.3843701445,0.2774692404,0.2171548187,0.3910646862,-0.1058581656,-0.3034068674,1.0000000000,0.6636326173,0.0000000000,0.0000000000,0.0000000000
0.0200000000,-0.1500000000,0.3000000000,-0.0627335374,0.0000000000,0.0725601626,0.4178677955,-0.3244931683,-0.0636577211,-0.3616590685,-0.2474962812,0.2990006778,-0.2736753940,-0.3853617069,0.2770451523,0.2138607472,0.3907008269,-0.1075855041,-0.3034068674,1.0000000000,0.7302992840,0.0000000000,0.0000000000,0.0000000000
0.0200000000,-0.1500000000,0.3000000000,-0.0627335374,0.0000000000,0.0725342322,0.4178561566,-0.3245051459,-0.0636392705,-0.3616619596,-0.2474780727,0.2990006778,-0.2705120267,-0.3863237083,0.2766077201,0.2107779928,0.3903600516,-0.1092148195,-0.3034068674,1.0000000000,0.7969659507,0.0000000000,0.0000000000,0.0000000000
0.0200000000,-0.1500000000,0.3000000000,-0.0627335374,0.0000000000,0.0725304607,0.4178544555,-0.3245068763,-0.0636365500,-0.3616623995,-0.2474753901,0.2990006778,-0.2676131940,-0.3872417745,0.2761719241,0.2078823574,0.3900396225,-0.1107533597,-0.3034068674,1.0000000000,0.8636326173,0.0000000000,0.0000000000,0.0000000000
0.0200000000,-0.1500000000,0.3000000000,-0.0627335374,0.0000000000,0.0725303036,0.4178543859,-0.3245069454,-0.0636364341,-0.3616624188,-0.2474752772,0.2990006778,-0.2649629858,-0.3881100083,0.2757447756,0.2051614969,0.3897381486,-0.1122049890,-0.3034068674,1.0000000000,0.9302821609,0.0000000000,0.0000000000,0.0000000000
0.0200000000,-0.1500000000,0.3000000000,-0.0627335374,0.0000000000,0.0725291955,0.4178540231,-0.3245072091,-0.0636355018,-0.3616625835,-0.2474744806,0.2990006778,-0.2625529722,-0.3889233743,0.2753320638,0.2026147762,0.3894556461,-0.1135679086,-0.3034068674,1.0000000000,0.9896134298,0.0000000000,0.0000000000,0.0000000000
0.0200000000,-0.1500000000,0.3000000000,-0.0627335374,0.0000000000,0.0725201103,0.4178510325,-0.3245094008,-0.0636278754,-0.3616639301,-0.2474679512,0.2990006778,-0.2603895915,-0.3896724067,0.2749420483,0.2002601369,0.3891942888,-0.1148302363,-0.3034068674,1.0000000000,1.0000000000,0.0000000000,0.0000000000,0.0000000000
0.0200000000,-0.1500000000,0.3000000000,-0.0627335374,0.0000000000,0.0724829366,0.4178387746,-0.3245184086,-0.0635966284,-0.3616694436,-0.2474411989,0.2990006778,-0.2585092908,-0.3903391721,0.2745863674,0.1981423399,0.3889590913,-0.1159664656,-0.3034068674,1.0000000000,1.0000000000,0.0000000000,0.0000000000,0.0000000000
0.0200000000,-0.1500000000,0.3000000000,-0.0627335374,0.0000000000,0.0724140725,0.4178157987,-0.3245356010,-0.0635382097,-0.3616797062,-0.2473911882,0.2990006778,-0.2568395355,-0.3909418063,0.2742583669,0.1962049654,0.3887435009,-0.1170075152,-0.3034068674,1.0000000000,1.0000000000,0.0000000000,0.0000000000,0.0000000000
0.0200000000,-0.1500000000,0.3000000000,-0.0627335374,0.0000000000,0.0723292494,0.4177863340,-0.3245589676,-0.0634639653,-0.3616925574,-0.2473276405,0.2990006778,-0.2553012090,-0.3915048369,0.2739461425,0.1943747360,0.3885391102,-0.1179939468,-0.3034068674,1.0000000000,1.0000000000,0.0000000000,0.0000000000,0.0000000000
0.0200000000,-0.1500000000,0.3000000000,-0.0627335374,0.0000000000,0.0722366558,0.4177513976,-0.3245896336,-0.0633776915,-0.3617070786,-0.2472537523,0.2990006778,-0.2538440858,-0.3920453854,0.2736410798,0.1925999751,0.3883402423,-0.1189532296,-0.3034068674,1.0000000000,1.0000000000,0.0000000000,0.0000000000,0.0000000000
0.0200000000,-0.1500000000,0.3000000000,-0.0627335374,0.0000000000,0.0721272935,0.4177060363,-0.3246332517,-0.0632687978,-0.3617249518,-0.2471601868,0.2990006778,-0.2524477385,-0.3925705597,0.2733398471,0.1908597686,0.3881447874,-0.1198957033,-0.3034068674,1.0000000000,1.0000000000,0.0000000000,0.0000000000,0.0000000000
0.0200000000,-0.1500000000,0.3000000000,-0.0627335374,0.0000000000,0.0719890976,0.4176425308,-0.3246991580,-0.0631217792,-0.3617486237,-0.2470330565,0.2990006778,-0.2511032390,-0.3930826569,0.2730415279,0.1891482718,0.3879521934,-0.1208243812,-0.3034068674,1.0000000000,1.0000000000,0.0000000000,0.0000000000,0.0000000000
0.0200000000,-0.1500000000,0.3000000000,-0.0627335374,0.0000000000,0.0718209700,0.4175582459,-0.3247919691,-0.0629317275,-0.3617785254,-0.2468681332,0.2990006778,-0.2498019900,-0.3935836534,0.2727458600,0.1874610494,0.3877620785,-0.1217411268,-0.3034068674,1.0000000000,1.0000000000,0.0000000000,0.0000000000,0.0000000000
0.0200000000,-0.1500000000,0.3000000000,-0.0627335374,0.0000000000,0.0716221101,0.4174522468,-0.3249139634,-0.0626957142,-0.3618145868,-0.2466634670,0.2990006778,-0.2485471669,-0.3940730222,0.2724530544,0.1857982579,0.3875744822,-0.1226454701,-0.3034068674,1.0000000000,1.0000000000,0.0000000000,0.0000000000,0.0000000000
0.0200000000,-0.1500000000,0.3000000000,-0.0627335374,0.0000000000,0.0713972772,0.4173274588,-0.3250621632,-0.0624196833,-0.3618555550,-0.2464246152,0.2990006778,-0.2473190445,-0.3945576300,0.2721590014,0.1841364872,0.3873865945,-0.1235508775,-0.3034068674,1.0000000000,1.0000000000,0.0000000000,0.0000000000,0.0000000000
0.0200000000,-0.1500000000,0.3000000000,-0.0627335374,0.0000000000,0.0711524618,0.4171849332,-0.3252370077,-0.0621086836,-0.3619002770,-0.2461555780,0.2990006778,-0.2460479098,-0.3950627989,0.2718480664,0.1823875961,0.3871879468,-0.1245076317,-0.3034068674,1.0000000000,1.0000000000,0.0000000000,0.0000000000,0.0000000000
0.0200000000,-0.1500000000,0.3000000000,-0.0627335374,0.0000000000,0.0708870401,0.4170127424,-0.3254607235,-0.0617471599,-0.3619495245,-0.2458412807,0.2990006778,-0.2445830525,-0.3956483171,0.2714811905,0.1803321256,0.3869527436,-0.1256391250,-0.3034068674,1.0000000000,1.0000000000,0.0000000000,0.0000000000,0.0000000000
0.0200000000,-0.1500000000,0.3000000000,-0.0627335374,0.0000000000,0.0706209902,0.4168071499,-0.3257467396,-0.0613416913,-0.3620011248,-0.2454845384,0.2990006778,-0.2428461600,-0.3963471026,0.2710366830,0.1778454168,0.3866669770,-0.1270127626,-0.3034068674,1.0000000000,1.0000000000,0.0000000000,0.0000000000,0.0000000000
0.0200000000,-0.1500000000,0.3000000000,-0.0627335374,0.0000000000,0.0704096472,0.4165813082,-0.3260882285,-0.0609407034,-0.3620474923,-0.2451227518,0.2990006778,-0.2408665088,-0.3971491198,0.2705202158,0.1749553448,0.3863346731,-0.1286101011,-0.3034068674,1.0000000000,1.0000000000,0.0000000000,0.0000000000,0.0000000000
0.0200000000,-0.1500000000,0.3000000000,-0.0627335374,0.0000000000,0.0703172747,0.4163609052,-0.3264578698,-0.0606138100,-0.3620791087,-0.2448124140,0.2990006778,-0.2387653486,-0.3980053507,0.2699632140,0.1718306782,0.3859760070,-0.1303350286,-0.3034068674,1.0000000000,1.0000000000,0.0000000000,0.0000000000,0.0000000000
0.0200000000,-0.1500000000,0.3000000000,-0.0627335374,0.0000000000,0.0703656764,0.4161696714,-0.3268184286,-0.0604042095,-0.3620916827,-0.2445916908,0.2990006778,-0.2367102324,-0.3988450256,0.2694127272,0.1687232583,0.3856203684,-0.1320464808,-0.3034068674,1.0000000000,1.0000000000,0.0000000000,0.0000000000,0.0000000000
0.0200000000,-0.1500000000,0.3000000000,-0.0627335374,0.0000000000,0.0705361013,0.4160248248,-0.3271318887,-0.0603240990,-0.3620861754,-0.2444755608,0.2990006778,-0.2348718809,-0.3995933810,0.2689190575,0.1659005731,0.3852982991,-0.1335969465,-0.3034068674,1.0000000000,1.0000000000,0.0000000000,0.0000000000,0.0000000000
0.0200000000,-0.1500000000,0.3000000000,-0.0627335374,0.0000000000,0.0707763409,0.4159182014,-0.3273969404,-0.0603338083,-0.3620693145,-0.2444343641,0.2990006778,-0.2332363875,-0.4002520530,0.2684819764,0.1633633335,0.3850085209,-0.1349910148,-0.3034068674,1.0000000000,1.0000000000,0.0000000000,0.0000000000,0.0000000000
0.0200000000,-0.1500000000,0.3000000000,-0.0627335374,0.0000000000,0.0710731426,0.4158414806,-0.3276251931,-0.0604157025,-0.3620430692,-0.2444529589,0.2990006778,-0.2317075432,-0.4008573827,0.2680777040,0.1609753368,0.3847343360,-0.1363075628,-0.3034068674,1.0000000000,1.0000000000,0.0000000000,0.0000000000,0.0000000000
0.0200000000,-0.1500000000,0.3000000000,-0.0627335374,0.0000000000,0.0714301374,0.4157911319,-0.3278247236,-0.0605679736,-0.3620070344,-0.2445286253,0.2990006778,-0.2302043873,-0.4014401837,0.2676866522,0.1586165569,0.3844618070,-0.1376128662,-0.3034068674,1.0000000000,1.0000000000,0.0000000000,0.0000000000,0.0000000000
0.0200000000,-0.1500000000,0.3000000000,-0.0627335374,0.0000000000,0.0718484803,0.4157646735,-0.3280007685,-0.0607881302,-0.3619611552,-0.2446586823,0.2990006778,-0.2286860768,-0.4020155433,0.2672996451,0.1562277479,0.3841844266,-0.1389383004,-0.3034068674,1.0000000000,1.0000000000,0.0000000000,0.0000000000,0.0000000000
0.0200000000,-0.1500000000,0.3000000000,-0.0627335374,0.0000000000,0.0723374089,0.4157616082,-0.3281576709,-0.0610809867,-0.3619041694,-0.2448460805,0.2990006778,-0.2271007012,-0.4025968074,0.2669090551,0.1537394621,0.3838939216,-0.1403227311,-0.3034068674,1.0000000000,1.0000000000,0.0000000000,0.0000000000,0.0000000000
0.0200000000,-0.1500000000,0.3000000000,-0.0627335374,0.0000000000,0.0729015838,0.4157800151,-0.3283006132,-0.0614471434,-0.3618355415,-0.2450904133,0.2990006778,-0.2253994355,-0.4031960812,0.2665087427,0.1510889521,0.3835828148,-0.1418009134,-0.3034068674,1.0000000000,1.0000000000,0.0000000000,0.0000000000,0.0000000000
0.0200000000,-0.1500000000,0.3000000000,-0.0627335374,0.0000000000,0.0735432624,0.4158202443,-0.3284298049,-0.0618889519,-0.3617548133,-0.2453933691,0.2990006778,-0.2235611320,-0.4038154211,0.2660988134,0.1482527560,0.3832483764,-0.1433851999,-0.3034068674,1.0000000000,1.0000000000,0.0000000000,0.0000000000,0.0000000000
0.0200000000,-0.1500000000,0.3000000000,-0.0627335374,0.0000000000,0.0742522702,0.4158808920,-0.3285446199,-0.0623994920,-0.3616631560,-0.2457498304,0.2990006778,-0.2215873874,-0.4044485989,0.2656849038,0.1452442593,0.3828921559,-0.1450676788,-0.3034068674,1.0000000000,1.0000000000,0.0000000000,0.0000000000,0.0000000000
0.0200000000,-0.1500000000,0.3000000000,-0.0627335374,0.0000000000,0.0750187763,0.4159612456,-0.3286431977,-0.0629728092,-0.3615616850,-0.2461556216,0.2990006778,-0.2194772767,-0.4050884639,0.2652736577,0.1420772743,0.3825150138,-0.1468426411,-0.3034068674,1.0000000000,1.0000000000,0.0000000000,0.0000000000,0.0000000000
0.0200000000,-0.1500000000,0.3000000000,-0.0627335374,0.0000000000,0.0758433006,0.4160650841,-0.3287188296,-0.0636133131,-0.3614500912,-0.2466153610,0.2990006778,-0.2172092514,-0.4057267420,0.2648734711,0.1387518907,0.3821114558,-0.1487284351,-0.3034068674,1.0000000000,1.0000000000,0.0000000000,0.0000000000,0.0000000000
0.0200000000,-0.1500000000,0.3000000000,-0.0627335374,0.0000000000,0.0767160948,0.4161923849,-0.3287680493,-0.0643124140,-0.3613301417,-0.2471236370,0.2990006778,-0.2147916610,-0.4063533807,0.2644919479,0.1353103237,0.3816753399,-0.1507409684,-0.3034068674,1.0000000000,1.0000000000,0.0000000000,0.0000000000,0.0000000000
0.0200000000,-0.1500000000,0.3000000000,-0.0627335374,0.0000000000,0.0776399182,0.4163461528,-0.3287859628,-0.0650741114,-0.3612015394,-0.2476845370,0.2990006778,-0.2121834845,-0.4069686674,0.2641324041,0.1317348904,0.3811932799,-0.1529297122,-0.3034068674,1.0000000000,1.0000000000,0.0000000000,0.0000000000,0.0000000000
0.0200000000,-0.1500000000,0.3000000000,-0.0627335374,0.0000000000,0.0786273375,0.4165314952,-0.3287669281,-0.0659117045,-0.3610624629,-0.2483091443,0.2990006778,-0.2092873471,-0.4075910246,0.2637899475,0.1279279533,0.3806520941,-0.1553543227,-0.3034068674,1.0000000000,1.0000000000,0.0000000000,0.0000000000,0.0000000000
0.0200000000,-0.1500000000,0.3000000000,-0.0627335374,0.0000000000,0.0796930447,0.4167546840,-0.3287037278,-0.0668396230,-0.3609110236,-0.2490099125,0.2990006778,-0.2059947845,-0.4082439074,0.2634588481,0.1237691823,0.3800454270,-0.1580528068,-0.3034068674,1.0000000000,1.0000000000,0.0000000000,0.0000000000,0.0000000000
0.0200000000,-0.1500000000,0.3000000000,-0.0627335374,0.0000000000,0.0808506637,0.4170257389,-0.3285816461,-0.0678693457,-0.3607463522,-0.2497995142,0.2990006778,-0.2021986723,-0.4089390735,0.2631451372,0.1191646703,0.3793691136,-0.1610503108,-0.3034068674,1.0000000000,1.0000000000,0.0000000000,0.0000000000,0.0000000000
0.0200000000,-0.1500000000,0.3000000000,-0.0627335374,0.0000000000,0.0820760351,0.4173399448,-0.3284008596,-0.0689702016,-0.3605736951,-0.2506565738,0.2990006778,-0.1979753081,-0.4096604341,0.2628591351,0.1142179224,0.3786415400,-0.1642677966,-0.3034068674,1.0000000000,1.0000000000,0.0000000000,0.0000000000,0.0000000000
0.0200000000,-0.1500000000,0.3000000000,-0.0627335374,0.0000000000,0.0833430247,0.4176924721,-0.3281611947,-0.0701118719,-0.3603982246,-0.2515598336,0.2990006778,-0.1933959313,-0.4103916724,0.2626103359,0.1090336787,0.3778780208,-0.1676376907,-0.3034068674,1.0000000000,1.0000000000,0.0000000000,0.0000000000,0.0000000000
0.0200000000,-0.1500000000,0.3000000000,-0.0627335374,0.0000000000,0.0846230825,0.4180754672,-0.3278674444,-0.0712625051,-0.3602249755,-0.2524854986,0.2990006778,-0.1885541011,-0.4111170247,0.2624041927,0.1037275366,0.3770955301,-0.1710857789,-0.3034068674,1.0000000000,1.0000000000,0.0000000000,0.0000000000,0.0000000000
0.0200000000,-0.1500000000,0.3000000000,-0.0627335374,0.0000000000,0.0858945270,0.4184800775,-0.3275286782,-0.0723956583,-0.3600577276,-0.2534126903,0.2990006778,-0.1835463359,-0.4118231169,0.2622430339,0.0984007374,0.3763090497,-0.1745463427,-0.3034068674,1.0000000000,1.0000000000,0.0000000000,0.0000000000,0.0000000000
0.0200000000,-0.1500000000,0.3000000000,-0.0627335374,0.0000000000,0.0871444437,0.4189004779,-0.3271509931,-0.0734886187,-0.3598998118,-0.2543247227,0.2990006778,-0.1784401725,-0.4124961368,0.2621340900,0.0931307303,0.3755298307,-0.1779683234,-0.3034068674,1.0000000000,1.0000000000,0.0000000000,0.0000000000,0.0000000000
0.0200000000,-0.1500000000,0.3000000000,-0.0627335374,0.0000000000,0.0883791932,0.4193319605,-0.3267451641,-0.0745422273,-0.3597503371,-0.2552198699,0.2990006778,-0.1732714003,-0.4131376834,0.2620708254,0.0879234179,0.3747585320,-0.1813484393,-0.3034068674,1.0000000000,1.0000000000,0.0000000000,0.0000000000,0.0000000000
0.0200000000,-0.1500000000,0.3000000000,-0.0627335374,0.0000000000,0.0896161166,0.4197769652,-0.3263118001,-0.0755669080,-0.3596075580,-0.2561063307,0.2990006778,-0.1680036837,-0.4137545608,0.2620503123,0.0827301047,0.3739872728,-0.1847203540,-0.3034068674,1.0000000000,1.0000000000,0.0000000000,0.0000000000,0.0000000000
0.0200000000,-0.1500000000,0.3000000000,-0.0627335374,0.0000000000,0.0908742241,0.4202400403,-0.3258479464,-0.0765738231,-0.3594698913,-0.2569939174,0.2990006778,-0.1625794428,-0.4143541336,0.2620721838,0.0774904578,0.3732062280,-0.1881257902,-0.3034068674,1.0000000000,1.0000000000,0.0000000000,0.0000000000,0.0000000000
0.0200000000,-0.1500000000,0.3000000000,-0.0627335374,0.0000000000,0.0921630550,0.4207226628,-0.3253534241,-0.0775684889,-0.3593364605,-0.2578871979,0.2990006778,-0.1569695423,-0.4149398967,0.2621367297,0.0721718570,0.3724098395,-0.1915877066,-0.3034068674,1.0000000000,1.0000000000,0.0000000000,0.0000000000,0.0000000000
0.0200000000,-0.1500000000,0.3000000000,-0.0627335374,0.0000000000,0.0934896703,0.4212254289,-0.3248283868,-0.0785500269,-0.3592073888,-0.2587867119,0.2990006778,-0.1511412108,-0.4155099669,0.2622517251,0.0667469073,0.3715926530,-0.1951257418,-0.3034068674,1.0000000000,1.0000000000,0.0000000000,0.0000000000,0.0000000000
0.0200000000,-0.1500000000,0.3000000000,-0.0627335374,0.0000000000,0.0948562761,0.4217462758,-0.3242773390,-0.0795199818,-0.3590821303,-0.2596923834,0.2990006778,-0.1450893763,-0.4160655493,0.2624180413,0.0611991294,0.3707514820,-0.1987512681,-0.3034068674,1.0000000000,1.0000000000,0.0000000000,0.0000000000,0.0000000000
0.0200000000,-0.1500000000,0.3000000000,-0.0627335374,0.0000000000,0.0962793080,0.4222893689,-0.3236969212,-0.0804846022,-0.3589599676,-0.2606109431,0.2990006778,-0.1387475638,-0.4166096746,0.2626434729,0.0554694482,0.3698757482,-0.2025056667,-0.3034068674,1.0000000000,1.0000000000,0.0000000000,0.0000000000,0.0000000000
0.0200000000,-0.1500000000,0.3000000000,-0.0627335374,0.0000000000,0.0977901340,0.4228639139,-0.3230785637,-0.0814555948,-0.3588397062,-0.2615556777,0.2990006778,-0.1319873323,-0.4171482859,0.2629423336,0.0494485621,0.3689461731,-0.2064651725,-0.3034068674,1.0000000000,1.0000000000,0.0000000000,0.0000000000,0.0000000000
0.0200000000,-0.1500000000,0.3000000000,-0.0627335374,0.0000000000,0.0994110490,0.4234760354,-0.3224166976,-0.0824372196,-0.3587211538,-0.2625334832,0.2990006778,-0.1247102772,-0.4176833834,0.2633299851,0.0430571248,0.3679480912,-0.2106854229,-0.3034068674,1.0000000000,1.0000000000,0.0000000000,0.0000000000,0.0000000000
0.0200000000,-0.1500000000,0.3000000000,-0.0627335374,0.0000000000,0.1011198165,0.4241156889,-0.3217223208,-0.0834037293,-0.3586077311,-0.2635234776,0.2990006778,-0.1169827740,-0.4181988928,0.2638206879,0.0363644928,0.3668901862,-0.2151199199,-0.3034068674,1.0000000000,1.0000000000,0.0000000000,0.0000000000,0.0000000000
0.0200000000,-0.1500000000,0.3000000000,-0.0627335374,0.0000000000,0.1028325751,0.4247518773,-0.3210296886,-0.0843132599,-0.3585036276,-0.2644807453,0.2990006778,-0.1091444913,-0.4186722457,0.2643928088,0.0296478737,0.3658182874,-0.2195757556,-0.3034068674,1.0000000000,1.0000000000,0.0000000000,0.0000000000,0.0000000000
0.0200000000,-0.1500000000,0.3000000000,-0.0627335374,0.0000000000,0.1044837460,0.4253601789,-0.3203662552,-0.0851335756,-0.3584119496,-0.2653702385,0.2990006778,-0.1014705152,-0.4190862036,0.2650267000,0.0231300929,0.3647697284,-0.2238970077,-0.3034068674,1.0000000000,1.0000000000,0.0000000000,0.0000000000,0.0000000000
0.0200000000,-0.1500000000,0.3000000000,-0.0627335374,0.0000000000,0.1060123498,0.4259178052,-0.3197584874,-0.0858389756,-0.3583347577,-0.2661615424,0.2990006778,-0.0942342570,-0.4194286642,0.2656942895,0.0170267822,0.3637820073,-0.2279317516,-0.3034068674,1.0000000000,1.0000000000,0.0000000000,0.0000000000,0.0000000000
0.0200000000,-0.1500000000,0.3000000000,-0.0627335374,0.0000000000,0.1073788726,0.4264102634,-0.3192236147,-0.0864158285,-0.3582728894,-0.2668365744,0.2990006778,-0.0876186449,-0.4196942419,0.2663728583,0.0114772623,0.3628800789,-0.2315807720,-0.3034068674,1.0000000000,1.0000000000,0.0000000000,0.0000000000,0.0000000000
0.0200000000,-0.1500000000,0.3000000000,-0.0627335374,0.0000000000,0.1085907369,0.4268410754,-0.3187574721,-0.0868727951,-0.3582253244,-0.2674023618,0.2990006778,-0.0815828418,-0.4198864946,0.2670665594,0.0064391728,0.3620563340,-0.2348728714,-0.3034068674,1.0000000000,1.0000000000,0.0000000000,0.0000000000,0.0000000000
0.0200000000,-0.1500000000,0.3000000000,-0.0627335374,0.0000000000,0.1097257743,0.4272412256,-0.3183243714,-0.0872596645,-0.3581868563,-0.2679078618,0.2990006778,-0.0757613121,-0.4200319577,0.2678019379,0.0015976189,0.3612572508,-0.2380271934,-0.3034068674,1.0000000000,1.0000000000,0.0000000000,0.0000000000,0.0000000000
0.0200000000,-0.1500000000,0.3000000000,-0.0627335374,0.0000000000,0.1108120723,0.4276220478,-0.3179111170,-0.0875884899,-0.3581566868,-0.2683671621,0.2990006778,-0.0699758826,-0.4201373329,0.2686036462,-0.0031981972,0.3604558060,-0.2411472436,-0.3034068674,1.0000000000,1.0000000000,0.0000000000,0.0000000000,0.0000000000
0.0200000000,-0.1500000000,0.3000000000,-0.0627335374,0.0000000000,0.1118376562,0.4279799675,-0.3175214569,-0.0878586318,-0.3581346819,-0.2687771439,0.2990006778,-0.0642858242,-0.4202044469,0.2694588355,-0.0079015987,0.3596605256,-0.2442020082,-0.3034068674,1.0000000000,1.0000000000,0.0000000000,0.0000000000,0.0000000000
0.0200000000,-0.1500000000,0.3000000000,-0.0627335374,0.0000000000,0.1127654621,0.4283027802,-0.3171687285,-0.0880705906,-0.3581194783,-0.2691298632,0.2990006778,-0.0589348134,-0.4202370333,0.2703121325,-0.0123183818,0.3589092170,-0.2470579082,-0.3034068674,1.0000000000,1.0000000000,0.0000000000,0.0000000000,0.0000000000
0.0200000000,-0.1500000000,0.3000000000,-0.0627335374,0.0000000000,0.1134829465,0.4285523173,-0.3168946539,-0.0882015785,-0.3581113396,-0.2693858825,0.2990006778,-0.0545516828,-0.4202297017,0.2710496257,-0.0159437837,0.3582958824,-0.2493678451,-0.3034068674,1.0000000000,1.0000000000,0.0000000000,0.0000000000,0.0000000000
0.0200000000,-0.1500000000,0.3000000000,-0.0627335374,0.0000000000,0.1140074434,0.4287352887,-0.3166923117,-0.0882610379,-0.3581089156,-0.2695552079,0.2990006778,-0.0510621786,-0.4201864493,0.2716724932,-0.0188475286,0.3578121458,-0.2511713478,-0.3034068674,1.0000000000,1.0000000000,0.0000000000,0.0000000000,0.0000000000
0.0200000000,-0.1500000000,0.3000000000,-0.0627335374,0.0000000000,0.1144007133,0.4288731676,-0.3165384047,-0.0882699358,-0.3581106977,-0.2696645279,0.2990006778,-0.0481690700,-0.4201152549,0.2722246462,-0.0212723147,0.3574143074,-0.2526356437,-0.3034068674,1.0000000000,1.0000000000,0.0000000000,0.0000000000,0.0000000000
0.0200000000,-0.1500000000,0.3000000000,-0.0627335374,0.0000000000,0.1147347178,0.4289906110,-0.3164061825,-0.0882562563,-0.3581146046,-0.2697466661,0.2990006778,-0.0455528746,-0.4200301358,0.2727488466,-0.0234728339,0.3570545793,-0.2539451159,-0.3034068674,1.0000000000,1.0000000000,0.0000000000,0.0000000000,0.0000000000
0.0200000000,-0.1500000000,0.3000000000,-0.0627335374,0.0000000000,0.1150542372,0.4291029131,-0.3162790450,-0.0882368136,-0.3581193616,-0.2698217820,0.2990006778,-0.0430057850,-0.4199401485,0.2732721203,-0.0256142972,0.3567023335,-0.2552184513,-0.3034068674,1.0000000000,1.0000000000,0.0000000000,0.0000000000,0.0000000000
0.0200000000,-0.1500000000,0.3000000000,-0.0627335374,0.0000000000,0.1153653260,0.4292123950,-0.3161541825,-0.0882108977,-0.3581253979,-0.2698908860,0.2990006778,-0.0404656975,-0.4198447600,0.2738092145,-0.0277468069,0.3563474352,-0.2564905145,-0.3034068674,1.0000000000,1.0000000000,0.0000000000,0.0000000000,0.0000000000
0.0200000000,-0.1500000000,0.3000000000,-0.0627335374,0.0000000000,0.1156536245,0.4293149510,-0.3160354934,-0.0881659243,-0.3581344903,-0.2699434680,0.2990006778,-0.0379188064,-0.4197364887,0.2743769823,-0.0298856740,0.3559860873,-0.2577670067,-0.3034068674,1.0000000000,1.0000000000,0.0000000000,0.0000000000,0.0000000000
0.0200000000,-0.1500000000,0.3000000000,-0.0627335374,0.0000000000,0.1159033453,0.4294059898,-0.3159273443,-0.0880887265,-0.3581485193,-0.2699682999,0.2990006778,-0.0353578097,-0.4196073391,0.2749924364,-0.0320405784,0.3556151190,-0.2590502827,-0.3034068674,1.0000000000,1.0000000000,0.0000000000,0.0000000000,0.0000000000
0.0200000000,-0.1500000000,0.3000000000,-0.0627335374,0.0000000000,0.1161145134,0.4294855515,-0.3158297255,-0.0879794747,-0.3581674664,-0.2699654548,0.2990006778,-0.0327831236,-0.4194576567,0.2756551457,-0.0342110544,0.3552346245,-0.2603400243,-0.3034068674,1.0000000000,1.0000000000,0.0000000000,0.0000000000,0.0000000000
0.0200000000,-0.1500000000,0.3000000000,-0.0627335374,0.0000000000,0.1163027544,0.4295582430,-0.3157383020,-0.0878513590,-0.3581894533,-0.2699460971,0.2990006778,-0.0302020696,-0.4192957095,0.2763481193,-0.0363874280,0.3548477618,-0.2616336134,-0.3034068674,1.0000000000,1.0000000000,0.0000000000,0.0000000000,0.0000000000
0.0200000000,-0.1500000000,0.3000000000,-0.0627335374,0.0000000000,0.1164790257,0.4296274659,-0.3156496277,-0.0877135417,-0.3582132554,-0.2699180599,0.2990006778,-0.0276134295,-0.4191266488,0.2770631378,-0.0385680584,0.3544551335,-0.2629331395,-0.3034068674,1.0000000000,1.0000000000,0.0000000000,0.0000000000,0.0000000000
0.0200000000,-0.1500000000,0.3000000000,-0.0627335374,0.0000000000,0.1166332528,0.4296910705,-0.3155649498,-0.0875574328,-0.3582402047,-0.2698745312,0.2990006778,-0.0249854237,-0.4189439996,0.2778198746,-0.0407834978,0.3540498612,-0.2642553957,-0.3034068674,1.0000000000,1.0000000000,0.0000000000,0.0000000000,0.0000000000
0.0200000000,-0.1500000000,0.3000000000,-0.0627335374,0.0000000000,0.1167368484,0.4297420413,-0.3154894670,-0.0873590704,-0.3582739857,-0.2697958332,0.2990006778,-0.0222588840,-0.4187311840,0.2786646908,-0.0430912685,0.3536175380,-0.2656312940,-0.3034068674,1.0000000000,1.0000000000,0.0000000000,0.0000000000,0.0000000000
0.0200000000,-0.1500000000,0.3000000000,-0.0627335374,0.0000000000,0.1167685212,0.4297751323,-0.3154271080,-0.0871006799,-0.3583173408,-0.2696673063,0.2990006778,-0.0193900015,-0.4184762591,0.2796318845,-0.0455334466,0.3531474537,-0.2670835660,-0.3034068674,1.0000000000,1.0000000000,0.0000000000,0.0000000000,0.0000000000
0.0200000000,-0.1500000000,0.3000000000,-0.0627335374,0.0000000000,0.1167309551,0.4297911285,-0.3153771644,-0.0867838502,-0.3583700830,-0.2694903966,0.2990006778,-0.0163725765,-0.4181799470,0.2807232116,-0.0481136552,0.3526384965,-0.2686150280,-0.3034068674,1.0000000000,1.0000000000,0.0000000000,0.0000000000,0.0000000000
0.0200000000,-0.1500000000,0.3000000000,-0.0627335374,0.0000000000,0.1166124518,0.4297879142,-0.3153401769,-0.0863942886,-0.3584347289,-0.2692546045,0.2990006778,-0.0131112382,-0.4178271608,0.2819961110,-0.0509130440,0.3520698475,-0.2702747457,-0.3034068674,1.0000000000,1.0000000000,0.0000000000,0.0000000000,0.0000000000
0.0200000000,-0.1500000000,0.3000000000,-0.0627335374,0.0000000000,0.1163785570,0.4297580096,-0.3153203662,-0.0858999626,-0.3585164386,-0.2689348901,0.2990006778,-0.0094536214,-0.4173877087,0.2835504466,-0.0540675309,0.3514075947,-0.2721403680,-0.3034068674,1.0000000000,1.0000000000,0.0000000000,0.0000000000,0.0000000000
0.0200000000,-0.1500000000,0.3000000000,-0.0627335374,0.0000000000,0.1159850362,0.4296906897,-0.3153253459,-0.0852752974,-0.3586189831,-0.2685079793,0.2990006778,-0.0053453170,-0.4168360372,0.2854556780,-0.0576323777,0.3506343474,-0.2742361517,-0.3034068674,1.0000000000,1.0000000000,0.0000000000,0.0000000000,0.0000000000
0.0200000000,-0.1500000000,0.3000000000,-0.0627335374,0.0000000000,0.1154211889,0.4295820622,-0.3153594705,-0.0845440675,-0.3587378477,-0.2679859489,0.2990006778,-0.0009898450,-0.4161812569,0.2876508397,-0.0614389728,0.3497846150,-0.2764485822,-0.3034068674,1.0000000000,1.0000000000,0.0000000000,0.0000000000,0.0000000000
0.0200000000,-0.1500000000,0.3000000000,-0.0627335374,0.0000000000,0.1147073823,0.4294353340,-0.3154225555,-0.0837590444,-0.3588638839,-0.2674037923,0.2990006778,0.0033083646,-0.4154510861,0.2900118134,-0.0652279136,0.3489153806,-0.2786107179,-0.3034068674,1.0000000000,1.0000000000,0.0000000000,0.0000000000,0.0000000000
0.0200000000,-0.1500000000,0.3000000000,-0.0627335374,0.0000000000,0.1138708743,0.4292556980,-0.3155125173,-0.0829684891,-0.3589889735,-0.2667950336,0.2990006778,0.0073475077,-0.4146615647,0.2924637065,-0.0688229920,0.3480639369,-0.2806079293,-0.3034068674,1.0000000000,1.0000000000,0.0000000000,0.0000000000,0.0000000000
0.0200000000,-0.1500000000,0.3000000000,-0.0627335374,0.0000000000,0.1129833986,0.4290608107,-0.3156164731,-0.0822126102,-0.3591072648,-0.2661968161,0.2990006778,0.0111327407,-0.4138390112,0.2949493558,-0.0722105493,0.3472396064,-0.2824446326,-0.3034068674,1.0000000000,1.0000000000,0.0000000000,0.0000000000,0.0000000000
0.0200000000,-0.1500000000,0.3000000000,-0.0627335374,0.0000000000,0.1121063306,0.4288658561,-0.3157233335,-0.0815296168,-0.3592131361,-0.2656431559,0.2990006778,0.0146541165,-0.4130069971,0.2974149831,-0.0753659137,0.3464528331,-0.2841167385,-0.3034068674,1.0000000000,1.0000000000,0.0000000000,0.0000000000,0.0000000000
0.0200000000,-0.1500000000,0.3000000000,-0.0627335374,0.0000000000,0.1112849413,0.4286821621,-0.3158247659,-0.0809473234,-0.3593024970,-0.2651589596,0.2990006778,0.0179314530,-0.4121790261,0.2998362002,-0.0782923911,0.3457059745,-0.2856342480,-0.3034068674,1.0000000000,1.0000000000,0.0000000000,0.0000000000,0.0000000000
0.0200000000,-0.1500000000,0.3000000000,-0.0627335374,0.0000000000,0.1105296159,0.4285124194,-0.3159187981,-0.0804702992,-0.3593746871,-0.2647488949,0.2990006778,0.0210802549,-0.4113408872,0.3022739282,-0.0810782440,0.3449771695,-0.2870512014,-0.3034068674,1.0000000000,1.0000000000,0.0000000000,0.0000000000,0.0000000000
0.0200000000,-0.1500000000,0.3000000000,-0.0627335374,0.0000000000,0.1098433392,0.4283565832,-0.3160066485,-0.0801116642,-0.3594273055,-0.2644210475,0.2990006778,0.0243158250,-0.4104480284,0.3048883431,-0.0838849170,0.3442198935,-0.2884567228,-0.3034068674,1.0000000000,1.0000000000,0.0000000000,0.0000000000,0.0000000000
0.0200000000,-0.1500000000,0.3000000000,-0.0627335374,0.0000000000,0.1092426833,0.4282175474,-0.3160880567,-0.0798818792,-0.3594584570,-0.2641840310,0.2990006778,0.0277753847,-0.4094843514,0.3077526659,-0.0868087465,0.3434094232,-0.2899095938,-0.3034068674,1.0000000000,1.0000000000,0.0000000000,0.0000000000,0.0000000000
0.0200000000,-0.1500000000,0.3000000000,-0.0627335374,0.0000000000,0.1087825563,0.4281063451,-0.3161586282,-0.0798201500,-0.3594616761,-0.2640698448,0.2990006778,0.0314193723,-0.4084734745,0.3108084834,-0.0897922808,0.3425620510,-0.2913836763,-0.3034068674,1.0000000000,1.0000000000,0.0000000000,0.0000000000,0.0000000000
0.0200000000,-0.1500000000,0.3000000000,-0.0627335374,0.0000000000,0.1085177705,0.4280337179,-0.3162145479,-0.0799559736,-0.3594321007,-0.2641044329,0.2990006778,0.0350577321,-0.4074728917,0.3138778848,-0.0926639963,0.3417278082,-0.2927915820,-0.3034068674,1.0000000000,1.0000000000,0.0000000000,0.0000000000,0.0000000000
0.0200000000,-0.1500000000,0.3000000000,-0.0627335374,0.0000000000,0.1084731325,0.4280037642,-0.3162557282,-0.0802939661,-0.3593688114,-0.2642939028,0.2990006778,0.0385040719,-0.4065338375,0.3167934376,-0.0952698421,0.3409529887,-0.2940541684,-0.3034068674,1.0000000000,1.0000000000,0.0000000000,0.0000000000,0.0000000000
0.0200000000,-0.1500000000,0.3000000000,-0.0627335374,0.0000000000,0.1086729504,0.4280193758,-0.3162843925,-0.0808516356,-0.3592683800,-0.2646517477,0.2990006778,0.0416893256,-0.4056756058,0.3194930742,-0.0975447217,0.3402562326,-0.2951373763,-0.3034068674,1.0000000000,1.0000000000,0.0000000000,0.0000000000,0.0000000000
0.0200000000,-0.1500000000,0.3000000000,-0.0627335374,0.0000000000,0.1090796895,0.4280718559,-0.3163059887,-0.0816007112,-0.3591350560,-0.2651549210,0.2990006778,0.0447125460,-0.4048682810,0.3220627716,-0.0995888570,0.3396114374,-0.2960936573,-0.3034068674,1.0000000000,1.0000000000,0.0000000000,0.0000000000,0.0000000000
0.0200000000,-0.1500000000,0.3000000000,-0.0627335374,0.0000000000,0.1096853544,0.4281589157,-0.3163225739,-0.0825338034,-0.3589697707,-0.2657977458,0.2990006778,0.0475908435,-0.4041030374,0.3245219292,-0.1014295594,0.3390122591,-0.2969366925,-0.3034068674,1.0000000000,1.0000000000,0.0000000000,0.0000000000,0.0000000000
0.0200000000,-0.1500000000,0.3000000000,-0.0627335374,0.0000000000,0.1104712472,0.4282770747,-0.3163351438,-0.0836242097,-0.3587769064,-0.2665616915,0.2990006778,0.0502613655,-0.4033913757,0.3268195953,-0.1030409363,0.3384697889,-0.2976538444,-0.3034068674,1.0000000000,1.0000000000,0.0000000000,0.0000000000,0.0000000000
0.0200000000,-0.1500000000,0.3000000000,-0.0627335374,0.0000000000,0.1114094992,0.4284213917,-0.3163446544,-0.0848363979,-0.3585623968,-0.2674216799,0.2990006778,0.0526725143,-0.4027425492,0.3289138193,-0.1044033980,0.3379929199,-0.2982357319,-0.3034068674,1.0000000000,1.0000000000,0.0000000000,0.0000000000,0.0000000000
0.0200000000,-0.1500000000,0.3000000000,-0.0627335374,0.0000000000,0.1125028635,0.4285916672,-0.3163523534,-0.0861703347,-0.3583258553,-0.2683784244,0.2990006778,0.0548593552,-0.4021435574,0.3308440287,-0.1055342480,0.3375743189,-0.2986880323,-0.3034068674,1.0000000000,1.0000000000,0.0000000000,0.0000000000,0.0000000000
0.0200000000,-0.1500000000,0.3000000000,-0.0627335374,0.0000000000,0.1137380241,0.4287849706,-0.3163596233,-0.0876189459,-0.3580683572,-0.2694257314,0.2990006778,0.0569606564,-0.4015573005,0.3327341675,-0.1065253555,0.3371839277,-0.2990550378,-0.3034068674,1.0000000000,1.0000000000,0.0000000000,0.0000000000,0.0000000000
0.0200000000,-0.1500000000,0.3000000000,-0.0627335374,0.0000000000,0.1151128430,0.4290007505,-0.3163667492,-0.0891725902,-0.3577914354,-0.2705577214,0.2990006778,0.0590175077,-0.4009703223,0.3346261692,-0.1073941581,0.3368140960,-0.2993424039,-0.3034068674,1.0000000000,1.0000000000,0.0000000000,0.0000000000,0.0000000000
0.0200000000,-0.1500000000,0.3000000000,-0.0627335374,0.0000000000,0.1165944418,0.4292337477,-0.3163737307,-0.0907853326,-0.3575030075,-0.2717423875,0.2990006778,0.0610034495,-0.4003865061,0.3365000953,-0.1081239619,0.3364704266,-0.2995407331,-0.3034068674,1.0000000000,1.0000000000,0.0000000000,0.0000000000,0.0000000000
0.0200000000,-0.1500000000,0.3000000000,-0.0627335374,0.0000000000,0.1181091564,0.4294721140,-0.3163809252,-0.0923751811,-0.3572173370,-0.2729201264,0.2990006778,0.0628550941,-0.3998218453,0.3382954129,-0.1086914881,0.3361644344,-0.2996415857,-0.3034068674,1.0000000000,1.0000000000,0.0000000000,0.0000000000,0.0000000000
0.0200000000,-0.1500000000,0.3000000000,-0.0627335374,0.0000000000,0.1195610521,0.4296998995,-0.3163900165,-0.0938385603,-0.3569522976,-0.2740149850,0.2990006778,0.0644933426,-0.3992966177,0.3399369972,-0.1090607748,0.3359116151,-0.2996303774,-0.3034068674,1.0000000000,1.0000000000,0.0000000000,0.0000000000,0.0000000000
0.0200000000,-0.1500000000,0.3000000000,-0.0627335374,0.0000000000,0.1209362675,0.4299136002,-0.3164036185,-0.0951696387,-0.3567089640,-0.2750202306,0.2990006778,0.0659744788,-0.3987961481,0.3414741482,-0.1092585267,0.3357018057,-0.2995185597,-0.3034068674,1.0000000000,1.0000000000,0.0000000000,0.0000000000,0.0000000000
0.0200000000,-0.1500000000,0.3000000000,-0.0627335374,0.0000000000,0.1222721633,0.4301176015,-0.3164248174,-0.0964003233,-0.3564815882,-0.2759591126,0.2990006778,0.0673822615,-0.3982917394,0.3429994594,-0.1092815855,0.3355251139,-0.2992922437,-0.3034068674,1.0000000000,1.0000000000,0.0000000000,0.0000000000,0.0000000000
0.0200000000,-0.1500000000,0.3000000000,-0.0627335374,0.0000000000,0.1235918519,0.4303145148,-0.3164558023,-0.0975482314,-0.3562669862,-0.2768445620,0.2990006778,0.0687723433,-0.3977604895,0.3445823490,-0.1091023925,0.3353787766,-0.2989242302,-0.3034068674,1.0000000000,1.0000000000,0.0000000000,0.0000000000,0.0000000000
0.0200000000,-0.1500000000,0.3000000000,-0.0627335374,0.0000000000,0.1248685223,0.4304998069,-0.3164973877,-0.0985908709,-0.3560691512,-0.2776587654,0.2990006778,0.0701428840,-0.3971955762,0.3462347673,-0.1086710664,0.3352707919,-0.2983798232,-0.3034068674,1.0000000000,1.0000000000,0.0000000000,0.0000000000,0.0000000000
0.0200000000,-0.1500000000,0.3000000000,-0.0627335374,0.0000000000,0.1260057187,0.4306580155,-0.3165505595,-0.0994465876,-0.3559024593,-0.2783384549,0.2990006778,0.0714394169,-0.3965983265,0.3479294297,-0.1078757152,0.3352252031,-0.2975882642,-0.3034068674,1.0000000000,1.0000000000,0.0000000000,0.0000000000,0.0000000000
0.0200000000,-0.1500000000,0.3000000000,-0.0627335374,0.0000000000,0.1269325288,0.4307801957,-0.3166108260,-0.1000833189,-0.3557733359,-0.2788550002,0.2990006778,0.0726103159,-0.3959842160,0.3496081431,-0.1067018054,0.3352516764,-0.2965475894,-0.3034068674,1.0000000000,1.0000000000,0.0000000000,0.0000000000,0.0000000000
0.0200000000,-0.1500000000,0.3000000000,-0.0627335374,0.0000000000,0.1276068809,0.4308629185,-0.3166712958,-0.1004944047,-0.3556840653,-0.2791996877,0.2990006778,0.0736061377,-0.3953646321,0.3512223882,-0.1051149100,0.3353624012,-0.2952415888,-0.3034068674,1.0000000000,1.0000000000,0.0000000000,0.0000000000,0.0000000000
0.0200000000,-0.1500000000,0.3000000000,-0.0627335374,0.0000000000,0.1280361425,0.4309113098,-0.3167224990,-0.1007198066,-0.3556294845,-0.2793987323,0.2990006778,0.0743950858,-0.3947455216,0.3527421892,-0.1030766796,0.3355680102,-0.2936495856,-0.3034068674,1.0000000000,1.0000000000,0.0000000000,0.0000000000,0.0000000000
0.0200000000,-0.1500000000,0.3000000000,-0.0627335374,0.0000000000,0.1282651139,0.4309351475,-0.3167566612,-0.1008225850,-0.3556007014,-0.2794961335,0.2990006778,0.0749597457,-0.3941304629,0.3541486413,-0.1005413801,0.3358790078,-0.2917457116,-0.3034068674,1.0000000000,1.0000000000,0.0000000000,0.0000000000,0.0000000000
0.0200000000,-0.1500000000,0.3000000000,-0.0627335374,0.0000000000,0.1283469275,0.4309431847,-0.3167710385,-0.1008547267,-0.3555901221,-0.2795291613,0.2990006778,0.0752549512,-0.3935439650,0.3553654560,-0.0974705339,0.3363112652,-0.2895196080,-0.3034068674,1.0000000000,1.0000000000,0.0000000000,0.0000000000,0.0000000000
0.0200000000,-0.1500000000,0.3000000000,-0.0627335374,0.0000000000,0.1283694146,0.4309453516,-0.3167753081,-0.1008630683,-0.3555870943,-0.2795381715,0.2990006778,0.0753275557,-0.3930312705,0.3563178851,-0.0941343262,0.3368237972,-0.2871653226,-0.3034068674,1.0000000000,1.0000000000,0.0000000000,0.0000000000,0.0000000000
0.0200000000,-0.1500000000,0.3000000000,-0.0627335374,0.0000000000,0.1283729336,0.4309456883,-0.3167760117,-0.1008643312,-0.3555866011,-0.2795395886,0.2990006778,0.0752346815,-0.3926465074,0.3569190179,-0.0908332167,0.3373717074,-0.2848998794,-0.3034068674,1.0000000000,1.0000000000,0.0000000000,0.0000000000,0.0000000000
0.0200000000,-0.1500000000,0.3000000000,-0.0627335374,0.0000000000,0.1283731350,0.4309457076,-0.3167760537,-0.1008644016,-0.3555865718,-0.2795396703,0.2990006778,0.0750591045,-0.3924338421,0.3571172367,-0.0878448326,0.3379100442,-0.2829201690,-0.3034068674,1.0000000000,1.0000000000,0.0000000000,0.0000000000,0.0000000000
0.0200000000,-0.1500000000,0.3000000000,-0.0627335374,0.0000000000,0.1283731341,0.4309457075,-0.3167760535,-0.1008644013,-0.3555865719,-0.2795396700,0.2990006778,0.0748767864,-0.3924182220,0.3569002701,-0.0853438221,0.3384078619,-0.2813477561,-0.3034068674,1.0000000000,1.0000000000,0.0000000000,0.0000000000,0.0000000000
0.0200000000,-0.1500000000,0.3000000000,-0.0627335374,0.0000000000,0.1283731341,0.4309457075,-0.3167760535,-0.1008644013,-0.3555865719,-0.2795396700,0.2990006778,0.0747335567,-0.3926313979,0.3562305233,-0.0834521191,0.3388463531,-0.2802736341,-0.3034068674,1.0000000000,1.0000000000,0.0000000000,0.0000000000,0.0000000000
0.0200000000,-0.1500000000,0.3000000000,-0.0627335374,0.0000000000,0.1283731341,0.4309457075,-0.3167760535,-0.1008644013,-0.3555865719,-0.2795396700,0.2990006778,0.0746141672,-0.3930268365,0.3552034529,-0.0820212621,0.3392406622,-0.2795792679,-0.3034068674,1.0000000000,1.0000000000,0.0000000000,0.0000000000,0.0000000000
0.0200000000,-0.1500000000,0.3000000000,-0.0627335374,0.0000000000,0.1283731341,0.4309457075,-0.3167760535,-0.1008644013,-0.3555865719,-0.2795396700,0.2990006778,0.0744811430,-0.3935703545,0.3538765936,-0.0809172210,0.3396078788,-0.2791621033,-0.3034068674,1.0000000000,1.0000000000,0.0000000000,0.0000000000,0.0000000000
0.0200000000,-0.1500000000,0.3000000000,-0.0627335374,0.0000000000,0.1283731341,0.4309457075,-0.3167760535,-0.1008644013,-0.3555865719,-0.2795396700,0.2990006778,0.0743005634,-0.3942178573,0.3523269152,-0.0799911749,0.3399659255,-0.2789061563,-0.3034068674,1.0000000000,1.0000000000,0.0000000000,0.0000000000,0.0000000000
0.0200000000,-0.1500000000,0.3000000000,-0.0627335374,0.0000000000,0.1283731341,0.4309457075,-0.3167760535,-0.1008644013,-0.3555865719,-0.2795396700,0.2990006778,0.0740680354,-0.3949216783,0.3506488623,-0.0791187256,0.3403267967,-0.2787101067,-0.3034068674,1.0000000000,1.0000000000,0.0000000000,0.0000000000,0.0000000000
0.0200000000,-0.1500000000,0.3000000000,-0.0627335374,0.0000000000,0.1283731341,0.4309457075,-0.3167760535,-0.1008644013,-0.3555865719,-0.2795396700,0.2990006778,0.0738340704,-0.3956339804,0.3489581674,-0.0782271749,0.3406911561,-0.2785066506,-0.3034068674,1.0000000000,1.0000000000,0.0000000000,0.0000000000,0.0000000000
0.0200000000,-0.1500000000,0.3000000000,-0.0627335374,0.0000000000,0.1283731341,0.4309457075,-0.3167760535,-0.1008644013,-0.3555865719,-0.2795396700,0.2990006778,0.0736973669,-0.3963151602,0.3473704785,-0.0773284798,0.3410451334,-0.2782868230,-0.3034068674,1.0000000000,1.0000000000,0.0000000000,0.0000000000,0.0000000000
0.0200000000,-0.1500000000,0.3000000000,-0.0627335374,0.0000000000,0.1283731341,0.4309457075,-0.3167760535,-0.1008644013,-0.3555865719,-0.2795396700,0.2990006778,0.0737562495,-0.3969405894,0.3459712462,-0.0764839574,0.3413691674,-0.2780799103,-0.3034068674,1.0000000000,1.0000000000,0.0000000000,0.0000000000,0.0000000000
0.0200000000,-0.1500000000,0.3000000000,-0.0627335374,0.0000000000,0.1283731341,0.4309457075,-0.3167760535,-0.1008644013,-0.3555865719,-0.2795396700,0.2990006778,0.0740761218,-0.3974907733,0.3448228798,-0.0757665021,0.3416440402,-0.2779238799,-0.3034068674,1.0000000000,1.0000000000,0.0000000000,0.0000000000,0.0000000000
0.0200000000,-0.1500000000,0.3000000000,-0.0627335374,0.0000000000,0.1283731341,0.4309457075,-0.3167760535,-0.1008644013,-0.3555865719,-0.2795396700,0.2990006778,0.0746524029,-0.3979469148,0.3439603541,-0.0752225568,0.3418580106,-0.2778381490,-0.3034068674,1.0000000000,1.0000000000,0.0000000000,0.0000000000,0.0000000000
0.0200000000,-0.1500000000,0.3000000000,-0.0627335374,0.0000000000,0.1283731341,0.4309457075,-0.3167760535,-0.1008644013,-0.3555865719,-0.2795396700,0.2990006778,0.0753915181,-0.3982705487,0.3434258965,-0.0748567724,0.3420058174,-0.2778031330,-0.3034068674,1.0000000000,1.0000000000,0.0000000000,0.0000000000,0.0000000000
0.0200000000,-0.1500000000,0.3000000000,-0.0627335374,0.0000000000,0.1283731341,0.4309457075,-0.3167760535,-0.1008644013,-0.3555865719,-0.2795396700,0.2990006778,0.0760779091,-0.3984627691,0.3431376868,-0.0745558124,0.3421160164,-0.2777410848,-0.3034068674,1.0000000000,1.0000000000,0.0000000000,0.0000000000,0.0000000000
0.0200000000,-0.1500000000,0.3000000000,-0.0627335374,0.0000000000,0.1283731341,0.4309457075,-0.3167760535,-0.1008644013,-0.3555865719,-0.2795396700,0.2990006778,0.0765321310,-0.3985301934,0.3430169407,-0.0742015055,0.3422176181,-0.2775753021,-0.3034068674,1.0000000000,1.0000000000,0.0000000000,0.0000000000,0.0000000000
0.0200000000,-0.1500000000,0.3000000000,-0.0627335374,0.0000000000,0.1283731341,0.4309457075,-0.3167760535,-0.1008644013,-0.3555865719,-0.2795396700,0.2990006778,0.0766455422,-0.3985100838,0.3429496501,-0.0736856599,0.3423415305,-0.2772531915,-0.3034068674,1.0000000000,1.0000000000,0.0000000000,0.0000000000,0.0000000000
0.0200000000,-0.1500000000,0.3000000000,-0.0627335374,0.0000000000,0.1283731341,0.4309457075,-0.3167760535,-0.1008644013,-0.3555865719,-0.2795396700,0.2990006778,0.0764298025,-0.3984725816,0.3428002856,-0.0729456120,0.3425128201,-0.2767712640,-0.3034068674,1.0000000000,1.0000000000,0.0000000000,0.0000000000,0.0000000000
0.0200000000,-0.1500000000,0.3000000000,-0.0627335374,0.0000000000,0.1283731341,0.4309457075,-0.3167760535,-0.1008644013,-0.3555865719,-0.2795396700,0.2990006778,0.0760296499,-0.3985330882,0.3423927646,-0.0719580582,0.3427535660,-0.2761777912,-0.3034068674,1.0000000000,1.0000000000,0.0000000000,0.0000000000,0.0000000000
0.0200000000,-0.1500000000,0.3000000000,-0.0627335374,0.0000000000,0.1283731341,0.4309457075,-0.3167760535,-0.1008644013,-0.3555865719,-0.2795396700,0.2990006778,0.0757290215,-0.3987752764,0.3416642969,-0.0708286822,0.3430514827,-0.2755901931,-0.3034068674,1.0000000000,1.0000000000,0.0000000000,0.0000000000,0.0000000000
0.0200000000,-0.1500000000,0.3000000000,-0.0627335374,0.0000000000,0.1283731341,0.4309457075,-0.3167760535,-0.1008644013,-0.3555865719,-0.2795396700,0.2990006778,0.0757508113,-0.3992474184,0.3406002076,-0.0696534064,0.3433909540,-0.2750999934,-0.3034068674,1.0000000000,1.0000000000,0.0000000000,0.0000000000,0.0000000000
0.0200000000,-0.1500000000,0.3000000000,-0.0627335374,0.0000000000,0.1283731341,0.4309457075,-0.3167760535,-0.1008644013,-0.3555865719,-0.2795396700,0.2990006778,0.0762260901,-0.3999457851,0.3392544603,-0.0685215697,0.3437505722,-0.2747656952,-0.3034068674,1.0000000000,1.0000000000,0.0000000000,0.0000000000,0.0000000000
0.0200000000,-0.1500000000,0.3000000000,-0.0627335374,0.0000000000,0.1283731341,0.4309457075,-0.3167760535,-0.1008644013,-0.3555865719,-0.2795396700,0.2990006778,0.0771477726,-0.4008137013,0.3377347856,-0.0674910847,0.3441091175,-0.2745953060,-0.3034068674,1.0000000000,1.0000000000,0.0000000000,0.0000000000,0.0000000000
0.0200000000,-0.1500000000,0.3000000000,-0.0627335374,0.0000000000,0.1283731341,0.4309457075,-0.3167760535,-0.1008644013,-0.3555865719,-0.2795396700,0.2990006778,0.0783699741,-0.4017506786,0.3361854154,-0.0665830909,0.3444481675,-0.2745474474,-0.3034068674,1.0000000000,1.0000000000,0.0000000000,0.0000000000,0.0000000000
0.0200000000,-0.1500000000,0.3000000000,-0.0627335374,0.0000000000,0.1283731341,0.4309457075,-0.3167760535,-0.1008644013,-0.3555865719,-0.2795396700,0.2990006778,0.0795487265,-0.4026264820,0.3347408755,-0.0657255406,0.3447670100,-0.2745000074,-0.3034068674,1.0000000000,1.0000000000,0.0000000000,0.0000000000,0.0000000000
0.0200000000,-0.1500000000,0.3000000000,-0.0627335374,0.0000000000,0.1283731341,0.4309457075,-0.3167760535,-0.1008644013,-0.3555865719,-0.2795396700,0.2990006778,0.0803779597,-0.4033502106,0.3334742900,-0.0648261886,0.3450745959,-0.2743386165,-0.3034068674,1.0000000000,1.0000000000,0.0000000000,0.0000000000,0.0000000000
0.0200000000,-0.1500000000,0.3000000000,-0.0627335374,0.0000000000,0.1283731341,0.4309457075,-0.3167760535,-0.1008644013,-0.3555865719,-0.2795396700,0.2990006778,0.0806019575,-0.4038660384,0.3324091213,-0.0637854401,0.3453861847,-0.2739631901,-0.3034068674,1.0000000000,1.0000000000,0.0000000000,0.0000000000,0.0000000000
0.0200000000,-0.1500000000,0.3000000000,-0.0627335374,0.0000000000,0.1283731341,0.4309457075,-0.3167760535,-0.1008644013,-0.3555865719,-0.2795396700,0.2990006778,0.0800819585,-0.4041634096,0.3315208811,-0.0625345146,0.3457164318,-0.2733197286,-0.3034068674,1.0000000000,1.0000000000,0.0000000000,0.0000000000,0.0000000000
0.0200000000,-0.1500000000,0.3000000000,-0.0627335374,0.0000000000,0.1283731341,0.4309457075,-0.3167760535,-0.1008644013,-0.3555865719,-0.2795396700,0.2990006778,0.0787682593,-0.4042675906,0.3307457852,-0.0610520423,0.3460754751,-0.2724051453,-0.3034068674,1.0000000000,1.0000000000,0.0000000000,0.0000000000,0.0000000000
0.0200000000,-0.1500000000,0.3000000000,-0.0627335374,0.0000000000,0.1283731341,0.4309457075,-0.3167760535,-0.1008644013,-0.3555865719,-0.2795396700,0.2990006778,0.0770024185,-0.4043033678,0.3299563074,-0.0594698916,0.3464528949,-0.2713765177,-0.3034068674,1.0000000000,1.0000000000,0.0000000000,0.0000000000,0.0000000000
0.0200000000,-0.1500000000,0.3000000000,-0.0627335374,0.0000000000,0.1283731341,0.4309457075,-0.3167760535,-0.1008644013,-0.3555865719,-0.2795396700,0.2990006778,0.0751069139,-0.4043859629,0.3290372396,-0.0579363117,0.3468339333,-0.2703953170,-0.3034068674,1.0000000000,1.0000000000,0.0000000000,0.0000000000,0.0000000000
0.0200000000,-0.1500000000,0.3000000000,-0.0627335374,0.0000000000,0.1283731341,0.4309457075,-0.3167760535,-0.1008644013,-0.3555865719,-0.2795396700,0.2990006778,0.0734003634,-0.4046245395,0.3278837358,-0.0565967423,0.3472031866,-0.2696177514,-0.3034068674,1.0000000000,1.0000000000,0.0000000000,0.0000000000,0.0000000000
0.0200000000,-0.1500000000,0.3000000000,-0.0627335374,0.0000000000,0.1283731341,0.4309457075,-0.3167760535,-0.1008644013,-0.3555865719,-0.2795396700,0.2990006778,0.0721040507,-0.4050936189,0.3264251846,-0.0555405905,0.3475516745,-0.2691442661,-0.3034068674,1.0000000000,1.0000000000,0.0000000000,0.0000000000,0.0000000000
0.0200000000,-0.1500000000,0.3000000000,-0.0627335374,0.0000000000,0.1283731341,0.4309457075,-0.3167760535,-0.1008644013,-0.3555865719,-0.2795396700,0.2990006778,0.0713203489,-0.4058374364,0.3246098652,-0.0547880356,0.3478806031,-0.2690129881,-0.3034068674,1.0000000000,1.0000000000,0.0000000000,0.0000000000,0.0000000000
0.0200000000,-0.1500000000,0.3000000000,-0.0627335374,0.0000000000,0.1283731341,0.4309457075,-0.3167760535,-0.1008644013,-0.3555865719,-0.2795396700,0.2990006778,0.0708090190,-0.4067554419,0.3225518534,-0.0541722827,0.3482081934,-0.2690621097,-0.3034068674,1.0000000000,1.0000000000,0.0000000000,0.0000000000,0.0000000000
0.0200000000,-0.1500000000,0.3000000000,-0.0627335374,0.0000000000,0.1283731341,0.4309457075,-0.3167760535,-0.1008644013,-0.3555865719,-0.2795396700,0.2990006778,0.0702812492,-0.4077393163,0.3203673296,-0.0535258045,0.3485525525,-0.2691230849,-0.3034068674,1.0000000000,1.0000000000,0.0000000000,0.0000000000,0.0000000000
0.0200000000,-0.1500000000,0.3000000000,-0.0627335374,0.0000000000,0.1283731341,0.4309457075,-0.3167760535,-0.1008644013,-0.3555865719,-0.2795396700,0.2990006778,0.0694249821,-0.4086702016,0.3181885821,-0.0526978099,0.3489273002,-0.2690307615,-0.3034068674,1.0000000000,1.0000000000,0.0000000000,0.0000000000,0.0000000000
0.0200000000,-0.1500000000,0.3000000000,-0.0627335374,0.0000000000,0.1283731341,0.4309457075,-0.3167760535,-0.1008644013,-0.3555865719,-0.2795396700,0.2990006778,0.0679865605,-0.4094498809,0.3161298020,-0.0516030727,0.3493362844,-0.2686723246,-0.3034068674,1.0000000000,1.0000000000,0.0000000000,0.0000000000,0.0000000000
0.0200000000,-0.1500000000,0.3000000000,-0.0627335374,0.0000000000,0.1283731341,0.4309457075,-0.3167760535,-0.1008644013,-0.3555865719,-0.2795396700,0.2990006778,0.0657269872,-0.4099946478,0.3142862613,-0.0502219312,0.3497735289,-0.2679824625,-0.3034068674,1.0000000000,1.0000000000,0.0000000000,0.0000000000,0.0000000000
0.0200000000,-0.1500000000,0.3000000000,-0.0627335374,0.0000000000,0.1283731341,0.4309457075,-0.3167760535,-0.1008644013,-0.3555865719,-0.2795396700,0.2990006778,0.0627684254,-0.4103403178,0.3126294542,-0.0487007717,0.3502162135,-0.2670742885,-0.3034068674,1.0000000000,1.0000000000,0.0000000000,0.0000000000,0.0000000000
0.0200000000,-0.1500000000,0.3000000000,-0.0627335374,0.0000000000,0.1283731341,0.4309457075,-0.3167760535,-0.1008644013,-0.3555865719,-0.2795396700,0.2990006778,0.0592644405,-0.4105416099,0.3111027682,-0.0471958052,0.3506424182,-0.2660780451,-0.3034068674,1.0000000000,0.9999925126,0.0000000000,0.0000000000,0.0000000000
0.0200000000,-0.1500000000,0.3000000000,-0.0627335374,0.0000000000,0.1283731341,0.4309457075,-0.3167760535,-0.1008644013,-0.3555865719,-0.2795396700,0.2990006778,0.0554741959,-0.4106837691,0.3096202447,-0.0458903645,0.3510283476,-0.2651607526,-0.3034068674,1.0000000000,0.9552909557,0.0000000000,0.0000000000,0.0000000000
0.0200000000,-0.1500000000,0.3000000000,-0.0627335374,0.0000000000,0.1283731341,0.4309457075,-0.3167760535,-0.1008644013,-0.3555865719,-0.2795396700,0.2990006778,0.0517376067,-0.4108670666,0.3080887742,-0.0449773501,0.3513492713,-0.2645064197,-0.3034068674,1.0000000000,0.8886242890,0.0000000000,0.0000000000,0.0000000000
0.0200000000,-0.1500000000,0.3000000000,-0.0627335374,0.0000000000,0.1283731341,0.4309457075,-0.3167760535,-0.1008644013,-0.3555865719,-0.2795396700,0.2990006778,0.0485219359,-0.4112150491,0.3064060730,-0.0447155264,0.3515697930,-0.2643570415,-0.3034068674,1.0000000000,0.8219576223,0.0000000000,0.0000000000,0.0000000000
0.0200000000,-0.1500000000,0.3000000000,-0.0627335374,0.0000000000,0.1283731341,0.4309457075,-0.3167760535,-0.1008644013,-0.3555865719,-0.2795396700,0.2990006778,0.0460696388,-0.4117736308,0.3045467855,-0.0450976348,0.3516939740,-0.2647432012,-0.3034068674,1.0000000000,0.7552909557,0.0000000000,0.0000000000,0.0000000000
0.0200000000,-0.1500000000,0.3000000000,-0.0627335374,0.0000000000,0.1283731341,0.4309457075,-0.3167760535,-0.1008644013,-0.3555865719,-0.2795396700,0.2990006778,0.0444490691,-0.4125468178,0.3025162461,-0.0460230707,0.3517391226,-0.2656096577,-0.3034068674,1.0000000000,0.6886242890,0.0000000000,0.0000000000,0.0000000000
0.0200000000,-0.1500000000,0.3000000000,-0.0627335374,0.0000000000,0.1283731341,0.4309457075,-0.3167760535,-0.1008644013,-0.3555865719,-0.2795396700,0.2990006778,0.0434991564,-0.4134812307,0.3003655144,-0.0472328603,0.3517458519,-0.2667644075,-0.3034068674,1.0000000000,0.6219576223,0.0000000000,0.0000000000,0.0000000000
0.0200000000,-0.1500000000,0.3000000000,-0.0627335374,0.0000000000,0.1283731341,0.4309457075,-0.3167760535,-0.1008644013,-0.3555865719,-0.2795396700,0.2990006778,0.0428971884,-0.4144808000,0.2981859387,-0.0483867339,0.3517651206,-0.2679353971,-0.3034068674,1.0000000000,0.5552909557,0.0000000000,0.0000000000,0.0000000000
0.0200000000,-0.1500000000,0.3000000000,-0.0627335374,0.0000000000,0.1283731341,0.4309457075,-0.3167760535,-0.1008644013,-0.3555865719,-0.2795396700,0.2990006778,0.0422389409,-0.4154408300,0.2960691054,-0.0491191434,0.3518522541,-0.2688245123,-0.3034068674,1.0000000000,0.4886242890,0.0000000000,0.0000000000,0.0000000000
0.0200000000,-0.1500000000,0.3000000000,-0.0627335374,0.0000000000,0.1283731341,0.4309457075,-0.3167760535,-0.1008644013,-0.3555865719,-0.2795396700,0.2990006778,0.0412145468,-0.4163266031,0.2940026274,-0.0493191233,0.3520278012,-0.2693277674,-0.3034068674,1.0000000000,0.4219576223,0.0000000000,0.0000000000,0.0000000000
0.0200000000,-0.1500000000,0.3000000000,-0.0627335374,0.0000000000,0.1283731341,0.4309457075,-0.3167760535,-0.1008644013,-0.3555865719,-0.2795396700,0.2990006778,0.0396460695,-0.4171402812,0.2919414779,-0.0489489915,0.3523024656,-0.2694109800,-0.3034068674,1.0000000000,0.3552909557,0.0000000000,0.0000000000,0.0000000000
0.0200000000,-0.1500000000,0.3000000000,-0.0627335374,0.0000000000,0.1283731341,0.4309457075,-0.3167760535,-0.1008644013,-0.3555865719,-0.2795396700,0.2990006778,0.0374512127,-0.4178770579,0.2898810689,-0.0480169540,0.3526749077,-0.2690702076,-0.3034068674,1.0000000000,0.2886242890,0.0000000000,0.0000000000,0.0000000000
0.0200000000,-0.1500000000,0.3000000000,-0.0627335374,0.0000000000,0.1283731341,0.4309457075,-0.3167760535,-0.1008644013,-0.3555865719,-0.2795396700,0.2990006778,0.0346414490,-0.4185180379,0.2878685489,-0.0465678591,0.3531323082,-0.2683231131,-0.3034068674,1.0000000000,0.2219576223,0.0000000000,0.0000000000,0.0000000000
0.0200000000,-0.1500000000,0.3000000000,-0.0627335374,0.0000000000,0.1283731341,0.4309457075,-0.3167760535,-0.1008644013,-0.3555865719,-0.2795396700,0.2990006778,0.0313218941,-0.4190285263,0.2860064786,-0.0446875327,0.3536491600,-0.2672109125,-0.3034068674,1.0000000000,0.1552909557,0.0000000000,0.0000000000,0.0000000000
0.0200000000,-0.1500000000,0.3000000000,-0.0627335374,0.0000000000,0.1283731341,0.4309457075,-0.3167760535,-0.1008644013,-0.3555865719,-0.2795396700,0.2990006778,0.0278141107,-0.4194194970,0.2843527207,-0.0426225662,0.3541766729,-0.2659116084,-0.3034068674,1.0000000000,0.0886242890,0.0000000000,0.0000000000,0.0000000000
0.0200000000,-0.1500000000,0.3000000000,-0.0627335374,0.0000000000,0.1283731341,0.4309457075,-0.3167760535,-0.1008644013,-0.3555865719,-0.2795396700,0.2990006778,0.0242316833,-0.4197078182,0.2829025477,-0.0404711147,0.3546979310,-0.2645018236,-0.3034068674,1.0000000000,0.0220648840,0.0000000000,0.0000000000,0.0000000000
0.0200000000,-0.1500000000,0.3000000000,-0.0627335374,0.0000000000,0.1283731341,0.4309457075,-0.3167760535,-0.1008644013,-0.3555865719,-0.2795396700,0.2990006778,0.0204462213,-0.4199217063,0.2815705539,-0.0381767778,0.3552306163,-0.2629536289,-0.3034068674,1.0000000000,0.0000636369,0.0000000000,0.0000000000,0.0000000000
0.0200000000,-0.1500000000,0.3000000000,-0.0627335374,0.0000000000,0.1283731341,0.4309457075,-0.3167760535,-0.1008644013,-0.3555865719,-0.2795396700,0.2990006778,0.0162433321,-0.4200795759,0.2802707725,-0.0356213525,0.3558031400,-0.2611908518,-0.3034068674,1.0000000000,0.0000000000,0.0000000000,0.0000000000,0.0000000000
0.0200000000,-0.1500000000,0.3000000000,-0.0627335374,0.0000000000,0.1283731341,0.4309457075,-0.3167760535,-0.1008644013,-0.3555865719,-0.2795396700,0.2990006778,0.0116433517,-0.4201763963,0.2790200901,-0.0328200953,0.3564108037,-0.2592228293,-0.3034068674,1.0000000000,0.0000000000,0.0000000000,0.0000000000,0.0000000000
0.0200000000,-0.1500000000,0.3000000000,-0.0627335374,0.0000000000,0.1283731341,0.4309457075,-0.3167760535,-0.1008644013,-0.3555865719,-0.2795396700,0.2990006778,0.0070891817,-0.4202176743,0.2779054278,-0.0300427443,0.3569992376,-0.2572467498,-0.3034068674,1.0000000000,0.0000000000,0.0000000000,0.0000000000,0.0000000000
0.0200000000,-0.1500000000,0.3000000000,-0.0627335374,0.0000000000,0.1283731341,0.4309457075,-0.3167760535,-0.1008644013,-0.3555865719,-0.2795396700,0.2990006778,0.0028502286,-0.4202111224,0.2769706458,-0.0274539522,0.3575361410,-0.2553850397,-0.3034068674,1.0000000000,0.0000000000,0.0000000000,0.0000000000,0.0000000000
0.0200000000,-0.1500000000,0.3000000000,-0.0627335374,0.0000000000,0.1283731341,0.4309457075,-0.3167760535,-0.1008644013,-0.3555865719,-0.2795396700,0.2990006778,-0.0010751645,-0.4201732357,0.2761805673,-0.0250536650,0.3580250289,-0.2536458506,-0.3034068674,1.0000000000,0.0000000000,0.0000000000,0.0000000000,0.0000000000
0.0200000000,-0.1500000000,0.3000000000,-0.0627335374,0.0000000000,0.1283731341,0.4309457075,-0.3167760535,-0.1008644013,-0.3555865719,-0.2795396700,0.2990006778,-0.0047801822,-0.4201161062,0.2754879962,-0.0227870106,0.3584800329,-0.2519955765,-0.3034068674,1.0000000000,0.0000000000,0.0000000000,0.0000000000,0.0000000000
0.0200000000,-0.1500000000,0.3000000000,-0.0627335374,0.0000000000,0.1283731341,0.4309457075,-0.3167760535,-0.1008644013,-0.3555865719,-0.2795396700,0.2990006778,-0.0082417822,-0.4200365466,0.2749019100,-0.0206729667,0.3588973729,-0.2504460188,-0.3034068674,1.0000000000,0.0000000000,0.0000000000,0.0000000000,0.0000000000
0.0200000000,-0.1500000000,0.3000000000,-0.0627335374,0.0000000000,0.1283731341,0.4309457075,-0.3167760535,-0.1008644013,-0.3555865719,-0.2795396700,0.2990006778,-0.0114821567,-0.4199364278,0.2744103127,-0.0186996632,0.3592807051,-0.2489890723,-0.3034068674,1.0000000000,0.0000000000,0.0000000000,0.0000000000,0.0000000000
0.0200000000,-0.1500000000,0.3000000000,-0.0627335374,0.0000000000,0.1283731341,0.4309457075,-0.3167760535,-0.1008644013,-0.3555865719,-0.2795396700,0.2990006778,-0.0145775780,-0.4198234793,0.2739807910,-0.0168173996,0.3596414989,-0.2475932863,-0.3034068674,1.0000000000,0.0000000000,0.0000000000,0.0000000000,0.0000000000
0.0200000000,-0.1500000000,0.3000000000,-0.0627335374,0.0000000000,0.1283731341,0.4309457075,-0.3167760535,-0.1008644013,-0.3555865719,-0.2795396700,0.2990006778,-0.0176229394,-0.4197053917,0.2735776162,-0.0149637969,0.3599935922,-0.2462183354,-0.3034068674,1.0000000000,0.0000000000,0.0000000000,0.0000000000,0.0000000000
0.0200000000,-0.1500000000,0.3000000000,-0.0627335374,0.0000000000,0.1283731341,0.4309457075,-0.3167760535,-0.1008644013,-0.3555865719,-0.2795396700,0.2990006778,-0.0206804687,-0.4195819377,0.2731873712,-0.0130983847,0.3603450866,-0.2448357318,-0.3034068674,1.0000000000,0.0000000000,0.0000000000,0.0000000000,0.0000000000
0.0200000000,-0.1500000000,0.3000000000,-0.0627335374,0.0000000000,0.1283731341,0.4309457075,-0.3167760535,-0.1008644013,-0.3555865719,-0.2795396700,0.2990006778,-0.0238056341,-0.4194425695,0.2728179767,-0.0111859059,0.3607011498,-0.2434164019,-0.3034068674,1.0000000000,0.0000000000,0.0000000000,0.0000000000,0.0000000000
0.0200000000,-0.1500000000,0.3000000000,-0.0627335374,0.0000000000,0.1283731341,0.4309457075,-0.3167760535,-0.1008644013,-0.3555865719,-0.2795396700,0.2990006778,-0.0270184918,-0.4192821626,0.2724734992,-0.0092143820,0.3610636584,-0.2419494621,-0.3034068674,1.0000000000,0.0000000000,0.0000000000,0.0000000000,0.0000000000
0.0200000000,-0.1500000000,0.3000000000,-0.0627335374,0.0000000000,0.1283731341,0.4309457075,-0.3167760535,-0.1008644013,-0.3555865719,-0.2795396700,0.2990006778,-0.0303062964,-0.4191036755,0.2721508792,-0.0071911148,0.3614315682,-0.2404418501,-0.3034068674,1.0000000000,0.0000000000,0.0000000000,0.0000000000,0.0000000000
0.0200000000,-0.1500000000,0.3000000000,-0.0627335374,0.0000000000,0.1283731341,0.4309457075,-0.3167760535,-0.1008644013,-0.3555865719,-0.2795396700,0.2990006778,-0.0336368147,-0.4189149037,0.2718425101,-0.0051353004,0.3618021773,-0.2389110881,-0.3034068674,1.0000000000,0.0000000000,0.0000000000,0.0000000000,0.0000000000
0.0200000000,-0.1500000000,0.3000000000,-0.0627335374,0.0000000000,0.1283731341,0.4309457075,-0.3167760535,-0.1008644013,-0.3555865719,-0.2795396700,0.2990006778,-0.0369957951,-0.4187192564,0.2715462133,-0.0030543634,0.3621742407,-0.2373646151,-0.3034068674,1.0000000000,0.0000000000,0.0000000000,0.0000000000,0.0000000000
0.0200000000,-0.1500000000,0.3000000000,-0.0627335374,0.0000000000,0.1283731341,0.4309457075,-0.3167760535,-0.1008644013,-0.3555865719,-0.2795396700,0.2990006778,-0.0404155962,-0.4185091764,0.2712751181,-0.0009234715,0.3625500731,-0.2357839155,-0.3034068674,1.0000000000,0.0000000000,0.0000000000,0.0000000000,0.0000000000
0.0200000000,-0.1500000000,0.3000000000,-0.0627335374,0.0000000000,0.1283731341,0.4309457075,-0.3167760535,-0.1008644013,-0.3555865719,-0.2795396700,0.2990006778,-0.0439186816,-0.4182798152,0.2710382640,0.0012730593,0.3629311391,-0.2341569012,-0.3034068674,1.0000000000,0.0000000000,0.0000000000,0.0000000000,0.0000000000
0.0200000000,-0.1500000000,0.3000000000,-0.0627335374,0.0000000000,0.1283731341,0.4309457075,-0.3167760535,-0.1008644013,-0.3555865719,-0.2795396700,0.2990006778,-0.0474913684,-0.4180346056,0.2708323385,0.0035258508,0.3633158360,-0.2324925160,-0.3034068674,1.0000000000,0.0000000000,0.0000000000,0.0000000000,0.0000000000
0.0200000000,-0.1500000000,0.3000000000,-0.0627335374,0.0000000000,0.1283731341,0.4309457075,-0.3167760535,-0.1008644013,-0.3555865719,-0.2795396700,0.2990006778,-0.0511123057,-0.4177803136,0.2706432245,0.0058191558,0.3637029218,-0.2308046637,-0.3034068674,1.0000000000,0.0000000000,0.0000000000,0.0000000000,0.0000000000
0.0200000000,-0.1500000000,0.3000000000,-0.0627335374,0.0000000000,0.1283731341,0.4309457075,-0.3167760535,-0.1008644013,-0.3555865719,-0.2795396700,0.2990006778,-0.0548644782,-0.4175102311,0.2704591886,0.0082075782,0.3641027497,-0.2290530133,-0.3034068674,1.0000000000,0.0000000000,0.0000000000,0.0000000000,0.0000000000
0.0200000000,-0.1500000000,0.3000000000,-0.0627335374,0.0000000000,0.1283731341,0.4309457075,-0.3167760535,-0.1008644013,-0.3555865719,-0.2795396700,0.2990006778,-0.0591218598,-0.4171828908,0.2702744196,0.0109428105,0.3645571382,-0.2270494932,-0.3034068674,1.0000000000,0.0000000000,0.0000000000,0.0000000000,0.0000000000
0.0200000000,-0.1500000000,0.3000000000,-0.0627335374,0.0000000000,0.1283731341,0.4309457075,-0.3167760535,-0.1008644013,-0.3555865719,-0.2795396700,0.2990006778,-0.0641607232,-0.4167665112,0.2700881848,0.0142135075,0.3650970470,-0.2246535601,-0.3034068674,1.0000000000,0.0000000000,0.0000000000,0.0000000000,0.0000000000
0.0200000000,-0.1500000000,0.3000000000,-0.0627335374,0.0000000000,0.1283731341,0.4309457075,-0.3167760535,-0.1008644013,-0.3555865719,-0.2795396700,0.2990006778,-0.0699714830,-0.4162578438,0.2699078148,0.0180284709,0.3657222908,-0.2218635762,-0.3034068674,1.0000000000,0.0000000000,0.0000000000,0.0000000000,0.0000000000
0.0200000000,-0.1500000000,0.3000000000,-0.0627335374,0.0000000000,0.1283731341,0.4309457075,-0.3167760535,-0.1008644013,-0.3555865719,-0.2795396700,0.2990006778,-0.0762755903,-0.4156796637,0.2697487154,0.0222283140,0.3664042695,-0.2188052604,-0.3034068674,1.0000000000,0.0000000000,0.0000000000,0.0000000000,0.0000000000
0.0200000000,-0.1500000000,0.3000000000,-0.0627335374,0.0000000000,0.1283731341,0.4309457075,-0.3167760535,-0.1008644013,-0.3555865719,-0.2795396700,0.2990006778,-0.0827639448,-0.4150582481,0.2696257691,0.0266305904,0.3671110298,-0.2156199423,-0.3034068674,1.0000000000,0.0000000000,0.0000000000,0.0000000000,0.0000000000
0.0200000000,-0.1500000000,0.3000000000,-0.0627335374,0.0000000000,0.1283731341,0.4309457075,-0.3167760535,-0.1008644013,-0.3555865719,-0.2795396700,0.2990006778,-0.0890631440,-0.4144294798,0.2695499454,0.0309950674,0.3678015701,-0.2124902389,-0.3034068674,1.0000000000,0.0000000000,0.0000000000,0.0000000000,0.0000000000
0.0200000000,-0.1500000000,0.3000000000,-0.0627335374,0.0000000000,0.1283731341,0.4309457075,-0.3167760535,-0.1008644013,-0.3555865719,-0.2795396700,0.2990006778,-0.0948298374,-0.4138369764,0.2695143025,0.0350631920,0.3684355328,-0.2096017634,-0.3034068674,1.0000000000,0.0000000000,0.0000000000,0.0000000000,0.0000000000
0.0200000000,-0.1500000000,0.3000000000,-0.0627335374,0.0000000000,0.1283731341,0.4309457075,-0.3167760535,-0.1008644013,-0.3555865719,-0.2795396700,0.2990006778,-0.0999710019,-0.4132947644,0.2695124710,0.0387576344,0.3690016659,-0.2070082111,-0.3034068674,1.0000000000,0.0000000000,0.0000000000,0.0000000000,0.0000000000
0.0200000000,-0.1500000000,0.3000000000,-0.0627335374,0.0000000000,0.1283731341,0.4309457075,-0.3167760535,-0.1008644013,-0.3555865719,-0.2795396700,0.2990006778,-0.1046910017,-0.4127847463,0.2695336016,0.0422100501,0.3695229896,-0.2046103491,-0.3034068674,1.0000000000,0.0000000000,0.0000000000,0.0000000000,0.0000000000
0.0200000000,-0.1500000000,0.3000000000,-0.0627335374,0.0000000000,0.1283731341,0.4309457075,-0.3167760535,-0.1008644013,-0.3555865719,-0.2795396700,0.2990006778,-0.1092518999,-0.4122806457,0.2695693056,0.0456054250,0.3700306035,-0.2022724244,-0.3034068674,1.0000000000,0.0000000000,0.0000000000,0.0000000000,0.0000000000
0.0200000000,-0.1500000000,0.3000000000,-0.0627335374,0.0000000000,0.1283731341,0.4309457075,-0.3167760535,-0.1008644013,-0.3555865719,-0.2795396700,0.2990006778,-0.1137952933,-0.4117658678,0.2696188600,0.0490612107,0.3705428061,-0.1999138137,-0.3034068674,1.0000000000,0.0000000000,0.0000000000,0.0000000000,0.0000000000
0.0200000000,-0.1500000000,0.3000000000,-0.0627335374,0.0000000000,0.1283731341,0.4309457075,-0.3167760535,-0.1008644013,-0.3555865719,-0.2795396700,0.2990006778,-0.1183972910,-0.4112364163,0.2696869275,0.0526330474,0.3710612710,-0.1975166216,-0.3034068674,1.0000000000,0.0000000000,0.0000000000,0.0000000000,0.0000000000
0.0200000000,-0.1500000000,0.3000000000,-0.0627335374,0.0000000000,0.1283731341,0.4309457075,-0.3167760535,-0.1008644013,-0.3555865719,-0.2795396700,0.2990006778,-0.1231733083,-0.4106912188,0.2697986779,0.0564408759,0.3715755004,-0.1950881779,-0.3034068674,1.0000000000,0.0000000000,0.0000000000,0.0000000000,0.0000000000
0.0200000000,-0.1500000000,0.3000000000,-0.0627335374,0.0000000000,0.1283731341,0.4309457075,-0.3167760535,-0.1008644013,-0.3555865719,-0.2795396700,0.2990006778,-0.1282538619,-0.4101298362,0.2699889274,0.0606391143,0.3720685289,-0.1926503464,-0.3034068674,1.0000000000,0.0000000000,0.0000000000,0.0000000000,0.0000000000
0.0200000000,-0.1500000000,0.3000000000,-0.0627335374,0.0000000000,0.1283731341,0.4309457075,-0.3167760535,-0.1008644013,-0.3555865719,-0.2795396700,0.2990006778,-0.1337038852,-0.4095333521,0.2702532430,0.0652802683,0.3725517770,-0.1901594107,-0.3034068674,1.0000000000,0.0000000000,0.0000000000,0.0000000000,0.0000000000
0.0200000000,-0.1500000000,0.3000000000,-0.0627335374,0.0000000000,0.1283731341,0.4309457075,-0.3167760535,-0.1008644013,-0.3555865719,-0.2795396700,0.2990006778,-0.1391645989,-0.4088907057,0.2705085546,0.0699661190,0.3730568272,-0.1876035897,-0.3034068674,1.0000000000,0.0000000000,0.0000000000,0.0000000000,0.0000000000
0.0200000000,-0.1500000000,0.3000000000,-0.0627335374,0.0000000000,0.1283731341,0.4309457075,-0.3167760535,-0.1008644013,-0.3555865719,-0.2795396700,0.2990006778,-0.1441638136,-0.4082495055,0.2707063974,0.0742250677,0.3735638020,-0.1851387725,-0.3034068674,1.0000000000,0.0000000000,0.0000000000,0.0000000000,0.0000000000
0.0200000000,-0.1500000000,0.3000000000,-0.0627335374,0.0000000000,0.1283731341,0.4309457075,-0.3167760535,-0.1008644013,-0.3555865719,-0.2795396700,0.2990006778,-0.1483568671,-0.4076774845,0.2708541186,0.0777716487,0.3740145957,-0.1830006588,-0.3034068674,1.0000000000,0.0000000000,0.0000000000,0.0000000000,0.0000000000
0.0200000000,-0.1500000000,0.3000000000,-0.0627335374,0.0000000000,0.1283731341,0.4309457075,-0.3167760535,-0.1008644013,-0.3555865719,-0.2795396700,0.2990006778,-0.1519612190,-0.4071654249,0.2709767554,0.0808035630,0.3744122217,-0.1811358015,-0.3034068674,1.0000000000,0.0000000000,0.0000000000,0.0000000000,0.0000000000
0.0200000000,-0.1500000000,0.3000000000,-0.0627335374,0.0000000000,0.1283731341,0.4309457075,-0.3167760535,-0.1008644013,-0.3555865719,-0.2795396700,0.2990006778,-0.1552073789,-0.4066902312,0.2710895640,0.0835191402,0.3747726820,-0.1794516059,-0.3034068674,1.0000000000,0.0000000000,0.0000000000,0.0000000000,0.0000000000
0.0200000000,-0.1500000000,0.3000000000,-0.0627335374,0.0000000000,0.1283731341,0.4309457075,-0.3167760535,-0.1008644013,-0.3555865719,-0.2795396700,0.2990006778,-0.1582661873,-0.4062321442,0.2712023323,0.0860621110,0.3751096883,-0.1778744248,-0.3034068674,1.0000000000,0.0000000000,0.0000000000,0.0000000000,0.0000000000
0.0200000000,-0.1500000000,0.3000000000,-0.0627335374,0.0000000000,0.1283731341,0.4309457075,-0.3167760535,-0.1008644013,-0.3555865719,-0.2795396700,0.2990006778,-0.1612346587,-0.4057768221,0.2713185008,0.0885100592,0.3754337222,-0.1763549669,-0.3034068674,1.0000000000,0.0000000000,0.0000000000,0.0000000000,0.0000000000
0.0200000000,-0.1500000000,0.3000000000,-0.0627335374,0.0000000000,0.1283731341,0.4309457075,-0.3167760535,-0.1008644013,-0.3555865719,-0.2795396700,0.2990006778,-0.1642366338,-0.4053062552,0.2714439182,0.0909623131,0.3757568318,-0.1748342331,-0.3034068674,1.0000000000,0.0000000000,0.0000000000,0.0000000000,0.0000000000
0.0200000000,-0.1500000000,0.3000000000,-0.0627335374,0.0000000000,0.1283731341,0.4309457075,-0.3167760535,-0.1008644013,-0.3555865719,-0.2795396700,0.2990006778,-0.1672252184,-0.4048271097,0.2715771038,0.0933776401,0.3760736890,-0.1733369834,-0.3034068674,1.0000000000,0.0000000000,0.0000000000,0.0000000000,0.0000000000
0.0200000000,-0.1500000000,0.3000000000,-0.0627335374,0.0000000000,0.1283731341,0.4309457075,-0.3167760535,-0.1008644013,-0.3555865719,-0.2795396700,0.2990006778,-0.1701486554,-0.4043466896,0.2717169276,0.0957083440,0.3763778376,-0.1718923692,-0.3034068674,1.0000000000,0.0000000000,0.0000000000,0.0000000000,0.0000000000
0.0200000000,-0.1500000000,0.3000000000,-0.0627335374,0.0000000000,0.1283731341,0.4309457075,-0.3167760535,-0.1008644013,-0.3555865719,-0.2795396700,0.2990006778,-0.1730102076,-0.4038629980,0.2718647290,0.0979528392,0.3766689530,-0.1705010572,-0.3034068674,1.0000000000,0.0000000000,0.0000000000,0.0000000000,0.0000000000
0.0200000000,-0.1500000000,0.3000000000,-0.0627335374,0.0000000000,0.1283731341,0.4309457075,-0.3167760535,-0.1008644013,-0.3555865719,-0.2795396700,0.2990006778,-0.1758307733,-0.4033736211,0.2720208996,0.1001280930,0.3769495717,-0.1691513692,-0.3034068674,1.0000000000,0.0000000000,0.0000000000,0.0000000000,0.0000000000
0.0200000000,-0.1500000000,0.3000000000,-0.0627335374,0.0000000000,0.1283731341,0.4309457075,-0.3167760535,-0.1008644013,-0.3555865719,-0.2795396700,0.2990006778,-0.1786104969,-0.4028785623,0.2721854304,0.1022341987,0.3772197064,-0.1678432431,-0.3034068674,1.0000000000,0.0000000000,0.0000000000,0.0000000000,0.0000000000
0.0200000000,-0.1500000000,0.3000000000,-0.0627335374,0.0000000000,0.1283731341,0.4309457075,-0.3167760535,-0.1008644013,-0.3555865719,-0.2795396700,0.2990006778,-0.1813564125,-0.4023756462,0.2723595805,0.1042735530,0.3774797479,-0.1665742640,-0.3034068674,1.0000000000,0.0000000000,0.0000000000,0.0000000000,0.0000000000
0.0200000000,-0.1500000000,0.3000000000,-0.0627335374,0.0000000000,0.1283731341,0.4309457075,-0.3167760535,-0.1008644013,-0.3555865719,-0.2795396700,0.2990006778,-0.1840697299,-0.4018642936,0.2725438046,0.1062452989,0.3777295996,-0.1653445525,-0.3034068674,1.0000000000,0.0000000000,0.0000000000,0.0000000000,0.0000000000
0.0200000000,-0.1500000000,0.3000000000,-0.0627335374,0.0000000000,0.1283731341,0.4309457075,-0.3167760535,-0.1008644013,-0.3555865719,-0.2795396700,0.2990006778,-0.1867516662,-0.4013420807,0.2727399889,0.1081444316,0.3779684762,-0.1641565823,-0.3034068674,1.0000000000,0.0000000000,0.0000000000,0.0000000000,0.0000000000
0.0200000000,-0.1500000000,0.3000000000,-0.0627335374,0.0000000000,0.1283731341,0.4309457075,-0.3167760535,-0.1008644013,-0.3555865719,-0.2795396700,0.2990006778,-0.1894191366,-0.4008064038,0.2729487834,0.1099858359,0.3781985752,-0.1630003875,-0.3034068674,1.0000000000,0.0000000000,0.0000000000,0.0000000000,0.0000000000
0.0200000000,-0.1500000000,0.3000000000,-0.0627335374,0.0000000000,0.1283731341,0.4309457075,-0.3167760535,-0.1008644013,-0.3555865719,-0.2795396700,0.2990006778,-0.1920718851,-0.4002573334,0.2731701838,0.1117691731,0.3784198401,-0.1618761876,-0.3034068674,1.0000000000,0.0000000000,0.0000000000,0.0000000000,0.0000000000
0.0200000000,-0.1500000000,0.3000000000,-0.0627335374,0.0000000000,0.1283731341,0.4309457075,-0.3167760535,-0.1008644013,-0.3555865719,-0.2795396700,0.2990006778,-0.1947147104,-0.3996935043,0.2734046980,0.1134981685,0.3786328563,-0.1607813459,-0.3034068674,1.0000000000,0.0000000000,0.0000000000,0.0000000000,0.0000000000
0.0200000000,-0.1500000000,0.3000000000,-0.0627335374,0.0000000000,0.1283731341,0.4309457075,-0.3167760535,-0.1008644013,-0.3555865719,-0.2795396700,0.2990006778,-0.1973553615,-0.3991122917,0.2736537080,0.1151764998,0.3788381715,-0.1597128644,-0.3034068674,1.0000000000,0.0000000000,0.0000000000,0.0000000000,0.0000000000
0.0200000000,-0.1500000000,0.3000000000,-0.0627335374,0.0000000000,0.1283731341,0.4309457075,-0.3167760535,-0.1008644013,-0.3555865719,-0.2795396700,0.2990006778,-0.1999913860,-0.3985124391,0.2739184580,0.1167974283,0.3790347711,-0.1586745518,-0.3034068674,1.0000000000,0.0000000000,0.0000000000,0.0000000000,0.0000000000
0.0200000000,-0.1500000000,0.3000000000,-0.0627335374,0.0000000000,0.1283731341,0.4309457075,-0.3167760535,-0.1008644013,-0.3555865719,-0.2795396700,0.2990006778,-0.2026251536,-0.3978963427,0.2741962183,0.1183732063,0.3792246238,-0.1576596401,-0.3034068674,1.0000000000,0.0000000000,0.0000000000,0.0000000000,0.0000000000
0.0200000000,-0.1500000000,0.3000000000,-0.0627335374,0.0000000000,0.1283731341,0.4309457075,-0.3167760535,-0.1008644013,-0.3555865719,-0.2795396700,0.2990006778,-0.2052571688,-0.3972636737,0.2744871759,0.1199041527,0.3794078041,-0.1566677824,-0.3034068674,1.0000000000,0.0000000000,0.0000000000,0.0000000000,0.0000000000
0.0200000000,-0.1500000000,0.3000000000,-0.0627335374,0.0000000000,0.1283731341,0.4309457075,-0.3167760535,-0.1008644013,-0.3555865719,-0.2795396700,0.2990006778,-0.2078875717,-0.3966152575,0.2747904244,0.1213928256,0.3795846980,-0.1556978350,-0.3034068674,1.0000000000,0.0000000000,0.0000000000,0.0000000000,0.0000000000
0.0200000000,-0.1500000000,0.3000000000,-0.0627335374,0.0000000000,0.1283731341,0.4309457075,-0.3167760535,-0.1008644013,-0.3555865719,-0.2795396700,0.2990006778,-0.2105176267,-0.3959527225,0.2751037507,0.1228470780,0.3797565555,-0.1547458986,-0.3034068674,1.0000000000,0.0000000000,0.0000000000,0.0000000000,0.0000000000
0.0200000000,-0.1500000000,0.3000000000,-0.0627335374,0.0000000000,0.1283731341,0.4309457075,-0.3167760535,-0.1008644013,-0.3555865719,-0.2795396700,0.2990006778,-0.2131461951,-0.3952739162,0.2754290575,0.1242601114,0.3799223746,-0.1538154398,-0.3034068674,1.0000000000,0.0000000000,0.0000000000,0.0000000000,0.0000000000
0.0200000000,-0.1500000000,0.3000000000,-0.0627335374,0.0000000000,0.1283731341,0.4309457075,-0.3167760535,-0.1008644013,-0.3555865719,-0.2795396700,0.2990006778,-0.2157777644,-0.3945826577,0.2757622538,0.1256471445,0.3800843944,-0.1528988401,-0.3034068674,1.0000000000,0.0000000000,0.0000000000,0.0000000000,0.0000000000
0.0200000000,-0.1500000000,0.3000000000,-0.0627335374,0.0000000000,0.1283731341,0.4309457075,-0.3167760535,-0.1008644013,-0.3555865719,-0.2795396700,0.2990006778,-0.2184150271,-0.3938797416,0.2761020266,0.1270140780,0.3802434876,-0.1519931102,-0.3034068674,1.0000000000,0.0000000000,0.0000000000,0.0000000000,0.0000000000
0.0200000000,-0.1500000000,0.3000000000,-0.0627335374,0.0000000000,0.1283731341,0.4309457075,-0.3167760535,-0.1008644013,-0.3555865719,-0.2795396700,0.2990006778,-0.2210574933,-0.3931653640,0.2764482851,0.1283605417,0.3803996024,-0.1510985016,-0.3034068674,1.0000000000,0.0000000000,0.0000000000,0.0000000000,0.0000000000
0.0200000000,-0.1500000000,0.3000000000,-0.0627335374,0.0000000000,0.1283731341,0.4309457075,-0.3167760535,-0.1008644013,-0.3555865719,-0.2795396700,0.2990006778,-0.2237068306,-0.3924428321,0.2767974404,0.1296959101,0.3805541538,-0.1502108435,-0.3034068674,1.0000000000,0.0000000000,0.0000000000,0.0000000000,0.0000000000
0.0200000000,-0.1500000000,0.3000000000,-0.0627335374,0.0000000000,0.1283731341,0.4309457075,-0.3167760535,-0.1008644013,-0.3555865719,-0.2795396700,0.2990006778,-0.2263661106,-0.3917111337,0.2771495063,0.1310218573,0.3807073783,-0.1493293359,-0.3034068674,1.0000000000,0.0000000000,0.0000000000,0.0000000000,0.0000000000
0.0200000000,-0.1500000000,0.3000000000,-0.0627335374,0.0000000000,0.1283731341,0.4309457075,-0.3167760535,-0.1008644013,-0.3555865719,-0.2795396700,0.2990006778,-0.2290304247,-0.3909736204,0.2775025588,0.1323393541,0.3808594701,-0.1484538751,-0.3034068674,1.0000000000,0.0000000000,0.0000000000,0.0000000000,0.0000000000
0.0200000000,-0.1500000000,0.3000000000,-0.0627335374,0.0000000000,0.1283731341,0.4309457075,-0.3167760535,-0.1008644013,-0.3555865719,-0.2795396700,0.2990006778,-0.2316958308,-0.3902340053,0.2778536173,0.1336516113,0.3810109826,-0.1475836279,-0.3034068674,1.0000000000,0.0000000000,0.0000000000,0.0000000000,0.0000000000
0.0200000000,-0.1500000000,0.3000000000,-0.0627335374,0.0000000000,0.1283731341,0.4309457075,-0.3167760535,-0.1008644013,-0.3555865719,-0.2795396700,0.2990006778,-0.2343625092,-0.3894921068,0.2782028227,0.1349585384,0.3811618990,-0.1467186008,-0.3034068674,1.0000000000,0.0000000000,0.0000000000,0.0000000000,0.0000000000
0.0200000000,-0.1500000000,0.3000000000,-0.0627335374,0.0000000000,0.1283731341,0.4309457075,-0.3167760535,-0.1008644013,-0.3555865719,-0.2795396700,0.2990006778,-0.2370298824,-0.3887487630,0.2785496194,0.1362585641,0.3813119959,-0.1458598357,-0.3034068674,1.0000000000,0.0000000000,0.0000000000,0.0000000000,0.0000000000
0.0200000000,-0.1500000000,0.3000000000,-0.0627335374,0.0000000000,0.1283731341,0.4309457075,-0.3167760535,-0.1008644013,-0.3555865719,-0.2795396700,0.2990006778,-0.2396896881,-0.3880072817,0.2788917628,0.1375485982,0.3814609546,-0.1450100154,-0.3034068674,1.0000000000,0.0000000000,0.0000000000,0.0000000000,0.0000000000
0.0200000000,-0.1500000000,0.3000000000,-0.0627335374,0.0000000000,0.1283731341,0.4309457075,-0.3167760535,-0.1008644013,-0.3555865719,-0.2795396700,0.2990006778,-0.2423531893,-0.3872639800,0.2792316056,0.1388322068,0.3816091206,-0.1441660701,-0.3034068674,1.0000000000,0.0000000000,0.0000000000,0.0000000000,0.0000000000
0.0200000000,-0.1500000000,0.3000000000,-0.0627335374,0.0000000000,0.1283731341,0.4309457075,-0.3167760535,-0.1008644013,-0.3555865719,-0.2795396700,0.2990006778,-0.2450390576,-0.3865133418,0.2795720018,0.1401127387,0.3817567260,-0.1433249509,-0.3034068674,1.0000000000,0.0000000000,0.0000000000,0.0000000000,0.0000000000
0.0200000000,-0.1500000000,0.3000000000,-0.0627335374,0.0000000000,0.1283731341,0.4309457075,-0.3167760535,-0.1008644013,-0.3555865719,-0.2795396700,0.2990006778,-0.2477369260,-0.3857584528,0.2799115873,0.1413870084,0.3819034325,-0.1424889596,-0.3034068674,1.0000000000,0.0000000000,0.0000000000,0.0000000000,0.0000000000
0.0200000000,-0.1500000000,0.3000000000,-0.0627335374,0.0000000000,0.1283731341,0.4309457075,-0.3167760535,-0.1008644013,-0.3555865719,-0.2795396700,0.2990006778,-0.2505167157,-0.3849785195,0.2802597631,0.1426749520,0.3820512802,-0.1416433308,-0.3034068674,1.0000000000,0.0000000000,0.0000000000,0.0000000000,0.0000000000
0.0200000000,-0.1500000000,0.3000000000,-0.0627335374,0.0000000000,0.1283731341,0.4309457075,-0.3167760535,-0.1008644013,-0.3555865719,-0.2795396700,0.2990006778,-0.2534449030,-0.3841536308,0.2806256095,0.1439969997,0.3822023759,-0.1407733706,-0.3034068674,1.0000000000,0.0000000000,0.0000000000,0.0000000000,0.0000000000
0.0200000000,-0.1500000000,0.3000000000,-0.0627335374,0.0000000000,0.1283731341,0.4309457075,-0.3167760535,-0.1008644013,-0.3555865719,-0.2795396700,0.2990006778,-0.2565604759,-0.3832724758,0.2810140020,0.1453593553,0.3823572488,-0.1398733048,-0.3034068674,1.0000000000,0.0000000000,0.0000000000,0.0000000000,0.0000000000
0.0200000000,-0.1500000000,0.3000000000,-0.0627335374,0.0000000000,0.1283731341,0.4309457075,-0.3167760535,-0.1008644013,-0.3555865719,-0.2795396700,0.2990006778,-0.2600390324,-0.3822830041,0.2814477887,0.1468081129,0.3825205422,-0.1389085008,-0.3034068674,1.0000000000,0.0000000000,0.0000000000,0.0000000000,0.0000000000
0.0200000000,-0.1500000000,0.3000000000,-0.0627335374,0.0000000000,0.1283731341,0.4309457075,-0.3167760535,-0.1008644013,-0.3555865719,-0.2795396700,0.2990006778,-0.2639553180,-0.3811641189,0.2819344953,0.1483240470,0.3826892538,-0.1378845425,-0.3034068674,1.0000000000,0.0000000000,0.0000000000,0.0000000000,0.0000000000
0.0200000000,-0.1500000000,0.3000000000,-0.0627335374,0.0000000000,0.1283731341,0.4309457075,-0.3167760535,-0.1008644013,-0.3555865719,-0.2795396700,0.2990006778,-0.2684392850,-0.3798785121,0.2824879358,0.1498823310,0.3828592552,-0.1368066916,-0.3034068674,1.0000000000,0.0000000000,0.0000000000,0.0000000000,0.0000000000
0.0200000000,-0.1500000000,0.3000000000,-0.0627335374,0.0000000000,0.1283731341,0.4309457075,-0.3167760535,-0.1008644013,-0.3555865719,-0.2795396700,0.2990006778,-0.2730436137,-0.3785737781,0.2830319646,0.1511711618,0.3829940514,-0.1358645901,-0.3034068674,1.0000000000,0.0000000000,0.0000000000,0.0000000000,0.0000000000
0.0200000000,-0.1500000000,0.3000000000,-0.0627335374,0.0000000000,0.1283731341,0.4309457075,-0.3167760535,-0.1008644013,-0.3555865719,-0.2795396700,0.2990006778,-0.2771529694,-0.3774518988,0.2834711691,0.1520294015,0.3830779294,-0.1351802199,-0.3034068674,1.0000000000,0.0000000000,0.0000000000,0.0000000000,0.0000000000
0.0200000000,-0.1500000000,0.3000000000,-0.0627335374,0.0000000000,0.1283731341,0.4309457075,-0.3167760535,-0.1008644013,-0.3555865719,-0.2795396700,0.2990006778,-0.2804716684,-0.3766223314,0.2837506392,0.1524447618,0.3831120179,-0.1347806376,-0.3034068674,1.0000000000,0.0000000000,0.0000000000,0.0000000000,0.0000000000
0.0200000000,-0.1500000000,0.3000000000,-0.0627335374,0.0000000000,0.1283731341,0.4309457075,-0.3167760535,-0.1008644013,-0.3555865719,-0.2795396700,0.2990006778,-0.2829286145,-0.3761213383,0.2838511078,0.1525216290,0.3831105487,-0.1346196073,-0.3034068674,1.0000000000,0.0000000000,0.0000000000,0.0000000000,0.0000000000
0.0200000000,-0.1500000000,0.3000000000,-0.0627335374,0.0000000000,0.1283731341,0.4309457075,-0.3167760535,-0.1008644013,-0.3555865719,-0.2795396700,0.2990006778,-0.2844341144,-0.3759695835,0.2837693834,0.1523855936,0.3830899508,-0.1346396460,-0.3034068674,1.0000000000,0.0000000000,0.0000000000,0.0000000000,0.0000000000
0.0200000000,-0.1500000000,0.3000000000,-0.0627335374,0.0000000000,0.1283731662,0.4309457111,-0.3167760558,-0.1008644026,-0.3555865720,-0.2795396733,0.2990006778,-0.2848798620,-0.3761743650,0.2835158551,0.1521707966,0.3830673977,-0.1347783007,-0.3034068674,1.0000000000,0.0000000000,0.0000000000,0.0000000000,0.0000000000
0.0200000000,-0.1500000000,0.3000000000,-0.0627335374,0.0000000000,0.1283732620,0.4309457215,-0.3167760632,-0.1008643967,-0.3555865740,-0.2795396773,0.2990006778,-0.2844030590,-0.3766569894,0.2831425161,0.1520274246,0.3830602565,-0.1349466141,-0.3034068674,1.0000000000,0.0000000000,0.0000000000,0.0000000000,0.0000000000
0.0200000000,-0.1500000000,0.3000000000,-0.0627335374,0.0000000000,0.1283692446,0.4309452751,-0.3167757710,-0.1008642125,-0.3555865665,-0.2795392396,0.2990006778,-0.2831188321,-0.3773306069,0.2827114521,0.1521243097,0.3830882202,-0.1350448951,-0.3034068674,1.0000000000,0.0000000000,0.0000000000,0.0000000000,0.0000000000
0.0200000000,-0.1500000000,0.3000000000,-0.0627335374,0.0000000000,0.1283351872,0.4309415086,-0.3167732547,-0.1008638556,-0.3555862942,-0.2795362805,0.2990006778,-0.2814105639,-0.3780278837,0.2823195366,0.1526435106,0.3831709311,-0.1349475326,-0.3034068674,1.0000000000,0.0000000000,0.0000000000,0.0000000000,0.0000000000
0.0200000000,-0.1500000000,0.3000000000,-0.0627335374,0.0000000000,0.1282021083,0.4309268260,-0.3167633120,-0.1008683038,-0.3555842315,-0.2795283054,0.2990006778,-0.2797998307,-0.3785909274,0.2820356591,0.1537545403,0.3833266113,-0.1345344502,-0.3034068674,1.0000000000,0.0293371036,0.0000000000,0.0000000000,0.0000000000
0.0200000000,-0.1500000000,0.3000000000,-0.0627335374,0.0000000000,0.1278936417,0.4308928550,-0.3167399408,-0.1009003134,-0.3555757807,-0.2795230338,0.2990006778,-0.2788988488,-0.3788847915,0.2818955311,0.1555630888,0.3835655479,-0.1337203128,-0.3034068674,1.0000000000,0.0933040017,0.0000000000,0.0000000000,0.0000000000
0.0200000000,-0.1500000000,0.3000000000,-0.0627335374,0.0000000000,0.1274585345,0.4308452987,-0.3167058859,-0.1009835721,-0.3555574529,-0.2795389668,0.2990006778,-0.2789034117,-0.3789295962,0.2818533607,0.1579114934,0.3838674999,-0.1325847210,-0.3034068674,1.0000000000,0.1537062935,0.0000000000,0.0000000000,0.0000000000
0.0200000000,-0.1500000000,0.3000000000,-0.0627335374,0.0000000000,0.1269618731,0.4307924574,-0.3166636990,-0.1011340679,-0.3555272086,-0.2795919344,0.2990006778,-0.2798329147,-0.3787758313,0.2818608580,0.1607626381,0.3842282465,-0.1311574754,-0.3034068674,1.0000000000,0.2119569856,0.0000000000,0.0000000000,0.0000000000
0.0200000000,-0.1500000000,0.3000000000,-0.0627335374,0.0000000000,0.1264907237,0.4307458354,-0.3166164128,-0.1013445558,-0.3554870658,-0.2796862138,0.2990006778,-0.2815578494,-0.3784927722,0.2818740492,0.1639202558,0.3846236197,-0.1295514985,-0.3034068674,1.0000000000,0.2672489203,0.0000000000,0.0000000000,0.0000000000
0.0200000000,-0.1500000000,0.3000000000,-0.0627335374,0.0000000000,0.1260627710,0.4307116135,-0.3165574234,-0.1016316832,-0.3554341575,-0.2798372082,0.2990006778,-0.2842007577,-0.3781089819,0.2818511932,0.1676313605,0.3850845197,-0.1276551947,-0.3034068674,1.0000000000,0.3260821449,0.0000000000,0.0000000000,0.0000000000
0.0200000000,-0.1500000000,0.3000000000,-0.0627335374,0.0000000000,0.1257544019,0.4307041224,-0.3164818383,-0.1019976342,-0.3553682130,-0.2800583049,0.2990006778,-0.2877746804,-0.3776941336,0.2817314801,0.1718499813,0.3856043753,-0.1255112192,-0.3034068674,1.0000000000,0.3909754695,0.0000000000,0.0000000000,0.0000000000
0.0200000000,-0.1500000000,0.3000000000,-0.0627335374,0.0000000000,0.1256117634,0.4307240661,-0.3164023939,-0.1023751546,-0.3553005832,-0.2803094341,0.2990006778,-0.2914885984,-0.3773855304,0.2815046719,0.1758089796,0.3860892202,-0.1235242830,-0.3034068674,1.0000000000,0.4569761557,0.0000000000,0.0000000000,0.0000000000
0.0200000000,-0.1500000000,0.3000000000,-0.0627335374,0.0000000000,0.1255968957,0.4307613380,-0.3163279252,-0.1027380181,-0.3552350148,-0.2805671272,0.2990006778,-0.2949123561,-0.3772494019,0.2811731596,0.1791887685,0.3865012368,-0.1218607814,-0.3034068674,1.0000000000,0.5235520647,0.0000000000,0.0000000000,0.0000000000
0.0200000000,-0.1500000000,0.3000000000,-0.0627335374,0.0000000000,0.1256410247,0.4308021885,-0.3162648721,-0.1030730078,-0.3551732518,-0.2808123888,0.2990006778,-0.2977355499,-0.3773189981,0.2807500280,0.1817866244,0.3868175538,-0.1206203944,-0.3034068674,1.0000000000,0.5902187313,0.0000000000,0.0000000000,0.0000000000
0.0200000000,-0.1500000000,0.3000000000,-0.0627335374,0.0000000000,0.1256729974,0.4308356709,-0.3162130593,-0.1033784778,-0.3551156221,-0.2810348345,0.2990006778,-0.2997712405,-0.3776075444,0.2802476500,0.1834955583,0.3870268766,-0.1198526576,-0.3034068674,1.0000000000,0.6568666822,0.0000000000,0.0000000000,0.0000000000
0.0200000000,-0.1500000000,0.3000000000,-0.0627335374,0.0000000000,0.1256260696,0.4308546266,-0.3161655532,-0.1036445536,-0.3550647807,-0.2812210110,0.2990006778,-0.3007976462,-0.3781165153,0.2796913046,0.1841649549,0.3871122128,-0.1196279973,-0.3034068674,1.0000000000,0.7223307918,0.0000000000,0.0000000000,0.0000000000
0.0200000000,-0.1500000000,0.3000000000,-0.0627335374,0.0000000000,0.1254766480,0.4308617155,-0.3161088410,-0.1038658347,-0.3550232097,-0.2813677320,0.2990006778,-0.3008716255,-0.3787945665,0.2791128755,0.1839113860,0.3870878818,-0.1198810735,-0.3034068674,1.0000000000,0.7859014501,0.0000000000,0.0000000000,0.0000000000
0.0200000000,-0.1500000000,0.3000000000,-0.0627335374,0.0000000000,0.1252058066,0.4308613965,-0.3160273085,-0.1040426588,-0.3549922635,-0.2814771312,0.2990006778,-0.2999807841,-0.3796553080,0.2784982475,0.1827427916,0.3869553735,-0.1206123874,-0.3034068674,1.0000000000,0.8491920707,0.0000000000,0.0000000000,0.0000000000
0.0200000000,-0.1500000000,0.3000000000,-0.0627335374,0.0000000000,0.1248015535,0.4308572895,-0.3159093336,-0.1041734835,-0.3549732181,-0.2815500611,0.2990006778,-0.2981258345,-0.3807126491,0.2778324964,0.1806712223,0.3867169894,-0.1218186566,-0.3034068674,1.0000000000,0.9138681490,0.0000000000,0.0000000000,0.0000000000
0.0200000000,-0.1500000000,0.3000000000,-0.0627335374,0.0000000000,0.1242938109,0.4308517000,-0.3157597271,-0.1042507877,-0.3549669227,-0.2815845506,0.2990006778,-0.2955408504,-0.3818897746,0.2771518480,0.1779438558,0.3864028037,-0.1233620539,-0.3034068674,1.0000000000,0.9791512612,0.0000000000,0.0000000000,0.0000000000
0.0200000000,-0.1500000000,0.3000000000,-0.0627335374,0.0000000000,0.1237808776,0.4308532444,-0.3155921322,-0.1042662347,-0.3549737192,-0.2815843924,0.2990006778,-0.2927368987,-0.3829916548,0.2765605954,0.1750961746,0.3860755457,-0.1249443687,-0.3034068674,1.0000000000,1.0000000000,0.0000000000,0.0000000000,0.0000000000
0.0200000000,-0.1500000000,0.3000000000,-0.0627335374,0.0000000000,0.1233479367,0.4308838171,-0.3153877410,-0.1042495113,-0.3549902989,-0.2815840799,0.2990006778,-0.2899419045,-0.3839576062,0.2760796730,0.1723540843,0.3857593960,-0.1264550368,-0.3034068674,1.0000000000,1.0000000000,0.0000000000,0.0000000000,0.0000000000
0.0200000000,-0.1500000000,0.3000000000,-0.0627335374,0.0000000000,0.1230229091,0.4309713535,-0.3150955795,-0.1042382980,-0.3550152391,-0.2816239147,0.2990006778,-0.2869319710,-0.3848745517,0.2756545105,0.1694956053,0.3854252750,-0.1280362060,-0.3034068674,1.0000000000,1.0000000000,0.0000000000,0.0000000000,0.0000000000
0.0200000000,-0.1500000000,0.3000000000,-0.0627335374,0.0000000000,0.1227994727,0.4311349890,-0.3146718657,-0.1042663269,-0.3550470464,-0.2817354214,0.2990006778,-0.2834100427,-0.3858601625,0.2752084330,0.1662245740,0.3850326389,-0.1298870038,-0.3034068674,1.0000000000,1.0000000000,0.0000000000,0.0000000000,0.0000000000
0.0200000000,-0.1500000000,0.3000000000,-0.0627335374,0.0000000000,0.1226925546,0.4313893765,-0.3140888130,-0.1043649312,-0.3550829922,-0.2819473557,0.2990006778,-0.2792235850,-0.3869651055,0.2746955549,0.1624064772,0.3845524750,-0.1321500673,-0.3034068674,1.0000000000,1.0000000000,0.0000000000,0.0000000000,0.0000000000
0.0200000000,-0.1500000000,0.3000000000,-0.0627335374,0.0000000000,0.1228258374,0.4317751502,-0.3132967568,-0.1046032635,-0.3551158739,-0.2823322242,0.2990006778,-0.2742972964,-0.3881832482,0.2741051215,0.1580054036,0.3839625095,-0.1349305399,-0.3034068674,1.0000000000,1.0000000000,0.0000000000,0.0000000000,0.0000000000
0.0200000000,-0.1500000000,0.3000000000,-0.0627335374,0.0000000000,0.1233526221,0.4323200233,-0.3122815746,-0.1050507699,-0.3551344383,-0.2829582508,0.2990006778,-0.2687771554,-0.3894758685,0.2734683424,0.1531437716,0.3832835341,-0.1381265363,-0.3034068674,1.0000000000,1.0000000000,0.0000000000,0.0000000000,0.0000000000
0.0200000000,-0.1500000000,0.3000000000,-0.0627335374,0.0000000000,0.1244283302,0.4330458784,-0.3110374326,-0.1057757146,-0.3551261654,-0.2838927484,0.2990006778,-0.2628307550,-0.3908111715,0.2728197011,0.1479497191,0.3825457149,-0.1415927539,-0.3034068674,1.0000000000,1.0000000000,0.0000000000,0.0000000000,0.0000000000
0.0200000000,-0.1500000000,0.3000000000,-0.0627335374,0.0000000000,0.1261233527,0.4339400885,-0.3096017327,-0.1068010226,-0.3550818195,-0.2851535303,0.2990006778,-0.2566930292,-0.3921451234,0.2721925480,0.1426184868,0.3817863391,-0.1451532638,-0.3034068674,1.0000000000,1.0000000000,0.0000000000,0.0000000000,0.0000000000
0.0200000000,-0.1500000000,0.3000000000,-0.0627335374,0.0000000000,0.1284291891,0.4349684282,-0.3080329936,-0.1081073496,-0.3549982321,-0.2867154467,0.2990006778,-0.2505542963,-0.3934407400,0.2716067919,0.1373248212,0.3810336927,-0.1486774771,-0.3034068674,1.0000000000,1.0000000000,0.0000000000,0.0000000000,0.0000000000
0.0200000000,-0.1500000000,0.3000000000,-0.0627335374,0.0000000000,0.1313556010,0.4361086656,-0.3063684113,-0.1096776647,-0.3548752058,-0.2885618520,0.2990006778,-0.2444587804,-0.3946894379,0.2710650845,0.1321378600,0.3802980812,-0.1521217673,-0.3034068674,1.0000000000,1.0000000000,0.0000000000,0.0000000000,0.0000000000
0.0200000000,-0.1500000000,0.3000000000,-0.0627335374,0.0000000000,0.1348098151,0.4373343767,-0.3046334304,-0.1114531687,-0.3547217754,-0.2906368368,0.2990006778,-0.2383288348,-0.3959160535,0.2705491019,0.1270117047,0.3795725293,-0.1555244086,-0.3034068674,1.0000000000,1.0000000000,0.0000000000,0.0000000000,0.0000000000
0.0200000000,-0.1500000000,0.3000000000,-0.0627335374,0.0000000000,0.1386916688,0.4386116637,-0.3028651909,-0.1133697753,-0.3545457101,-0.2928788154,0.2990006778,-0.2321979842,-0.3971209284,0.2700530583,0.1219914872,0.3788639052,-0.1588584817,-0.3034068674,1.0000000000,1.0000000000,0.0000000000,0.0000000000,0.0000000000
0.0200000000,-0.1500000000,0.3000000000,-0.0627335374,0.0000000000,0.1427836173,0.4398719368,-0.3011448691,-0.1153085161,-0.3543596134,-0.2951640503,0.2990006778,-0.2262714638,-0.3982724842,0.2695844496,0.1172544190,0.3781987276,-0.1620042680,-0.3034068674,1.0000000000,1.0000000000,0.0000000000,0.0000000000,0.0000000000
0.0200000000,-0.1500000000,0.3000000000,-0.0627335374,0.0000000000,0.1468709170,0.4410504458,-0.2995501255,-0.1171550655,-0.3541756520,-0.2973720323,0.2990006778,-0.2207639249,-0.3993364408,0.2691530954,0.1129806346,0.3776039304,-0.1648389011,-0.3034068674,1.0000000000,1.0000000000,0.0000000000,0.0000000000,0.0000000000
0.0200000000,-0.1500000000,0.3000000000,-0.0627335374,0.0000000000,0.1508813440,0.4421261233,-0.2981057398,-0.1188616125,-0.3539998335,-0.2994569526,0.2990006778,-0.2157225861,-0.4003078375,0.2687581405,0.1092226571,0.3770874430,-0.1673289046,-0.3034068674,1.0000000000,1.0000000000,0.0000000000,0.0000000000,0.0000000000
0.0200000000,-0.1500000000,0.3000000000,-0.0627335374,0.0000000000,0.1548747989,0.4431316417,-0.2967682684,-0.1204608603,-0.3538312227,-0.3014563235,0.2990006778,-0.2109746536,-0.4012224343,0.2683833474,0.1058370048,0.3766279132,-0.1695744500,-0.3034068674,1.0000000000,1.0000000000,0.0000000000,0.0000000000,0.0000000000
0.0200000000,-0.1500000000,0.3000000000,-0.0627335374,0.0000000000,0.1588392474,0.4440668118,-0.2955419299,-0.1219388748,-0.3536719919,-0.3033570886,0.2990006778,-0.2065014814,-0.4020952550,0.2680253340,0.1028047560,0.3762314473,-0.1715515116,-0.3034068674,1.0000000000,1.0000000000,0.0000000000,0.0000000000,0.0000000000
0.0200000000,-0.1500000000,0.3000000000,-0.0627335374,0.0000000000,0.1626424345,0.4448990321,-0.2944718318,-0.1232348080,-0.3535281841,-0.3050884587,0.2990006778,-0.2024301313,-0.4029491238,0.2676944425,0.1001443956,0.3759441651,-0.1730542635,-0.3034068674,1.0000000000,1.0000000000,0.0000000000,0.0000000000,0.0000000000
0.0200000000,-0.1500000000,0.3000000000,-0.0627335374,0.0000000000,0.1659647481,0.4455590389,-0.2936465467,-0.1242362988,-0.3534112593,-0.3065046501,0.2990006778,-0.1990785196,-0.4037901261,0.2674203910,0.0979359080,0.3758407066,-0.1737383122,-0.3034068674,1.0000000000,1.0000000000,0.0000000000,0.0000000000,0.0000000000
0.0200000000,-0.1500000000,0.3000000000,-0.0627335374,0.0000000000,0.1684727078,0.4459864031,-0.2931431051,-0.1248464901,-0.3533321758,-0.3074662326,0.2990006778,-0.1967793622,-0.4045377468,0.2672374736,0.0963872222,0.3759350648,-0.1735158339,-0.3034068674,1.0000000000,1.0000000000,0.0000000000,0.0000000000,0.0000000000
0.0200000000,-0.1500000000,0.3000000000,-0.0627335374,0.0000000000,0.1703127778,0.4462325584,-0.2928952959,-0.1251435986,-0.3532840178,-0.3080581491,0.2990006778,-0.1953662767,-0.4051068780,0.2671386048,0.0955606324,0.3761266175,-0.1728241334,-0.3034068674,1.0000000000,1.0000000000,0.0000000000,0.0000000000,0.0000000000
0.0200000000,-0.1500000000,0.3000000000,-0.0627335374,0.0000000000,0.1715286130,0.4463147549,-0.2928819061,-0.1251488401,-0.3532653151,-0.3083039164,0.2990006778,-0.1948229651,-0.4054065680,0.2671297219,0.0956089323,0.3763498021,-0.1719418492,-0.3034068674,1.0000000000,1.0000000000,0.0000000000,0.0000000000,0.0000000000
0.0200000000,-0.1500000000,0.3000000000,-0.0627335374,0.0000000000,0.1720770571,0.4462323686,-0.2930946152,-0.1248616213,-0.3532769870,-0.3081984272,0.2990006778,-0.1952015489,-0.4053921537,0.2672225212,0.0966016619,0.3765845139,-0.1709454517,-0.3034068674,1.0000000000,1.0000000000,0.0000000000,0.0000000000,0.0000000000
0.0200000000,-0.1500000000,0.3000000000,-0.0627335374,0.0000000000,0.1719196310,0.4459803176,-0.2935222490,-0.1242728621,-0.3533205000,-0.3077376853,0.2990006778,-0.1965602189,-0.4050839488,0.2674316118,0.0985029890,0.3768633485,-0.1696849852,-0.3034068674,1.0000000000,1.0000000000,0.0000000000,0.0000000000,0.0000000000
0.0200000000,-0.1500000000,0.3000000000,-0.0627335374,0.0000000000,0.1710388330,0.4455743983,-0.2941156378,-0.1234097167,-0.3533960994,-0.3069512922,0.2990006778,-0.1988790332,-0.4045201303,0.2677625707,0.1011641998,0.3772087497,-0.1680590687,-0.3034068674,1.0000000000,1.0000000000,0.0000000000,0.0000000000,0.0000000000
0.0200000000,-0.1500000000,0.3000000000,-0.0627335374,0.0000000000,0.1696771558,0.4450852140,-0.2947741960,-0.1223873125,-0.3534943643,-0.3059745394,0.2990006778,-0.2018144580,-0.4037897578,0.2681814137,0.1042631459,0.3776003577,-0.1661791367,-0.3034068674,1.0000000000,1.0000000000,0.0000000000,0.0000000000,0.0000000000
0.0200000000,-0.1500000000,0.3000000000,-0.0627335374,0.0000000000,0.1680651147,0.4445766905,-0.2954136880,-0.1213126959,-0.3536056569,-0.3049304661,0.2990006778,-0.2050193743,-0.4029683002,0.2686518060,0.1075101513,0.3780047428,-0.1642132523,-0.3034068674,1.0000000000,1.0000000000,0.0000000000,0.0000000000,0.0000000000
0.0200000000,-0.1500000000,0.3000000000,-0.0627335374,0.0000000000,0.1664546595,0.4441136402,-0.2959551100,-0.1203029099,-0.3537177670,-0.3039500128,0.2990006778,-0.2080935180,-0.4021464510,0.2691277255,0.1105709012,0.3783809550,-0.1623658661,-0.3034068674,1.0000000000,1.0000000000,0.0000000000,0.0000000000,0.0000000000
0.0200000000,-0.1500000000,0.3000000000,-0.0627335374,0.0000000000,0.1650361953,0.4437392080,-0.2963531046,-0.1194396951,-0.3538209046,-0.3031240549,0.2990006778,-0.2107367944,-0.4013952359,0.2695738308,0.1132027208,0.3787000941,-0.1607830231,-0.3034068674,1.0000000000,1.0000000000,0.0000000000,0.0000000000,0.0000000000
0.0200000000,-0.1500000000,0.3000000000,-0.0627335374,0.0000000000,0.1639174391,0.4434720190,-0.2965962911,-0.1187570447,-0.3539100169,-0.3024923932,0.2990006778,-0.2127708614,-0.4007519396,0.2699771204,0.1152738985,0.3789472274,-0.1595391427,-0.3034068674,1.0000000000,1.0000000000,0.0000000000,0.0000000000,0.0000000000
0.0200000000,-0.1500000000,0.3000000000,-0.0627335374,0.0000000000,0.1630813873,0.4432955761,-0.2967172067,-0.1182212125,-0.3539871738,-0.3020233408,0.2990006778,-0.2141676714,-0.4002038220,0.2703594427,0.1167652909,0.3791197716,-0.1586365629,-0.3034068674,1.0000000000,1.0000000000,0.0000000000,0.0000000000,0.0000000000
0.0200000000,-0.1500000000,0.3000000000,-0.0627335374,0.0000000000,0.1625266639,0.4432031878,-0.2967306631,-0.1178117547,-0.3540542647,-0.3017001546,0.2990006778,-0.2147682472,-0.3997436038,0.2707538418,0.1175020459,0.3791928656,-0.1581687931,-0.3034068674,1.0000000000,1.0000000000,0.0000000000,0.0000000000,0.0000000000
0.0200000000,-0.1500000000,0.3000000000,-0.0627335374,0.0000000000,0.1622561260,0.4431884064,-0.2966515574,-0.1175033083,-0.3541140526,-0.3015037655,0.2990006778,-0.2144280989,-0.3993676228,0.2711904780,0.1173116959,0.3791410928,-0.1582316774,-0.3034068674,1.0000000000,1.0000000000,0.0000000000,0.0000000000,0.0000000000
0.0200000000,-0.1500000000,0.3000000000,-0.0627335374,0.0000000000,0.1622817818,0.4432442987,-0.2964973534,-0.1172543885,-0.3541718154,-0.3014060769,0.2990006778,-0.2132352740,-0.3990760361,0.2716578439,0.1162594617,0.3789739340,-0.1587860304,-0.3034068674,1.0000000000,1.0000000000,0.0000000000,0.0000000000,0.0000000000
0.0200000000,-0.1500000000,0.3000000000,-0.0627335374,0.0000000000,0.1625810569,0.4433454383,-0.2963192116,-0.1170168182,-0.3542304647,-0.3013602839,0.2990006778,-0.2118180277,-0.3988881879,0.2720289420,0.1149383873,0.3787817457,-0.1594864328,-0.3034068674,1.0000000000,1.0000000000,0.0000000000,0.0000000000,0.0000000000
0.0200000000,-0.1500000000,0.3000000000,-0.0627335374,0.0000000000,0.1629816039,0.4434395387,-0.2961866096,-0.1167506733,-0.3542892980,-0.3012984836,0.2990006778,-0.2107324019,-0.3987756798,0.2722507107,0.1138714061,0.3786375699,-0.1600328208,-0.3034068674,1.0000000000,1.0000000000,0.0000000000,0.0000000000,0.0000000000
0.0200000000,-0.1500000000,0.3000000000,-0.0627335374,0.0000000000,0.1633388181,0.4434926117,-0.2961356581,-0.1164442519,-0.3543463198,-0.3011830739,0.2990006778,-0.2097633265,-0.3986970800,0.2724214047,0.1128081140,0.3784964988,-0.1605768322,-0.3034068674,1.0000000000,1.0000000000,0.0000000000,0.0000000000,0.0000000000
0.0200000000,-0.1500000000,0.3000000000,-0.0627335374,0.0000000000,0.1635725583,0.4434927107,-0.2961711579,-0.1160914521,-0.3544021255,-0.3009974027,0.2990006778,-0.2083831252,-0.3986077768,0.2726916490,0.1111894748,0.3782681905,-0.1614467451,-0.3034068674,1.0000000000,1.0000000000,0.0000000000,0.0000000000,0.0000000000
0.0200000000,-0.1500000000,0.3000000000,-0.0627335374,0.0000000000,0.1636679565,0.4434414662,-0.2962859201,-0.1156768396,-0.3544604040,-0.3007314682,0.2990006778,-0.2063781205,-0.3984761343,0.2731355655,0.1087570415,0.3779106005,-0.1627905969,-0.3034068674,1.0000000000,1.0000000000,0.0000000000,0.0000000000,0.0000000000
0.0200000000,-0.1500000000,0.3000000000,-0.0627335374,0.0000000000,0.1636293803,0.4433422484,-0.2964744325,-0.1151878680,-0.3545241629,-0.3003792844,0.2990006778,-0.2040846980,-0.3982718912,0.2737011052,0.1057523757,0.3774680154,-0.1644300483,-0.3034068674,1.0000000000,1.0000000000,0.0000000000,0.0000000000,0.0000000000
0.0200000000,-0.1500000000,0.3000000000,-0.0627335374,0.0000000000,0.1634847403,0.4432096948,-0.2967115010,-0.1146601703,-0.3545898158,-0.2999737166,0.2990006778,-0.2021047096,-0.3979758454,0.2742629919,0.1027444774,0.3770402660,-0.1659828776,-0.3034068674,1.0000000000,1.0000000000,0.0000000000,0.0000000000,0.0000000000
0.0200000000,-0.1500000000,0.3000000000,-0.0627335374,0.0000000000,0.1632649027,0.4430612917,-0.2969665709,-0.1141522240,-0.3546502632,-0.2995636185,0.2990006778,-0.2008243821,-0.3975784579,0.2747770578,0.1001428948,0.3766852927,-0.1672179300,-0.3034068674,1.0000000000,1.0000000000,0.0000000000,0.0000000000,0.0000000000
0.0200000000,-0.1500000000,0.3000000000,-0.0627335374,0.0000000000,0.1630285162,0.4429228812,-0.2971982416,-0.1137318128,-0.3546979725,-0.2992105136,0.2990006778,-0.2003601116,-0.3970959238,0.2752639270,0.0981911440,0.3764201823,-0.1680603831,-0.3034068674,1.0000000000,1.0000000000,0.0000000000,0.0000000000,0.0000000000
0.0200000000,-0.1500000000,0.3000000000,-0.0627335374,0.0000000000,0.1628355188,0.4428175580,-0.2973716831,-0.1134444227,-0.3547287272,-0.2989605471,0.2990006778,-0.2006280084,-0.3965604055,0.2757370169,0.0970131233,0.3762509656,-0.1684937478,-0.3034068674,1.0000000000,1.0000000000,0.0000000000,0.0000000000,0.0000000000
0.0200000000,-0.1500000000,0.3000000000,-0.0627335374,0.0000000000,0.1627122293,0.4427523729,-0.2974781459,-0.1132865613,-0.3547441661,-0.2988178310,0.2990006778,-0.2014152914,-0.3960281912,0.2761587838,0.0967019151,0.3761941807,-0.1684871892,-0.3034068674,1.0000000000,1.0000000000,0.0000000000,0.0000000000,0.0000000000
0.0200000000,-0.1500000000,0.3000000000,-0.0627335374,0.0000000000,0.1626395611,0.4427142231,-0.2975403641,-0.1132026509,-0.3547516333,-0.2987394843,0.2990006778,-0.2022960702,-0.3955803352,0.2764855819,0.0970882860,0.3762342990,-0.1681471260,-0.3034068674,1.0000000000,1.0000000000,0.0000000000,0.0000000000,0.0000000000
0.0200000000,-0.1500000000,0.3000000000,-0.0627335374,0.0000000000,0.1626043890,0.4426957626,-0.2975704895,-0.1131644150,-0.3547548040,-0.2987030263,0.2990006778,-0.2028472780,-0.3953043027,0.2766812586,0.0979854019,0.3763491861,-0.1676016120,-0.3034068674,1.0000000000,1.0000000000,0.0000000000,0.0000000000,0.0000000000
0.0200000000,-0.1500000000,0.3000000000,-0.0627335374,0.0000000000,0.1625930080,0.4426897836,-0.2975802532,-0.1131523330,-0.3547557742,-0.2986914039,0.2990006778,-0.2026967647,-0.3952718470,0.2767238345,0.0991631009,0.3765091734,-0.1669969586,-0.3034068674,1.0000000000,1.0000000000,0.0000000000,0.0000000000,0.0000000000
0.0200000000,-0.1500000000,0.3000000000,-0.0627335374,0.0000000000,0.1625912944,0.4426888830,-0.2975817243,-0.1131505250,-0.3547559181,-0.2986896605,0.2990006778,-0.2016321617,-0.3955239011,0.2766022517,0.1004462427,0.3766915093,-0.1664368799,-0.3034068674,1.0000000000,1.0000000000,0.0000000000,0.0000000000,0.0000000000
0.0200000000,-0.1500000000,0.3000000000,-0.0627335374,0.0000000000,0.1625912763,0.4426888734,-0.2975817399,-0.1131505058,-0.3547559196,-0.2986896421,0.2990006778,-0.1996559745,-0.3960681237,0.2763096305,0.1017772549,0.3768891963,-0.1659482904,-0.3034068674,1.0000000000,1.0000000000,0.0000000000,0.0000000000,0.0000000000
0.0200000000,-0.1500000000,0.3000000000,-0.0627335374,0.0000000000,0.1625912787,0.4426888747,-0.2975817378,-0.1131505084,-0.3547559194,-0.2986896445,0.2990006778,-0.1971335827,-0.3968235835,0.2758784165,0.1031883051,0.3771049146,-0.1654812556,-0.3034068674,1.0000000000,1.0000000000,0.0000000000,0.0000000000,0.0000000000
0.0200000000,-0.1500000000,0.3000000000,-0.0627335374,0.0000000000,0.1625912787,0.4426888747,-0.2975817378,-0.1131505084,-0.3547559194,-0.2986896445,0.2990006778,-0.1943765482,-0.3977276800,0.2753297872,0.1047086135,0.3773409853,-0.1649957822,-0.3034068674,1.0000000000,1.0000000000,0.0000000000,0.0000000000,0.0000000000
0.0200000000,-0.1500000000,0.3000000000,-0.0627335374,0.0000000000,0.1625912787,0.4426888747,-0.2975817378,-0.1131505084,-0.3547559194,-0.2986896445,0.2990006778,-0.1916652708,-0.3987110253,0.2746964397,0.1062780715,0.3775867717,-0.1644992671,-0.3034068674,1.0000000000,1.0000000000,0.0000000000,0.0000000000,0.0000000000
0.0200000000,-0.1500000000,0.3000000000,-0.0627335374,0.0000000000,0.1625912787,0.4426888747,-0.2975817378,-0.1131505084,-0.3547559194,-0.2986896445,0.2990006778,-0.1892077546,-0.3996995483,0.2740257907,0.1077081754,0.3778136881,-0.1640675725,-0.3034068674,1.0000000000,1.0000000000,0.0000000000,0.0000000000,0.0000000000
0.0200000000,-0.1500000000,0.3000000000,-0.0627335374,0.0000000000,0.1625912787,0.4426888747,-0.2975817378,-0.1131505084,-0.3547559194,-0.2986896445,0.2990006778,-0.1871090035,-0.4006221457,0.2733745766,0.1087045178,0.3779791199,-0.1638350176,-0.3034068674,1.0000000000,1.0000000000,0.0000000000,0.0000000000,0.0000000000
0.0200000000,-0.1500000000,0.3000000000,-0.0627335374,0.0000000000,0.1625912787,0.4426888747,-0.2975817378,-0.1131505084,-0.3547559194,-0.2986896445,0.2990006778,-0.1852543537,-0.4014647190,0.2727673889,0.1091390347,0.3780653691,-0.1638702558,-0.3034068674,1.0000000000,1.0000000000,0.0000000000,0.0000000000,0.0000000000
0.0200000000,-0.1500000000,0.3000000000,-0.0627335374,0.0000000000,0.1625912787,0.4426888747,-0.2975817378,-0.1131505084,-0.3547559194,-0.2986896445,0.2990006778,-0.1834908478,-0.4022423342,0.2721985897,0.1089498179,0.3780631854,-0.1642237537,-0.3034068674,1.0000000000,1.0000000000,0.0000000000,0.0000000000,0.0000000000
0.0200000000,-0.1500000000,0.3000000000,-0.0627335374,0.0000000000,0.1625912787,0.4426888747,-0.2975817378,-0.1131505084,-0.3547559194,-0.2986896445,0.2990006778,-0.1816713871,-0.4029732503,0.2716527997,0.1081072055,0.3779645864,-0.1649439417,-0.3034068674,1.0000000000,1.0000000000,0.0000000000,0.0000000000,0.0000000000
0.0200000000,-0.1500000000,0.3000000000,-0.0627335374,0.0000000000,0.1625912787,0.4426888747,-0.2975817378,-0.1131505084,-0.3547559194,-0.2986896445,0.2990006778,-0.1796831410,-0.4036692313,0.2711216508,0.1065696798,0.3777577604,-0.1660879455,-0.3034068674,1.0000000000,1.0000000000,0.0000000000,0.0000000000,0.0000000000
0.0200000000,-0.1500000000,0.3000000000,-0.0627335374,0.0000000000,0.1625912787,0.4426888747,-0.2975817378,-0.1131505084,-0.3547559194,-0.2986896445,0.2990006778,-0.1774584879,-0.4043396925,0.2706155518,0.1043038677,0.3774346896,-0.1676870585,-0.3034068674,1.0000000000,1.0000000000,0.0000000000,0.0000000000,0.0000000000
0.0200000000,-0.1500000000,0.3000000000,-0.0627335374,0.0000000000,0.1625912787,0.4426888747,-0.2975817378,-0.1131505084,-0.3547559194,-0.2986896445,0.2990006778,-0.1750848568,-0.4049813108,0.2701565697,0.1015310581,0.3770309727,-0.1695889119,-0.3034068674,1.0000000000,1.0000000000,0.0000000000,0.0000000000,0.0000000000
0.0200000000,-0.1500000000,0.3000000000,-0.0627335374,0.0000000000,0.1625912787,0.4426888747,-0.2975817378,-0.1131505084,-0.3547559194,-0.2986896445,0.2990006778,-0.1727038620,-0.4055700826,0.2697676928,0.0985028241,0.3765862620,-0.1716216095,-0.3034068674,1.0000000000,1.0000000000,0.0000000000,0.0000000000,0.0000000000
0.0200000000,-0.1500000000,0.3000000000,-0.0627335374,0.0000000000,0.1625912787,0.4426888747,-0.2975817378,-0.1131505084,-0.3547559194,-0.2986896445,0.2990006778,-0.1704316862,-0.4060886979,0.2694563058,0.0954477465,0.3761358796,-0.1736379088,-0.3034068674,1.0000000000,1.0000000000,0.0000000000,0.0000000000,0.0000000000
0.0200000000,-0.1500000000,0.3000000000,-0.0627335374,0.0000000000,0.1625912787,0.4426888747,-0.2975817378,-0.1131505084,-0.3547559194,-0.2986896445,0.2990006778,-0.1682968177,-0.4065389968,0.2692150311,0.0924664255,0.3756954486,-0.1755783305,-0.3034068674,1.0000000000,1.0000000000,0.0000000000,0.0000000000,0.0000000000
0.0200000000,-0.1500000000,0.3000000000,-0.0627335374,0.0000000000,0.1625912787,0.4426888747,-0.2975817378,-0.1131505084,-0.3547559194,-0.2986896445,0.2990006778,-0.1662706799,-0.4069332890,0.2690315080,0.0895617989,0.3752657366,-0.1774465407,-0.3034068674,1.0000000000,1.0000000000,0.0000000000,0.0000000000,0.0000000000
0.0200000000,-0.1500000000,0.3000000000,-0.0627335374,0.0000000000,0.1625912787,0.4426888747,-0.2975817378,-0.1131505084,-0.3547559194,-0.2986896445,0.2990006778,-0.1643177067,-0.4072896795,0.2688867437,0.0867223235,0.3748454388,-0.1792575354,-0.3034068674,1.0000000000,1.0000000000,0.0000000000,0.0000000000,0.0000000000
0.0200000000,-0.1500000000,0.3000000000,-0.0627335374,0.0000000000,0.1625912787,0.4426888747,-0.2975817378,-0.1131505084,-0.3547559194,-0.2986896445,0.2990006778,-0.1624420775,-0.4076115613,0.2687753744,0.0839729414,0.3744385263,-0.1809978161,-0.3034068674,1.0000000000,1.0000000000,0.0000000000,0.0000000000,0.0000000000
0.0200000000,-0.1500000000,0.3000000000,-0.0627335374,0.0000000000,0.1625912787,0.4426888747,-0.2975817378,-0.1131505084,-0.3547559194,-0.2986896445,0.2990006778,-0.1606471317,-0.4079001907,0.2686952017,0.0813280773,0.3740471991,-0.1826594633,-0.3034068674,1.0000000000,1.0000000000,0.0000000000,0.0000000000,0.0000000000
0.0200000000,-0.1500000000,0.3000000000,-0.0627335374,0.0000000000,0.1625912787,0.4426888747,-0.2975817378,-0.1131505084,-0.3547559194,-0.2986896445,0.2990006778,-0.1588942961,-0.4081629631,0.2686424406,0.0787356626,0.3736633151,-0.1842777806,-0.3034068674,1.0000000000,1.0000000000,0.0000000000,0.0000000000,0.0000000000
0.0200000000,-0.1500000000,0.3000000000,-0.0627335374,0.0000000000,0.1625912787,0.4426888747,-0.2975817378,-0.1131505084,-0.3547559194,-0.2986896445,0.2990006778,-0.1570543330,-0.4084145484,0.2686188719,0.0760132384,0.3732579384,-0.1859715570,-0.3034068674,1.0000000000,1.0000000000,0.0000000000,0.0000000000,0.0000000000
0.0200000000,-0.1500000000,0.3000000000,-0.0627335374,0.0000000000,0.1625912787,0.4426888747,-0.2975817378,-0.1131505084,-0.3547559194,-0.2986896445,0.2990006778,-0.1550045029,-0.4086662280,0.2686304500,0.0729914026,0.3728039121,-0.1878505431,-0.3034068674,1.0000000000,1.0000000000,0.0000000000,0.0000000000,0.0000000000
0.0200000000,-0.1500000000,0.3000000000,-0.0627335374,0.0000000000,0.1625912787,0.4426888747,-0.2975817378,-0.1131505084,-0.3547559194,-0.2986896445,0.2990006778,-0.1527410145,-0.4089147833,0.2686824617,0.0696755539,0.3723017203,-0.1899106019,-0.3034068674,1.0000000000,1.0000000000,0.0000000000,0.0000000000,0.0000000000
0.0200000000,-0.1500000000,0.3000000000,-0.0627335374,0.0000000000,0.1625912787,0.4426888747,-0.2975817378,-0.1131505084,-0.3547559194,-0.2986896445,0.2990006778,-0.1503944107,-0.4091450781,0.2687735809,0.0662683540,0.3717832926,-0.1920207242,-0.3034068674,1.0000000000,1.0000000000,0.0000000000,0.0000000000,0.0000000000
0.0200000000,-0.1500000000,0.3000000000,-0.0627335374,0.0000000000,0.1625912787,0.4426888747,-0.2975817378,-0.1131505084,-0.3547559194,-0.2986896445,0.2990006778,-0.1480989934,-0.4093407180,0.2689039325,0.0629756140,0.3712809453,-0.1940475053,-0.3034068674,1.0000000000,1.0000000000,0.0000000000,0.0000000000,0.0000000000
0.0200000000,-0.1500000000,0.3000000000,-0.0627335374,0.0000000000,0.1625912787,0.4426888747,-0.2975817378,-0.1131505084,-0.3547559194,-0.2986896445,0.2990006778,-0.1458261576,-0.4094975246,0.2690855431,0.0597680636,0.3707889960,-0.1960087942,-0.3034068674,1.0000000000,1.0000000000,0.0000000000,0.0000000000,0.0000000000
0.0200000000,-0.1500000000,0.3000000000,-0.0627335374,0.0000000000,0.1625912787,0.4426888747,-0.2975817378,-0.1131505084,-0.3547559194,-0.2986896445,0.2990006778,-0.1433780826,-0.4096251004,0.2693419013,0.0563844170,0.3702642122,-0.1980727580,-0.3034068674,1.0000000000,1.0000000000,0.0000000000,0.0000000000,0.0000000000
0.0200000000,-0.1500000000,0.3000000000,-0.0627335374,0.0000000000,0.1625912787,0.4426888747,-0.2975817378,-0.1131505084,-0.3547559194,-0.2986896445,0.2990006778,-0.1405368081,-0.4097214880,0.2697179644,0.0525749837,0.3696637396,-0.2003975499,-0.3034068674,1.0000000000,1.0000000000,0.0000000000,0.0000000000,0.0000000000
0.0200000000,-0.1500000000,0.3000000000,-0.0627335374,0.0000000000,0.1625912787,0.4426888747,-0.2975817378,-0.1131505084,-0.3547559194,-0.2986896445,0.2990006778,-0.1371329964,-0.4097766993,0.2702627574,0.0481976612,0.3689612843,-0.2030725049,-0.3034068674,1.0000000000,1.0000000000,0.0000000000,0.0000000000,0.0000000000
0.0200000000,-0.1500000000,0.3000000000,-0.0627335374,0.0000000000,0.1625912787,0.4426888747,-0.2975817378,-0.1131505084,-0.3547559194,-0.2986896445,0.2990006778,-0.1330775441,-0.4097756537,0.2710192140,0.0432701298,0.3681560798,-0.2060864762,-0.3034068674,1.0000000000,1.0000000000,0.0000000000,0.0000000000,0.0000000000
0.0200000000,-0.1500000000,0.3000000000,-0.0627335374,0.0000000000,0.1625912787,0.4426888747,-0.2975817378,-0.1131505084,-0.3547559194,-0.2986896445,0.2990006778,-0.1284214014,-0.4097061662,0.2720002843,0.0380442129,0.3672864783,-0.2092833084,-0.3034068674,1.0000000000,1.0000000000,0.0000000000,0.0000000000,0.0000000000
0.0200000000,-0.1500000000,0.3000000000,-0.0627335374,0.0000000000,0.1625912787,0.4426888747,-0.2975817378,-0.1131505084,-0.3547559194,-0.2986896445,0.2990006778,-0.1234057715,-0.4095857919,0.2731348383,0.0328964580,0.3664169159,-0.2124340007,-0.3034068674,1.0000000000,1.0000000000,0.0000000000,0.0000000000,0.0000000000
0.0200000000,-0.1500000000,0.3000000000,-0.0627335374,0.0000000000,0.1625912787,0.4426888747,-0.2975817378,-0.1131505084,-0.3547559194,-0.2986896445,0.2990006778,-0.1181618976,-0.4094409510,0.2743571967,0.0280471618,0.3655867762,-0.2154113571,-0.3034068674,1.0000000000,1.0000000000,0.0000000000,0.0000000000,0.0000000000
0.0200000000,-0.1500000000,0.3000000000,-0.0627335374,0.0000000000,0.1625912787,0.4426888747,-0.2975817378,-0.1131505084,-0.3547559194,-0.2986896445,0.2990006778,-0.1127858570,-0.4093037994,0.2755974092,0.0236105016,0.3648191923,-0.2181552160,-0.3034068674,1.0000000000,1.0000000000,0.0000000000,0.0000000000,0.0000000000
0.0200000000,-0.1500000000,0.3000000000,-0.0627335374,0.0000000000,0.1625912787,0.4426888747,-0.2975817378,-0.1131505084,-0.3547559194,-0.2986896445,0.2990006778,-0.1073636449,-0.4092035210,0.2767908903,0.0196457786,0.3641283754,-0.2206376597,-0.3034068674,1.0000000000,1.0000000000,0.0000000000,0.0000000000,0.0000000000
0.0200000000,-0.1500000000,0.3000000000,-0.0627335374,0.0000000000,0.1625912787,0.4426888747,-0.2975817378,-0.1131505084,-0.3547559194,-0.2986896445,0.2990006778,-0.1019392110,-0.4091631899,0.2778906795,0.0161492990,0.3635172250,-0.2228685435,-0.3034068674,1.0000000000,1.0000000000,0.0000000000,0.0000000000,0.0000000000
0.0200000000,-0.1500000000,0.3000000000,-0.0627335374,0.0000000000,0.1625912945,0.4426888774,-0.2975817368,-0.1131505322,-0.3547559153,-0.2986896618,0.2990006778,-0.0965421157,-0.4091807285,0.2788927221,0.0129987645,0.3629669128,-0.2249185522,-0.3034068674,1.0000000000,1.0000000000,0.0000000000,0.0000000000,0.0000000000
0.0200000000,-0.1500000000,0.3000000000,-0.0627335374,0.0000000000,0.1625910635,0.4426888376,-0.2975817536,-0.1131501788,-0.3547559758,-0.2986894060,0.2990006778,-0.0912420284,-0.4092471498,0.2797966170,0.0101336044,0.3624679820,-0.2268169099,-0.3034068674,1.0000000000,1.0000000000,0.0000000000,0.0000000000,0.0000000000
0.0200000000,-0.1500000000,0.3000000000,-0.0627335374,0.0000000000,0.1625866173,0.4426880896,-0.2975820391,-0.1131435025,-0.3547571218,-0.2986845688,0.2990006778,-0.0861131453,-0.4093470516,0.2806119585,0.0074915483,0.3620098444,-0.2285909648,-0.3034068674,1.0000000000,1.0000000000,0.0000000000,0.0000000000,0.0000000000
0.0200000000,-0.1500000000,0.3000000000,-0.0627335374,0.0000000000,0.1625595957,0.4426836429,-0.2975835653,-0.1131037632,-0.3547639628,-0.2986557330,0.2990006778,-0.0812311274,-0.4094619496,0.2813533835,0.0050061029,0.3615806662,-0.2302692882,-0.3034068674,1.0000000000,1.0000000000,0.0000000000,0.0000000000,0.0000000000
0.0200000000,-0.1500000000,0.3000000000,-0.0627335374,0.0000000000,0.1624712223,0.4426694617,-0.2975878513,-0.1129781982,-0.3547856476,-0.2985642781,0.2990006778,-0.0766830145,-0.4095695346,0.2820399743,0.0026024905,0.3611666813,-0.2318833662,-0.3034068674,1.0000000000,1.0000000000,0.0000000000,0.0000000000,0.0000000000
0.0200000000,-0.1500000000,0.3000000000,-0.0627335374,0.0000000000,0.1623069144,0.4426435160,-0.2975952218,-0.1127561379,-0.3548240686,-0.2984012949,0.2990006778,-0.0724284725,-0.4096524624,0.2827097939,0.0001744407,0.3607476609,-0.2334914561,-0.3034068674,1.0000000000,1.0000000000,0.0000000000,0.0000000000,0.0000000000
0.0200000000,-0.1500000000,0.3000000000,-0.0627335374,0.0000000000,0.1620702605,0.4426059248,-0.2976071375,-0.1124595884,-0.3548752788,-0.2981803171,0.2990006778,-0.0683891561,-0.4096962441,0.2834056348,-0.0023992529,0.3603000362,-0.2351646317,-0.3034068674,1.0000000000,1.0000000000,0.0000000000,0.0000000000,0.0000000000
0.0200000000,-0.1500000000,0.3000000000,-0.0627335374,0.0000000000,0.1617662131,0.4425557342,-0.2976279995,-0.1121155005,-0.3549341450,-0.2979173834,0.2990006778,-0.0644731476,-0.4096854545,0.2841757123,-0.0052534526,0.3597972724,-0.2369826325,-0.3034068674,1.0000000000,1.0000000000,0.0000000000,0.0000000000,0.0000000000
0.0200000000,-0.1500000000,0.3000000000,-0.0627335374,0.0000000000,0.1613939990,0.4424904186,-0.2976637726,-0.1117413434,-0.3549969709,-0.2976215002,0.2990006778,-0.0606419622,-0.4096017319,0.2850623815,-0.0084980827,0.3592170782,-0.2390062112,-0.3034068674,1.0000000000,1.0000000000,0.0000000000,0.0000000000,0.0000000000
0.0200000000,-0.1500000000,0.3000000000,-0.0627335374,0.0000000000,0.1609724157,0.4424115218,-0.2977167842,-0.1113679057,-0.3550579735,-0.2973137312,0.2990006778,-0.0569842331,-0.4094276923,0.2860783087,-0.0121212058,0.3585595535,-0.2412159228,-0.3034068674,1.0000000000,1.0000000000,0.0000000000,0.0000000000,0.0000000000
0.0200000000,-0.1500000000,0.3000000000,-0.0627335374,0.0000000000,0.1605495051,0.4423279176,-0.2977811129,-0.1110369715,-0.3551102269,-0.2970284891,0.2990006778,-0.0536140355,-0.4091698167,0.2871866244,-0.0159408630,0.3578578803,-0.2434971248,-0.3034068674,1.0000000000,1.0000000000,0.0000000000,0.0000000000,0.0000000000
0.0200000000,-0.1500000000,0.3000000000,-0.0627335374,0.0000000000,0.1601595819,0.4422457799,-0.2978529118,-0.1107798561,-0.3551484754,-0.2967911782,0.2990006778,-0.0505776492,-0.4088263961,0.2883814709,-0.0198774761,0.3571253082,-0.2457977088,-0.3034068674,1.0000000000,1.0000000000,0.0000000000,0.0000000000,0.0000000000
0.0200000000,-0.1500000000,0.3000000000,-0.0627335374,0.0000000000,0.1598174321,0.4421677035,-0.2979306091,-0.1106105492,-0.3551703324,-0.2966131259,0.2990006778,-0.0478210476,-0.4083901028,0.2896908390,-0.0239687021,0.3563525270,-0.2481396053,-0.3034068674,1.0000000000,1.0000000000,0.0000000000,0.0000000000,0.0000000000
0.0200000000,-0.1500000000,0.3000000000,-0.0627335374,0.0000000000,0.1595245132,0.4420945344,-0.2980126700,-0.1105293569,-0.3551758798,-0.2964952828,0.2990006778,-0.0452436049,-0.4078411634,0.2911783947,-0.0283455366,0.3555109182,-0.2505985258,-0.3034068674,1.0000000000,1.0000000000,0.0000000000,0.0000000000,0.0000000000
0.0200000000,-0.1500000000,0.3000000000,-0.0627335374,0.0000000000,0.1592847435,0.4420288508,-0.2980944097,-0.1105361793,-0.3551656217,-0.2964395379,0.2990006778,-0.0427544991,-0.4071373826,0.2929506299,-0.0332064831,0.3545556405,-0.2532805000,-0.3034068674,1.0000000000,1.0000000000,0.0000000000,0.0000000000,0.0000000000
0.0200000000,-0.1500000000,0.3000000000,-0.0627335374,0.0000000000,0.1591090495,0.4419755827,-0.2981677558,-0.1106288115,-0.3551408067,-0.2964483688,0.2990006778,-0.0403358282,-0.4062573851,0.2950569690,-0.0386046504,0.3534719394,-0.2562075940,-0.3034068674,1.0000000000,1.0000000000,0.0000000000,0.0000000000,0.0000000000
0.0200000000,-0.1500000000,0.3000000000,-0.0627335374,0.0000000000,0.1590220306,0.4419421139,-0.2982231539,-0.1108183002,-0.3551004545,-0.2965348013,0.2990006778,-0.0380528921,-0.4051755376,0.2975375296,-0.0445276583,0.3522560116,-0.2593553680,-0.3034068674,1.0000000000,1.0000000000,0.0000000000,0.0000000000,0.0000000000
0.0200000000,-0.1500000000,0.3000000000,-0.0627335374,0.0000000000,0.1590404710,0.4419339813,-0.2982527697,-0.1111065451,-0.3550450382,-0.2967046656,0.2990006778,-0.0359869981,-0.4038744551,0.3004141981,-0.0509113522,0.3509141748,-0.2626701799,-0.3034068674,1.0000000000,1.0000000000,0.0000000000,0.0000000000,0.0000000000
0.0200000000,-0.1500000000,0.3000000000,-0.0627335374,0.0000000000,0.1591700059,0.4419543789,-0.2982505976,-0.1114827550,-0.3549771145,-0.2969539110,0.2990006778,-0.0342239978,-0.4023353940,0.3037118544,-0.0576784536,0.3494541559,-0.2660888207,-0.3034068674,1.0000000000,1.0000000000,0.0000000000,0.0000000000,0.0000000000
0.0200000000,-0.1500000000,0.3000000000,-0.0627335374,0.0000000000,0.1594104174,0.4420060314,-0.2982097589,-0.1119226643,-0.3549017741,-0.2972695727,0.2990006778,-0.0328792626,-0.4005454653,0.3074365947,-0.0646820645,0.3478969921,-0.2695058516,-0.3034068674,1.0000000000,1.0000000000,0.0000000000,0.0000000000,0.0000000000
0.0200000000,-0.1500000000,0.3000000000,-0.0627335374,0.0000000000,0.1597402166,0.4420851543,-0.2981319031,-0.1123914488,-0.3548251218,-0.2976266488,0.2990006778,-0.0319925094,-0.3985452712,0.3114980122,-0.0717059962,0.3462883038,-0.2728040021,-0.3034068674,1.0000000000,1.0000000000,0.0000000000,0.0000000000,0.0000000000
0.0200000000,-0.1500000000,0.3000000000,-0.0627335374,0.0000000000,0.1601443796,0.4421878144,-0.2980209105,-0.1128703449,-0.3547501049,-0.2980104542,0.2990006778,-0.0316072394,-0.3963489221,0.3158567417,-0.0786128417,0.3446547341,-0.2759018125,-0.3034068674,1.0000000000,1.0000000000,0.0000000000,0.0000000000,0.0000000000
0.0200000000,-0.1500000000,0.3000000000,-0.0627335374,0.0000000000,0.1606012503,0.4423066958,-0.2978864471,-0.1133455728,-0.3546781323,-0.2984068749,0.2990006778,-0.0317395096,-0.3939704993,0.3204762368,-0.0852963997,0.3430182099,-0.2787392855,-0.3034068674,1.0000000000,1.0000000000,0.0000000000,0.0000000000,0.0000000000
0.0200000000,-0.1500000000,0.3000000000,-0.0627335374,0.0000000000,0.1610839062,0.4424322990,-0.2977416666,-0.1138011704,-0.3546106163,-0.2987987533,0.2990006778,-0.0324047581,-0.3914379370,0.3252872978,-0.0916001930,0.3414133526,-0.2812334480,-0.3034068674,1.0000000000,1.0000000000,0.0000000000,0.0000000000,0.0000000000
0.0200000000,-0.1500000000,0.3000000000,-0.0627335374,0.0000000000,0.1615648430,0.4425535572,-0.2976033161,-0.1142230530,-0.3545482246,-0.2991690188,0.2990006778,-0.0335989208,-0.3888108609,0.3301549952,-0.0972993493,0.3398945701,-0.2832778350,-0.3034068674,1.0000000000,1.0000000000,0.0000000000,0.0000000000,0.0000000000
0.0200000000,-0.1500000000,0.3000000000,-0.0627335374,0.0000000000,0.1620305548,0.4426623131,-0.2974864686,-0.1146184787,-0.3544879832,-0.2995160337,0.2990006778,-0.0352019947,-0.3861643821,0.3349414829,-0.1023276030,0.3384919599,-0.2848790673,-0.3034068674,1.0000000000,1.0000000000,0.0000000000,0.0000000000,0.0000000000
0.0200000000,-0.1500000000,0.3000000000,-0.0627335374,0.0000000000,0.1624793745,0.4427522884,-0.2974053589,-0.1150037803,-0.3544253287,-0.2998458284,0.2990006778,-0.0371422493,-0.3835413626,0.3395641986,-0.1066452972,0.3372240393,-0.2860414279,-0.3034068674,1.0000000000,1.0000000000,0.0000000000,0.0000000000,0.0000000000
0.0200000000,-0.1500000000,0.3000000000,-0.0627335374,0.0000000000,0.1629156532,0.4428179321,-0.2973745130,-0.1154009758,-0.3543546157,-0.3001687717,0.2990006778,-0.0393445031,-0.3809777682,0.3439574487,-0.1102532555,0.3361005244,-0.2867909272,-0.3034068674,1.0000000000,1.0000000000,0.0000000000,0.0000000000,0.0000000000
0.0200000000,-0.1500000000,0.3000000000,-0.0627335374,0.0000000000,0.1633506419,0.4428524583,-0.2974134804,-0.1158413803,-0.3542679055,-0.3005007385,0.2990006778,-0.0417213209,-0.3785250212,0.3480286854,-0.1131508007,0.3351341095,-0.2871614142,-0.3034068674,1.0000000000,1.0000000000,0.0000000000,0.0000000000,0.0000000000
0.0200000000,-0.1500000000,0.3000000000,-0.0627335374,0.0000000000,0.1638085911,0.4428465652,-0.2975517728,-0.1163764421,-0.3541524113,-0.3008694459,0.2990006778,-0.0441595022,-0.3762539658,0.3516562704,-0.1153591485,0.3343365994,-0.2872112783,-0.3034068674,1.0000000000,1.0000000000,0.0000000000,0.0000000000,0.0000000000
0.0200000000,-0.1500000000,0.3000000000,-0.0627335374,0.0000000000,0.1643180290,0.4427978640,-0.2978046842,-0.1170496541,-0.3539983535,-0.3013021637,0.2990006778,-0.0465421017,-0.3741959479,0.3548169792,-0.1170602179,0.3336800612,-0.2870739962,-0.3034068674,1.0000000000,1.0000000000,0.0000000000,0.0000000000,0.0000000000
0.0200000000,-0.1500000000,0.3000000000,-0.0627335374,0.0000000000,0.1649115934,0.4427000636,-0.2981982790,-0.1179147614,-0.3537925831,-0.3018311256,0.2990006778,-0.0487665562,-0.3723880357,0.3574737783,-0.1184157968,0.3331406385,-0.2868725107,-0.3034068674,1.0000000000,1.0000000000,0.0000000000,0.0000000000,0.0000000000
0.0200000000,-0.1500000000,0.3000000000,-0.0627335374,0.0000000000,0.1656062428,0.4425435856,-0.2987624738,-0.1190166056,-0.3535228368,-0.3024806054,0.2990006778,-0.0507235776,-0.3708689682,0.3595940385,-0.1196062161,0.3326900979,-0.2867408493,-0.3034068674,1.0000000000,1.0000000000,0.0000000000,0.0000000000,0.0000000000
0.0200000000,-0.1500000000,0.3000000000,-0.0627335374,0.0000000000,0.1663555816,0.4423148039,-0.2995180849,-0.1203433190,-0.3531883988,-0.3032320386,0.2990006778,-0.0522918535,-0.3696878994,0.3611315415,-0.1207620735,0.3323100651,-0.2867869640,-0.3034068674,1.0000000000,1.0000000000,0.0000000000,0.0000000000,0.0000000000
0.0200000000,-0.1500000000,0.3000000000,-0.0627335374,0.0000000000,0.1669945426,0.4420053574,-0.3004367489,-0.1217466854,-0.3528200156,-0.3039744512,0.2990006778,-0.0533802428,-0.3688748651,0.3620720130,-0.1218838202,0.3320015208,-0.2870259903,-0.3034068674,1.0000000000,1.0000000000,0.0000000000,0.0000000000,0.0000000000
0.0200000000,-0.1500000000,0.3000000000,-0.0627335374,0.0000000000,0.1673516510,0.4416306774,-0.3014295532,-0.1230137797,-0.3524677173,-0.3045706493,0.2990006778,-0.0540694714,-0.3683522721,0.3625594497,-0.1228527438,0.3317694614,-0.2873369992,-0.3034068674,1.0000000000,1.0000000000,0.0000000000,0.0000000000,0.0000000000
0.0200000000,-0.1500000000,0.3000000000,-0.0627335374,0.0000000000,0.1673264943,0.4412017223,-0.3024399594,-0.1240146121,-0.3521619953,-0.3049395775,0.2990006778,-0.0544583769,-0.3680521806,0.3627041024,-0.1235299227,0.3316265366,-0.2875931211,-0.3034068674,1.0000000000,1.0000000000,0.0000000000,0.0000000000,0.0000000000
0.0200000000,-0.1500000000,0.3000000000,-0.0627335374,0.0000000000,0.1669032366,0.4407301024,-0.3034352535,-0.1247043087,-0.3519148152,-0.3050603354,0.2990006778,-0.0546531676,-0.3679116646,0.3625986665,-0.1238014969,0.3315831534,-0.2876866208,-0.3034068674,1.0000000000,1.0000000000,0.0000000000,0.0000000000,0.0000000000
0.0200000000,-0.1500000000,0.3000000000,-0.0627335374,0.0000000000,0.1661027313,0.4402301059,-0.3043869681,-0.1250688960,-0.3517322135,-0.3049349380,0.2990006778,-0.0547278925,-0.3678942879,0.3622902243,-0.1235485975,0.3316558205,-0.2875223646,-0.3034068674,1.0000000000,1.0000000000,0.0000000000,0.0000000000,0.0000000000
0.0200000000,-0.1500000000,0.3000000000,-0.0627335374,0.0000000000,0.1649782356,0.4397240905,-0.3052573322,-0.1251093211,-0.3516187928,-0.3045812221,0.2990006778,-0.0547235979,-0.3679827302,0.3617975010,-0.1226588414,0.3318631264,-0.2870208635,-0.3034068674,1.0000000000,1.0000000000,0.0000000000,0.0000000000,0.0000000000
0.0200000000,-0.1500000000,0.3000000000,-0.0627335374,0.0000000000,0.1636823172,0.4392415444,-0.3060230046,-0.1249154624,-0.3515610725,-0.3040831708,0.2990006778,-0.0546697571,-0.3681460055,0.3611721818,-0.1212187054,0.3321843295,-0.2862194050,-0.3034068674,1.0000000000,1.0000000000,0.0000000000,0.0000000000,0.0000000000
0.0200000000,-0.1500000000,0.3000000000,-0.0627335374,0.0000000000,0.1623690066,0.4388149842,-0.3066559657,-0.1245734854,-0.3515466811,-0.3035239921,0.2990006778,-0.0545830849,-0.3683546854,0.3604697831,-0.1193709850,0.3325881316,-0.2851913396,-0.3034068674,1.0000000000,1.0000000000,0.0000000000,0.0000000000,0.0000000000
0.0200000000,-0.1500000000,0.3000000000,-0.0627335374,0.0000000000,0.1611666322,0.4384673357,-0.3071429657,-0.1241655787,-0.3515621304,-0.3029769100,0.2990006778,-0.0544812064,-0.3685767659,0.3597514105,-0.1173067246,0.3330338823,-0.2840384184,-0.3034068674,1.0000000000,1.0000000000,0.0000000000,0.0000000000,0.0000000000
0.0200000000,-0.1500000000,0.3000000000,-0.0627335374,0.0000000000,0.1601199067,0.4381962576,-0.3075029951,-0.1237448145,-0.3515954409,-0.3024764163,0.2990006778,-0.0543773563,-0.3687937485,0.3590510778,-0.1151573868,0.3334944565,-0.2828325637,-0.3034068674,1.0000000000,1.0000000000,0.0000000000,0.0000000000,0.0000000000
0.0200000000,-0.1500000000,0.3000000000,-0.0627335374,0.0000000000,0.1592020906,0.4379792824,-0.3077790375,-0.1233355127,-0.3516370749,-0.3020224231,0.2990006778,-0.0542769395,-0.3690050600,0.3583673735,-0.1129520680,0.3339647900,-0.2815917710,-0.3034068674,1.0000000000,1.0000000000,0.0000000000,0.0000000000,0.0000000000
0.0200000000,-0.1500000000,0.3000000000,-0.0627335374,0.0000000000,0.1583677606,0.4377937586,-0.3080087287,-0.1229421479,-0.3516816801,-0.3016014293,0.2990006778,-0.0541807779,-0.3692156697,0.3576881328,-0.1106823834,0.3344474213,-0.2803132914,-0.3034068674,1.0000000000,1.0000000000,0.0000000000,0.0000000000,0.0000000000
0.0200000000,-0.1500000000,0.3000000000,-0.0627335374,0.0000000000,0.1575961403,0.4376305111,-0.3082064010,-0.1225638265,-0.3517276948,-0.3012061836,0.2990006778,-0.0540911729,-0.3694273696,0.3570082206,-0.1083396670,0.3349443217,-0.2789927244,-0.3034068674,1.0000000000,1.0000000000,0.0000000000,0.0000000000,0.0000000000
0.0200000000,-0.1500000000,0.3000000000,-0.0627335374,0.0000000000,0.1568721232,0.4374826968,-0.3083828471,-0.1222003984,-0.3517738508,-0.3008316421,0.2990006778,-0.0540094679,-0.3696437273,0.3563193301,-0.1058965148,0.3354610556,-0.2776150062,-0.3034068674,1.0000000000,1.0000000000,0.0000000000,0.0000000000,0.0000000000
0.0200000000,-0.1500000000,0.3000000000,-0.0627335374,0.0000000000,0.1561977094,0.4373490801,-0.3085414982,-0.1218571751,-0.3518187576,-0.3004805150,0.2990006778,-0.0539347152,-0.3698721403,0.3556062276,-0.1032846447,0.3360111361,-0.2761419758,-0.3034068674,1.0000000000,1.0000000000,0.0000000000,0.0000000000,0.0000000000
0.0200000000,-0.1500000000,0.3000000000,-0.0627335374,0.0000000000,0.1555793155,0.4372307092,-0.3086819093,-0.1215387421,-0.3518616082,-0.3001567232,0.2990006778,-0.0538698858,-0.3701158397,0.3548608346,-0.1004573583,0.3366035370,-0.2745468057,-0.3034068674,1.0000000000,1.0000000000,0.0000000000,0.0000000000,0.0000000000
0.0200000000,-0.1500000000,0.3000000000,-0.0627335374,0.0000000000,0.1550032530,0.4371235082,-0.3088090767,-0.1212395319,-0.3519027673,-0.2998536952,0.2990006778,-0.0538218218,-0.3703665779,0.3540970589,-0.0974771398,0.3372255595,-0.2728637314,-0.3034068674,1.0000000000,1.0000000000,0.0000000000,0.0000000000,0.0000000000
0.0200000000,-0.1500000000,0.3000000000,-0.0627335374,0.0000000000,0.1544673515,0.4370264541,-0.3089246560,-0.1209591064,-0.3519420930,-0.2995704678,0.2990006778,-0.0537955198,-0.3706180315,0.3533260553,-0.0943893012,0.3378678842,-0.2711176483,-0.3034068674,1.0000000000,1.0000000000,0.0000000000,0.0000000000,0.0000000000
0.0200000000,-0.1500000000,0.3000000000,-0.0627335374,0.0000000000,0.1539815102,0.4369417777,-0.3090266712,-0.1207025066,-0.3519788619,-0.2993121713,0.2990006778,-0.0537920244,-0.3708684998,0.3525509740,-0.0912024412,0.3385284668,-0.2693131622,-0.3034068674,1.0000000000,1.0000000000,0.0000000000,0.0000000000,0.0000000000
0.0200000000,-0.1500000000,0.3000000000,-0.0627335374,0.0000000000,0.1535556350,0.4368711006,-0.3091132090,-0.1204751060,-0.3520122367,-0.2990842137,0.2990006778,-0.0538143310,-0.3711173861,0.3517719616,-0.0879099293,0.3392082641,-0.2674461533,-0.3034068674,1.0000000000,1.0000000000,0.0000000000,0.0000000000,0.0000000000
0.0200000000,-0.1500000000,0.3000000000,-0.0627335374,0.0000000000,0.1531950577,0.4368129469,-0.3091845854,-0.1202812409,-0.3520411760,-0.2988903756,0.2990006778,-0.0538692422,-0.3713673326,0.3509814258,-0.0844684855,0.3399152432,-0.2654915687,-0.3034068674,1.0000000000,1.0000000000,0.0000000000,0.0000000000,0.0000000000
0.0200000000,-0.1500000000,0.3000000000,-0.0627335374,0.0000000000,0.1528876811,0.4367624485,-0.3092449388,-0.1201161983,-0.3520658754,-0.2987253041,0.2990006778,-0.0539602666,-0.3716302200,0.3501540755,-0.0807572899,0.3406724395,-0.2633807344,-0.3034068674,1.0000000000,1.0000000000,0.0000000000,0.0000000000,0.0000000000
0.0200000000,-0.1500000000,0.3000000000,-0.0627335374,0.0000000000,0.1526158755,0.4367158426,-0.3092986611,-0.1199713695,-0.3520874103,-0.2985799920,0.2990006778,-0.0540993457,-0.3719158094,0.3492620090,-0.0766209950,0.3415096830,-0.2610241821,-0.3034068674,1.0000000000,1.0000000000,0.0000000000,0.0000000000,0.0000000000
0.0200000000,-0.1500000000,0.3000000000,-0.0627335374,0.0000000000,0.1523722987,0.4366728610,-0.3093477713,-0.1198429736,-0.3521063444,-0.2984503414,0.2990006778,-0.0543072119,-0.3722135104,0.3482997528,-0.0720066413,0.3424390869,-0.2583895566,-0.3034068674,1.0000000000,1.0000000000,0.0000000000,0.0000000000,0.0000000000
0.0200000000,-0.1500000000,0.3000000000,-0.0627335374,0.0000000000,0.1521810318,0.4366389569,-0.3093873495,-0.1197432211,-0.3521209691,-0.2983487828,0.2990006778,-0.0546091534,-0.3724941938,0.3472755145,-0.0669327887,0.3434623033,-0.2554859305,-0.3034068674,1.0000000000,1.0000000000,0.0000000000,0.0000000000,0.0000000000
0.0200000000,-0.1500000000,0.3000000000,-0.0627335374,0.0000000000,0.1520737632,0.4366200535,-0.3094100358,-0.1196877304,-0.3521290776,-0.2982918856,0.2990006778,-0.0550106936,-0.3727365751,0.3462023280,-0.0614612844,0.3445711710,-0.2523510266,-0.3034068674,1.0000000000,1.0000000000,0.0000000000,0.0000000000,0.0000000000
0.0200000000,-0.1500000000,0.3000000000,-0.0627335374,0.0000000000,0.1520321885,0.4366127581,-0.3094189213,-0.1196663062,-0.3521322039,-0.2982698418,0.2990006778,-0.0554724926,-0.3729462691,0.3451268496,-0.0558530195,0.3457096198,-0.2491382591,-0.3034068674,1.0000000000,1.0000000000,0.0000000000,0.0000000000,0.0000000000
0.0200000000,-0.1500000000,0.3000000000,-0.0627335374,0.0000000000,0.1520230028,0.4366111492,-0.3094208931,-0.1196615804,-0.3521328932,-0.2982649721,0.2990006778,-0.0559622695,-0.3731268351,0.3441094535,-0.0504183310,0.3468098765,-0.2460260620,-0.3034068674,1.0000000000,1.0000000000,0.0000000000,0.0000000000,0.0000000000
0.0200000000,-0.1500000000,0.3000000000,-0.0627335374,0.0000000000,0.1520222020,0.4366110090,-0.3094210652,-0.1196611685,-0.3521329532,-0.2982645475,0.2990006778,-0.0564691332,-0.3732742661,0.3431855308,-0.0453411411,0.3478333624,-0.2431185540,-0.3034068674,1.0000000000,1.0000000000,0.0000000000,0.0000000000,0.0000000000
0.0200000000,-0.1500000000,0.3000000000,-0.0627335374,0.0000000000,0.1520222080,0.4366110101,-0.3094210639,-0.1196611716,-0.3521329528,-0.2982645507,0.2990006778,-0.0569942922,-0.3733855011,0.3423545913,-0.0406350710,0.3487787914,-0.2404229608,-0.3034068674,1.0000000000,1.0000000000,0.0000000000,0.0000000000,0.0000000000
0.0200000000,-0.1500000000,0.3000000000,-0.0627335374,0.0000000000,0.1520222080,0.4366110101,-0.3094210639,-0.1196611716,-0.3521329528,-0.2982645507,0.2990006778,-0.0575242175,-0.3734760927,0.3416079651,-0.0362820780,0.3496471301,-0.2379279487,-0.3034068674,1.0000000000,1.0000000000,0.0000000000,0.0000000000,0.0000000000
0.0200000000,-0.1500000000,0.3000000000,-0.0627335374,0.0000000000,0.1520222080,0.4366110101,-0.3094210639,-0.1196611716,-0.3521329528,-0.2982645507,0.2990006778,-0.0580520914,-0.3735656900,0.3409305960,-0.0322158356,0.3504476119,-0.2355928780,-0.3034068674,1.0000000000,1.0000000000,0.0000000000,0.0000000000,0.0000000000
0.0200000000,-0.1500000000,0.3000000000,-0.0627335374,0.0000000000,0.1520222080,0.4366110101,-0.3094210639,-0.1196611716,-0.3521329528,-0.2982645507,0.2990006778,-0.0585912715,-0.3736526362,0.3403088571,-0.0283647028,0.3511957468,-0.2333758854,-0.3034068674,1.0000000000,1.0000000000,0.0000000000,0.0000000000,0.0000000000
0.0200000000,-0.1500000000,0.3000000000,-0.0627335374,0.0000000000,0.1520222080,0.4366110101,-0.3094210639,-0.1196611716,-0.3521329528,-0.2982645507,0.2990006778,-0.0591481703,-0.3737272043,0.3397280727,-0.0246810253,0.3519064936,-0.2312526560,-0.3034068674,1.0000000000,1.0000000000,0.0000000000,0.0000000000,0.0000000000
0.0200000000,-0.1500000000,0.3000000000,-0.0627335374,0.0000000000,0.1520222080,0.4366110101,-0.3094210639,-0.1196611716,-0.3521329528,-0.2982645507,0.2990006778,-0.0597142108,-0.3737843981,0.3391820713,-0.0211740802,0.3525822819,-0.2292324534,-0.3034068674,1.0000000000,1.0000000000,0.0000000000,0.0000000000,0.0000000000
0.0200000000,-0.1500000000,0.3000000000,-0.0627335374,0.0000000000,0.1520222080,0.4366110101,-0.3094210639,-0.1196611716,-0.3521329528,-0.2982645507,0.2990006778,-0.0602767203,-0.3738237701,0.3386716325,-0.0178805760,0.3532178522,-0.2273387253,-0.3034068674,1.0000000000,1.0000000000,0.0000000000,0.0000000000,0.0000000000
0.0200000000,-0.1500000000,0.3000000000,-0.0627335374,0.0000000000,0.1520222080,0.4366110101,-0.3094210639,-0.1196611716,-0.3521329528,-0.2982645507,0.2990006778,-0.0608257646,-0.3738473084,0.3381960915,-0.0148210412,0.3538102704,-0.2255839426,-0.3034068674,1.0000000000,1.0000000000,0.0000000000,0.0000000000,0.0000000000
0.0200000000,-0.1500000000,0.3000000000,-0.0627335374,0.0000000000,0.1520222080,0.4366110101,-0.3094210639,-0.1196611716,-0.3521329528,-0.2982645507,0.2990006778,-0.0613572874,-0.3738566151,0.3377542395,-0.0120108784,0.3543572137,-0.2239774905,-0.3034068674,1.0000000000,1.0000000000,0.0000000000,0.0000000000,0.0000000000
0.0200000000,-0.1500000000,0.3000000000,-0.0627335374,0.0000000000,0.1520222080,0.4366110101,-0.3094210639,-0.1196611716,-0.3521329528,-0.2982645507,0.2990006778,-0.0618748774,-0.3738548010,0.3373398290,-0.0094365703,0.3548615312,-0.2225116697,-0.3034068674,1.0000000000,1.0000000000,0.0000000000,0.0000000000,0.0000000000
0.0200000000,-0.1500000000,0.3000000000,-0.0627335374,0.0000000000,0.1520222080,0.4366110101,-0.3094210639,-0.1196611716,-0.3521329528,-0.2982645507,0.2990006778,-0.0623765692,-0.3738423171,0.3369530919,-0.0071396296,0.3553165073,-0.2212110596,-0.3034068674,1.0000000000,1.0000000000,0.0000000000,0.0000000000,0.0000000000
0.0200000000,-0.1500000000,0.3000000000,-0.0627335374,0.0000000000,0.1520222080,0.4366110101,-0.3094210639,-0.1196611716,-0.3521329528,-0.2982645507,0.2990006778,-0.0628398933,-0.3738146740,0.3366094314,-0.0052624123,0.3556977633,-0.2201592994,-0.3034068674,1.0000000000,1.0000000000,0.0000000000,0.0000000000,0.0000000000
0.0200000000,-0.1500000000,0.3000000000,-0.0627335374,0.0000000000,0.1520222080,0.4366110101,-0.3094210639,-0.1196611716,-0.3521329528,-0.2982645507,0.2990006778,-0.0632429960,-0.3737684460,0.3363217473,-0.0038928697,0.3559902645,-0.2194072802,-0.3034068674,1.0000000000,1.0000000000,0.0000000000,0.0000000000,0.0000000000
0.0200000000,-0.1500000000,0.3000000000,-0.0627335374,0.0000000000,0.1520222080,0.4366110101,-0.3094210639,-0.1196611716,-0.3521329528,-0.2982645507,0.2990006778,-0.0635743774,-0.3737010889,0.3360988073,-0.0030935137,0.3561832437,-0.2189906805,-0.3034068674,1.0000000000,1.0000000000,0.0000000000,0.0000000000,0.0000000000
0.0200000000,-0.1500000000,0.3000000000,-0.0627335374,0.0000000000,0.1520222080,0.4366110101,-0.3094210639,-0.1196611716,-0.3521329528,-0.2982645507,0.2990006778,-0.0638354564,-0.3736122693,0.3359417285,-0.0028788506,0.3562742688,-0.2189168417,-0.3034068674,1.0000000000,1.0000000000,0.0000000000,0.0000000000,0.0000000000
0.0200000000,-0.1500000000,0.3000000000,-0.0627335374,0.0000000000,0.1520222080,0.4366110101,-0.3094210639,-0.1196611716,-0.3521329528,-0.2982645507,0.2990006778,-0.0640334911,-0.3735029185,0.3358482558,-0.0032702795,0.3562598133,-0.2191975636,-0.3034068674,1.0000000000,0.9498059581,0.0000000000,0.0000000000,0.0000000000
0.0200000000,-0.1500000000,0.3000000000,-0.0627335374,0.0000000000,0.1520222080,0.4366110101,-0.3094210639,-0.1196611716,-0.3521329528,-0.2982645507,0.2990006778,-0.0641807128,-0.3733813736,0.3358025736,-0.0042742125,0.3561395538,-0.2198385160,-0.3034068674,1.0000000000,0.8831392914,0.0000000000,0.0000000000,0.0000000000
0.0200000000,-0.1500000000,0.3000000000,-0.0627335374,0.0000000000,0.1520222080,0.4366110101,-0.3094210639,-0.1196611716,-0.3521329528,-0.2982645507,0.2990006778,-0.0642893957,-0.3732754066,0.3357544501,-0.0057243816,0.3559441288,-0.2207502156,-0.3034068674,1.0000000000,0.8164726247,0.0000000000,0.0000000000,0.0000000000
0.0200000000,-0.1500000000,0.3000000000,-0.0627335374,0.0000000000,0.1520222080,0.4366110101,-0.3094210639,-0.1196611716,-0.3521329528,-0.2982645507,0.2990006778,-0.0643553358,-0.3732331810,0.3356248746,-0.0073829193,0.3557179190,-0.2218086270,-0.3034068674,1.0000000000,0.7498059581,0.0000000000,0.0000000000,0.0000000000
0.0200000000,-0.1500000000,0.3000000000,-0.0627335374,0.0000000000,0.1520222080,0.4366110101,-0.3094210639,-0.1196611716,-0.3521329528,-0.2982645507,0.2990006778,-0.0643692437,-0.3733163178,0.3353127447,-0.0089551631,0.3555164793,-0.2228614983,-0.3034068674,1.0000000000,0.6831392914,0.0000000000,0.0000000000,0.0000000000
0.0200000000,-0.1500000000,0.3000000000,-0.0627335374,0.0000000000,0.1520222080,0.4366110101,-0.3094210639,-0.1196611716,-0.3521329528,-0.2982645507,0.2990006778,-0.0643243990,-0.3735913246,0.3347073606,-0.0102053871,0.3553866361,-0.2237942095,-0.3034068674,1.0000000000,0.6164726247,0.0000000000,0.0000000000,0.0000000000
0.0200000000,-0.1500000000,0.3000000000,-0.0627335374,0.0000000000,0.1520222080,0.4366110101,-0.3094210639,-0.1196611716,-0.3521329528,-0.2982645507,0.2990006778,-0.0642331291,-0.3741050095,0.3337250030,-0.0110492062,0.3553486961,-0.2245750758,-0.3034068674,1.0000000000,0.5498059581,0.0000000000,0.0000000000,0.0000000000
0.0200000000,-0.1500000000,0.3000000000,-0.0627335374,0.0000000000,0.1520222080,0.4366110101,-0.3094210639,-0.1196611716,-0.3521329528,-0.2982645507,0.2990006778,-0.0641417980,-0.3748310694,0.3323942340,-0.0115935097,0.3553836898,-0.2252575171,-0.3034068674,1.0000000000,0.4831392914,0.0000000000,0.0000000000,0.0000000000
0.0200000000,-0.1500000000,0.3000000000,-0.0627335374,0.0000000000,0.1520222080,0.4366110101,-0.3094210639,-0.1196611716,-0.3521329528,-0.2982645507,0.2990006778,-0.0641211495,-0.3757300282,0.3307608720,-0.0119516085,0.3554699999,-0.2258918274,-0.3034068674,1.0000000000,0.4164726247,0.0000000000,0.0000000000,0.0000000000
0.0200000000,-0.1500000000,0.3000000000,-0.0627335374,0.0000000000,0.1520222080,0.4366110101,-0.3094210639,-0.1196611716,-0.3521329528,-0.2982645507,0.2990006778,-0.0642730816,-0.3767368184,0.3289058662,-0.0122272934,0.3555849265,-0.2265107243,-0.3034068674,1.0000000000,0.3498059581,0.0000000000,0.0000000000,0.0000000000
0.0200000000,-0.1500000000,0.3000000000,-0.0627335374,0.0000000000,0.1520222080,0.4366110101,-0.3094210639,-0.1196611716,-0.3521329528,-0.2982645507,0.2990006778,-0.0647467775,-0.3777705655,0.3269247669,-0.0124800119,0.3557119095,-0.2271115164,-0.3034068674,1.0000000000,0.2831392914,0.0000000000,0.0000000000,0.0000000000
0.0200000000,-0.1500000000,0.3000000000,-0.0627335374,0.0000000000,0.1520222080,0.4366110101,-0.3094210639,-0.1196611716,-0.3521329528,-0.2982645507,0.2990006778,-0.0657321236,-0.3787453218,0.3249112689,-0.0126949185,0.3558467534,-0.2276427368,-0.3034068674,1.0000000000,0.2164726247,0.0000000000,0.0000000000,0.0000000000
0.0200000000,-0.1500000000,0.3000000000,-0.0627335374,0.0000000000,0.1520222080,0.4366110101,-0.3094210639,-0.1196611716,-0.3521329528,-0.2982645507,0.2990006778,-0.0673302680,-0.3796213038,0.3229054093,-0.0127836133,0.3560015781,-0.2280310089,-0.3034068674,1.0000000000,0.1498059581,0.0000000000,0.0000000000,0.0000000000
0.0200000000,-0.1500000000,0.3000000000,-0.0627335374,0.0000000000,0.1520222080,0.4366110101,-0.3094210639,-0.1196611716,-0.3521329528,-0.2982645507,0.2990006778,-0.0696386247,-0.3804092836,0.3208666693,-0.0126015799,0.3562044340,-0.2281895220,-0.3034068674,1.0000000000,0.0831392914,0.0000000000,0.0000000000,0.0000000000
0.0200000000,-0.1500000000,0.3000000000,-0.0627335374,0.0000000000,0.1520222080,0.4366110101,-0.3094210639,-0.1196611716,-0.3521329528,-0.2982645507,0.2990006778,-0.0726852525,-0.3811819529,0.3186744098,-0.0119755317,0.3564950955,-0.2280418791,-0.3034068674,1.0000000000,0.0166009710,0.0000000000,0.0000000000,0.0000000000
0.0200000000,-0.1500000000,0.3000000000,-0.0627335374,0.0000000000,0.1520222080,0.4366110101,-0.3094210639,-0.1196611716,-0.3521329528,-0.2982645507,0.2990006778,-0.0764078106,-0.3820851271,0.3161148795,-0.0107144323,0.3569224668,-0.2275338796,-0.3034068674,1.0000000000,0.0000000000,0.0000000000,0.0000000000,0.0000000000
0.0200000000,-0.1500000000,0.3000000000,-0.0627335374,0.0000000000,0.1520222080,0.4366110101,-0.3094210639,-0.1196611716,-0.3521329528,-0.2982645507,0.2990006778,-0.0805665510,-0.3833135902,0.3129408848,-0.0086845429,0.3575244427,-0.2266721260,-0.3034068674,1.0000000000,0.0000000000,0.0000000000,0.0000000000,0.0000000000
0.0200000000,-0.1500000000,0.3000000000,-0.0627335374,0.0000000000,0.1520222080,0.4366110101,-0.3094210639,-0.1196611716,-0.3521329528,-0.2982645507,0.2990006778,-0.0848104325,-0.3849476559,0.3091215785,-0.0059579248,0.3582865351,-0.2255447212,-0.3034068674,1.0000000000,0.0000000000,0.0000000000,0.0000000000,0.0000000000
0.0200000000,-0.1500000000,0.3000000000,-0.0627335374,0.0000000000,0.1520222080,0.4366110101,-0.3094210639,-0.1196611716,-0.3521329528,-0.2982645507,0.2990006778,-0.0889460025,-0.3869813571,0.3047371405,-0.0025858449,0.3591910318,-0.2241845634,-0.3034068674,1.0000000000,0.0000000000,0.0000000000,0.0000000000,0.0000000000
0.0200000000,-0.1500000000,0.3000000000,-0.0627335374,0.0000000000,0.1520222080,0.4366110101,-0.3094210639,-0.1196611716,-0.3521329528,-0.2982645507,0.2990006778,-0.0929971423,-0.3893266031,0.2999505031,0.0014158117,0.3602212751,-0.2225613978,-0.3034068674,1.0000000000,0.0000000000,0.0000000000,0.0000000000,0.0000000000
0.0200000000,-0.1500000000,0.3000000000,-0.0627335374,0.0000000000,0.1520222080,0.4366110101,-0.3094210639,-0.1196611716,-0.3521329528,-0.2982645507,0.2990006778,-0.0972257520,-0.3918540285,0.2949380554,0.0061410880,0.3613776381,-0.2205529465,-0.3034068674,1.0000000000,0.0000000000,0.0000000000,0.0000000000,0.0000000000
0.0200000000,-0.1500000000,0.3000000000,-0.0627335374,0.0000000000,0.1520222080,0.4366110101,-0.3094210639,-0.1196611716,-0.3521329528,-0.2982645507,0.2990006778,-0.1020261848,-0.3943858537,0.2899266179,0.0117098821,0.3626606990,-0.2179983211,-0.3034068674,1.0000000000,0.0000000000,0.0000000000,0.0000000000,0.0000000000
0.0200000000,-0.1500000000,0.3000000000,-0.0627335374,0.0000000000,0.1520222080,0.4366110101,-0.3094210639,-0.1196611716,-0.3521329528,-0.2982645507,0.2990006778,-0.1075977431,-0.3967534955,0.2851512047,0.0180304606,0.3640374187,-0.2148808265,-0.3034068674,1.0000000000,0.0000000000,0.0000000000,0.0000000000,0.0000000000
0.0200000000,-0.1500000000,0.3000000000,-0.0627335374,0.0000000000,0.1520222080,0.4366110101,-0.3094210639,-0.1196611716,-0.3521329528,-0.2982645507,0.2990006778,-0.1139839432,-0.3988388223,0.2808136154,0.0249523767,0.3654670995,-0.2112476742,-0.3034068674,1.0000000000,0.0000000000,0.0000000000,0.0000000000,0.0000000000
0.0200000000,-0.1500000000,0.3000000000,-0.0627335374,0.0000000000,0.1520222080,0.4366110101,-0.3094210639,-0.1196611716,-0.3521329528,-0.2982645507,0.2990006778,-0.1210556791,-0.4006213151,0.2770943839,0.0322330239,0.3668946809,-0.2072521697,-0.3034068674,1.0000000000,0.0000000000,0.0000000000,0.0000000000,0.0000000000
0.0200000000,-0.1500000000,0.3000000000,-0.0627335374,0.0000000000,0.1520222080,0.4366110101,-0.3094210639,-0.1196611716,-0.3521329528,-0.2982645507,0.2990006778,-0.1286016413,-0.4022630965,0.2742201325,0.0396238903,0.3682544437,-0.2031390312,-0.3034068674,1.0000000000,0.0000000000,0.0000000000,0.0000000000,0.0000000000
0.0200000000,-0.1500000000,0.3000000000,-0.0627335374,0.0000000000,0.1520222080,0.4366110101,-0.3094210639,-0.1196611716,-0.3521329528,-0.2982645507,0.2990006778,-0.1363358512,-0.4039907248,0.2723247352,0.0468921937,0.3694850514,-0.1991913182,-0.3034068674,1.0000000000,0.0000000000,0.0000000000,0.0000000000,0.0000000000
0.0200000000,-0.1500000000,0.3000000000,-0.0627335374,0.0000000000,0.1520222080,0.4366110101,-0.3094210639,-0.1196611716,-0.3521329528,-0.2982645507,0.2990006778,-0.1439346508,-0.4056487913,0.2710862078,0.0538316629,0.3705796772,-0.1955093552,-0.3034068674,1.0000000000,0.0000000000,0.0000000000,0.0000000000,0.0000000000
0.0200000000,-0.1500000000,0.3000000000,-0.0627335374,0.0000000000,0.1520222080,0.4366110101,-0.3094210639,-0.1196611716,-0.3521329528,-0.2982645507,0.2990006778,-0.1511467817,-0.4068723938,0.2701112515,0.0602538068,0.3715512990,-0.1920673566,-0.3034068674,1.0000000000,0.0000000000,0.0000000000,0.0000000000,0.0000000000
0.0200000000,-0.1500000000,0.3000000000,-0.0627335374,0.0000000000,0.1520222080,0.4366110101,-0.3094210639,-0.1196611716,-0.3521329528,-0.2982645507,0.2990006778,-0.1578306505,-0.4075338834,0.2691855911,0.0660598445,0.3724158171,-0.1888476782,-0.3034068674,1.0000000000,0.0000000000,0.0000000000,0.0000000000,0.0000000000
0.0200000000,-0.1500000000,0.3000000000,-0.0627335374,0.0000000000,0.1520222080,0.4366110101,-0.3094210639,-0.1196611716,-0.3521329528,-0.2982645507,0.2990006778,-0.1638660215,-0.4077990102,0.2683356165,0.0711830743,0.3731705340,-0.1859242017,-0.3034068674,1.0000000000,0.0000000000,0.0000000000,0.0000000000,0.0000000000
0.0200000000,-0.1500000000,0.3000000000,-0.0627335374,0.0000000000,0.1520222080,0.4366110101,-0.3094210639,-0.1196611716,-0.3521329528,-0.2982645507,0.2990006778,-0.1690262318,-0.4078875796,0.2676492189,0.0754853127,0.3737946649,-0.1834432067,-0.3034068674,1.0000000000,0.0000000000,0.0000000000,0.0000000000,0.0000000000
0.0200000000,-0.1500000000,0.3000000000,-0.0627335374,0.0000000000,0.1520222080,0.4366110101,-0.3094210639,-0.1196611716,-0.3521329528,-0.2982645507,0.2990006778,-0.1732486769,-0.4079108881,0.2671316513,0.0789572443,0.3742906145,-0.1814389508,-0.3034068674,1.0000000000,0.0000000000,0.0000000000,0.0000000000,0.0000000000
0.0200000000,-0.1500000000,0.3000000000,-0.0627335374,0.0000000000,0.1520222080,0.4366110101,-0.3094210639,-0.1196611716,-0.3521329528,-0.2982645507,0.2990006778,-0.1766977847,-0.4078987404,0.2667441410,0.0817541896,0.3746850375,-0.1798229124,-0.3034068674,1.0000000000,0.0000000000,0.0000000000,0.0000000000,0.0000000000
0.0200000000,-0.1500000000,0.3000000000,-0.0627335374,0.0000000000,0.1520222080,0.4366110101,-0.3094210639,-0.1196611716,-0.3521329528,-0.2982645507,0.2990006778,-0.1797356480,-0.4078674557,0.2664238720,0.0841933014,0.3750267802,-0.1784100656,-0.3034068674,1.0000000000,0.0000000000,0.0000000000,0.0000000000,0.0000000000
0.0200000000,-0.1500000000,0.3000000000,-0.0627335374,0.0000000000,0.1520222080,0.4366110101,-0.3094210639,-0.1196611716,-0.3521329528,-0.2982645507,0.2990006778,-0.1826368677,-0.4078269415,0.2661275391,0.0865119114,0.3753507500,-0.1770648089,-0.3034068674,1.0000000000,0.0000000000,0.0000000000,0.0000000000,0.0000000000
0.0200000000,-0.1500000000,0.3000000000,-0.0627335374,0.0000000000,0.1520222080,0.4366110101,-0.3094210639,-0.1196611716,-0.3521329528,-0.2982645507,0.2990006778,-0.1854746109,-0.4077803836,0.2658459176,0.0887636221,0.3756639488,-0.1757587287,-0.3034068674,1.0000000000,0.0000000000,0.0000000000,0.0000000000,0.0000000000
0.0200000000,-0.1500000000,0.3000000000,-0.0627335374,0.0000000000,0.1520222080,0.4366110101,-0.3094210639,-0.1196611716,-0.3521329528,-0.2982645507,0.2990006778,-0.1882258546,-0.4077273551,0.2655834318,0.0909167087,0.3759615967,-0.1745102591,-0.3034068674,1.0000000000,0.0000000000,0.0000000000,0.0000000000,0.0000000000
0.0200000000,-0.1500000000,0.3000000000,-0.0627335374,0.0000000000,0.1520222080,0.4366110101,-0.3094210639,-0.1196611716,-0.3521329528,-0.2982645507,0.2990006778,-0.1908851024,-0.4076675964,0.2653405081,0.0929644457,0.3762429668,-0.1733226189,-0.3034068674,1.0000000000,0.0000000000,0.0000000000,0.0000000000,0.0000000000
0.0200000000,-0.1500000000,0.3000000000,-0.0627335374,0.0000000000,0.1520222080,0.4366110101,-0.3094210639,-0.1196611716,-0.3521329528,-0.2982645507,0.2990006778,-0.1934870744,-0.4076027779,0.2651105565,0.0949470710,0.3765141146,-0.1721728104,-0.3034068674,1.0000000000,0.0000000000,0.0000000000,0.0000000000,0.0000000000
0.0200000000,-0.1500000000,0.3000000000,-0.0627335374,0.0000000000,0.1520222080,0.4366110101,-0.3094210639,-0.1196611716,-0.3521329528,-0.2982645507,0.2990006778,-0.1960801353,-0.4075343947,0.2648862662,0.0969156364,0.3767823050,-0.1710323118,-0.3034068674,1.0000000000,0.0000000000,0.0000000000,0.0000000000,0.0000000000
0.0200000000,-0.1500000000,0.3000000000,-0.0627335374,0.0000000000,0.1520222080,0.4366110101,-0.3094210639,-0.1196611716,-0.3521329528,-0.2982645507,0.2990006778,-0.1987332281,-0.4074606741,0.2646617077,0.0989209042,0.3770544253,-0.1698717862,-0.3034068674,1.0000000000,0.0000000000,0.0000000000,0.0000000000,0.0000000000
0.0200000000,-0.1500000000,0.3000000000,-0.0627335374,0.0000000000,0.1520222080,0.4366110101,-0.3094210639,-0.1196611716,-0.3521329528,-0.2982645507,0.2990006778,-0.2015279185,-0.4073774608,0.2644317114,0.1010110213,0.3773369742,-0.1686621235,-0.3034068674,1.0000000000,0.0000000000,0.0000000000,0.0000000000,0.0000000000
0.0200000000,-0.1500000000,0.3000000000,-0.0627335374,0.0000000000,0.1520222080,0.4366110101,-0.3094210639,-0.1196611716,-0.3521329528,-0.2982645507,0.2990006778,-0.2045173689,-0.4072817933,0.2641935742,0.1032170534,0.3776338687,-0.1673852637,-0.3034068674,1.0000000000,0.0000000000,0.0000000000,0.0000000000,0.0000000000
0.0200000000,-0.1500000000,0.3000000000,-0.0627335374,0.0000000000,0.1520222080,0.4366110101,-0.3094210639,-0.1196611716,-0.3521329528,-0.2982645507,0.2990006778,-0.2077031850,-0.4071747641,0.2639466210,0.1055424280,0.3779452339,-0.1660408357,-0.3034068674,1.0000000000,0.0000000000,0.0000000000,0.0000000000,0.0000000000
0.0200000000,-0.1500000000,0.3000000000,-0.0627335374,0.0000000000,0.1520222080,0.4366110101,-0.3094210639,-0.1196611716,-0.3521329528,-0.2982645507,0.2990006778,-0.2111645055,-0.4070577048,0.2636804857,0.1080403399,0.3782781773,-0.1645995357,-0.3034068674,1.0000000000,0.0000000000,0.0000000000,0.0000000000,0.0000000000
0.0200000000,-0.1500000000,0.3000000000,-0.0627335374,0.0000000000,0.1520222080,0.4366110101,-0.3094210639,-0.1196611716,-0.3521329528,-0.2982645507,0.2990006778,-0.2151376526,-0.4069292061,0.2633696103,0.1108554249,0.3786521908,-0.1629784013,-0.3034068674,1.0000000000,0.0000000000,0.0000000000,0.0000000000,0.0000000000
0.0200000000,-0.1500000000,0.3000000000,-0.0627335374,0.0000000000,0.1520222080,0.4366110101,-0.3094210639,-0.1196611716,-0.3521329528,-0.2982645507,0.2990006778,-0.2196444038,-0.4067926164,0.2630102489,0.1139860769,0.3790662898,-0.1611808769,-0.3034068674,1.0000000000,0.0000000000,0.0000000000,0.0000000000,0.0000000000
0.0200000000,-0.1500000000,0.3000000000,-0.0627335374,0.0000000000,0.1520222080,0.4366110101,-0.3094210639,-0.1196611716,-0.3521329528,-0.2982645507,0.2990006778,-0.2244218751,-0.4066575495,0.2626256023,0.1172442202,0.3794940077,-0.1593194900,-0.3034068674,1.0000000000,0.0000000000,0.0000000000,0.0000000000,0.0000000000
0.0200000000,-0.1500000000,0.3000000000,-0.0627335374,0.0000000000,0.1520222080,0.4366110101,-0.3094210639,-0.1196611716,-0.3521329528,-0.2982645507,0.2990006778,-0.2291148069,-0.4065345571,0.2622456489,0.1203903427,0.3799032236,-0.1575331872,-0.3034068674,1.0000000000,0.0000000000,0.0000000000,0.0000000000,0.0000000000
0.0200000000,-0.1500000000,0.3000000000,-0.0627335374,0.0000000000,0.1520222080,0.4366110101,-0.3094210639,-0.1196611716,-0.3521329528,-0.2982645507,0.2990006778,-0.2335376086,-0.4064261506,0.2618867395,0.1233167844,0.3802806311,-0.1558812795,-0.3034068674,1.0000000000,0.0000000000,0.0000000000,0.0000000000,0.0000000000
0.0200000000,-0.1500000000,0.3000000000,-0.0627335374,0.0000000000,0.1520222080,0.4366110101,-0.3094210639,-0.1196611716,-0.3521329528,-0.2982645507,0.2990006778,-0.2377289531,-0.4063148874,0.2615606954,0.1261166363,0.3806391731,-0.1543070208,-0.3034068674,1.0000000000,0.0000000000,0.0000000000,0.0000000000,0.0000000000
0.0200000000,-0.1500000000,0.3000000000,-0.0627335374,0.0000000000,0.1520222080,0.4366110101,-0.3094210639,-0.1196611716,-0.3521329528,-0.2982645507,0.2990006778,-0.2417591565,-0.4061672219,0.2612941502,0.1289661596,0.3810011043,-0.1527095152,-0.3034068674,1.0000000000,0.0000000000,0.0000000000,0.0000000000,0.0000000000
0.0200000000,-0.1500000000,0.3000000000,-0.0627335374,0.0000000000,0.1520222080,0.4366110101,-0.3094210639,-0.1196611716,-0.3521329528,-0.2982645507,0.2990006778,-0.2455360627,-0.4059526968,0.2611292777,0.1319831055,0.3813798567,-0.1510276118,-0.3034068674,1.0000000000,0.0000000000,0.0000000000,0.0000000000,0.0000000000
0.0200000000,-0.1500000000,0.3000000000,-0.0627335374,0.0000000000,0.1520222080,0.4366110101,-0.3094210639,-0.1196611716,-0.3521329528,-0.2982645507,0.2990006778,-0.2488898446,-0.4056688235,0.2610867241,0.1352255554,0.3817819008,-0.1492400708,-0.3034068674,1.0000000000,0.0000000000,0.0000000000,0.0000000000,0.0000000000
0.0200000000,-0.1500000000,0.3000000000,-0.0627335374,0.0000000000,0.1520222080,0.4366110101,-0.3094210639,-0.1196611716,-0.3521329528,-0.2982645507,0.2990006778,-0.2516615481,-0.4053648109,0.2611327413,0.1386886826,0.3822075195,-0.1473677125,-0.3034068674,1.0000000000,0.0000000000,0.0000000000,0.0000000000,0.0000000000
0.0200000000,-0.1500000000,0.3000000000,-0.0627335374,0.0000000000,0.1520222080,0.4366110101,-0.3094210639,-0.1196611716,-0.3521329528,-0.2982645507,0.2990006778,-0.2537492394,-0.4051507877,0.2611677876,0.1422020074,0.3826382140,-0.1455230605,-0.3034068674,1.0000000000,0.0000000000,0.0000000000,0.0000000000,0.0000000000
0.0200000000,-0.1500000000,0.3000000000,-0.0627335374,0.0000000000,0.1520222080,0.4366110101,-0.3094210639,-0.1196611716,-0.3521329528,-0.2982645507,0.2990006778,-0.2551403291,-0.4051248233,0.2610969803,0.1454576135,0.3830386583,-0.1438768909,-0.3034068674,1.0000000000,0.0000000000,0.0000000000,0.0000000000,0.0000000000
0.0200000000,-0.1500000000,0.3000000000,-0.0627335374,0.0000000000,0.1520222080,0.4366110101,-0.3094210639,-0.1196611716,-0.3521329528,-0.2982645507,0.2990006778,-0.2557844310,-0.4053530050,0.2608625724,0.1481806133,0.3833773037,-0.1425753734,-0.3034068674,1.0000000000,0.0000000000,0.0000000000,0.0000000000,0.0000000000
0.0200000000,-0.1500000000,0.3000000000,-0.0627335374,0.0000000000,0.1520222080,0.4366110101,-0.3094210639,-0.1196611716,-0.3521329528,-0.2982645507,0.2990006778,-0.2556750718,-0.4058650464,0.2604374078,0.1502209214,0.3836379418,-0.1416921171,-0.3034068674,1.0000000000,0.0000000000,0.0000000000,0.0000000000,0.0000000000
0.0200000000,-0.1500000000,0.3000000000,-0.0627335374,0.0000000000,0.1520222080,0.4366110101,-0.3094210639,-0.1196611716,-0.3521329528,-0.2982645507,0.2990006778,-0.2547994844,-0.4066788250,0.2598051923,0.1514925922,0.3838121041,-0.1412681908,-0.3034068674,1.0000000000,0.0000000000,0.0000000000,0.0000000000,0.0000000000
0.0200000000,-0.1500000000,0.3000000000,-0.0627335374,0.0000000000,0.1520222080,0.4366110101,-0.3094210639,-0.1196611716,-0.3521329528,-0.2982645507,0.2990006778,-0.2531678483,-0.4077811756,0.2589737754,0.1519259192,0.3838920329,-0.1413338334,-0.3034068674,1.0000000000,0.0000000000,0.0000000000,0.0000000000,0.0000000000
0.0200000000,-0.1500000000,0.3000000000,-0.0627335374,0.0000000000,0.1520222080,0.4366110101,-0.3094210639,-0.1196611716,-0.3521329528,-0.2982645507,0.2990006778,-0.2508996663,-0.4090971469,0.2579962531,0.1515424263,0.3838790002,-0.1418620031,-0.3034068674,1.0000000000,0.0000000000,0.0000000000,0.0000000000,0.0000000000
0.0200000000,-0.1500000000,0.3000000000,-0.0627335374,0.0000000000,0.1520222080,0.4366110101,-0.3094210639,-0.1196611716,-0.3521329528,-0.2982645507,0.2990006778,-0.2481061784,-0.4105456219,0.2569317545,0.1503407150,0.3837712695,-0.1428360884,-0.3034068674,1.0000000000,0.0000000000,0.0000000000,0.0000000000,0.0000000000
0.0200000000,-0.1500000000,0.3000000000,-0.0627335374,0.0000000000,0.1520222080,0.4366110101,-0.3094210639,-0.1196611716,-0.3521329528,-0.2982645507,0.2990006778,-0.2449849089,-0.4120039047,0.2558718948,0.1483898156,0.3835742291,-0.1441934936,-0.3034068674,1.0000000000,0.0000000000,0.0000000000,0.0000000000,0.0000000000
0.0200000000,-0.1500000000,0.3000000000,-0.0627335374,0.0000000000,0.1520222080,0.4366110101,-0.3094210639,-0.1196611716,-0.3521329528,-0.2982645507,0.2990006778,-0.2418412775,-0.4132873957,0.2549590490,0.1458061906,0.3832965808,-0.1458317588,-0.3034068674,1.0000000000,0.0000000000,0.0000000000,0.0000000000,0.0000000000
0.0200000000,-0.1500000000,0.3000000000,-0.0627335374,0.0000000000,0.1520222080,0.4366110101,-0.3094210639,-0.1196611716,-0.3521329528,-0.2982645507,0.2990006778,-0.2390466358,-0.4141830621,0.2543608923,0.1427869613,0.3829547558,-0.1476000424,-0.3034068674,1.0000000000,0.0000000000,0.0000000000,0.0000000000,0.0000000000
0.0200000000,-0.1500000000,0.3000000000,-0.0627335374,0.0000000000,0.1520222080,0.4366110101,-0.3094210639,-0.1196611716,-0.3521329528,-0.2982645507,0.2990006778,-0.2367722809,-0.4146044275,0.2541484775,0.1395253737,0.3825675003,-0.1493812292,-0.3034068674,1.0000000000,0.0000000000,0.0000000000,0.0000000000,0.0000000000
0.0200000000,-0.1500000000,0.3000000000,-0.0627335374,0.0000000000,0.1520222080,0.4366110101,-0.3094210639,-0.1196611716,-0.3521329528,-0.2982645507,0.2990006778,-0.2349867037,-0.4145438764,0.2543358635,0.1360612395,0.3821368379,-0.1511583030,-0.3034068674,1.0000000000,0.0000000000,0.0000000000,0.0000000000,0.0000000000
0.0200000000,-0.1500000000,0.3000000000,-0.0627335374,0.0000000000,0.1520222080,0.4366110101,-0.3094210639,-0.1196611716,-0.3521329528,-0.2982645507,0.2990006778,-0.2334690747,-0.4140861421,0.2548737779,0.1323322144,0.3816532844,-0.1529948485,-0.3034068674,1.0000000000,0.0000000000,0.0000000000,0.0000000000,0.0000000000
0.0200000000,-0.1500000000,0.3000000000,-0.0627335374,0.0000000000,0.1520222173,0.4366110128,-0.3094210598,-0.1196611755,-0.3521329525,-0.2982645556,0.2990006778,-0.2318690244,-0.4133878918,0.2556863691,0.1282035036,0.3810919156,-0.1550301195,-0.3034068674,1.0000000000,0.0000000000,0.0000000000,0.0000000000,0.0000000000
0.0200000000,-0.1500000000,0.3000000000,-0.0627335374,0.0000000000,0.1520221403,0.4366109939,-0.3094210861,-0.1196611374,-0.3521329568,-0.2982645133,0.2990006778,-0.2298000932,-0.4126782130,0.2566608321,0.1235661846,0.3804236828,-0.1574322007,-0.3034068674,1.0000000000,0.0000000000,0.0000000000,0.0000000000,0.0000000000
0.0200000000,-0.1500000000,0.3000000000,-0.0627335374,0.0000000000,0.1520158224,0.4366091278,-0.3094238877,-0.1196585482,-0.3521331369,-0.2982612125,0.2990006778,-0.2270766239,-0.4121383128,0.2576444164,0.1184530305,0.3796526287,-0.1602515459,-0.3034068674,1.0000000000,0.0000000000,0.0000000000,0.0000000000,0.0000000000
0.0200000000,-0.1500000000,0.3000000000,-0.0627335374,0.0000000000,0.1519675248,0.4365940878,-0.3094468423,-0.1196400983,-0.3521340896,-0.2982364233,0.2990006778,-0.2236779193,-0.4118622420,0.2584770760,0.1129600384,0.3788069864,-0.1634461206,-0.3034068674,1.0000000000,0.0000000000,0.0000000000,0.0000000000,0.0000000000
0.0200000000,-0.1500000000,0.3000000000,-0.0627335374,0.0000000000,0.1517871880,0.4365346228,-0.3095388138,-0.1195773244,-0.3521357891,-0.2981461035,0.2990006778,-0.2197822977,-0.4118899294,0.2590058375,0.1073089577,0.3779394254,-0.1668679007,-0.3034068674,1.0000000000,0.0394984061,0.0000000000,0.0000000000,0.0000000000
0.0200000000,-0.1500000000,0.3000000000,-0.0627335374,0.0000000000,0.1513376438,0.4363761615,-0.3097864120,-0.1194426123,-0.3521338494,-0.2979300218,0.2990006778,-0.2157168287,-0.4122464119,0.2590997210,0.1018431969,0.3771157091,-0.1702992387,-0.3034068674,1.0000000000,0.1048713116,0.0000000000,0.0000000000,0.0000000000
0.0200000000,-0.1500000000,0.3000000000,-0.0627335374,0.0000000000,0.1505417365,0.4360776787,-0.3102554071,-0.1192543693,-0.3521175610,-0.2975713746,0.2990006778,-0.2118576733,-0.4129135967,0.2587091836,0.0969272271,0.3763971182,-0.1735041969,-0.3034068674,1.0000000000,0.1715379783,0.0000000000,0.0000000000,0.0000000000
0.0200000000,-0.1500000000,0.3000000000,-0.0627335374,0.0000000000,0.1494867728,0.4356646153,-0.3109070015,-0.1190817726,-0.3520785047,-0.2971365382,0.2990006778,-0.2083904167,-0.4138103943,0.2579174225,0.0926954337,0.3758025669,-0.1763694006,-0.3034068674,1.0000000000,0.2382046449,0.0000000000,0.0000000000,0.0000000000
0.0200000000,-0.1500000000,0.3000000000,-0.0627335374,0.0000000000,0.1483197649,0.4351928135,-0.3116577589,-0.1190046562,-0.3520115279,-0.2967183527,0.2990006778,-0.2053219593,-0.4148801799,0.2568043107,0.0891299837,0.3753271085,-0.1788853734,-0.3034068674,1.0000000000,0.3048713116,0.0000000000,0.0000000000,0.0000000000
0.0200000000,-0.1500000000,0.3000000000,-0.0627335374,0.0000000000,0.1472224982,0.4347348928,-0.3124017826,-0.1191004216,-0.3519144821,-0.2964187036,0.2990006778,-0.2025167616,-0.4160849338,0.2554474655,0.0860640265,0.3749422623,-0.1811426263,-0.3034068674,1.0000000000,0.3715379783,0.0000000000,0.0000000000,0.0000000000
0.0200000000,-0.1500000000,0.3000000000,-0.0627335374,0.0000000000,0.1463794242,0.4343650834,-0.3130325511,-0.1194388061,-0.3517865706,-0.2963352097,0.2990006778,-0.1997838746,-0.4174066629,0.2539046191,0.0832815498,0.3746124402,-0.1832703020,-0.3034068674,1.0000000000,0.4382046449,0.0000000000,0.0000000000,0.0000000000
0.0200000000,-0.1500000000,0.3000000000,-0.0627335374,0.0000000000,0.1459171583,0.4341386512,-0.3134675288,-0.1200350336,-0.3516339792,-0.2965173627,0.2990006778,-0.1969871213,-0.4188052152,0.2522571901,0.0806096097,0.3743072777,-0.1853621339,-0.3034068674,1.0000000000,0.5048713116,0.0000000000,0.0000000000,0.0000000000
0.0200000000,-0.1500000000,0.3000000000,-0.0627335374,0.0000000000,0.1458299421,0.4340619760,-0.3136896664,-0.1208210937,-0.3514705905,-0.2969271784,0.2990006778,-0.1941100982,-0.4202122809,0.2506088347,0.0779721313,0.3740098905,-0.1874395503,-0.3034068674,1.0000000000,0.5715379783,0.0000000000,0.0000000000,0.0000000000
0.0200000000,-0.1500000000,0.3000000000,-0.0627335374,0.0000000000,0.1460813156,0.4341274251,-0.3137024537,-0.1217314252,-0.3513076285,-0.2975185145,0.2990006778,-0.1911649211,-0.4215759603,0.2490341657,0.0753363276,0.3737114541,-0.1895031186,-0.3034068674,1.0000000000,0.6382046449,0.0000000000,0.0000000000,0.0000000000
0.0200000000,-0.1500000000,0.3000000000,-0.0627335374,0.0000000000,0.1465941126,0.4343079685,-0.3135390106,-0.1227012687,-0.3511529359,-0.2982321256,0.2990006778,-0.1881545916,-0.4228668724,0.2475758389,0.0726643747,0.3734036820,-0.1915650264,-0.3034068674,1.0000000000,0.7048713116,0.0000000000,0.0000000000,0.0000000000
0.0200000000,-0.1500000000,0.3000000000,-0.0627335374,0.0000000000,0.1472655326,0.4345647421,-0.3132503900,-0.1236602475,-0.3510133939,-0.2989968816,0.2990006778,-0.1850964603,-0.4240593725,0.2462693445,0.0699344353,0.3730811055,-0.1936283448,-0.3034068674,1.0000000000,0.7715379783,0.0000000000,0.0000000000,0.0000000000
0.0200000000,-0.1500000000,0.3000000000,-0.0627335374,0.0000000000,0.1479778398,0.4348519666,-0.3128992060,-0.1245326134,-0.3508956651,-0.2997327600,0.2990006778,-0.1820587866,-0.4251236941,0.2451496859,0.0671779348,0.3727465256,-0.1956600365,-0.3034068674,1.0000000000,0.8382046449,0.0000000000,0.0000000000,0.0000000000
0.0200000000,-0.1500000000,0.3000000000,-0.0627335374,0.0000000000,0.1486596723,0.4351393489,-0.3125304461,-0.1252911313,-0.3507997778,-0.3004004722,0.2990006778,-0.1790838679,-0.4260606918,0.2442096810,0.0644233505,0.3724042126,-0.1976415285,-0.3034068674,1.0000000000,0.9048713116,0.0000000000,0.0000000000,0.0000000000
0.0200000000,-0.1500000000,0.3000000000,-0.0627335374,0.0000000000,0.1492932993,0.4354174041,-0.3121598741,-0.1259465650,-0.3507221177,-0.3009997388,0.2990006778,-0.1761330636,-0.4268882661,0.2434272484,0.0616300436,0.3720483703,-0.1996064167,-0.3034068674,1.0000000000,0.9714408186,0.0000000000,0.0000000000,0.0000000000
0.0200000000,-0.1500000000,0.3000000000,-0.0627335374,0.0000000000,0.1498807177,0.4356844585,-0.3117923172,-0.1265248032,-0.3506575519,-0.3015453707,0.2990006778,-0.1731170546,-0.4276324254,0.2427749641,0.0587098857,0.3716659303,-0.2016225565,-0.3034068674,1.0000000000,0.9987004737,0.0000000000,0.0000000000,0.0000000000
0.0200000000,-0.1500000000,0.3000000000,-0.0627335374,0.0000000000,0.1504179488,0.4359379978,-0.3114323131,-0.1270414206,-0.3506027946,-0.3020451103,0.2990006778,-0.1699220687,-0.4283079522,0.2422452001,0.0555410843,0.3712373516,-0.2037756701,-0.3034068674,1.0000000000,1.0000000000,0.0000000000,0.0000000000,0.0000000000
0.0200000000,-0.1500000000,0.3000000000,-0.0627335374,0.0000000000,0.1508912670,0.4361727113,-0.3110879153,-0.1275014683,-0.3505560664,-0.3024977911,0.2990006778,-0.1664303170,-0.4289191655,0.2418469811,0.0519891313,0.3707399395,-0.2061558035,-0.3034068674,1.0000000000,1.0000000000,0.0000000000,0.0000000000,0.0000000000
0.0200000000,-0.1500000000,0.3000000000,-0.0627335374,0.0000000000,0.1512935262,0.4363853424,-0.3107653932,-0.1279060585,-0.3505165447,-0.3029010763,0.2990006778,-0.1626135911,-0.4294631147,0.2415893652,0.0480157961,0.3701663843,-0.2087869754,-0.3034068674,1.0000000000,1.0000000000,0.0000000000,0.0000000000,0.0000000000
0.0200000000,-0.1500000000,0.3000000000,-0.0627335374,0.0000000000,0.1516189253,0.4365723318,-0.3104717177,-0.1282483627,-0.3504847271,-0.3032478073,0.2990006778,-0.1585317440,-0.4299238787,0.2414889213,0.0436735590,0.3695236365,-0.2116287762,-0.3034068674,1.0000000000,1.0000000000,0.0000000000,0.0000000000,0.0000000000
0.0200000000,-0.1500000000,0.3000000000,-0.0627335374,0.0000000000,0.1518647405,0.4367293166,-0.3102168536,-0.1285213306,-0.3504608040,-0.3035303184,0.2990006778,-0.1543734903,-0.4302845230,0.2415463261,0.0391603341,0.3688432616,-0.2145446881,-0.3034068674,1.0000000000,1.0000000000,0.0000000000,0.0000000000,0.0000000000
0.0200000000,-0.1500000000,0.3000000000,-0.0627335374,0.0000000000,0.1520266546,0.4368498878,-0.3100149124,-0.1287172904,-0.3504445939,-0.3037392326,0.2990006778,-0.1504209838,-0.4305287349,0.2417482893,0.0347801297,0.3681750645,-0.2173283689,-0.3034068674,1.0000000000,1.0000000000,0.0000000000,0.0000000000,0.0000000000
0.0200000000,-0.1500000000,0.3000000000,-0.0627335374,0.0000000000,0.1521150888,0.4369351540,-0.3098675399,-0.1288434710,-0.3504346954,-0.3038797845,0.2990006778,-0.1468500026,-0.4306635093,0.2420602284,0.0307365767,0.3675539542,-0.2198488866,-0.3034068674,1.0000000000,1.0000000000,0.0000000000,0.0000000000,0.0000000000
0.0200000000,-0.1500000000,0.3000000000,-0.0627335374,0.0000000000,0.1521576987,0.4369963748,-0.3097580907,-0.1289230494,-0.3504290457,-0.3039742250,0.2990006778,-0.1435824203,-0.4307212629,0.2424437140,0.0269689829,0.3669721937,-0.2221595417,-0.3034068674,1.0000000000,1.0000000000,0.0000000000,0.0000000000,0.0000000000
0.0200000000,-0.1500000000,0.3000000000,-0.0627335374,0.0000000000,0.1521711480,0.4370405878,-0.3096750800,-0.1289685828,-0.3504270182,-0.3040350105,0.2990006778,-0.1405191507,-0.4307196800,0.2428858249,0.0233806649,0.3664145717,-0.2243313459,-0.3034068674,1.0000000000,1.0000000000,0.0000000000,0.0000000000,0.0000000000
0.0200000000,-0.1500000000,0.3000000000,-0.0627335374,0.0000000000,0.1521631636,0.4370727685,-0.3096092428,-0.1289870350,-0.3504286101,-0.3040695863,0.2990006778,-0.1375987185,-0.4306692035,0.2433795149,0.0199115682,0.3658715470,-0.2264082352,-0.3034068674,1.0000000000,1.0000000000,0.0000000000,0.0000000000,0.0000000000
0.0200000000,-0.1500000000,0.3000000000,-0.0627335374,0.0000000000,0.1521386213,0.4370980872,-0.3095510618,-0.1289856599,-0.3504334791,-0.3040860208,0.2990006778,-0.1347896738,-0.4305783682,0.2439155505,0.0165342374,0.3653389954,-0.2284124564,-0.3034068674,1.0000000000,1.0000000000,0.0000000000,0.0000000000,0.0000000000
0.0200000000,-0.1500000000,0.3000000000,-0.0627335374,0.0000000000,0.1521062559,0.4371198650,-0.3094969092,-0.1289736951,-0.3504401348,-0.3040928554,0.2990006778,-0.1320838428,-0.4304527729,0.2444866336,0.0132428589,0.3648162940,-0.2303501390,-0.3034068674,1.0000000000,1.0000000000,0.0000000000,0.0000000000,0.0000000000
0.0200000000,-0.1500000000,0.3000000000,-0.0627335374,0.0000000000,0.1520711673,0.4371377702,-0.3094495883,-0.1289532565,-0.3504478229,-0.3040914982,0.2990006778,-0.1294866345,-0.4302938896,0.2450912812,0.0100420328,0.3643043692,-0.2322177867,-0.3034068674,1.0000000000,1.0000000000,0.0000000000,0.0000000000,0.0000000000
0.0200000000,-0.1500000000,0.3000000000,-0.0627335374,0.0000000000,0.1520277370,0.4371521409,-0.3094068693,-0.1289161491,-0.3504582017,-0.3040768622,0.2990006778,-0.1269899283,-0.4301039503,0.2457277033,0.0069245589,0.3638020664,-0.2340210535,-0.3034068674,1.0000000000,1.0000000000,0.0000000000,0.0000000000,0.0000000000
0.0200000000,-0.1500000000,0.3000000000,-0.0627335374,0.0000000000,0.1519692221,0.4371654099,-0.3093618683,-0.1288560955,-0.3504729536,-0.3040465488,0.2990006778,-0.1245539444,-0.4298898715,0.2463907481,0.0038548864,0.3633037226,-0.2357870294,-0.3034068674,1.0000000000,1.0000000000,0.0000000000,0.0000000000,0.0000000000
0.0200000000,-0.1500000000,0.3000000000,-0.0627335374,0.0000000000,0.1518998007,0.4371788234,-0.3093135450,-0.1287778268,-0.3504912076,-0.3040047011,0.2990006778,-0.1221327175,-0.4296521581,0.2470874400,0.0007854427,0.3628005754,-0.2375480606,-0.3034068674,1.0000000000,1.0000000000,0.0000000000,0.0000000000,0.0000000000
0.0200000000,-0.1500000000,0.3000000000,-0.0627335374,0.0000000000,0.1518289671,0.4371918271,-0.3092658672,-0.1286871329,-0.3505115745,-0.3039549192,0.2990006778,-0.1196950972,-0.4293841983,0.2478354756,-0.0023228116,0.3622845103,-0.2393269587,-0.3034068674,1.0000000000,1.0000000000,0.0000000000,0.0000000000,0.0000000000
0.0200000000,-0.1500000000,0.3000000000,-0.0627335374,0.0000000000,0.1517569527,0.4372047281,-0.3092179101,-0.1285804295,-0.3505349019,-0.3038950356,0.2990006778,-0.1172370150,-0.4290871782,0.2486345699,-0.0054735842,0.3617549772,-0.2411261331,-0.3034068674,1.0000000000,1.0000000000,0.0000000000,0.0000000000,0.0000000000
0.0200000000,-0.1500000000,0.3000000000,-0.0627335374,0.0000000000,0.1516795014,0.4372187580,-0.3091657268,-0.1284518519,-0.3505626211,-0.3038220692,0.2990006778,-0.1147647005,-0.4287665942,0.2494745757,-0.0086547637,0.3612146538,-0.2429401567,-0.3034068674,1.0000000000,1.0000000000,0.0000000000,0.0000000000,0.0000000000
0.0200000000,-0.1500000000,0.3000000000,-0.0627335374,0.0000000000,0.1515948596,0.4372355704,-0.3091055074,-0.1282977396,-0.3505956471,-0.3037349727,0.2990006778,-0.1122768373,-0.4284246362,0.2503528496,-0.0118648874,0.3606637946,-0.2447690747,-0.3034068674,1.0000000000,1.0000000000,0.0000000000,0.0000000000,0.0000000000
0.0200000000,-0.1500000000,0.3000000000,-0.0627335374,0.0000000000,0.1515072880,0.4372567002,-0.3090352911,-0.1281178431,-0.3506341726,-0.3036349137,0.2990006778,-0.1097582349,-0.4280548720,0.2512847987,-0.0151244749,0.3600973119,-0.2466236713,-0.3034068674,1.0000000000,1.0000000000,0.0000000000,0.0000000000,0.0000000000
0.0200000000,-0.1500000000,0.3000000000,-0.0627335374,0.0000000000,0.1514237809,0.4372820548,-0.3089568255,-0.1279195120,-0.3506768767,-0.3035264616,0.2990006778,-0.1071946978,-0.4276532059,0.2522815584,-0.0184518608,0.3595108895,-0.2485142170,-0.3034068674,1.0000000000,1.0000000000,0.0000000000,0.0000000000,0.0000000000
0.0200000000,-0.1500000000,0.3000000000,-0.0627335374,0.0000000000,0.1513443407,0.4373114507,-0.3088697406,-0.1277037356,-0.3507238671,-0.3034097269,0.2990006778,-0.1045437162,-0.4272191443,0.2533534468,-0.0218942248,0.3588954502,-0.2504717500,-0.3034068674,1.0000000000,1.0000000000,0.0000000000,0.0000000000,0.0000000000
0.0200000000,-0.1500000000,0.3000000000,-0.0627335374,0.0000000000,0.1512652452,0.4373482768,-0.3087646336,-0.1274509829,-0.3507798852,-0.3032742786,0.2990006778,-0.1016593729,-0.4267344127,0.2545633185,-0.0256237656,0.3582155733,-0.2526032923,-0.3034068674,1.0000000000,1.0000000000,0.0000000000,0.0000000000,0.0000000000
0.0200000000,-0.1500000000,0.3000000000,-0.0627335374,0.0000000000,0.1511842651,0.4373982771,-0.3086272925,-0.1271321018,-0.3508519207,-0.3031053301,0.2990006778,-0.0983445810,-0.4261707448,0.2560031269,-0.0298713207,0.3574229326,-0.2550508081,-0.3034068674,1.0000000000,1.0000000000,0.0000000000,0.0000000000,0.0000000000
0.0200000000,-0.1500000000,0.3000000000,-0.0627335374,0.0000000000,0.1511046186,0.4374673503,-0.3084448216,-0.1267245672,-0.3509456061,-0.3028926154,0.2990006778,-0.0944905806,-0.4255145560,0.2577232264,-0.0347426525,0.3564933855,-0.2578809813,-0.3034068674,1.0000000000,1.0000000000,0.0000000000,0.0000000000,0.0000000000
0.0200000000,-0.1500000000,0.3000000000,-0.0627335374,0.0000000000,0.1510366375,0.4375584338,-0.3082135187,-0.1262303069,-0.3510610328,-0.3026396951,0.2990006778,-0.0902116506,-0.4247914179,0.2596604920,-0.0400503619,0.3554628121,-0.2609836183,-0.3034068674,1.0000000000,1.0000000000,0.0000000000,0.0000000000,0.0000000000
0.0200000000,-0.1500000000,0.3000000000,-0.0627335374,0.0000000000,0.1509889253,0.4376683760,-0.3079434071,-0.1256755918,-0.3511922273,-0.3023615095,0.2990006778,-0.0857492087,-0.4240457339,0.2616883991,-0.0454708533,0.3543976410,-0.2641640860,-0.3034068674,1.0000000000,1.0000000000,0.0000000000,0.0000000000,0.0000000000
0.0200000000,-0.1500000000,0.3000000000,-0.0627335374,0.0000000000,0.1509663684,0.4377906002,-0.3076511562,-0.1250943393,-0.3513310673,-0.3020754405,0.2990006778,-0.0813430672,-0.4233185641,0.2636822436,-0.0507022215,0.3533613607,-0.2672396922,-0.3034068674,1.0000000000,1.0000000000,0.0000000000,0.0000000000,0.0000000000
0.0200000000,-0.1500000000,0.3000000000,-0.0627335374,0.0000000000,0.1509702874,0.4379173196,-0.3073551697,-0.1245206281,-0.3514691935,-0.3017980407,0.2990006778,-0.0771944556,-0.4226427104,0.2655377631,-0.0555067484,0.3524053648,-0.2700656300,-0.3034068674,1.0000000000,1.0000000000,0.0000000000,0.0000000000,0.0000000000
0.0200000000,-0.1500000000,0.3000000000,-0.0627335374,0.0000000000,0.1510001864,0.4380459276,-0.3070612675,-0.1239641429,-0.3516041519,-0.3015337365,0.2990006778,-0.0733275832,-0.4220231828,0.2672410537,-0.0598630737,0.3515348899,-0.2726293710,-0.3034068674,1.0000000000,1.0000000000,0.0000000000,0.0000000000,0.0000000000
0.0200000000,-0.1500000000,0.3000000000,-0.0627335374,0.0000000000,0.1510565595,0.4381817094,-0.3067574504,-0.1234014958,-0.3517415587,-0.3012712578,0.2990006778,-0.0695309662,-0.4214352242,0.2688853309,-0.0640155846,0.3506987774,-0.2750840873,-0.3034068674,1.0000000000,1.0000000000,0.0000000000,0.0000000000,0.0000000000
0.0200000000,-0.1500000000,0.3000000000,-0.0627335374,0.0000000000,0.1511424394,0.4383310077,-0.3064301951,-0.1228075616,-0.3518875120,-0.3009990545,0.2990006778,-0.0655994652,-0.4208593773,0.2705517468,-0.0681836537,0.3498514400,-0.2775695471,-0.3034068674,1.0000000000,1.0000000000,0.0000000000,0.0000000000,0.0000000000
0.0200000000,-0.1500000000,0.3000000000,-0.0627335374,0.0000000000,0.1512607401,0.4384964075,-0.3060743943,-0.1221723928,-0.3520443936,-0.3007126971,0.2990006778,-0.0614545248,-0.4202908319,0.2722688647,-0.0724398139,0.3489770437,-0.2801337927,-0.3034068674,1.0000000000,1.0000000000,0.0000000000,0.0000000000,0.0000000000
0.0200000000,-0.1500000000,0.3000000000,-0.0627335374,0.0000000000,0.1514125635,0.4386779681,-0.3056901692,-0.1214932549,-0.3522126662,-0.3004105934,0.2990006778,-0.0570656946,-0.4197269771,0.2740524237,-0.0768108403,0.3480686950,-0.2827943542,-0.3034068674,1.0000000000,1.0000000000,0.0000000000,0.0000000000,0.0000000000
0.0200000000,-0.1500000000,0.3000000000,-0.0627335374,0.0000000000,0.1516053464,0.4388781804,-0.3052739549,-0.1207609391,-0.3523943943,-0.3000889507,0.2990006778,-0.0523609562,-0.4191661332,0.2759271673,-0.0813412405,0.3471148378,-0.2855835533,-0.3034068674,1.0000000000,1.0000000000,0.0000000000,0.0000000000,0.0000000000
0.0200000000,-0.1500000000,0.3000000000,-0.0627335374,0.0000000000,0.1518485229,0.4390996051,-0.3048227238,-0.1199674492,-0.3525913504,-0.2997448916,0.2990006778,-0.0472600759,-0.4186056198,0.2779076601,-0.0860738790,0.3461066434,-0.2885311085,-0.3034068674,1.0000000000,1.0000000000,0.0000000000,0.0000000000,0.0000000000
0.0200000000,-0.1500000000,0.3000000000,-0.0627335374,0.0000000000,0.1521469838,0.4393416863,-0.3043393597,-0.1191148496,-0.3528027916,-0.2993796547,0.2990006778,-0.0417289170,-0.4180364557,0.2799815332,-0.0910199867,0.3450469114,-0.2916371664,-0.3034068674,1.0000000000,1.0000000000,0.0000000000,0.0000000000,0.0000000000
0.0200000000,-0.1500000000,0.3000000000,-0.0627335374,0.0000000000,0.1525052295,0.4396026943,-0.3038291216,-0.1182088320,-0.3530270593,-0.2989959915,0.2990006778,-0.0357693065,-0.4174494646,0.2821258372,-0.0961517161,0.3439461931,-0.2948751668,-0.3034068674,1.0000000000,1.0000000000,0.0000000000,0.0000000000,0.0000000000
0.0200000000,-0.1500000000,0.3000000000,-0.0627335374,0.0000000000,0.1529172762,0.4398754026,-0.3033065347,-0.1172705327,-0.3532586444,-0.2986023260,0.2990006778,-0.0295193133,-0.4168515745,0.2842966264,-0.1013351544,0.3428319919,-0.2981566243,-0.3034068674,1.0000000000,1.0000000000,0.0000000000,0.0000000000,0.0000000000
0.0200000000,-0.1500000000,0.3000000000,-0.0627335374,0.0000000000,0.1533730960,0.4401497484,-0.3027912440,-0.1163276971,-0.3534902641,-0.2982092334,0.2990006778,-0.0231674860,-0.4162692686,0.2864508419,-0.1063884616,0.3417350234,-0.3013760916,-0.3034068674,1.0000000000,1.0000000000,0.0000000000,0.0000000000,0.0000000000
0.0200000000,-0.1500000000,0.3000000000,-0.0627335374,0.0000000000,0.1538685544,0.4404204650,-0.3022940266,-0.1153901496,-0.3537188954,-0.2978193892,0.2990006778,-0.0167563870,-0.4157247661,0.2885948604,-0.1112565391,0.3406582824,-0.3045148636,-0.3034068674,1.0000000000,1.0000000000,0.0000000000,0.0000000000,0.0000000000
0.0200000000,-0.1500000000,0.3000000000,-0.0627335374,0.0000000000,0.1544095693,0.4406896981,-0.3018121637,-0.1144436305,-0.3539474168,-0.2974255622,0.2990006778,-0.0101480052,-0.4152174923,0.2907870366,-0.1160372690,0.3395763085,-0.3076447359,-0.3034068674,1.0000000000,1.0000000000,0.0000000000,0.0000000000,0.0000000000
0.0200000000,-0.1500000000,0.3000000000,-0.0627335374,0.0000000000,0.1550096888,0.4409611184,-0.3013416265,-0.1134676722,-0.3541799821,-0.2970179983,0.2990006778,-0.0031368622,-0.4147409336,0.2931067360,-0.1208429007,0.3384585198,-0.3108468824,-0.3034068674,1.0000000000,1.0000000000,0.0000000000,0.0000000000,0.0000000000
0.0200000000,-0.1500000000,0.3000000000,-0.0627335374,0.0000000000,0.1556757875,0.4412346854,-0.3008847005,-0.1124508635,-0.3544183999,-0.2965899330,0.2990006778,0.0044508688,-0.4142864281,0.2956318895,-0.1257444131,0.3372815371,-0.3141726904,-0.3034068674,1.0000000000,1.0000000000,0.0000000000,0.0000000000,0.0000000000
0.0200000000,-0.1500000000,0.3000000000,-0.0627335374,0.0000000000,0.1563960912,0.4414992200,-0.3004630492,-0.1114121589,-0.3546568258,-0.2961456473,0.2990006778,0.0126501506,-0.4138461812,0.2984093800,-0.1306838017,0.3360480214,-0.3175829008,-0.3034068674,1.0000000000,1.0000000000,0.0000000000,0.0000000000,0.0000000000
0.0200000000,-0.1500000000,0.3000000000,-0.0627335374,0.0000000000,0.1571246898,0.4417326092,-0.3001128606,-0.1104164147,-0.3548795120,-0.2957093728,0.2990006778,0.0211817291,-0.4134100018,0.3013962045,-0.1354338537,0.3348042513,-0.3209061180,-0.3034068674,1.0000000000,1.0000000000,0.0000000000,0.0000000000,0.0000000000
0.0200000000,-0.1500000000,0.3000000000,-0.0627335374,0.0000000000,0.1578093221,0.4419193282,-0.2998538373,-0.1095310728,-0.3550721050,-0.2953105895,0.2990006778,0.0296691325,-0.4129605583,0.3045213474,-0.1397966997,0.3335974815,-0.3239764544,-0.3034068674,1.0000000000,1.0000000000,0.0000000000,0.0000000000,0.0000000000
0.0200000000,-0.1500000000,0.3000000000,-0.0627335374,0.0000000000,0.1584170542,0.4420525334,-0.2996919880,-0.1088065118,-0.3552248694,-0.2949745274,0.2990006778,0.0379141409,-0.4124704975,0.3077959679,-0.1436889139,0.3324427648,-0.3267063178,-0.3034068674,1.0000000000,1.0000000000,0.0000000000,0.0000000000,0.0000000000
0.0200000000,-0.1500000000,0.3000000000,-0.0627335374,0.0000000000,0.1589423247,0.4421364906,-0.2996166333,-0.1082760398,-0.3553330000,-0.2947241256,0.2990006778,0.0458802914,-0.4119028612,0.3113033513,-0.1471411119,0.3313248311,-0.3290848704,-0.3034068674,1.0000000000,1.0000000000,0.0000000000,0.0000000000,0.0000000000
0.0200000000,-0.1500000000,0.3000000000,-0.0627335374,0.0000000000,0.1594022266,0.4421832723,-0.2996064249,-0.1079871265,-0.3553902893,-0.2945971751,0.2990006778,0.0535687834,-0.4112030433,0.3151922993,-0.1502199099,0.3302119321,-0.3311141243,-0.3034068674,1.0000000000,1.0000000000,0.0000000000,0.0000000000,0.0000000000
0.0200000000,-0.1500000000,0.3000000000,-0.0627335374,0.0000000000,0.1598391699,0.4422136146,-0.2996279201,-0.1079825688,-0.3553926566,-0.2946354453,0.2990006778,0.0609793220,-0.4103161387,0.3196097481,-0.1530362126,0.3290643076,-0.3328232988,-0.3034068674,1.0000000000,1.0000000000,0.0000000000,0.0000000000,0.0000000000
0.0200000000,-0.1500000000,0.3000000000,-0.0627335374,0.0000000000,0.1603015638,0.4422466009,-0.2996526446,-0.1082613722,-0.3553433287,-0.2948530887,0.2990006778,0.0681587995,-0.4092183014,0.3246308350,-0.1557399107,0.3278448103,-0.3342912264,-0.3034068674,1.0000000000,1.0000000000,0.0000000000,0.0000000000,0.0000000000
0.0200000000,-0.1500000000,0.3000000000,-0.0627335374,0.0000000000,0.1608152874,0.4422894867,-0.2996716884,-0.1088061096,-0.3552462929,-0.2952457861,0.2990006778,0.0751232635,-0.4079005716,0.3302921630,-0.1584571984,0.3265246211,-0.3355896239,-0.3034068674,1.0000000000,1.0000000000,0.0000000000,0.0000000000,0.0000000000
0.0200000000,-0.1500000000,0.3000000000,-0.0627335374,0.0000000000,0.1613578539,0.4423328491,-0.2996989530,-0.1095452358,-0.3551127724,-0.2957627759,0.2990006778,0.0817779572,-0.4064024623,0.3364598732,-0.1612557386,0.3251093573,-0.3367797880,-0.3034068674,1.0000000000,1.0000000000,0.0000000000,0.0000000000,0.0000000000
0.0200000000,-0.1500000000,0.3000000000,-0.0627335374,0.0000000000,0.1618411774,0.4423471967,-0.2997741042,-0.1103415146,-0.3549629999,-0.2962963991,0.2990006778,0.0878650130,-0.4048216081,0.3427868635,-0.1641088154,0.3236518249,-0.3378929491,-0.3034068674,1.0000000000,1.0000000000,0.0000000000,0.0000000000,0.0000000000
0.0200000000,-0.1500000000,0.3000000000,-0.0627335374,0.0000000000,0.1621450519,0.4422948922,-0.2999463352,-0.1110135011,-0.3548242785,-0.2967039186,0.2990006778,0.0931618142,-0.4032915201,0.3488221278,-0.1669131782,0.3222351277,-0.3389421170,-0.3034068674,1.0000000000,1.0000000000,0.0000000000,0.0000000000,0.0000000000
0.0200000000,-0.1500000000,0.3000000000,-0.0627335374,0.0000000000,0.1622067253,0.4421554099,-0.3002441506,-0.1114478562,-0.3547140915,-0.2968978229,0.2990006778,0.0976863414,-0.4018880778,0.3543383215,-0.1695870846,0.3209084395,-0.3399328992,-0.3034068674,1.0000000000,1.0000000000,0.0000000000,0.0000000000,0.0000000000
0.0200000000,-0.1500000000,0.3000000000,-0.0627335374,0.0000000000,0.1620110553,0.4419183545,-0.3006876326,-0.1115956845,-0.3546392506,-0.2968395400,0.2990006778,0.1015266567,-0.4006303114,0.3592967033,-0.1720904548,0.3196860621,-0.3408615752,-0.3034068674,1.0000000000,1.0000000000,0.0000000000,0.0000000000,0.0000000000
0.0200000000,-0.1500000000,0.3000000000,-0.0627335374,0.0000000000,0.1615901738,0.4415823758,-0.3012902989,-0.1114549417,-0.3545988721,-0.2965280336,0.2990006778,0.1048148737,-0.3995010302,0.3637756439,-0.1744161992,0.3185594261,-0.3417227188,-0.3034068674,1.0000000000,1.0000000000,0.0000000000,0.0000000000,0.0000000000
0.0200000000,-0.1500000000,0.3000000000,-0.0627335374,0.0000000000,0.1609997542,0.4411424458,-0.3020807720,-0.1110270712,-0.3545898143,-0.2959638219,0.2990006778,0.1076505425,-0.3984677654,0.3678888319,-0.1765683099,0.3175124026,-0.3425046067,-0.3034068674,1.0000000000,1.0000000000,0.0000000000,0.0000000000,0.0000000000
0.0200000000,-0.1500000000,0.3000000000,-0.0627335374,0.0000000000,0.1603453728,0.4406130898,-0.3030585268,-0.1103587139,-0.3546040343,-0.2951903590,0.2990006778,0.1101047169,-0.3974879096,0.3717575264,-0.1785517904,0.3165286754,-0.3431888284,-0.3034068674,1.0000000000,1.0000000000,0.0000000000,0.0000000000,0.0000000000
0.0200000000,-0.1500000000,0.3000000000,-0.0627335374,0.0000000000,0.1597665412,0.4400509577,-0.3041391932,-0.1095748369,-0.3546285266,-0.2943269441,0.2990006778,0.1121821391,-0.3965405505,0.3754032115,-0.1803365650,0.3156149808,-0.3437479558,-0.3034068674,1.0000000000,1.0000000000,0.0000000000,0.0000000000,0.0000000000
0.0200000000,-0.1500000000,0.3000000000,-0.0627335374,0.0000000000,0.1593852787,0.4395309360,-0.3051936721,-0.1088251404,-0.3546506552,-0.2935176611,0.2990006778,0.1138053001,-0.3956365980,0.3787269090,-0.1818497156,0.3148037859,-0.3441448802,-0.3034068674,1.0000000000,1.0000000000,0.0000000000,0.0000000000,0.0000000000
0.0200000000,-0.1500000000,0.3000000000,-0.0627335374,0.0000000000,0.1592531133,0.4391187434,-0.3060921255,-0.1082415367,-0.3546608584,-0.2928860707,0.2990006778,0.1149176095,-0.3947951210,0.3816274093,-0.1830479780,0.3141198257,-0.3443661174,-0.3034068674,1.0000000000,1.0000000000,0.0000000000,0.0000000000,0.0000000000
0.0200000000,-0.1500000000,0.3000000000,-0.0627335374,0.0000000000,0.1593310991,0.4388498280,-0.3067441127,-0.1078941194,-0.3546561915,-0.2924945382,0.2990006778,0.1154986162,-0.3940289028,0.3840522124,-0.1839470957,0.3135665468,-0.3444307260,-0.3034068674,1.0000000000,1.0000000000,0.0000000000,0.0000000000,0.0000000000
0.0200000000,-0.1500000000,0.3000000000,-0.0627335374,0.0000000000,0.1594942235,0.4387060546,-0.3071484386,-0.1077456338,-0.3546429624,-0.2923039757,0.2990006778,0.1156174519,-0.3933318820,0.3860511175,-0.1846555660,0.3131139503,-0.3444063743,-0.3034068674,1.0000000000,1.0000000000,0.0000000000,0.0000000000,0.0000000000
0.0200000000,-0.1500000000,0.3000000000,-0.0627335374,0.0000000000,0.1596367226,0.4386399162,-0.3073710113,-0.1077031570,-0.3546299452,-0.2922265570,0.2990006778,0.1153872958,-0.3926894414,0.3877194754,-0.1853056099,0.3127221284,-0.3443716165,-0.3034068674,1.0000000000,1.0000000000,0.0000000000,0.0000000000,0.0000000000
0.0200000000,-0.1500000000,0.3000000000,-0.0627335374,0.0000000000,0.1597204059,0.4386162635,-0.3074711913,-0.1077019349,-0.3546216531,-0.2922030180,0.2990006778,0.1148778764,-0.3920952993,0.3891089296,-0.1859850690,0.3123666680,-0.3443807615,-0.3034068674,1.0000000000,1.0000000000,0.0000000000,0.0000000000,0.0000000000
0.0200000000,-0.1500000000,0.3000000000,-0.0627335374,0.0000000000,0.1597532228,0.4386103770,-0.3075045630,-0.1077069641,-0.3546182145,-0.2921982698,0.2990006778,0.1141563678,-0.3915481731,0.3902588802,-0.1867273341,0.3120351965,-0.3444561512,-0.3034068674,1.0000000000,1.0000000000,0.0000000000,0.0000000000,0.0000000000
0.0200000000,-0.1500000000,0.3000000000,-0.0627335374,0.0000000000,0.1597601528,0.4386096240,-0.3075109005,-0.1077088206,-0.3546174613,-0.2921978257,0.2990006778,0.1132990648,-0.3910622839,0.3911750470,-0.1874730605,0.3117379019,-0.3445709869,-0.3034068674,1.0000000000,1.0000000000,0.0000000000,0.0000000000,0.0000000000
0.0200000000,-0.1500000000,0.3000000000,-0.0627335374,0.0000000000,0.1597607121,0.4386095965,-0.3075113738,-0.1077090218,-0.3546173990,-0.2921978202,0.2990006778,0.1124295748,-0.3906671842,0.3918497226,-0.1880466757,0.3115092486,-0.3446352854,-0.3034068674,1.0000000000,1.0000000000,0.0000000000,0.0000000000,0.0000000000
0.0200000000,-0.1500000000,0.3000000000,-0.0627335374,0.0000000000,0.1597607096,0.4386095980,-0.3075113703,-0.1077090230,-0.3546173993,-0.2921978213,0.2990006778,0.1116691565,-0.3903871864,0.3922861360,-0.1882665893,0.3113836050,-0.3445518636,-0.3034068674,1.0000000000,1.0000000000,0.0000000000,0.0000000000,0.0000000000
0.0200000000,-0.1500000000,0.3000000000,-0.0627335374,0.0000000000,0.1597607064,0.4386095982,-0.3075113676,-0.1077090218,-0.3546173996,-0.2921978213,0.2990006778,0.1110960916,-0.3902376294,0.3924853313,-0.1879951860,0.3113876016,-0.3442449624,-0.3034068674,1.0000000000,1.0000000000,0.0000000000,0.0000000000,0.0000000000
0.0200000000,-0.1500000000,0.3000000000,-0.0627335374,0.0000000000,0.1597607064,0.4386095982,-0.3075113676,-0.1077090218,-0.3546173996,-0.2921978213,0.2990006778,0.1107359584,-0.3902151163,0.3924663787,-0.1871651777,0.3115319478,-0.3436703942,-0.3034068674,1.0000000000,1.0000000000,0.0000000000,0.0000000000,0.0000000000
0.0200000000,-0.1500000000,0.3000000000,-0.0627335374,0.0000000000,0.1597607064,0.4386095982,-0.3075113676,-0.1077090218,-0.3546173996,-0.2921978213,0.2990006778,0.1105837181,-0.3903079715,0.3922512233,-0.1857529646,0.3118188061,-0.3428059351,-0.3034068674,1.0000000000,1.0000000000,0.0000000000,0.0000000000,0.0000000000
0.0200000000,-0.1500000000,0.3000000000,-0.0627335374,0.0000000000,0.1597607064,0.4386095982,-0.3075113676,-0.1077090218,-0.3546173996,-0.2921978213,0.2990006778,0.1105939310,-0.3904843422,0.3918923122,-0.1838899452,0.3122161359,-0.3417141521,-0.3034068674,1.0000000000,1.0000000000,0.0000000000,0.0000000000,0.0000000000
0.0200000000,-0.1500000000,0.3000000000,-0.0627335374,0.0000000000,0.1597607064,0.4386095982,-0.3075113676,-0.1077090218,-0.3546173996,-0.2921978213,0.2990006778,0.1107043868,-0.3907048363,0.3914554546,-0.1818011874,0.3126715323,-0.3405117734,-0.3034068674,1.0000000000,1.0000000000,0.0000000000,0.0000000000,0.0000000000
0.0200000000,-0.1500000000,0.3000000000,-0.0627335374,0.0000000000,0.1597607064,0.4386095982,-0.3075113676,-0.1077090218,-0.3546173996,-0.2921978213,0.2990006778,0.1108774294,-0.3909483969,0.3909734293,-0.1795969258,0.3131591633,-0.3392546619,-0.3034068674,1.0000000000,1.0000000000,0.0000000000,0.0000000000,0.0000000000
0.0200000000,-0.1500000000,0.3000000000,-0.0627335374,0.0000000000,0.1597607064,0.4386095982,-0.3075113676,-0.1077090218,-0.3546173996,-0.2921978213,0.2990006778,0.1110971703,-0.3912122612,0.3904450540,-0.1772436517,0.3136852518,-0.3379191693,-0.3034068674,1.0000000000,1.0000000000,0.0000000000,0.0000000000,0.0000000000
0.0200000000,-0.1500000000,0.3000000000,-0.0627335374,0.0000000000,0.1597607068,0.4386096012,-0.3075113564,-0.1077090193,-0.3546174008,-0.2921978243,0.2990006778,0.1113609168,-0.3915027701,0.3898514089,-0.1746381352,0.3142721105,-0.3364435790,-0.3034068674,1.0000000000,1.0000000000,0.0000000000,0.0000000000,0.0000000000
0.0200000000,-0.1500000000,0.3000000000,-0.0627335374,0.0000000000,0.1597606869,0.4386094381,-0.3075119620,-0.1077091590,-0.3546173365,-0.2921976616,0.2990006778,0.1116521471,-0.3918148227,0.3891956011,-0.1717788871,0.3149195277,-0.3348234007,-0.3034068674,1.0000000000,1.0000000000,0.0000000000,0.0000000000,0.0000000000
0.0200000000,-0.1500000000,0.3000000000,-0.0627335374,0.0000000000,0.1597605385,0.4386081609,-0.3075167160,-0.1077102633,-0.3546168307,-0.2921963887,0.2990006778,0.1119490750,-0.3921367621,0.3884964538,-0.1687445896,0.3156095636,-0.3331007478,-0.3034068674,1.0000000000,1.0000000000,0.0000000000,0.0000000000,0.0000000000
0.0200000000,-0.1500000000,0.3000000000,-0.0627335374,0.0000000000,0.1597599989,0.4386041411,-0.3075315924,-0.1077136511,-0.3546152571,-0.2921923626,0.2990006778,0.1122392377,-0.3924616715,0.3877647809,-0.1655810192,0.3163318571,-0.3313001574,-0.3034068674,1.0000000000,1.0000000000,0.0000000000,0.0000000000,0.0000000000
0.0200000000,-0.1500000000,0.3000000000,-0.0627335374,0.0000000000,0.1597579192,0.4385964848,-0.3075586768,-0.1077188313,-0.3546125264,-0.2921844078,0.2990006778,0.1125134304,-0.3927833131,0.3870115998,-0.1623275209,0.3170772498,-0.3294425733,-0.3034068674,1.0000000000,1.0000000000,0.0000000000,0.0000000000,0.0000000000
0.0200000000,-0.1500000000,0.3000000000,-0.0627335374,0.0000000000,0.1597496460,0.4385841762,-0.3075964188,-0.1077212221,-0.3546093799,-0.2921702585,0.2990006778,0.1127629658,-0.3930956987,0.3862464643,-0.1590234069,0.3178369792,-0.3275492363,-0.3034068674,1.0000000000,1.0000000000,0.0000000000,0.0000000000,0.0000000000
0.0200000000,-0.1500000000,0.3000000000,-0.0627335374,0.0000000000,0.1597291720,0.4385648424,-0.3076472866,-0.1077161380,-0.3546062911,-0.2921458474,0.2990006778,0.1129845432,-0.3933964497,0.3854745364,-0.1556953599,0.3186050285,-0.3256355366,-0.3034068674,1.0000000000,1.0000000000,0.0000000000,0.0000000000,0.0000000000
0.0200000000,-0.1500000000,0.3000000000,-0.0627335374,0.0000000000,0.1596972801,0.4385385770,-0.3077123945,-0.1077045334,-0.3546030770,-0.2921112286,0.2990006778,0.1131780142,-0.3936863820,0.3846963743,-0.1523353117,0.3193822996,-0.3236966424,-0.3034068674,1.0000000000,1.0000000000,0.0000000000,0.0000000000,0.0000000000
0.0200000000,-0.1500000000,0.3000000000,-0.0627335374,0.0000000000,0.1596572814,0.4385064830,-0.3077903574,-0.1076880512,-0.3545995900,-0.2920682606,0.2990006778,0.1133406022,-0.3939706605,0.3838995992,-0.1488790856,0.3201820137,-0.3216948438,-0.3034068674,1.0000000000,1.0000000000,0.0000000000,0.0000000000,0.0000000000
0.0200000000,-0.1500000000,0.3000000000,-0.0627335374,0.0000000000,0.1596083972,0.4384660983,-0.3078869254,-0.1076652031,-0.3545955191,-0.2920142427,0.2990006778,0.1134685540,-0.3942613519,0.3830550057,-0.1452069128,0.3210298886,-0.3195613353,-0.3034068674,1.0000000000,1.0000000000,0.0000000000,0.0000000000,0.0000000000
0.0200000000,-0.1500000000,0.3000000000,-0.0627335374,0.0000000000,0.1595464781,0.4384129928,-0.3080134365,-0.1076328438,-0.3545904712,-0.2919427727,0.2990006778,0.1135507573,-0.3945683998,0.3821331427,-0.1411953596,0.3219524324,-0.3172238922,-0.3034068674,1.0000000000,1.0000000000,0.0000000000,0.0000000000,0.0000000000
0.0200000000,-0.1500000000,0.3000000000,-0.0627335374,0.0000000000,0.1594724692,0.4383478566,-0.3081693851,-0.1075907874,-0.3545845946,-0.2918538255,0.2990006778,0.1135718143,-0.3948889901,0.3811333585,-0.1368262283,0.3229525669,-0.3146693404,-0.3034068674,1.0000000000,1.0000000000,0.0000000000,0.0000000000,0.0000000000
0.0200000000,-0.1500000000,0.3000000000,-0.0627335374,0.0000000000,0.1593871157,0.4382694088,-0.3083546954,-0.1075373469,-0.3545778832,-0.2917475153,0.2990006778,0.1135172879,-0.3952223736,0.3800530391,-0.1320883289,0.3240317189,-0.3118899847,-0.3034068674,1.0000000000,0.9787886931,0.0000000000,0.0000000000,0.0000000000
0.0200000000,-0.1500000000,0.3000000000,-0.0627335374,0.0000000000,0.1592861886,0.4381709329,-0.3085804154,-0.1074673400,-0.3545698210,-0.2916179263,0.2990006778,0.1133666024,-0.3955732634,0.3788728887,-0.1269100762,0.3252046841,-0.3088432505,-0.3034068674,1.0000000000,0.9186338001,0.0000000000,0.0000000000,0.0000000000
0.0200000000,-0.1500000000,0.3000000000,-0.0627335374,0.0000000000,0.1591703794,0.4380511433,-0.3088489128,-0.1073800262,-0.3545602116,-0.2914643271,0.2990006778,0.1131019261,-0.3959321967,0.3776060665,-0.1213504387,0.3264584462,-0.3055611459,-0.3034068674,1.0000000000,0.8519671334,0.0000000000,0.0000000000,0.0000000000
0.0200000000,-0.1500000000,0.3000000000,-0.0627335374,0.0000000000,0.1590498802,0.4379167935,-0.3091487989,-0.1072809027,-0.3545493252,-0.2912945301,0.2990006778,0.1127080999,-0.3962715266,0.3763066605,-0.1156590433,0.3277401422,-0.3021860135,-0.3034068674,1.0000000000,0.7853004668,0.0000000000,0.0000000000,0.0000000000
0.0200000000,-0.1500000000,0.3000000000,-0.0627335374,0.0000000000,0.1589367460,0.4377772587,-0.3094634931,-0.1071775955,-0.3545376181,-0.2911192677,0.2990006778,0.1121969339,-0.3965695167,0.3750298697,-0.1101096143,0.3289926137,-0.2988788328,-0.3034068674,1.0000000000,0.7186338001,0.0000000000,0.0000000000,0.0000000000
0.0200000000,-0.1500000000,0.3000000000,-0.0627335374,0.0000000000,0.1588368709,0.4376392542,-0.3097801205,-0.1070755106,-0.3545255238,-0.2909460916,0.2990006778,0.1116031228,-0.3968218346,0.3738034174,-0.1048347059,0.3301884593,-0.2957211905,-0.3034068674,1.0000000000,0.6519671334,0.0000000000,0.0000000000,0.0000000000
0.0200000000,-0.1500000000,0.3000000000,-0.0627335374,0.0000000000,0.1587561562,0.4375087153,-0.3100875348,-0.1069793815,-0.3545134009,-0.2907816956,0.2990006778,0.1109593044,-0.3970241003,0.3726523906,-0.0999672549,0.3313010165,-0.2927947224,-0.3034068674,1.0000000000,0.5853004668,0.0000000000,0.0000000000,0.0000000000
0.0200000000,-0.1500000000,0.3000000000,-0.0627335374,0.0000000000,0.1586988423,0.4373894628,-0.3103786200,-0.1068923398,-0.3545014503,-0.2906305022,0.2990006778,0.1102939936,-0.3971764413,0.3715907795,-0.0956038400,0.3323114755,-0.2901603092,-0.3034068674,1.0000000000,0.5186338001,0.0000000000,0.0000000000,0.0000000000
0.0200000000,-0.1500000000,0.3000000000,-0.0627335374,0.0000000000,0.1586626399,0.4372807393,-0.3106541961,-0.1068138729,-0.3544896609,-0.2904916992,0.2990006778,0.1096185059,-0.3972878815,0.3706067923,-0.0916881143,0.3332311607,-0.2877873389,-0.3034068674,1.0000000000,0.4519671334,0.0000000000,0.0000000000,0.0000000000
0.0200000000,-0.1500000000,0.3000000000,-0.0627335374,0.0000000000,0.1586393269,0.4371781379,-0.3109211380,-0.1067405074,-0.3544778968,-0.2903602165,0.2990006778,0.1089232933,-0.3973748570,0.3696642329,-0.0880148137,0.3341009053,-0.2855551540,-0.3034068674,1.0000000000,0.3853004668,0.0000000000,0.0000000000,0.0000000000
0.0200000000,-0.1500000000,0.3000000000,-0.0627335374,0.0000000000,0.1586262302,0.4370797107,-0.3111827432,-0.1066708497,-0.3544660429,-0.2902339565,0.2990006778,0.1081950958,-0.3974462647,0.3687401467,-0.0844892133,0.3349404042,-0.2834082636,-0.3034068674,1.0000000000,0.3186338001,0.0000000000,0.0000000000,0.0000000000
0.0200000000,-0.1500000000,0.3000000000,-0.0627335374,0.0000000000,0.1586251289,0.4369858472,-0.3114386812,-0.1066054205,-0.3544540369,-0.2901135813,0.2990006778,0.1074285323,-0.3975040925,0.3678290299,-0.0811232405,0.3357481330,-0.2813547707,-0.3034068674,1.0000000000,0.2519671334,0.0000000000,0.0000000000,0.0000000000
0.0200000000,-0.1500000000,0.3000000000,-0.0627335374,0.0000000000,0.1586349230,0.4368961211,-0.3116894711,-0.1065438606,-0.3544418818,-0.2899985903,0.2990006778,0.1066277279,-0.3975506292,0.3669289931,-0.0778989848,0.3365273806,-0.2793846284,-0.3034068674,1.0000000000,0.1853004668,0.0000000000,0.0000000000,0.0000000000
0.0200000000,-0.1500000000,0.3000000000,-0.0627335374,0.0000000000,0.1586533139,0.4368099965,-0.3119355190,-0.1064856247,-0.3544296256,-0.2898882418,0.2990006778,0.1057961135,-0.3975878738,0.3660386914,-0.0747753118,0.3372853473,-0.2774732558,-0.3034068674,1.0000000000,0.1186338001,0.0000000000,0.0000000000,0.0000000000
0.0200000000,-0.1500000000,0.3000000000,-0.0627335374,0.0000000000,0.1586828295,0.4367292832,-0.3121736579,-0.1064324191,-0.3544172999,-0.2897847796,0.2990006778,0.1049316399,-0.3976172236,0.3651553065,-0.0717660274,0.3380199135,-0.2756296566,-0.3034068674,1.0000000000,0.0520077943,0.0000000000,0.0000000000,0.0000000000
0.0200000000,-0.1500000000,0.3000000000,-0.0627335374,0.0000000000,0.1587287989,0.4366567376,-0.3123995209,-0.1063869613,-0.3544048844,-0.2896917686,0.2990006778,0.1040322298,-0.3976400973,0.3642756282,-0.0689257740,0.3387219535,-0.2738881262,-0.3034068674,1.0000000000,0.0066232939,0.0000000000,0.0000000000,0.0000000000
0.0200000000,-0.1500000000,0.3000000000,-0.0627335374,0.0000000000,0.1587919666,0.4365926231,-0.3126126759,-0.1063496220,-0.3543923495,-0.2896096742,0.2990006778,0.1031004866,-0.3976582681,0.3633981355,-0.0662609911,0.3393904271,-0.2722534068,-0.3034068674,1.0000000000,0.0000000000,0.0000000000,0.0000000000,0.0000000000
0.0200000000,-0.1500000000,0.3000000000,-0.0627335374,0.0000000000,0.1588671367,0.4365339018,-0.3128179635,-0.1063176558,-0.3543796549,-0.2895348276,0.2990006778,0.1021371197,-0.3976743156,0.3625190980,-0.0637039631,0.3400375056,-0.2706845688,-0.3034068674,1.0000000000,0.0000000000,0.0000000000,0.0000000000,0.0000000000
0.0200000000,-0.1500000000,0.3000000000,-0.0627335374,0.0000000000,0.1589518392,0.4364773555,-0.3130215411,-0.1062885532,-0.3543665770,-0.2894637377,0.2990006778,0.1011071853,-0.3976925716,0.3616179621,-0.0611736497,0.3406791323,-0.2691324042,-0.3034068674,1.0000000000,0.0000000000,0.0000000000,0.0000000000,0.0000000000
0.0200000000,-0.1500000000,0.3000000000,-0.0627335374,0.0000000000,0.1590499267,0.4364216563,-0.3132275613,-0.1062620245,-0.3543527184,-0.2893956564,0.2990006778,0.0999434597,-0.3977189059,0.3606580849,-0.0586229484,0.3413270484,-0.2675686199,-0.3034068674,1.0000000000,0.0000000000,0.0000000000,0.0000000000,0.0000000000
0.0200000000,-0.1500000000,0.3000000000,-0.0627335374,0.0000000000,0.1591630833,0.4363669810,-0.3134362259,-0.1062384810,-0.3543379869,-0.2893310002,0.2990006778,0.0986133746,-0.3977552179,0.3596234761,-0.0560471329,0.3419837319,-0.2659902331,-0.3034068674,1.0000000000,0.0000000000,0.0000000000,0.0000000000,0.0000000000
0.0200000000,-0.1500000000,0.3000000000,-0.0627335374,0.0000000000,0.1592882164,0.4363143647,-0.3136443076,-0.1062181714,-0.3543226843,-0.2892703530,0.2990006778,0.0970999410,-0.3977998050,0.3585121455,-0.0534666506,0.3426456694,-0.2644085825,-0.3034068674,1.0000000000,0.0000000000,0.0000000000,0.0000000000,0.0000000000
0.0200000000,-0.1500000000,0.3000000000,-0.0627335374,0.0000000000,0.1594207717,0.4362657249,-0.3138461565,-0.1062017019,-0.3543073088,-0.2892149600,0.2990006778,0.0953584242,-0.3978500091,0.3573138630,-0.0509230820,0.3433064333,-0.2628467784,-0.3034068674,1.0000000000,0.0000000000,0.0000000000,0.0000000000,0.0000000000
0.0200000000,-0.1500000000,0.3000000000,-0.0627335374,0.0000000000,0.1595562739,0.4362234809,-0.3140349927,-0.1061899828,-0.3542924193,-0.2891665840,0.2990006778,0.0933031887,-0.3978990096,0.3560118125,-0.0484908761,0.3439543531,-0.2613451066,-0.3034068674,1.0000000000,0.0000000000,0.0000000000,0.0000000000,0.0000000000
0.0200000000,-0.1500000000,0.3000000000,-0.0627335374,0.0000000000,0.1596855523,0.4361880064,-0.3142068807,-0.1061817337,-0.3542786631,-0.2891242258,0.2990006778,0.0909191398,-0.3979279120,0.3546376518,-0.0462696789,0.3445691950,-0.2599555851,-0.3034068674,1.0000000000,0.0000000000,0.0000000000,0.0000000000,0.0000000000
0.0200000000,-0.1500000000,0.3000000000,-0.0627335374,0.0000000000,0.1597962447,0.4361570040,-0.3143626298,-0.1061734691,-0.3542665779,-0.2890838146,0.2990006778,0.0882613241,-0.3979140072,0.3532551733,-0.0443361664,0.3451320318,-0.2587161789,-0.3034068674,1.0000000000,0.0000000000,0.0000000000,0.0000000000,0.0000000000
0.0200000000,-0.1500000000,0.3000000000,-0.0627335374,0.0000000000,0.1598750718,0.4361267001,-0.3145059409,-0.1061606857,-0.3542565719,-0.2890397690,0.2990006778,0.0853547623,-0.3978352674,0.3519160480,-0.0427353760,0.3456304226,-0.2576448636,-0.3034068674,1.0000000000,0.0000000000,0.0000000000,0.0000000000,0.0000000000
0.0200000000,-0.1500000000,0.3000000000,-0.0627335374,0.0000000000,0.1599109218,0.4360919692,-0.3146441853,-0.1061379048,-0.3542488390,-0.2889852183,0.2990006778,0.0821384723,-0.3976695689,0.3506406998,-0.0414449455,0.3460664292,-0.2567156422,-0.3034068674,1.0000000000,0.0000000000,0.0000000000,0.0000000000,0.0000000000
0.0200000000,-0.1500000000,0.3000000000,-0.0627335374,0.0000000000,0.1598929030,0.4360460938,-0.3147882498,-0.1060970017,-0.3542436725,-0.2889107547,0.2990006778,0.0783265701,-0.3973741461,0.3494069600,-0.0403601625,0.3464601589,-0.2558361293,-0.3034068674,1.0000000000,0.0000000000,0.0000000000,0.0000000000,0.0000000000
0.0200000000,-0.1500000000,0.3000000000,-0.0627335374,0.0000000000,0.1598228195,0.4359876438,-0.3149392635,-0.1060343310,-0.3542414732,-0.2888144557,0.2990006778,0.0738488910,-0.3969214058,0.3482506320,-0.0393316508,0.3468321932,-0.2548993035,-0.3034068674,1.0000000000,0.0000000000,0.0000000000,0.0000000000,0.0000000000
0.0200000000,-0.1500000000,0.3000000000,-0.0627335374,0.0000000000,0.1597088967,0.4359176310,-0.3150983600,-0.1059483975,-0.3542424431,-0.2886960626,0.2990006778,0.0686779296,-0.3962833802,0.3471802756,-0.0381834584,0.3472201636,-0.2537869611,-0.3034068674,1.0000000000,0.0000000000,0.0000000000,0.0000000000,0.0000000000
0.0200000000,-0.1500000000,0.3000000000,-0.0627335374,0.0000000000,0.1595589419,0.4358386827,-0.3152633147,-0.1058384064,-0.3542470336,-0.2885565409,0.2990006778,0.0628713403,-0.3954465024,0.3462079483,-0.0367957724,0.3476517151,-0.2524251381,-0.3034068674,1.0000000000,0.0000000000,0.0000000000,0.0000000000,0.0000000000
0.0200000000,-0.1500000000,0.3000000000,-0.0627335374,0.0000000000,0.1593923901,0.4357590799,-0.3154209311,-0.1057122012,-0.3542551686,-0.2884071336,0.2990006778,0.0568897127,-0.3944828940,0.3453814399,-0.0351845746,0.3481157705,-0.2508698296,-0.3034068674,1.0000000000,0.0000000000,0.0000000000,0.0000000000,0.0000000000
0.0200000000,-0.1500000000,0.3000000000,-0.0627335374,0.0000000000,0.1592246413,0.4356844537,-0.3155636889,-0.1055756861,-0.3542665810,-0.2882556264,0.2990006778,0.0510284517,-0.3934655269,0.3447002839,-0.0333675383,0.3486020983,-0.2491726800,-0.3034068674,1.0000000000,0.0000000000,0.0000000000,0.0000000000,0.0000000000
0.0200000000,-0.1500000000,0.3000000000,-0.0627335374,0.0000000000,0.1590528624,0.4356120296,-0.3156996533,-0.1054236983,-0.3542815186,-0.2880957680,0.2990006778,0.0450564250,-0.3923895975,0.3440887486,-0.0312600640,0.3491319983,-0.2472750567,-0.3034068674,1.0000000000,0.0000000000,0.0000000000,0.0000000000,0.0000000000
0.0200000000,-0.1500000000,0.3000000000,-0.0627335374,0.0000000000,0.1588564641,0.4355334512,-0.3158447078,-0.1052362174,-0.3543021777,-0.2879072926,0.2990006778,0.0383569193,-0.3911564275,0.3434647179,-0.0286014348,0.3497677069,-0.2449632377,-0.3034068674,1.0000000000,0.0000000000,0.0000000000,0.0000000000,0.0000000000
0.0200000000,-0.1500000000,0.3000000000,-0.0627335374,0.0000000000,0.1586262484,0.4354459811,-0.3160029564,-0.1050024174,-0.3543301763,-0.2876808531,0.2990006778,0.0308362056,-0.3897565547,0.3428052032,-0.0252786118,0.3505314613,-0.2421675642,-0.3034068674,1.0000000000,0.0000000000,0.0000000000,0.0000000000,0.0000000000
0.0200000000,-0.1500000000,0.3000000000,-0.0627335374,0.0000000000,0.1583728600,0.4353540547,-0.3161648745,-0.1047330437,-0.3543644204,-0.2874276247,0.2990006778,0.0231077872,-0.3883157783,0.3421424884,-0.0215099814,0.3513707358,-0.2390953146,-0.3034068674,1.0000000000,0.0000000000,0.0000000000,0.0000000000,0.0000000000
0.0200000000,-0.1500000000,0.3000000000,-0.0627335374,0.0000000000,0.1580964049,0.4352574083,-0.3163296273,-0.1044321377,-0.3544042218,-0.2871505286,0.2990006778,0.0154222215,-0.3868930734,0.3414738837,-0.0174255435,0.3522583290,-0.2358615593,-0.3034068674,1.0000000000,0.0000000000,0.0000000000,0.0000000000,0.0000000000
0.0200000000,-0.1500000000,0.3000000000,-0.0627335374,0.0000000000,0.1578006048,0.4351573774,-0.3164947894,-0.1041142654,-0.3544471985,-0.2868598439,0.2990006778,0.0081177329,-0.3855482527,0.3408148682,-0.0132923691,0.3531457335,-0.2326630084,-0.3034068674,1.0000000000,0.0000000000,0.0000000000,0.0000000000,0.0000000000
0.0200000000,-0.1500000000,0.3000000000,-0.0627335374,0.0000000000,0.1574909891,0.4350560808,-0.3166573904,-0.1037945670,-0.3544909377,-0.2865665399,0.2990006778,0.0014552051,-0.3843197180,0.3401867692,-0.0093475799,0.3539912594,-0.2296638714,-0.3034068674,1.0000000000,0.0000000000,0.0000000000,0.0000000000,0.0000000000
0.0200000000,-0.1500000000,0.3000000000,-0.0627335374,0.0000000000,0.1571692990,0.4349536583,-0.3168176850,-0.1034776045,-0.3545345951,-0.2862736214,0.2990006778,-0.0045771057,-0.3832036071,0.3395926190,-0.0056438374,0.3547859939,-0.2268916702,-0.3034068674,1.0000000000,0.0000000000,0.0000000000,0.0000000000,0.0000000000
0.0200000000,-0.1500000000,0.3000000000,-0.0627335374,0.0000000000,0.1568331084,0.4348483536,-0.3169786115,-0.1031605151,-0.3545783638,-0.2859782379,0.2990006778,-0.0101433703,-0.3821747118,0.3390220284,-0.0021280650,0.3555398474,-0.2242964672,-0.3034068674,1.0000000000,0.0000000000,0.0000000000,0.0000000000,0.0000000000
0.0200000000,-0.1500000000,0.3000000000,-0.0627335374,0.0000000000,0.1564757605,0.4347374924,-0.3171436322,-0.1028384973,-0.3546227431,-0.2856756047,0.2990006778,-0.0153223522,-0.3812240937,0.3384660487,0.0012307148,0.3562584290,-0.2218520215,-0.3034068674,1.0000000000,0.0000000000,0.0000000000,0.0000000000,0.0000000000
0.0200000000,-0.1500000000,0.3000000000,-0.0627335374,0.0000000000,0.1560973811,0.4346207826,-0.3173134281,-0.1025102949,-0.3546678859,-0.2853647904,0.2990006778,-0.0201963987,-0.3803382427,0.3379206106,0.0044673735,0.3569481895,-0.2195275990,-0.3034068674,1.0000000000,0.0000000000,0.0000000000,0.0000000000,0.0000000000
0.0200000000,-0.1500000000,0.3000000000,-0.0627335374,0.0000000000,0.1557020427,0.4344991950,-0.3174873090,-0.1021762335,-0.3547138004,-0.2850467505,0.2990006778,-0.0249065210,-0.3794906239,0.3373834032,0.0076449277,0.3576204343,-0.2172690142,-0.3034068674,1.0000000000,0.0000000000,0.0000000000,0.0000000000,0.0000000000
0.0200000000,-0.1500000000,0.3000000000,-0.0627335374,0.0000000000,0.1552836847,0.4343708758,-0.3176671908,-0.1018327894,-0.3547609157,-0.2847179998,0.2990006778,-0.0295361256,-0.3786664090,0.3368520172,0.0108024099,0.3582819943,-0.2150440448,-0.3034068674,1.0000000000,0.0000000000,0.0000000000,0.0000000000,0.0000000000
0.0200000000,-0.1500000000,0.3000000000,-0.0627335374,0.0000000000,0.1548293107,0.4342320801,-0.3178567247,-0.1014740197,-0.3548099130,-0.2843721642,0.2990006778,-0.0340992145,-0.3778641027,0.3363238370,0.0139471619,0.3589344682,-0.2128469280,-0.3034068674,1.0000000000,0.0000000000,0.0000000000,0.0000000000,0.0000000000
0.0200000000,-0.1500000000,0.3000000000,-0.0627335374,0.0000000000,0.1543325585,0.4340809696,-0.3180576561,-0.1010970220,-0.3548611535,-0.2840061084,0.2990006778,-0.0385922937,-0.3770851253,0.3357983376,0.0170788483,0.3595775280,-0.2106790067,-0.3034068674,1.0000000000,0.0000000000,0.0000000000,0.0000000000,0.0000000000
0.0200000000,-0.1500000000,0.3000000000,-0.0627335374,0.0000000000,0.1538049181,0.4339207095,-0.3182670406,-0.1007062723,-0.3549141640,-0.2836249105,0.2990006778,-0.0430524824,-0.3763213236,0.3352764131,0.0202144768,0.3602141545,-0.2085257698,-0.3034068674,1.0000000000,0.0000000000,0.0000000000,0.0000000000,0.0000000000
0.0200000000,-0.1500000000,0.3000000000,-0.0627335374,0.0000000000,0.1532444657,0.4337503335,-0.3184862313,-0.1002995239,-0.3549692008,-0.2832266089,0.2990006778,-0.0475397415,-0.3755623512,0.3347546450,0.0233861953,0.3608503405,-0.2063620579,-0.3034068674,1.0000000000,0.0000000000,0.0000000000,0.0000000000,0.0000000000
0.0200000000,-0.1500000000,0.3000000000,-0.0627335374,0.0000000000,0.1526211846,0.4335605050,-0.3187249296,-0.0998612230,-0.3550280307,-0.2827950593,0.2990006778,-0.0521177044,-0.3748013541,0.3342240872,0.0266357186,0.3614934767,-0.2041593056,-0.3034068674,1.0000000000,0.0000000000,0.0000000000,0.0000000000,0.0000000000
0.0200000000,-0.1500000000,0.3000000000,-0.0627335374,0.0000000000,0.1519088034,0.4333431613,-0.3189913911,-0.0993779534,-0.3550922083,-0.2823162937,0.2990006778,-0.0568264784,-0.3740346789,0.3336778467,0.0299912402,0.3621485994,-0.2018990605,-0.3034068674,1.0000000000,0.0000000000,0.0000000000,0.0000000000,0.0000000000
0.0200000000,-0.1500000000,0.3000000000,-0.0627335374,0.0000000000,0.1511152199,0.4331008104,-0.3192827920,-0.0988539224,-0.3551613491,-0.2817946479,0.2990006778,-0.0616450419,-0.3732640160,0.3331200190,0.0334391743,0.3628128682,-0.1995921151,-0.3034068674,1.0000000000,0.0000000000,0.0000000000,0.0000000000,0.0000000000
0.0200000000,-0.1500000000,0.3000000000,-0.0627335374,0.0000000000,0.1502822037,0.4328468844,-0.3195845273,-0.0983129887,-0.3552327678,-0.2812542444,0.2990006778,-0.0664594015,-0.3725003246,0.3325665659,0.0368951877,0.3634719723,-0.1972953892,-0.3034068674,1.0000000000,0.0000000000,0.0000000000,0.0000000000,0.0000000000
0.0200000000,-0.1500000000,0.3000000000,-0.0627335374,0.0000000000,0.1494317603,0.4325894287,-0.3198868630,-0.0977720925,-0.3553044543,-0.2807110749,0.2990006778,-0.0711301575,-0.3717600188,0.3320318229,0.0402510764,0.3641083224,-0.1950809419,-0.3034068674,1.0000000000,0.0000000000,0.0000000000,0.0000000000,0.0000000000
0.0200000000,-0.1500000000,0.3000000000,-0.0627335374,0.0000000000,0.1485652774,0.4323299373,-0.3201870108,-0.0972367536,-0.3553757105,-0.2801695041,0.2990006778,-0.0755653065,-0.3710555274,0.3315234146,0.0434337109,0.3647100434,-0.1929974781,-0.3034068674,1.0000000000,0.0000000000,0.0000000000,0.0000000000,0.0000000000
0.0200000000,-0.1500000000,0.3000000000,-0.0627335374,0.0000000000,0.1476848455,0.4320687181,-0.3204849517,-0.0967067325,-0.3554465690,-0.2796297056,0.2990006778,-0.0797861091,-0.3703842136,0.3310392560,0.0464585376,0.3652799635,-0.1910329936,-0.3034068674,1.0000000000,0.0000000000,0.0000000000,0.0000000000,0.0000000000
0.0200000000,-0.1500000000,0.3000000000,-0.0627335374,0.0000000000,0.1467937067,0.4318054690,-0.3207822206,-0.0961781534,-0.3555175705,-0.2790893439,0.2990006778,-0.0838976766,-0.3697319462,0.3305712814,0.0494065787,0.3658312937,-0.1891317002,-0.3034068674,1.0000000000,0.0000000000,0.0000000000,0.0000000000,0.0000000000
0.0200000000,-0.1500000000,0.3000000000,-0.0627335374,0.0000000000,0.1458781143,0.4315355683,-0.3210837302,-0.0956412773,-0.3555899234,-0.2785393850,0.2990006778,-0.0880072243,-0.3690828338,0.3301100964,0.0523515250,0.3663769195,-0.1872429408,-0.3034068674,1.0000000000,0.0000000000,0.0000000000,0.0000000000,0.0000000000
0.0200000000,-0.1500000000,0.3000000000,-0.0627335374,0.0000000000,0.1449012970,0.4312490493,-0.3213978228,-0.0950808440,-0.3556654599,-0.2779634827,0.2990006778,-0.0921695873,-0.3684213670,0.3296468654,0.0553189061,0.3669246439,-0.1853560756,-0.3034068674,1.0000000000,0.0000000000,0.0000000000,0.0000000000,0.0000000000
0.0200000000,-0.1500000000,0.3000000000,-0.0627335374,0.0000000000,0.1438322971,0.4309376572,-0.3217311002,-0.0944847020,-0.3557456772,-0.2773484001,0.2990006778,-0.0964075465,-0.3677105602,0.3291642822,0.0583285906,0.3674908926,-0.1834972507,-0.3034068674,1.0000000000,0.0000000000,0.0000000000,0.0000000000,0.0000000000
0.0200000000,-0.1500000000,0.3000000000,-0.0627335374,0.0000000000,0.1426805711,0.4306038331,-0.3220814612,-0.0938562221,-0.3558302263,-0.2766980162,0.2990006778,-0.1007030663,-0.3668791678,0.3286314767,0.0614134393,0.3681091314,-0.1817364238,-0.3034068674,1.0000000000,0.0000000000,0.0000000000,0.0000000000,0.0000000000
0.0200000000,-0.1500000000,0.3000000000,-0.0627335374,0.0000000000,0.1414835191,0.4302578072,-0.3224398429,-0.0932110310,-0.3559173237,-0.2760292352,0.2990006778,-0.1050065144,-0.3658777766,0.3280300265,0.0645878604,0.3688021258,-0.1801448184,-0.3034068674,1.0000000000,0.0000000000,0.0000000000,0.0000000000,0.0000000000
0.0200000000,-0.1500000000,0.3000000000,-0.0627335374,0.0000000000,0.1402688459,0.4299084389,-0.3227969940,-0.0925648540,-0.3560051285,-0.2753578318,0.2990006778,-0.1092693314,-0.3648385164,0.3274230003,0.0677540440,0.3695039570,-0.1786485604,-0.3034068674,1.0000000000,0.0000000000,0.0000000000,0.0000000000,0.0000000000
0.0200000000,-0.1500000000,0.3000000000,-0.0627335374,0.0000000000,0.1390381885,0.4295579456,-0.3231488683,-0.0919240343,-0.3560928930,-0.2746890418,0.2990006778,-0.1134640950,-0.3639400377,0.3268917138,0.0707822202,0.3701246172,-0.1771190742,-0.3034068674,1.0000000000,0.0000000000,0.0000000000,0.0000000000,0.0000000000
0.0200000000,-0.1500000000,0.3000000000,-0.0627335374,0.0000000000,0.1377900045,0.4292063705,-0.3234947703,-0.0912894872,-0.3561805103,-0.2740234582,0.2990006778,-0.1175831234,-0.3632183710,0.3264512950,0.0736382719,0.3706444547,-0.1755239332,-0.3034068674,1.0000000000,0.0000000000,0.0000000000,0.0000000000,0.0000000000
0.0200000000,-0.1500000000,0.3000000000,-0.0627335374,0.0000000000,0.1365257829,0.4288527971,-0.3238369927,-0.0906575767,-0.3562683760,-0.2733584915,0.2990006778,-0.1216583128,-0.3625972950,0.3260645339,0.0763905055,0.3711034866,-0.1738935163,-0.3034068674,1.0000000000,0.0000000000,0.0000000000,0.0000000000,0.0000000000
0.0200000000,-0.1500000000,0.3000000000,-0.0627335374,0.0000000000,0.1352170185,0.4284884008,-0.3241835346,-0.0900120210,-0.3563585729,-0.2726784898,0.2990006778,-0.1258138767,-0.3619941229,0.3256913654,0.0791598412,0.3715479158,-0.1722239590,-0.3034068674,1.0000000000,0.0000000000,0.0000000000,0.0000000000,0.0000000000
0.0200000000,-0.1500000000,0.3000000000,-0.0627335374,0.0000000000,0.1337691285,0.4280887786,-0.3245517847,-0.0893141390,-0.3564561774,-0.2719431730,0.2990006778,-0.1303173215,-0.3613451622,0.3253004673,0.0821065144,0.3720142665,-0.1704424034,-0.3034068674,1.0000000000,0.0000000000,0.0000000000,0.0000000000,0.0000000000
0.0200000000,-0.1500000000,0.3000000000,-0.0627335374,0.0000000000,0.1320972847,0.4276329184,-0.3249554332,-0.0885317948,-0.3565655079,-0.2711184878,0.2990006778,-0.1353787879,-0.3606147487,0.3248752547,0.0853373482,0.3725214930,-0.1684876174,-0.3034068674,1.0000000000,0.0000000000,0.0000000000,0.0000000000,0.0000000000
0.0200000000,-0.1500000000,0.3000000000,-0.0627335374,0.0000000000,0.1302310872,0.4271295395,-0.3253862742,-0.0876798314,-0.3566848474,-0.2702195056,0.2990006778,-0.1409011648,-0.3598146049,0.3244247901,0.0887897157,0.3730597533,-0.1664024341,-0.3034068674,1.0000000000,0.0000000000,0.0000000000,0.0000000000,0.0000000000
0.0200000000,-0.1500000000,0.3000000000,-0.0627335374,0.0000000000,0.1283426619,0.4266255599,-0.3258071961,-0.0868349962,-0.3568044354,-0.2693248947,0.2990006778,-0.1464099361,-0.3590113888,0.3239873075,0.0921825971,0.3735851530,-0.1643625437,-0.3034068674,1.0000000000,0.0000000000,0.0000000000,0.0000000000,0.0000000000
0.0200000000,-0.1500000000,0.3000000000,-0.0627335374,0.0000000000,0.1266486966,0.4261815539,-0.3261689693,-0.0860987594,-0.3569113040,-0.2685372376,0.2990006778,-0.1513084237,-0.3582902860,0.3236110638,0.0951452751,0.3740404886,-0.1625917053,-0.3034068674,1.0000000000,0.0000000000,0.0000000000,0.0000000000,0.0000000000
0.0200000000,-0.1500000000,0.3000000000,-0.0627335374,0.0000000000,0.1252032350,0.4258119237,-0.3264615057,-0.0854948633,-0.3570021184,-0.2678805849,0.2990006778,-0.1554713626,-0.3576715647,0.3233038511,0.0976035623,0.3744155350,-0.1611270352,-0.3034068674,1.0000000000,0.0000000000,0.0000000000,0.0000000000,0.0000000000
0.0200000000,-0.1500000000,0.3000000000,-0.0627335374,0.0000000000,0.1239022312,0.4254851860,-0.3267137862,-0.0849680806,-0.3570835553,-0.2673003963,0.2990006778,-0.1592222931,-0.3571112991,0.3230361575,0.0997794906,0.3747455449,-0.1598302531,-0.3034068674,1.0000000000,0.0000000000,0.0000000000,0.0000000000,0.0000000000
0.0200000000,-0.1500000000,0.3000000000,-0.0627335374,0.0000000000,0.1226547156,0.4251746777,-0.3269490065,-0.0844722006,-0.3571613611,-0.2667508444,0.2990006778,-0.1628386959,-0.3565697610,0.3227844003,0.1018590186,0.3750594323,-0.1585899514,-0.3034068674,1.0000000000,0.0000000000,0.0000000000,0.0000000000,0.0000000000
0.0200000000,-0.1500000000,0.3000000000,-0.0627335374,0.0000000000,0.1214275854,0.4248728183,-0.3271713953,-0.0839960244,-0.3572370435,-0.2662197815,0.2990006778,-0.1664362237,-0.3560280226,0.3225412267,0.1039042487,0.3753667533,-0.1573696346,-0.3034068674,1.0000000000,0.0000000000,0.0000000000,0.0000000000,0.0000000000
0.0200000000,-0.1500000000,0.3000000000,-0.0627335374,0.0000000000,0.1202267528,0.4245852818,-0.3273715494,-0.0835534474,-0.3573090531,-0.2657189358,0.2990006778,-0.1700325357,-0.3554799463,0.3223099240,0.1058972510,0.3756646710,-0.1561786140,-0.3034068674,1.0000000000,0.0000000000,0.0000000000,0.0000000000,0.0000000000
0.0200000000,-0.1500000000,0.3000000000,-0.0627335374,0.0000000000,0.1190542921,0.4243132940,-0.3275479017,-0.0831471613,-0.3573770293,-0.2652506290,0.2990006778,-0.1736275918,-0.3549250132,0.3220909625,0.1078337024,0.3759526375,-0.1550189616,-0.3034068674,1.0000000000,0.0000000000,0.0000000000,0.0000000000,0.0000000000
0.0200000000,-0.1500000000,0.3000000000,-0.0627335374,0.0000000000,0.1178991085,0.4240502912,-0.3277100598,-0.0827623268,-0.3574426067,-0.2648018825,0.2990006778,-0.1772249073,-0.3543652809,0.3218798486,0.1097418788,0.3762351122,-0.1538760770,-0.3034068674,1.0000000000,0.0000000000,0.0000000000,0.0000000000,0.0000000000
0.0200000000,-0.1500000000,0.3000000000,-0.0627335374,0.0000000000,0.1167538803,0.4237917755,-0.3278646215,-0.0823893976,-0.3575068014,-0.2643642317,0.2990006778,-0.1808328401,-0.3538010761,0.3216732994,0.1116451352,0.3765156626,-0.1527380524,-0.3034068674,1.0000000000,0.0000000000,0.0000000000,0.0000000000,0.0000000000
0.0200000000,-0.1500000000,0.3000000000,-0.0627335374,0.0000000000,0.1156227030,0.4235395144,-0.3280095635,-0.0820340595,-0.3575688039,-0.2639421780,0.2990006778,-0.1844683790,-0.3532289883,0.3214711730,0.1135485892,0.3767950385,-0.1516015413,-0.3034068674,1.0000000000,0.0000000000,0.0000000000,0.0000000000,0.0000000000
0.0200000000,-0.1500000000,0.3000000000,-0.0627335374,0.0000000000,0.1145190328,0.4233001492,-0.3281362198,-0.0817140306,-0.3576263278,-0.2635505183,0.2990006778,-0.1881571273,-0.3526424000,0.3212757159,0.1154457367,0.3770721243,-0.1504685031,-0.3034068674,1.0000000000,0.0000000000,0.0000000000,0.0000000000,0.0000000000
0.0200000000,-0.1500000000,0.3000000000,-0.0627335374,0.0000000000,0.1134446466,0.4230746430,-0.3282434637,-0.0814318075,-0.3576790136,-0.2631912882,0.2990006778,-0.1919040947,-0.3520401222,0.3210870350,0.1173368868,0.3773469954,-0.1493384162,-0.3034068674,1.0000000000,0.0000000000,0.0000000000,0.0000000000,0.0000000000
0.0200000000,-0.1500000000,0.3000000000,-0.0627335374,0.0000000000,0.1123855557,0.4228571892,-0.3283382876,-0.0811735734,-0.3577285796,-0.2628524713,0.2990006778,-0.1957148602,-0.3514228822,0.3209022549,0.1192420647,0.3776226964,-0.1482010029,-0.3034068674,1.0000000000,0.0000000000,0.0000000000,0.0000000000,0.0000000000
0.0200000000,-0.1500000000,0.3000000000,-0.0627335374,0.0000000000,0.1113244941,0.4226437751,-0.3284228452,-0.0809353640,-0.3577754948,-0.2625289582,0.2990006778,-0.1996808675,-0.3507755270,0.3207171439,0.1212157567,0.3779070820,-0.1470241366,-0.3034068674,1.0000000000,0.0000000000,0.0000000000,0.0000000000,0.0000000000
0.0200000000,-0.1500000000,0.3000000000,-0.0627335374,0.0000000000,0.1102446910,0.4224347886,-0.3284906966,-0.0807308981,-0.3578179686,-0.2622287405,0.2990006778,-0.2040051236,-0.3500615754,0.3205263622,0.1233519798,0.3782134870,-0.1457501683,-0.3034068674,1.0000000000,0.0000000000,0.0000000000,0.0000000000,0.0000000000
0.0200000000,-0.1500000000,0.3000000000,-0.0627335374,0.0000000000,0.1091359844,0.4222336597,-0.3285315571,-0.0805826677,-0.3578530231,-0.2619670421,0.2990006778,-0.2089108354,-0.3492395050,0.3203253145,0.1257507376,0.3785556783,-0.1443197635,-0.3034068674,1.0000000000,0.0000000000,0.0000000000,0.0000000000,0.0000000000
0.0200000000,-0.1500000000,0.3000000000,-0.0627335374,0.0000000000,0.1080215377,0.4220451432,-0.3285441733,-0.0804992059,-0.3578792652,-0.2617522331,0.2990006778,-0.2143341766,-0.3483197798,0.3201159494,0.1283851310,0.3789292834,-0.1427537507,-0.3034068674,1.0000000000,0.0000000000,0.0000000000,0.0000000000,0.0000000000
0.0200000000,-0.1500000000,0.3000000000,-0.0627335374,0.0000000000,0.1069526507,0.4218779935,-0.3285290864,-0.0804915217,-0.3578947137,-0.2615971449,0.2990006778,-0.2200747163,-0.3473387926,0.3199031199,0.1311627742,0.3793208986,-0.1411109047,-0.3034068674,1.0000000000,0.0000000000,0.0000000000,0.0000000000,0.0000000000
0.0200000000,-0.1500000000,0.3000000000,-0.0627335374,0.0000000000,0.1059786636,0.4217425411,-0.3284829736,-0.0805803414,-0.3578960395,-0.2615213546,0.2990006778,-0.2260180034,-0.3463181987,0.3196893452,0.1340285167,0.3797225740,-0.1394252225,-0.3034068674,1.0000000000,0.0000000000,0.0000000000,0.0000000000,0.0000000000
0.0200000000,-0.1500000000,0.3000000000,-0.0627335374,0.0000000000,0.1051327026,0.4216443940,-0.3284062984,-0.0807765870,-0.3578812429,-0.2615355036,0.2990006778,-0.2320776789,-0.3452756573,0.3194749787,0.1369475434,0.3801294143,-0.1377185815,-0.3034068674,1.0000000000,0.0000000000,0.0000000000,0.0000000000,0.0000000000
0.0200000000,-0.1500000000,0.3000000000,-0.0627335374,0.0000000000,0.1044587308,0.4215899983,-0.3283015207,-0.0810934814,-0.3578476904,-0.2616525395,0.2990006778,-0.2381402264,-0.3442353642,0.3192591426,0.1398799215,0.3805357483,-0.1360178680,-0.3034068674,1.0000000000,0.0000000000,0.0000000000,0.0000000000,0.0000000000
0.0200000000,-0.1500000000,0.3000000000,-0.0627335374,0.0000000000,0.1039751363,0.4215794954,-0.3281748155,-0.0815259830,-0.3577955987,-0.2618701136,0.2990006778,-0.2440771659,-0.3432239771,0.3190418253,0.1427703162,0.3809341169,-0.1343562831,-0.3034068674,1.0000000000,0.0000000000,0.0000000000,0.0000000000,0.0000000000
0.0200000000,-0.1500000000,0.3000000000,-0.0627335374,0.0000000000,0.1036658029,0.4216057724,-0.3280348260,-0.0820486142,-0.3577285204,-0.2621685154,0.2990006778,-0.2497651875,-0.3422656480,0.3188248084,0.1455530005,0.3813157917,-0.1327704188,-0.3034068674,1.0000000000,0.0000000000,0.0000000000,0.0000000000,0.0000000000
0.0200000000,-0.1500000000,0.3000000000,-0.0627335374,0.0000000000,0.1035143964,0.4216620461,-0.3278894033,-0.0826385225,-0.3576496146,-0.2625298632,0.2990006778,-0.2550949603,-0.3413826001,0.3186092136,0.1481664574,0.3816726409,-0.1312939833,-0.3034068674,1.0000000000,0.0000000000,0.0000000000,0.0000000000,0.0000000000
0.0200000000,-0.1500000000,0.3000000000,-0.0627335374,0.0000000000,0.1035003512,0.4217419590,-0.3277440926,-0.0832829241,-0.3575605292,-0.2629424942,0.2990006778,-0.2600555728,-0.3405811768,0.3183919790,0.1505993774,0.3820035780,-0.1299309768,-0.3034068674,1.0000000000,0.0000000000,0.0000000000,0.0000000000,0.0000000000
0.0200000000,-0.1500000000,0.3000000000,-0.0627335374,0.0000000000,0.1036127649,0.4218412613,-0.3276035671,-0.0839879415,-0.3574596603,-0.2634078280,0.2990006778,-0.2647096628,-0.3398611934,0.3181621562,0.1528777431,0.3823126294,-0.1286656572,-0.3034068674,1.0000000000,0.0000000000,0.0000000000,0.0000000000,0.0000000000
0.0200000000,-0.1500000000,0.3000000000,-0.0627335374,0.0000000000,0.1038516264,0.4219587677,-0.3274701318,-0.0847720611,-0.3573435593,-0.2639366942,0.2990006778,-0.2691745176,-0.3392140959,0.3179060062,0.1550518693,0.3826070918,-0.1274692640,-0.3034068674,1.0000000000,0.0000000000,0.0000000000,0.0000000000,0.0000000000
0.0200000000,-0.1500000000,0.3000000000,-0.0627335374,0.0000000000,0.1042499363,0.4221017498,-0.3273405093,-0.0856702341,-0.3572064490,-0.2645555185,0.2990006778,-0.2735962260,-0.3386236137,0.3176120645,0.1571804739,0.3828951749,-0.1263078939,-0.3034068674,1.0000000000,0.0000000000,0.0000000000,0.0000000000,0.0000000000
0.0200000000,-0.1500000000,0.3000000000,-0.0627335374,0.0000000000,0.1048852449,0.4222857706,-0.3272100633,-0.0867330808,-0.3570398652,-0.2653063781,0.2990006778,-0.2780935607,-0.3380804730,0.3172684353,0.1592984100,0.3831816925,-0.1251616811,-0.3034068674,1.0000000000,0.0000000000,0.0000000000,0.0000000000,0.0000000000
0.0200000000,-0.1500000000,0.3000000000,-0.0627335374,0.0000000000,0.1058426930,0.4225246493,-0.3270802199,-0.0879788210,-0.3568403367,-0.2662110621,0.2990006778,-0.2825799357,-0.3376048934,0.3168750921,0.1613331331,0.3834568026,-0.1240711897,-0.3034068674,1.0000000000,0.0000000000,0.0000000000,0.0000000000,0.0000000000
0.0200000000,-0.1500000000,0.3000000000,-0.0627335374,0.0000000000,0.1071641423,0.4228202816,-0.3269614853,-0.0893439345,-0.3566175867,-0.2672339336,0.2990006778,-0.2866558617,-0.3372526620,0.3164587649,0.1630527340,0.3836891145,-0.1231623213,-0.3034068674,1.0000000000,0.0000000000,0.0000000000,0.0000000000,0.0000000000
0.0200000000,-0.1500000000,0.3000000000,-0.0627335374,0.0000000000,0.1087108297,0.4231456325,-0.3268605299,-0.0906682490,-0.3563987499,-0.2682582002,0.2990006778,-0.2899845976,-0.3370360467,0.3160707231,0.1642781545,0.3838546082,-0.1225225326,-0.3034068674,1.0000000000,0.0000000000,0.0000000000,0.0000000000,0.0000000000
0.0200000000,-0.1500000000,0.3000000000,-0.0627335374,0.0000000000,0.1102582555,0.4234648896,-0.3267723524,-0.0917978080,-0.3562112702,-0.2691625042,0.2990006778,-0.2925616443,-0.3369032145,0.3157557918,0.1650028116,0.3839524397,-0.1221410243,-0.3034068674,1.0000000000,0.0000000000,0.0000000000,0.0000000000,0.0000000000
0.0200000000,-0.1500000000,0.3000000000,-0.0627335374,0.0000000000,0.1116058547,0.4237473301,-0.3266898877,-0.0926164624,-0.3560763304,-0.2698517969,0.2990006778,-0.2944976492,-0.3367760485,0.3155609329,0.1652612649,0.3839867676,-0.1219841942,-0.3034068674,1.0000000000,0.0000000000,0.0000000000,0.0000000000,0.0000000000
0.0200000000,-0.1500000000,0.3000000000,-0.0627335374,0.0000000000,0.1126292926,0.4239717202,-0.3266124342,-0.0930898896,-0.3560003931,-0.2702888419,0.2990006778,-0.2959363734,-0.3365508065,0.3155500850,0.1650917286,0.3839615314,-0.1220141536,-0.3034068674,1.0000000000,0.0000000000,0.0000000000,0.0000000000,0.0000000000
0.0200000000,-0.1500000000,0.3000000000,-0.0627335374,0.0000000000,0.1132739815,0.4241222525,-0.3265503787,-0.0932745577,-0.3559731174,-0.2704980958,0.2990006778,-0.2970251705,-0.3360564894,0.3158459182,0.1645175898,0.3838774069,-0.1221889654,-0.3034068674,1.0000000000,0.0000000000,0.0000000000,0.0000000000,0.0000000000
0.0200000000,-0.1500000000,0.3000000000,-0.0627335374,0.0000000000,0.1136266031,0.4242087422,-0.3265117551,-0.0933068087,-0.3559703487,-0.2705715328,0.2990006778,-0.2979823681,-0.3351202102,0.3165556489,0.1636606643,0.3837482441,-0.1224202830,-0.3034068674,1.0000000000,0.0000000000,0.0000000000,0.0000000000,0.0000000000
0.0200000000,-0.1500000000,0.3000000000,-0.0627335374,0.0000000000,0.1138585656,0.4242675055,-0.3264851324,-0.0932358021,-0.3559845608,-0.2705634706,0.2990006778,-0.2989997811,-0.3336543318,0.3177119509,0.1626857270,0.3835950339,-0.1226157252,-0.3034068674,1.0000000000,0.0000000000,0.0000000000,0.0000000000,0.0000000000
0.0200000000,-0.1500000000,0.3000000000,-0.0627335374,0.0000000000,0.1141392864,0.4243447436,-0.3264400913,-0.0929789001,-0.3560328859,-0.2704520675,0.2990006778,-0.3002205174,-0.3316514173,0.3192846480,0.1617381114,0.3834374938,-0.1227072860,-0.3034068674,1.0000000000,0.0000000000,0.0000000000,0.0000000000,0.0000000000
0.0200000000,-0.1500000000,0.3000000000,-0.0627335374,0.0000000000,0.1145599848,0.4244741347,-0.3263408282,-0.0923729922,-0.3561472630,-0.2701577472,0.2990006778,-0.3017384189,-0.3291796857,0.3211896764,0.1609139040,0.3832899589,-0.1226636284,-0.3034068674,1.0000000000,0.0000000000,0.0000000000,0.0000000000,0.0000000000
0.0200000000,-0.1500000000,0.3000000000,-0.0627335374,0.0000000000,0.1150924157,0.4246520827,-0.3261815647,-0.0912630275,-0.3563556567,-0.2695830359,0.2990006778,-0.3036296675,-0.3263053263,0.3233511367,0.1602585745,0.3831600853,-0.1224767027,-0.3034068674,1.0000000000,0.0000000000,0.0000000000,0.0000000000,0.0000000000
0.0200000000,-0.1500000000,0.3000000000,-0.0627335374,0.0000000000,0.1156081134,0.4248129608,-0.3260482185,-0.0897830597,-0.3566267311,-0.2687714824,0.2990006778,-0.3058677464,-0.3231707861,0.3256498433,0.1597636203,0.3830493290,-0.1221757740,-0.3034068674,1.0000000000,0.0000000000,0.0000000000,0.0000000000,0.0000000000
0.0200000000,-0.1500000000,0.3000000000,-0.0627335374,0.0000000000,0.1160336496,0.4248818129,-0.3260671314,-0.0882432447,-0.3568943893,-0.2678712560,0.2990006778,-0.3083245871,-0.3199814845,0.3279305040,0.1594097441,0.3829582865,-0.1218057525,-0.3034068674,1.0000000000,0.0000000000,0.0000000000,0.0000000000,0.0000000000
0.0200000000,-0.1500000000,0.3000000000,-0.0627335374,0.0000000000,0.1164214235,0.4248211380,-0.3263325183,-0.0868933375,-0.3571062003,-0.2670177070,0.2990006778,-0.3108032473,-0.3169763146,0.3300237756,0.1591727633,0.3828869472,-0.1214191945,-0.3034068674,1.0000000000,0.0000000000,0.0000000000,0.0000000000,0.0000000000
0.0200000000,-0.1500000000,0.3000000000,-0.0627335374,0.0000000000,0.1169065512,0.4246437062,-0.3268654654,-0.0858588636,-0.3572384156,-0.2662993885,0.2990006778,-0.3130643592,-0.3143774156,0.3317897504,0.1590025982,0.3828310259,-0.1210763072,-0.3034068674,1.0000000000,0.0000000000,0.0000000000,0.0000000000,0.0000000000
0.0200000000,-0.1500000000,0.3000000000,-0.0627335374,0.0000000000,0.1175927834,0.4243943615,-0.3276122135,-0.0851954257,-0.3572865748,-0.2657773956,0.2990006778,-0.3148485624,-0.3123801847,0.3331209528,0.1588332518,0.3827833409,-0.1208384258,-0.3034068674,1.0000000000,0.0000000000,0.0000000000,0.0000000000,0.0000000000
0.0200000000,-0.1500000000,0.3000000000,-0.0627335374,0.0000000000,0.1184075665,0.4241427920,-0.3284092265,-0.0848483092,-0.3572755147,-0.2654517587,0.2990006778,-0.3160518019,-0.3110057000,0.3340310997,0.1586289551,0.3827386023,-0.1207216166,-0.3034068674,1.0000000000,0.0000000000,0.0000000000,0.0000000000,0.0000000000
0.0200000000,-0.1500000000,0.3000000000,-0.0627335374,0.0000000000,0.1192243989,0.4239393338,-0.3291129637,-0.0847278937,-0.3572341124,-0.2652892290,0.2990006778,-0.3167070942,-0.3101766426,0.3345863196,0.1583961231,0.3826963941,-0.1207071624,-0.3034068674,1.0000000000,0.0000000000,0.0000000000,0.0000000000,0.0000000000
0.0200000000,-0.1500000000,0.3000000000,-0.0627335374,0.0000000000,0.1200301936,0.4238011763,-0.3296849683,-0.0847764512,-0.3571758154,-0.2652629828,0.2990006778,-0.3168362714,-0.3098204761,0.3348478343,0.1581105049,0.3826521767,-0.1207941850,-0.3034068674,1.0000000000,0.0000000000,0.0000000000,0.0000000000,0.0000000000
0.0200000000,-0.1500000000,0.3000000000,-0.0627335374,0.0000000000,0.1209413956,0.4237169172,-0.3301886612,-0.0849626954,-0.3570999158,-0.2653521410,0.2990006778,-0.3164245725,-0.3098621559,0.3348848473,0.1576875737,0.3825930184,-0.1210111725,-0.3034068674,1.0000000000,0.0000000000,0.0000000000,0.0000000000,0.0000000000
0.0200000000,-0.1500000000,0.3000000000,-0.0627335374,0.0000000000,0.1220902321,0.4236716211,-0.3307005659,-0.0852691223,-0.3570020712,-0.2655429041,0.2990006778,-0.3154585532,-0.3102442486,0.3347494508,0.1570695255,0.3825101595,-0.1213750319,-0.3034068674,1.0000000000,0.0000000000,0.0000000000,0.0000000000,0.0000000000
0.0200000000,-0.1500000000,0.3000000000,-0.0627335374,0.0000000000,0.1233966226,0.4236604166,-0.3312028447,-0.0856403836,-0.3568934470,-0.2657962273,0.2990006778,-0.3141643040,-0.3108462100,0.3344945533,0.1564123157,0.3824243976,-0.1217891873,-0.3034068674,1.0000000000,0.0000000000,0.0000000000,0.0000000000,0.0000000000
0.0200000000,-0.1500000000,0.3000000000,-0.0627335374,0.0000000000,0.1246424937,0.4236824921,-0.3316204554,-0.0860056822,-0.3567933597,-0.2660611028,0.2990006778,-0.3128586751,-0.3115352253,0.3341632621,0.1559620362,0.3823689668,-0.1221143611,-0.3034068674,1.0000000000,0.0000000000,0.0000000000,0.0000000000,0.0000000000
0.0200000000,-0.1500000000,0.3000000000,-0.0627335374,0.0000000000,0.1256395982,0.4237248512,-0.3319118889,-0.0863038261,-0.3567163363,-0.2662873973,0.2990006778,-0.3118254282,-0.3121759323,0.3338095652,0.1559084266,0.3823689420,-0.1222395736,-0.3034068674,1.0000000000,0.0000000000,0.0000000000,0.0000000000,0.0000000000
0.0200000000,-0.1500000000,0.3000000000,-0.0627335374,0.0000000000,0.1262829960,0.4237611371,-0.3320901906,-0.0864955681,-0.3566679745,-0.2664346679,0.2990006778,-0.3112851065,-0.3126316806,0.3335053108,0.1563263678,0.3824330628,-0.1221092142,-0.3034068674,1.0000000000,0.0000000000,0.0000000000,0.0000000000,0.0000000000
0.0200000000,-0.1500000000,0.3000000000,-0.0627335374,0.0000000000,0.1265102343,0.4237600222,-0.3321937545,-0.0865595327,-0.3566484305,-0.2664720309,0.2990006778,-0.3113645916,-0.3127866469,0.3333277900,0.1571378782,0.3825487245,-0.1217451739,-0.3034068674,1.0000000000,0.0000000000,0.0000000000,0.0000000000,0.0000000000
0.0200000000,-0.1500000000,0.3000000000,-0.0627335374,0.0000000000,0.1263835980,0.4237111538,-0.3322672505,-0.0865213080,-0.3566493690,-0.2664106804,0.2990006778,-0.3118844647,-0.3126695155,0.3332974081,0.1580093282,0.3826692744,-0.1213141113,-0.3034068674,1.0000000000,0.0000000000,0.0000000000,0.0000000000,0.0000000000
0.0200000000,-0.1500000000,0.3000000000,-0.0627335374,0.0000000000,0.1260425091,0.4236336633,-0.3323244515,-0.0864324664,-0.3566608305,-0.2662953940,0.2990006778,-0.3125276362,-0.3124131027,0.3333708853,0.1586312477,0.3827529921,-0.1209843790,-0.3034068674,1.0000000000,0.0000000000,0.0000000000,0.0000000000,0.0000000000
0.0200000000,-0.1500000000,0.3000000000,-0.0627335374,0.0000000000,0.1256352330,0.4235573834,-0.3323577551,-0.0863426927,-0.3566749499,-0.2661770148,0.2990006778,-0.3130419667,-0.3121563820,0.3334804316,0.1589007646,0.3827873443,-0.1208238667,-0.3034068674,1.0000000000,0.0000000000,0.0000000000,0.0000000000,0.0000000000
0.0200000000,-0.1500000000,0.3000000000,-0.0627335374,0.0000000000,0.1252789492,0.4235035513,-0.3323635669,-0.0862819806,-0.3566866977,-0.2660898431,0.2990006778,-0.3133338910,-0.3119750513,0.3335768234,0.1589131412,0.3827867380,-0.1207952962,-0.3034068674,1.0000000000,0.0000000000,0.0000000000,0.0000000000,0.0000000000
0.0200000000,-0.1500000000,0.3000000000,-0.0627335374,0.0000000000,0.1250421829,0.4234774625,-0.3323517520,-0.0862553609,-0.3566939508,-0.2660436391,0.2990006778,-0.3134713654,-0.3118357732,0.3336758172,0.1587768622,0.3827659427,-0.1208393203,-0.3034068674,1.0000000000,0.0000000000,0.0000000000,0.0000000000,0.0000000000
0.0200000000,-0.1500000000,0.3000000000,-0.0627335374,0.0000000000,0.1249218665,0.4234686153,-0.3323392452,-0.0862476905,-0.3566974388,-0.2660249836,0.2990006778,-0.3135836805,-0.3116442404,0.3338392348,0.1584404460,0.3827164812,-0.1209662743,-0.3034068674,1.0000000000,0.0000000000,0.0000000000,0.0000000000,0.0000000000
0.0200000000,-0.1500000000,0.3000000000,-0.0627335374,0.0000000000,0.1248767560,0.4234665821,-0.3323327974,-0.0862463555,-0.3566987147,-0.2660192346,0.2990006778,-0.3137055972,-0.3113834004,0.3340799248,0.1577710177,0.3826195640,-0.1212374589,-0.3034068674,1.0000000000,0.0000000000,0.0000000000,0.0000000000,0.0000000000
0.0200000000,-0.1500000000,0.3000000000,-0.0627335374,0.0000000000,0.1248663484,0.4234663576,-0.3323309926,-0.0862463129,-0.3566990075,-0.2660181205,0.2990006778,-0.3138329996,-0.3111215614,0.3343370076,0.1567809352,0.3824779857,-0.1216565944,-0.3034068674,1.0000000000,0.0000000000,0.0000000000,0.0000000000,0.0000000000
0.0200000000,-0.1500000000,0.3000000000,-0.0627335374,0.0000000000,0.1248653318,0.4234663574,-0.3323307893,-0.0862463304,-0.3566990363,-0.2660180289,0.2990006778,-0.3140221150,-0.3109377841,0.3345195776,0.1557237278,0.3823285483,-0.1221137540,-0.3034068674,1.0000000000,0.0000000000,0.0000000000,0.0000000000,0.0000000000
0.0200000000,-0.1500000000,0.3000000000,-0.0627335374,0.0000000000,0.1248653501,0.4234663576,-0.3323307928,-0.0862463303,-0.3566990358,-0.2660180307,0.2990006778,-0.3144619579,-0.3108384358,0.3345684133,0.1550309286,0.3822321096,-0.1224042758,-0.3034068674,1.0000000000,0.0000000000,0.0000000000,0.0000000000,0.0000000000
0.0200000000,-0.1500000000,0.3000000000,-0.0627335374,0.0000000000,0.1248653498,0.4234663576,-0.3323307926,-0.0862463304,-0.3566990358,-0.2660180307,0.2990006778,-0.3153529708,-0.3107264192,0.3345169898,0.1549853226,0.3822270473,-0.1223824608,-0.3034068674,1.0000000000,0.0000000000,0.0000000000,0.0000000000,0.0000000000
0.0200000000,-0.1500000000,0.3000000000,-0.0627335374,0.0000000000,0.1248650724,0.4234664248,-0.3323306285,-0.0862463852,-0.3566990474,-0.2660180595,0.2990006778,-0.3167735740,-0.3105059222,0.3344320885,0.1555737248,0.3823099901,-0.1220447460,-0.3034068674,1.0000000000,0.0000000000,0.0000000000,0.0000000000,0.0000000000
0.0200000000,-0.1500000000,0.3000000000,-0.0627335374,0.0000000000,0.1248625242,0.4234670423,-0.3323291208,-0.0862468885,-0.3566991539,-0.2660183246,0.2990006778,-0.3186849108,-0.3101283695,0.3343685823,0.1566253273,0.3824559856,-0.1214685387,-0.3034068674,1.0000000000,0.0000000000,0.0000000000,0.0000000000,0.0000000000
0.0200000000,-0.1500000000,0.3000000000,-0.0627335374,0.0000000000,0.1248526795,0.4234694367,-0.3323232791,-0.0862488363,-0.3566995668,-0.2660193550,0.2990006778,-0.3209095370,-0.3095994996,0.3343661023,0.1578558041,0.3826248654,-0.1207917923,-0.3034068674,1.0000000000,0.0000000000,0.0000000000,0.0000000000,0.0000000000
0.0200000000,-0.1500000000,0.3000000000,-0.0627335374,0.0000000000,0.1248314856,0.4234743877,-0.3323110784,-0.0862529534,-0.3567004306,-0.2660214355,0.2990006778,-0.3231118121,-0.3089729661,0.3344581983,0.1588671263,0.3827611730,-0.1202124760,-0.3034068674,1.0000000000,0.0170519280,0.0000000000,0.0000000000,0.0000000000
0.0200000000,-0.1500000000,0.3000000000,-0.0627335374,0.0000000000,0.1248042687,0.4234768585,-0.3323025722,-0.0862567634,-0.3567010692,-0.2660214656,0.2990006778,-0.3248608317,-0.3083600812,0.3346473937,0.1592748465,0.3828122891,-0.1199273931,-0.3034068674,1.0000000000,0.0836921402,0.0000000000,0.0000000000,0.0000000000
0.0200000000,-0.1500000000,0.3000000000,-0.0627335374,0.0000000000,0.1247661064,0.4234628515,-0.3323228330,-0.0862553686,-0.3566998666,-0.2660095753,0.2990006778,-0.3258440716,-0.3078680420,0.3349110364,0.1588694723,0.3827500987,-0.1200481786,-0.3034068674,1.0000000000,0.1499306738,0.0000000000,0.0000000000,0.0000000000
0.0200000000,-0.1500000000,0.3000000000,-0.0627335374,0.0000000000,0.1246899608,0.4234125804,-0.3324043050,-0.0862438129,-0.3566948215,-0.2659705391,0.2990006778,-0.3258983654,-0.3075783264,0.3352148556,0.1575914188,0.3825669750,-0.1206120787,-0.3034068674,1.0000000000,0.2148266581,0.0000000000,0.0000000000,0.0000000000
0.0200000000,-0.1500000000,0.3000000000,-0.0627335374,0.0000000000,0.1245474317,0.4233114576,-0.3325692878,-0.0862196860,-0.3566845207,-0.2658930052,0.2990006778,-0.3249996115,-0.3075330460,0.3355294556,0.1554564675,0.3822650706,-0.1216167664,-0.3034068674,1.0000000000,0.2790686734,0.0000000000,0.0000000000,0.0000000000
0.0200000000,-0.1500000000,0.3000000000,-0.0627335374,0.0000000000,0.1243287369,0.4231578329,-0.3328180217,-0.0861861890,-0.3566684543,-0.2657775802,0.2990006778,-0.3230624161,-0.3077953595,0.3358216320,0.1524213834,0.3818378601,-0.1230935783,-0.3034068674,1.0000000000,0.3437930416,0.0000000000,0.0000000000,0.0000000000
0.0200000000,-0.1500000000,0.3000000000,-0.0627335374,0.0000000000,0.1240574994,0.4229731977,-0.3331131008,-0.0861544645,-0.3566480242,-0.2656442016,0.2990006778,-0.3201785271,-0.3083826763,0.3360545206,0.1486222246,0.3813036676,-0.1249830946,-0.3034068674,1.0000000000,0.4097895596,0.0000000000,0.0000000000,0.0000000000
0.0200000000,-0.1500000000,0.3000000000,-0.0627335374,0.0000000000,0.1237672960,0.4227857234,-0.3334078882,-0.0861353225,-0.3566255817,-0.2655161213,0.2990006778,-0.3166229952,-0.3092524295,0.3361979724,0.1443757813,0.3807062325,-0.1271310006,-0.3034068674,1.0000000000,0.4761061665,0.0000000000,0.0000000000,0.0000000000
0.0200000000,-0.1500000000,0.3000000000,-0.0627335374,0.0000000000,0.1234803629,0.4226150599,-0.3336705359,-0.0861349738,-0.3566030040,-0.2654082271,0.2990006778,-0.3126068669,-0.3103585436,0.3362407896,0.1398834853,0.3800731630,-0.1294386976,-0.3034068674,1.0000000000,0.5427728332,0.0000000000,0.0000000000,0.0000000000
0.0200000000,-0.1500000000,0.3000000000,-0.0627335374,0.0000000000,0.1232130587,0.4224746112,-0.3338798280,-0.0861547431,-0.3565820143,-0.2653288981,0.2990006778,-0.3083326520,-0.3116422530,0.3361847932,0.1353179670,0.3794283825,-0.1318182201,-0.3034068674,1.0000000000,0.6094394998,0.0000000000,0.0000000000,0.0000000000
0.0200000000,-0.1500000000,0.3000000000,-0.0627335374,0.0000000000,0.1229772089,0.4223724459,-0.3340237274,-0.0861900929,-0.3565644919,-0.2652799699,0.2990006778,-0.3040637143,-0.3130202667,0.3360396258,0.1309150974,0.3788052084,-0.1341427153,-0.3034068674,1.0000000000,0.6761061665,0.0000000000,0.0000000000,0.0000000000
0.0200000000,-0.1500000000,0.3000000000,-0.0627335374,0.0000000000,0.1227751460,0.4223049360,-0.3341101542,-0.0862302241,-0.3565515239,-0.2652531010,0.2990006778,-0.3000915039,-0.3143776343,0.3358358655,0.1269185943,0.3782385236,-0.1362745036,-0.3034068674,1.0000000000,0.7427728332,0.0000000000,0.0000000000,0.0000000000
0.0200000000,-0.1500000000,0.3000000000,-0.0627335374,0.0000000000,0.1226014578,0.4222638386,-0.3341534971,-0.0862681104,-0.3565429516,-0.2652396153,0.2990006778,-0.2965088929,-0.3156597730,0.3355974494,0.1233812978,0.3777361667,-0.1381805592,-0.3034068674,1.0000000000,0.8094394998,0.0000000000,0.0000000000,0.0000000000
0.0200000000,-0.1500000000,0.3000000000,-0.0627335374,0.0000000000,0.1224487057,0.4222418526,-0.3341655518,-0.0863013203,-0.3565380738,-0.2652340639,0.2990006778,-0.2932735856,-0.3168634918,0.3353359709,0.1202365194,0.3772889345,-0.1398941747,-0.3034068674,1.0000000000,0.8761061665,0.0000000000,0.0000000000,0.0000000000
0.0200000000,-0.1500000000,0.3000000000,-0.0627335374,0.0000000000,0.1223081536,0.4222321281,-0.3341567817,-0.0863295296,-0.3565359561,-0.2652324662,0.2990006778,-0.2902901997,-0.3180088356,0.3350566720,0.1173739932,0.3768813557,-0.1414719637,-0.3034068674,1.0000000000,0.9427666973,0.0000000000,0.0000000000,0.0000000000
0.0200000000,-0.1500000000,0.3000000000,-0.0627335374,0.0000000000,0.1221713622,0.4222295408,-0.3341342731,-0.0863519226,-0.3565360657,-0.2652314559,0.2990006778,-0.2874882264,-0.3191157582,0.3347591797,0.1147166389,0.3765026488,-0.1429537185,-0.3034068674,1.0000000000,1.0000000000,0.0000000000,0.0000000000,0.0000000000
0.0200000000,-0.1500000000,0.3000000000,-0.0627335374,0.0000000000,0.1220322701,0.4222303427,-0.3341033435,-0.0863684137,-0.3565379229,-0.2652288441,0.2990006778,-0.2848037704,-0.3202030558,0.3344436382,0.1121952615,0.3761431513,-0.1443739390,-0.3034068674,1.0000000000,1.0000000000,0.0000000000,0.0000000000,0.0000000000
0.0200000000,-0.1500000000,0.3000000000,-0.0627335374,0.0000000000,0.1218856094,0.4222319369,-0.3340673247,-0.0863791363,-0.3565411989,-0.2652231849,0.2990006778,-0.2821661175,-0.3212936607,0.3341067945,0.1097376108,0.3757926196,-0.1457714788,-0.3034068674,1.0000000000,1.0000000000,0.0000000000,0.0000000000,0.0000000000
0.0200000000,-0.1500000000,0.3000000000,-0.0627335374,0.0000000000,0.1217216247,0.4222315642,-0.3340282441,-0.0863822568,-0.3565460270,-0.2652116121,0.2990006778,-0.2794930737,-0.3224225340,0.3337359443,0.1072650000,0.3754399743,-0.1471918255,-0.3034068674,1.0000000000,1.0000000000,0.0000000000,0.0000000000,0.0000000000
0.0200000000,-0.1500000000,0.3000000000,-0.0627335374,0.0000000000,0.1215307725,0.4222271059,-0.3339869279,-0.0863750747,-0.3565528072,-0.2651910612,0.2990006778,-0.2767281486,-0.3236191881,0.3333178477,0.1047250365,0.3750779686,-0.1486656837,-0.3034068674,1.0000000000,1.0000000000,0.0000000000,0.0000000000,0.0000000000
0.0200000000,-0.1500000000,0.3000000000,-0.0627335374,0.0000000000,0.1213101246,0.4222177519,-0.3339438728,-0.0863562179,-0.3565617405,-0.2651601891,0.2990006778,-0.2738715225,-0.3248867147,0.3328507222,0.1021173189,0.3747065906,-0.1501926907,-0.3034068674,1.0000000000,1.0000000000,0.0000000000,0.0000000000,0.0000000000
0.0200000000,-0.1500000000,0.3000000000,-0.0627335374,0.0000000000,0.1210671431,0.4222043041,-0.3339001792,-0.0863276552,-0.3565723968,-0.2651208231,0.2990006778,-0.2709798968,-0.3261937958,0.3323507638,0.0994892665,0.3743324508,-0.1517422898,-0.3034068674,1.0000000000,1.0000000000,0.0000000000,0.0000000000,0.0000000000
0.0200000000,-0.1500000000,0.3000000000,-0.0627335374,0.0000000000,0.1208063741,0.4221870964,-0.3338568521,-0.0862905803,-0.3565844857,-0.2650739834,0.2990006778,-0.2680920064,-0.3275183712,0.3318283088,0.0968732224,0.3739600989,-0.1532945295,-0.3034068674,1.0000000000,1.0000000000,0.0000000000,0.0000000000,0.0000000000
0.0200000000,-0.1500000000,0.3000000000,-0.0627335374,0.0000000000,0.1205288894,0.4221655032,-0.3338155373,-0.0862453428,-0.3565978004,-0.2650195815,0.2990006778,-0.2652272856,-0.3288485289,0.3312890199,0.0942840548,0.3735916120,-0.1548402520,-0.3034068674,1.0000000000,1.0000000000,0.0000000000,0.0000000000,0.0000000000
0.0200000000,-0.1500000000,0.3000000000,-0.0627335374,0.0000000000,0.1202342347,0.4221380896,-0.3337789595,-0.0861918630,-0.3566121074,-0.2649567995,0.2990006778,-0.2624054073,-0.3301725068,0.3307391303,0.0917349468,0.3732288157,-0.1563705737,-0.3034068674,1.0000000000,1.0000000000,0.0000000000,0.0000000000,0.0000000000
0.0200000000,-0.1500000000,0.3000000000,-0.0627335374,0.0000000000,0.1199213277,0.4221035082,-0.3337493841,-0.0861295051,-0.3566273157,-0.2648845187,0.2990006778,-0.2596466505,-0.3314787922,0.3301839852,0.0892399898,0.3728736447,-0.1578767127,-0.3034068674,1.0000000000,1.0000000000,0.0000000000,0.0000000000,0.0000000000
0.0200000000,-0.1500000000,0.3000000000,-0.0627335374,0.0000000000,0.1195980935,0.4220645030,-0.3337242199,-0.0860611151,-0.3566431844,-0.2648061214,0.2990006778,-0.2569456944,-0.3327614254,0.3296308254,0.0867933596,0.3725250527,-0.1593603025,-0.3034068674,1.0000000000,1.0000000000,0.0000000000,0.0000000000,0.0000000000
0.0200000000,-0.1500000000,0.3000000000,-0.0627335374,0.0000000000,0.1192745663,0.4220248476,-0.3336995648,-0.0859902254,-0.3566594711,-0.2647260160,0.2990006778,-0.2542937560,-0.3340148612,0.3290877294,0.0843863694,0.3721815121,-0.1608241862,-0.3034068674,1.0000000000,1.0000000000,0.0000000000,0.0000000000,0.0000000000
0.0200000000,-0.1500000000,0.3000000000,-0.0627335374,0.0000000000,0.1189563242,0.4219863217,-0.3336738706,-0.0859190442,-0.3566759385,-0.2646466446,0.2990006778,-0.2516879018,-0.3352344885,0.3285600229,0.0820151273,0.3718422616,-0.1622692146,-0.3034068674,1.0000000000,1.0000000000,0.0000000000,0.0000000000,0.0000000000
0.0200000000,-0.1500000000,0.3000000000,-0.0627335374,0.0000000000,0.1186459663,0.4219486548,-0.3336486232,-0.0858498606,-0.3566920485,-0.2645693494,0.2990006778,-0.2491229693,-0.3364183880,0.3280510776,0.0796735784,0.3715062546,-0.1636979404,-0.3034068674,1.0000000000,1.0000000000,0.0000000000,0.0000000000,0.0000000000
0.0200000000,-0.1500000000,0.3000000000,-0.0627335374,0.0000000000,0.1183479946,0.4219106740,-0.3336277449,-0.0857867637,-0.3567067233,-0.2644961830,0.2990006778,-0.2465994194,-0.3375568916,0.3275705306,0.0773571431,0.3711723542,-0.1651110543,-0.3034068674,1.0000000000,1.0000000000,0.0000000000,0.0000000000,0.0000000000
0.0200000000,-0.1500000000,0.3000000000,-0.0627335374,0.0000000000,0.1180648330,0.4218725568,-0.3336118307,-0.0857315236,-0.3567195927,-0.2644283828,0.2990006778,-0.2441114828,-0.3386458460,0.3271208291,0.0750601193,0.3708395887,-0.1665137045,-0.3034068674,1.0000000000,1.0000000000,0.0000000000,0.0000000000,0.0000000000
0.0200000000,-0.1500000000,0.3000000000,-0.0627335374,0.0000000000,0.1177978284,0.4218387587,-0.3335925464,-0.0856817786,-0.3567318377,-0.2643668261,0.2990006778,-0.2416361465,-0.3396840879,0.3266902873,0.0727737474,0.3705070372,-0.1679275706,-0.3034068674,1.0000000000,1.0000000000,0.0000000000,0.0000000000,0.0000000000
0.0200000000,-0.1500000000,0.3000000000,-0.0627335374,0.0000000000,0.1175536094,0.4218187968,-0.3335532701,-0.0856342076,-0.3567455813,-0.2643145934,0.2990006778,-0.2391330084,-0.3406594254,0.3262640097,0.0704812218,0.3701726208,-0.1693946147,-0.3034068674,1.0000000000,1.0000000000,0.0000000000,0.0000000000,0.0000000000
0.0200000000,-0.1500000000,0.3000000000,-0.0627335374,0.0000000000,0.1173410472,0.4218221807,-0.3334781291,-0.0855867758,-0.3567626494,-0.2642756391,0.2990006778,-0.2365584826,-0.3415623681,0.3258336670,0.0681568114,0.3698326792,-0.1709547821,-0.3034068674,1.0000000000,1.0000000000,0.0000000000,0.0000000000,0.0000000000
0.0200000000,-0.1500000000,0.3000000000,-0.0627335374,0.0000000000,0.1171708215,0.4218598614,-0.3333488754,-0.0855378795,-0.3567850076,-0.2642550273,0.2990006778,-0.2338604014,-0.3424128555,0.3254010885,0.0657511717,0.3694795295,-0.1726321868,-0.3034068674,1.0000000000,1.0000000000,0.0000000000,0.0000000000,0.0000000000
0.0200000000,-0.1500000000,0.3000000000,-0.0627335374,0.0000000000,0.1170604384,0.4219518198,-0.3331316456,-0.0854840030,-0.3568164103,-0.2642615232,0.2990006778,-0.2309700542,-0.3432651113,0.3249780285,0.0631839005,0.3691003339,-0.1744383794,-0.3034068674,1.0000000000,1.0000000000,0.0000000000,0.0000000000,0.0000000000
0.0200000000,-0.1500000000,0.3000000000,-0.0627335374,0.0000000000,0.1170359492,0.4221246849,-0.3327821617,-0.0854213398,-0.3568616335,-0.2643074708,0.2990006778,-0.2278001039,-0.3441540214,0.3245763914,0.0603662085,0.3686807520,-0.1764088414,-0.3034068674,1.0000000000,1.0000000000,0.0000000000,0.0000000000,0.0000000000
0.0200000000,-0.1500000000,0.3000000000,-0.0627335374,0.0000000000,0.1171061136,0.4223856117,-0.3322885842,-0.0853487456,-0.3569219528,-0.2643963637,0.2990006778,-0.2242894023,-0.3450919275,0.3242031135,0.0572449578,0.3682119572,-0.1785737707,-0.3034068674,1.0000000000,1.0000000000,0.0000000000,0.0000000000,0.0000000000
0.0200000000,-0.1500000000,0.3000000000,-0.0627335374,0.0000000000,0.1172556340,0.4227165893,-0.3316806600,-0.0852672705,-0.3569943798,-0.2645193482,0.2990006778,-0.2203995180,-0.3460823693,0.3238634540,0.0537956976,0.3676894569,-0.1809499768,-0.3034068674,1.0000000000,1.0000000000,0.0000000000,0.0000000000,0.0000000000
0.0200000000,-0.1500000000,0.3000000000,-0.0627335374,0.0000000000,0.1174684114,0.4230947624,-0.3309973238,-0.0851772002,-0.3570751946,-0.2646646492,0.2990006778,-0.2160265947,-0.3471339885,0.3235727629,0.0499430538,0.3670999880,-0.1835878138,-0.3034068674,1.0000000000,1.0000000000,0.0000000000,0.0000000000,0.0000000000
0.0200000000,-0.1500000000,0.3000000000,-0.0627335374,0.0000000000,0.1177132514,0.4234790278,-0.3303095030,-0.0850810281,-0.3571573271,-0.2648116432,0.2990006778,-0.2111450815,-0.3482398011,0.3233476172,0.0456811959,0.3664410881,-0.1864909434,-0.3034068674,1.0000000000,1.0000000000,0.0000000000,0.0000000000,0.0000000000
0.0200000000,-0.1500000000,0.3000000000,-0.0627335374,0.0000000000,0.1179569549,0.4238268683,-0.3296907890,-0.0849823597,-0.3572332738,-0.2649394047,0.2990006778,-0.2057884930,-0.3493823549,0.3232048072,0.0410563747,0.3657183973,-0.1896274065,-0.3034068674,1.0000000000,1.0000000000,0.0000000000,0.0000000000,0.0000000000
0.0200000000,-0.1500000000,0.3000000000,-0.0627335374,0.0000000000,0.1181826974,0.4241200413,-0.3291722352,-0.0848841191,-0.3572996371,-0.2650395800,0.2990006778,-0.2000334547,-0.3505396744,0.3231570872,0.0361515188,0.3649434767,-0.1929405722,-0.3034068674,1.0000000000,1.0000000000,0.0000000000,0.0000000000,0.0000000000
0.0200000000,-0.1500000000,0.3000000000,-0.0627335374,0.0000000000,0.1183924647,0.4243690501,-0.3287341401,-0.0847895281,-0.3573577263,-0.2651194234,0.2990006778,-0.1940399119,-0.3516822689,0.3232063419,0.0311156118,0.3641390451,-0.1963296327,-0.3034068674,1.0000000000,1.0000000000,0.0000000000,0.0000000000,0.0000000000
0.0200000000,-0.1500000000,0.3000000000,-0.0627335374,0.0000000000,0.1185904585,0.4245881354,-0.3283498533,-0.0847069740,-0.3574085915,-0.2651914488,0.2990006778,-0.1881038310,-0.3527602311,0.3233496629,0.0262087573,0.3633457996,-0.1996159842,-0.3034068674,1.0000000000,1.0000000000,0.0000000000,0.0000000000,0.0000000000
0.0200000000,-0.1500000000,0.3000000000,-0.0627335374,0.0000000000,0.1187738166,0.4247842375,-0.3280049887,-0.0846472101,-0.3574517242,-0.2652655768,0.2990006778,-0.1826065438,-0.3537240047,0.3235582931,0.0217359221,0.3626143348,-0.2025910381,-0.3034068674,1.0000000000,1.0000000000,0.0000000000,0.0000000000,0.0000000000
0.0200000000,-0.1500000000,0.3000000000,-0.0627335374,0.0000000000,0.1189397126,0.4249598807,-0.3276938682,-0.0846136887,-0.3574870598,-0.2653450325,0.2990006778,-0.1777236482,-0.3545582574,0.3238060355,0.0178233949,0.3619670417,-0.2051695456,-0.3034068674,1.0000000000,1.0000000000,0.0000000000,0.0000000000,0.0000000000
0.0200000000,-0.1500000000,0.3000000000,-0.0627335374,0.0000000000,0.1190916439,0.4251215556,-0.3274049318,-0.0845984378,-0.3575170640,-0.2654283618,0.2990006778,-0.1733711514,-0.3552873532,0.3240761505,0.0143835969,0.3613914979,-0.2074148300,-0.3034068674,1.0000000000,1.0000000000,0.0000000000,0.0000000000,0.0000000000
0.0200000000,-0.1500000000,0.3000000000,-0.0627335374,0.0000000000,0.1192358543,0.4252789803,-0.3271210157,-0.0845856633,-0.3575460900,-0.2655111063,0.2990006778,-0.1693968953,-0.3559451724,0.3243559805,0.0112763144,0.3608665787,-0.2094266432,-0.3034068674,1.0000000000,1.0000000000,0.0000000000,0.0000000000,0.0000000000
0.0200000000,-0.1500000000,0.3000000000,-0.0627335374,0.0000000000,0.1193752983,0.4254406268,-0.3268261234,-0.0845589335,-0.3575784914,-0.2655877123,0.2990006778,-0.1658190245,-0.3565334656,0.3246365835,0.0085108883,0.3603947700,-0.2111990708,-0.3034068674,1.0000000000,1.0000000000,0.0000000000,0.0000000000,0.0000000000
0.0200000000,-0.1500000000,0.3000000000,-0.0627335374,0.0000000000,0.1195110418,0.4256087043,-0.3265161774,-0.0845141435,-0.3576153785,-0.2656568274,0.2990006778,-0.1626205536,-0.3570562295,0.3249150976,0.0060698453,0.3599739745,-0.2127444950,-0.3034068674,1.0000000000,1.0000000000,0.0000000000,0.0000000000,0.0000000000
0.0200000000,-0.1500000000,0.3000000000,-0.0627335374,0.0000000000,0.1196445002,0.4257808124,-0.3261964439,-0.0844577221,-0.3576551524,-0.2657211808,0.2990006778,-0.1596598169,-0.3575368237,0.3251930626,0.0038329169,0.3595849547,-0.2141479818,-0.3034068674,1.0000000000,1.0000000000,0.0000000000,0.0000000000,0.0000000000
0.0200000000,-0.1500000000,0.3000000000,-0.0627335374,0.0000000000,0.1197778960,0.4259559586,-0.3258696306,-0.0843950987,-0.3576966232,-0.2657836637,0.2990006778,-0.1567935672,-0.3579990820,0.3254721583,0.0016803922,0.3592083336,-0.2154945290,-0.3034068674,1.0000000000,1.0000000000,0.0000000000,0.0000000000,0.0000000000
0.0200000000,-0.1500000000,0.3000000000,-0.0627335374,0.0000000000,0.1199159799,0.4261409860,-0.3255235833,-0.0843222365,-0.3577416415,-0.2658455359,0.2990006778,-0.1539590944,-0.3584530188,0.3257539510,-0.0004365441,0.3588361527,-0.2168189793,-0.3034068674,1.0000000000,1.0000000000,0.0000000000,0.0000000000,0.0000000000
0.0200000000,-0.1500000000,0.3000000000,-0.0627335374,0.0000000000,0.1200707119,0.4263592870,-0.3251151404,-0.0842180815,-0.3577979302,-0.2659065683,0.2990006778,-0.1511699529,-0.3588939199,0.3260422125,-0.0024954423,0.3584717666,-0.2181058667,-0.3034068674,1.0000000000,1.0000000000,0.0000000000,0.0000000000,0.0000000000
0.0200000000,-0.1500000000,0.3000000000,-0.0627335374,0.0000000000,0.1202513847,0.4266292995,-0.3246100843,-0.0840656503,-0.3578716703,-0.2659663645,0.2990006778,-0.1484490730,-0.3593159994,0.3263399140,-0.0044692682,0.3581195206,-0.2193358514,-0.3034068674,1.0000000000,1.0000000000,0.0000000000,0.0000000000,0.0000000000
0.0200000000,-0.1500000000,0.3000000000,-0.0627335374,0.0000000000,0.1204549649,0.4269446474,-0.3240197126,-0.0838705270,-0.3579608347,-0.2660250370,0.2990006778,-0.1457894735,-0.3597209630,0.3266461276,-0.0063670502,0.3577781117,-0.2205152006,-0.3034068674,1.0000000000,1.0000000000,0.0000000000,0.0000000000,0.0000000000
0.0200000000,-0.1500000000,0.3000000000,-0.0627335374,0.0000000000,0.1206711439,0.4272845323,-0.3233818577,-0.0836513872,-0.3580586200,-0.2660829481,0.2990006778,-0.1431651824,-0.3601152414,0.3269575453,-0.0082197623,0.3574427338,-0.2216659597,-0.3034068674,1.0000000000,1.0000000000,0.0000000000,0.0000000000,0.0000000000
0.0200000000,-0.1500000000,0.3000000000,-0.0627335374,0.0000000000,0.1208914498,0.4276323381,-0.3227268062,-0.0834230160,-0.3581596082,-0.2661402598,0.2990006778,-0.1405454689,-0.3605053468,0.3272723307,-0.0100590435,0.3571083308,-0.2228107077,-0.3034068674,1.0000000000,1.0000000000,0.0000000000,0.0000000000,0.0000000000
0.0200000000,-0.1500000000,0.3000000000,-0.0627335374,0.0000000000,0.1211176115,0.4279946484,-0.3220415343,-0.0831775449,-0.3582663964,-0.2661957579,0.2990006778,-0.1378199084,-0.3609033534,0.3276034070,-0.0119563582,0.3567620321,-0.2240010349,-0.3034068674,1.0000000000,1.0000000000,0.0000000000,0.0000000000,0.0000000000
0.0200000000,-0.1500000000,0.3000000000,-0.0627335374,0.0000000000,0.1213648433,0.4284108645,-0.3212518217,-0.0828744151,-0.3583930333,-0.2662457326,0.2990006778,-0.1346854548,-0.3613395725,0.3279919559,-0.0140957557,0.3563702948,-0.2253689469,-0.3034068674,1.0000000000,1.0000000000,0.0000000000,0.0000000000,0.0000000000
0.0200000000,-0.1500000000,0.3000000000,-0.0627335374,0.0000000000,0.1216484398,0.4289220791,-0.3202796023,-0.0824697755,-0.3585545010,-0.2662854666,0.2990006778,-0.1308234100,-0.3618464767,0.3284809778,-0.0166686343,0.3558979316,-0.2270523284,-0.3034068674,1.0000000000,1.0000000000,0.0000000000,0.0000000000,0.0000000000
0.0200000000,-0.1500000000,0.3000000000,-0.0627335374,0.0000000000,0.1219592556,0.4295171428,-0.3191433025,-0.0819658794,-0.3587486727,-0.2663104167,0.2990006778,-0.1262585227,-0.3624231546,0.3290664689,-0.0196538929,0.3553480819,-0.2290372828,-0.3034068674,1.0000000000,1.0000000000,0.0000000000,0.0000000000,0.0000000000
0.0200000000,-0.1500000000,0.3000000000,-0.0627335374,0.0000000000,0.1222489495,0.4301078138,-0.3180038110,-0.0814287212,-0.3589489223,-0.2663132296,0.2990006778,-0.1215050224,-0.3630188011,0.3296798814,-0.0227254164,0.3547793473,-0.2310907255,-0.3034068674,1.0000000000,1.0000000000,0.0000000000,0.0000000000,0.0000000000
0.0200000000,-0.1500000000,0.3000000000,-0.0627335374,0.0000000000,0.1224414231,0.4305631619,-0.3170996182,-0.0809501766,-0.3591168292,-0.2662787623,0.2990006778,-0.1173030642,-0.3635567558,0.3302260427,-0.0254099902,0.3542771970,-0.2328732862,-0.3034068674,1.0000000000,1.0000000000,0.0000000000,0.0000000000,0.0000000000
0.0200000000,-0.1500000000,0.3000000000,-0.0627335374,0.0000000000,0.1225203070,0.4308515628,-0.3164911101,-0.0805583674,-0.3592418435,-0.2662064434,0.2990006778,-0.1138780607,-0.3640112201,0.3306780257,-0.0275695634,0.3538674209,-0.2342839850,-0.3034068674,1.0000000000,1.0000000000,0.0000000000,0.0000000000,0.0000000000
0.0200000000,-0.1500000000,0.3000000000,-0.0627335374,0.0000000000,0.1225282058,0.4310363901,-0.3160666023,-0.0802208159,-0.3593401497,-0.2661106158,0.2990006778,-0.1109498960,-0.3644099375,0.3310725507,-0.0293931050,0.3535165423,-0.2354571738,-0.3034068674,1.0000000000,1.0000000000,0.0000000000,0.0000000000,0.0000000000
0.0200000000,-0.1500000000,0.3000000000,-0.0627335374,0.0000000000,0.1225089330,0.4311827481,-0.3157103905,-0.0799027091,-0.3594287051,-0.2660054219,0.2990006778,-0.1082103003,-0.3647854893,0.3314476766,-0.0310858295,0.3531878533,-0.2365400919,-0.3034068674,1.0000000000,1.0000000000,0.0000000000,0.0000000000,0.0000000000
0.0200000000,-0.1500000000,0.3000000000,-0.0627335374,0.0000000000,0.1224819038,0.4313194770,-0.3153711266,-0.0795879977,-0.3595151376,-0.2658967745,0.2990006778,-0.1055058403,-0.3651552517,0.3318205827,-0.0327483740,0.3528633954,-0.2376056010,-0.3034068674,1.0000000000,1.0000000000,0.0000000000,0.0000000000,0.0000000000
0.0200000000,-0.1500000000,0.3000000000,-0.0627335374,0.0000000000,0.1224422149,0.4314424725,-0.3150556127,-0.0792742697,-0.3595992396,-0.2657808024,0.2990006778,-0.1027913424,-0.3655256686,0.3321940430,-0.0344029153,0.3525391795,-0.2386716303,-0.3034068674,1.0000000000,1.0000000000,0.0000000000,0.0000000000,0.0000000000
0.0200000000,-0.1500000000,0.3000000000,-0.0627335374,0.0000000000,0.1223774451,0.4315381420,-0.3147873155,-0.0789624044,-0.3596786597,-0.2656504058,0.2990006778,-0.1000491575,-0.3659005025,0.3325672358,-0.0360517174,0.3522149389,-0.2397414095,-0.3034068674,1.0000000000,1.0000000000,0.0000000000,0.0000000000,0.0000000000
0.0200000000,-0.1500000000,0.3000000000,-0.0627335374,0.0000000000,0.1222849455,0.4316039096,-0.3145707851,-0.0786524307,-0.3597529718,-0.2655040844,0.2990006778,-0.0972762599,-0.3662805541,0.3329399391,-0.0376951699,0.3518906547,-0.2408153812,-0.3034068674,1.0000000000,1.0000000000,0.0000000000,0.0000000000,0.0000000000
0.0200000000,-0.1500000000,0.3000000000,-0.0627335374,0.0000000000,0.1221735649,0.4316498323,-0.3143888826,-0.0783434976,-0.3598239372,-0.2653468579,0.2990006778,-0.0944832728,-0.3666636788,0.3333127874,-0.0393331451,0.3515662860,-0.2418921562,-0.3034068674,1.0000000000,1.0000000000,0.0000000000,0.0000000000,0.0000000000
0.0200000000,-0.1500000000,0.3000000000,-0.0627335374,0.0000000000,0.1220543108,0.4316880623,-0.3142208543,-0.0780347075,-0.3598936593,-0.2651849331,0.2990006778,-0.0916808363,-0.3670475343,0.3336867640,-0.0409666673,0.3512415695,-0.2429709667,-0.3034068674,1.0000000000,1.0000000000,0.0000000000,0.0000000000,0.0000000000
0.0200000000,-0.1500000000,0.3000000000,-0.0627335374,0.0000000000,0.1219293496,0.4317214385,-0.3140618163,-0.0777246066,-0.3599628578,-0.2650189431,0.2990006778,-0.0888415467,-0.3674357112,0.3340644944,-0.0426120247,0.3509134041,-0.2440645817,-0.3034068674,1.0000000000,1.0000000000,0.0000000000,0.0000000000,0.0000000000
0.0200000000,-0.1500000000,0.3000000000,-0.0627335374,0.0000000000,0.1217894005,0.4317413724,-0.3139259779,-0.0774097321,-0.3600308072,-0.2648419416,0.2990006778,-0.0858673999,-0.3678429245,0.3344516995,-0.0443191810,0.3505728388,-0.2452128051,-0.3034068674,1.0000000000,1.0000000000,0.0000000000,0.0000000000,0.0000000000
0.0200000000,-0.1500000000,0.3000000000,-0.0627335374,0.0000000000,0.1216232931,0.4317376003,-0.3138303831,-0.0770863692,-0.3600965680,-0.2646458436,0.2990006778,-0.0826545729,-0.3682851011,0.3348540113,-0.0461402773,0.3502104630,-0.2464575859,-0.3034068674,1.0000000000,1.0000000000,0.0000000000,0.0000000000,0.0000000000
0.0200000000,-0.1500000000,0.3000000000,-0.0627335374,0.0000000000,0.1214298162,0.4317091933,-0.3137766365,-0.0767541387,-0.3601600681,-0.2644298363,0.2990006778,-0.0791916873,-0.3687645550,0.3352717236,-0.0480807763,0.3498251147,-0.2478036504,-0.3034068674,1.0000000000,1.0000000000,0.0000000000,0.0000000000,0.0000000000
0.0200000000,-0.1500000000,0.3000000000,-0.0627335374,0.0000000000,0.1212178229,0.4316632874,-0.3137533540,-0.0764171864,-0.3602216608,-0.2642005014,0.2990006778,-0.0755449735,-0.3692720823,0.3357006688,-0.0501066895,0.3494226816,-0.2492242173,-0.3034068674,1.0000000000,1.0000000000,0.0000000000,0.0000000000,0.0000000000
0.0200000000,-0.1500000000,0.3000000000,-0.0627335374,0.0000000000,0.1209906759,0.4315966096,-0.3137682559,-0.0760831885,-0.3602793281,-0.2639609288,0.2990006778,-0.0716614056,-0.3698173776,0.3361417841,-0.0522417032,0.3489985816,-0.2507407292,-0.3034068674,1.0000000000,1.0000000000,0.0000000000,0.0000000000,0.0000000000
0.0200000000,-0.1500000000,0.3000000000,-0.0627335374,0.0000000000,0.1207429890,0.4314940896,-0.3138496385,-0.0757606610,-0.3603289828,-0.2637083389,0.2990006778,-0.0673622580,-0.3704303571,0.3366002905,-0.0545731580,0.3485372158,-0.2524261734,-0.3034068674,1.0000000000,1.0000000000,0.0000000000,0.0000000000,0.0000000000
0.0200000000,-0.1500000000,0.3000000000,-0.0627335374,0.0000000000,0.1204743899,0.4313456585,-0.3140175080,-0.0754601924,-0.3603669558,-0.2634439830,0.2990006778,-0.0625438486,-0.3711310527,0.3370747789,-0.0571515340,0.3480296970,-0.2543243762,-0.3034068674,1.0000000000,1.0000000000,0.0000000000,0.0000000000,0.0000000000
0.0200000000,-0.1500000000,0.3000000000,-0.0627335374,0.0000000000,0.1201993065,0.4311479074,-0.3142833019,-0.0752059388,-0.3603880367,-0.2631814601,0.2990006778,-0.0572140276,-0.3719266257,0.3375502695,-0.0599714141,0.3474776893,-0.2564362347,-0.3034068674,1.0000000000,1.0000000000,0.0000000000,0.0000000000,0.0000000000
0.0200000000,-0.1500000000,0.3000000000,-0.0627335374,0.0000000000,0.1199429896,0.4308943913,-0.3146679131,-0.0750404777,-0.3603829516,-0.2629445382,0.2990006778,-0.0513746531,-0.3728307421,0.3380016399,-0.0630286518,0.3468833984,-0.2587667199,-0.3034068674,1.0000000000,1.0000000000,0.0000000000,0.0000000000,0.0000000000
0.0200000000,-0.1500000000,0.3000000000,-0.0627335374,0.0000000000,0.1197420298,0.4305723293,-0.3152089217,-0.0750298787,-0.3603368152,-0.2627684430,0.2990006778,-0.0449458593,-0.3738801475,0.3383935121,-0.0663516029,0.3462428262,-0.2613507373,-0.3034068674,1.0000000000,1.0000000000,0.0000000000,0.0000000000,0.0000000000
0.0200000000,-0.1500000000,0.3000000000,-0.0627335374,0.0000000000,0.1196305287,0.4301954426,-0.3158904836,-0.0752083835,-0.3602451061,-0.2626825495,0.2990006778,-0.0380533228,-0.3750721541,0.3386983334,-0.0698625695,0.3455692465,-0.2641268976,-0.3034068674,1.0000000000,1.0000000000,0.0000000000,0.0000000000,0.0000000000
0.0200000000,-0.1500000000,0.3000000000,-0.0627335374,0.0000000000,0.1196409619,0.4297920341,-0.3166675678,-0.0755922312,-0.3601090589,-0.2627126198,0.2990006778,-0.0309806392,-0.3763658072,0.3388935631,-0.0734018159,0.3448925897,-0.2669698957,-0.3034068674,1.0000000000,1.0000000000,0.0000000000,0.0000000000,0.0000000000
0.0200000000,-0.1500000000,0.3000000000,-0.0627335374,0.0000000000,0.1198004635,0.4293967352,-0.3174811441,-0.0761829181,-0.3599336970,-0.2628784162,0.2990006778,-0.0240918745,-0.3776922579,0.3389609369,-0.0767708564,0.3442535995,-0.2697310481,-0.3034068674,1.0000000000,1.0000000000,0.0000000000,0.0000000000,0.0000000000
0.0200000000,-0.1500000000,0.3000000000,-0.0627335374,0.0000000000,0.1201188147,0.4290379312,-0.3182789647,-0.0769636762,-0.3597265407,-0.2631846874,0.2990006778,-0.0176384258,-0.3789968682,0.3388952716,-0.0798377114,0.3436803363,-0.2723109292,-0.3034068674,1.0000000000,1.0000000000,0.0000000000,0.0000000000,0.0000000000
0.0200000000,-0.1500000000,0.3000000000,-0.0627335374,0.0000000000,0.1206051271,0.4287282920,-0.3190402794,-0.0779343009,-0.3594892532,-0.2636382313,0.2990006778,-0.0116213058,-0.3802783194,0.3386968951,-0.0825907837,0.3431750528,-0.2747012092,-0.3034068674,1.0000000000,1.0000000000,0.0000000000,0.0000000000,0.0000000000
0.0200000000,-0.1500000000,0.3000000000,-0.0627335374,0.0000000000,0.1212438782,0.4284607573,-0.3197743570,-0.0790806625,-0.3592232312,-0.2642264203,0.2990006778,-0.0058268463,-0.3815676038,0.3383924586,-0.0851310368,0.3427158079,-0.2769733641,-0.3034068674,1.0000000000,1.0000000000,0.0000000000,0.0000000000,0.0000000000
0.0200000000,-0.1500000000,0.3000000000,-0.0627335374,0.0000000000,0.1220318688,0.4282360456,-0.3204789318,-0.0803976934,-0.3589293877,-0.2649466934,0.2990006778,-0.0001607554,-0.3828755579,0.3379971883,-0.0874938910,0.3422946975,-0.2791529005,-0.3034068674,1.0000000000,1.0000000000,0.0000000000,0.0000000000,0.0000000000
0.0200000000,-0.1500000000,0.3000000000,-0.0627335374,0.0000000000,0.1229707467,0.4280626504,-0.3211379088,-0.0818789415,-0.3586101323,-0.2657999031,0.2990006778,0.0053693674,-0.3841957628,0.3375199624,-0.0896636069,0.3419140788,-0.2812259031,-0.3034068674,1.0000000000,1.0000000000,0.0000000000,0.0000000000,0.0000000000
0.0200000000,-0.1500000000,0.3000000000,-0.0627335374,0.0000000000,0.1240477945,0.4279459906,-0.3217363157,-0.0835017944,-0.3582705904,-0.2667749508,0.2990006778,0.0107104325,-0.3855106877,0.3369760278,-0.0916114333,0.3415780173,-0.2831631906,-0.3034068674,1.0000000000,1.0000000000,0.0000000000,0.0000000000,0.0000000000
0.0200000000,-0.1500000000,0.3000000000,-0.0627335374,0.0000000000,0.1252349500,0.4278885262,-0.3222603432,-0.0852279445,-0.3579183861,-0.2678491871,0.2990006778,0.0157445722,-0.3867868453,0.3363899842,-0.0932788808,0.3412947960,-0.2849069194,-0.3034068674,1.0000000000,1.0000000000,0.0000000000,0.0000000000,0.0000000000
0.0200000000,-0.1500000000,0.3000000000,-0.0627335374,0.0000000000,0.1264815680,0.4278784771,-0.3227156576,-0.0870009286,-0.3575628082,-0.2689804241,0.2990006778,0.0204246586,-0.3880000256,0.3357955032,-0.0946662638,0.3410615096,-0.2864408693,-0.3034068674,1.0000000000,1.0000000000,0.0000000000,0.0000000000,0.0000000000
0.0200000000,-0.1500000000,0.3000000000,-0.0627335374,0.0000000000,0.1277636544,0.4279074148,-0.3231101134,-0.0887969003,-0.3572073085,-0.2701491114,0.2990006778,0.0247741524,-0.3891451485,0.3352125098,-0.0957925776,0.3408731919,-0.2877734159,-0.3034068674,1.0000000000,1.0000000000,0.0000000000,0.0000000000,0.0000000000
0.0200000000,-0.1500000000,0.3000000000,-0.0627335374,0.0000000000,0.1290774944,0.4279717782,-0.3234487629,-0.0906159358,-0.3568513992,-0.2713536838,0.2990006778,0.0288384129,-0.3902248108,0.3346526758,-0.0966691327,0.3407269959,-0.2889135408,-0.3034068674,1.0000000000,1.0000000000,0.0000000000,0.0000000000,0.0000000000
0.0200000000,-0.1500000000,0.3000000000,-0.0627335374,0.0000000000,0.1304352025,0.4280686518,-0.3237408230,-0.0924819510,-0.3564899898,-0.2726081619,0.2990006778,0.0326934480,-0.3912511284,0.3341184128,-0.0973065452,0.3406211280,-0.2898764303,-0.3034068674,1.0000000000,1.0000000000,0.0000000000,0.0000000000,0.0000000000
0.0200000000,-0.1500000000,0.3000000000,-0.0627335374,0.0000000000,0.1318839340,0.4281966572,-0.3240053013,-0.0944765947,-0.3561065182,-0.2739647177,0.2990006778,0.0364839673,-0.3922512397,0.3336034212,-0.0976892528,0.3405594657,-0.2906730954,-0.3034068674,1.0000000000,1.0000000000,0.0000000000,0.0000000000,0.0000000000
0.0200000000,-0.1500000000,0.3000000000,-0.0627335374,0.0000000000,0.1334672499,0.4283506540,-0.3242695464,-0.0966847486,-0.3556825807,-0.2754756622,0.2990006778,0.0403669643,-0.3932523795,0.3331073098,-0.0978001768,0.3405453646,-0.2913130134,-0.3034068674,1.0000000000,1.0000000000,0.0000000000,0.0000000000,0.0000000000
0.0200000000,-0.1500000000,0.3000000000,-0.0627335374,0.0000000000,0.1351832818,0.4285234791,-0.3245530739,-0.0991357208,-0.3552093185,-0.2771569832,0.2990006778,0.0443596961,-0.3942430324,0.3326613206,-0.0975682607,0.3405883456,-0.2917455887,-0.3034068674,1.0000000000,1.0000000000,0.0000000000,0.0000000000,0.0000000000
0.0200000000,-0.1500000000,0.3000000000,-0.0627335374,0.0000000000,0.1369605317,0.4286951527,-0.3248768079,-0.1017831460,-0.3546914462,-0.2789677884,0.2990006778,0.0483530209,-0.3951783899,0.3323219181,-0.0969022852,0.3406988260,-0.2918843416,-0.3034068674,1.0000000000,1.0000000000,0.0000000000,0.0000000000,0.0000000000
0.0200000000,-0.1500000000,0.3000000000,-0.0627335374,0.0000000000,0.1386620189,0.4288290475,-0.3252670404,-0.1045072562,-0.3541482091,-0.2808078654,0.2990006778,0.0521584842,-0.3959997830,0.3321468571,-0.0957489888,0.3408803164,-0.2916552360,-0.3034068674,1.0000000000,1.0000000000,0.0000000000,0.0000000000,0.0000000000
0.0200000000,-0.1500000000,0.3000000000,-0.0627335374,0.0000000000,0.1400938879,0.4288688707,-0.3257683496,-0.1071400684,-0.3536068047,-0.2825321225,0.2990006778,0.0555298328,-0.3966346821,0.3322011310,-0.0940722510,0.3411327429,-0.2909854038,-0.3034068674,1.0000000000,1.0000000000,0.0000000000,0.0000000000,0.0000000000
0.0200000000,-0.1500000000,0.3000000000,-0.0627335374,0.0000000000,0.1411391358,0.4287749636,-0.3264191686,-0.1095726741,-0.3530847232,-0.2840428860,0.2990006778,0.0583861749,-0.3970663106,0.3324907988,-0.0919537852,0.3414410649,-0.2899126007,-0.3034068674,1.0000000000,1.0000000000,0.0000000000,0.0000000000,0.0000000000
0.0200000000,-0.1500000000,0.3000000000,-0.0627335374,0.0000000000,0.1417390970,0.4285143447,-0.3272696720,-0.1117854925,-0.3525809944,-0.2853046293,0.2990006778,0.0607633285,-0.3973037238,0.3330069800,-0.0894345974,0.3417992062,-0.2884693154,-0.3034068674,1.0000000000,1.0000000000,0.0000000000,0.0000000000,0.0000000000
0.0200000000,-0.1500000000,0.3000000000,-0.0627335374,0.0000000000,0.1418453581,0.4280536738,-0.3283788472,-0.1137829132,-0.3520881501,-0.2862980652,0.2990006778,0.0627188379,-0.3973627843,0.3337325521,-0.0865347516,0.3422058258,-0.2866803966,-0.3034068674,1.0000000000,1.0000000000,0.0000000000,0.0000000000,0.0000000000
0.0200000000,-0.1500000000,0.3000000000,-0.0627335374,0.0000000000,0.1414164410,0.4273677691,-0.3297916458,-0.1155487497,-0.3516033621,-0.2869968930,0.2990006778,0.0642939346,-0.3972657959,0.3346305306,-0.0833184960,0.3426537897,-0.2846012633,-0.3034068674,1.0000000000,1.0000000000,0.0000000000,0.0000000000,0.0000000000
0.0200000000,-0.1500000000,0.3000000000,-0.0627335374,0.0000000000,0.1403705494,0.4264131083,-0.3315754460,-0.1170285968,-0.3511287724,-0.2873391080,0.2990006778,0.0654889903,-0.3970324724,0.3356526195,-0.0798733525,0.3431332859,-0.2822995570,-0.3034068674,1.0000000000,1.0000000000,0.0000000000,0.0000000000,0.0000000000
0.0200000000,-0.1500000000,0.3000000000,-0.0627335374,0.0000000000,0.1387510805,0.4251837706,-0.3337542949,-0.1182529493,-0.3506569988,-0.2873425952,0.2990006778,0.0663995973,-0.3967156050,0.3367213898,-0.0762999259,0.3436344180,-0.2798707139,-0.3034068674,1.0000000000,1.0000000000,0.0000000000,0.0000000000,0.0000000000
0.0200000000,-0.1500000000,0.3000000000,-0.0627335374,0.0000000000,0.1366075978,0.4236674385,-0.3363663040,-0.1192750535,-0.3501752597,-0.2870368114,0.2990006778,0.0671265902,-0.3963654745,0.3377692257,-0.0726572564,0.3441535220,-0.2773821348,-0.3034068674,1.0000000000,1.0000000000,0.0000000000,0.0000000000,0.0000000000
0.0200000000,-0.1500000000,0.3000000000,-0.0627335374,0.0000000000,0.1340319778,0.4218753141,-0.3394135051,-0.1201433065,-0.3496755803,-0.2864638036,0.2990006778,0.0677576544,-0.3960363545,0.3387184478,-0.0690393705,0.3446816806,-0.2749232906,-0.3034068674,1.0000000000,1.0000000000,0.0000000000,0.0000000000,0.0000000000
0.0200000000,-0.1500000000,0.3000000000,-0.0627335374,0.0000000000,0.1311870406,0.4198572597,-0.3428404117,-0.1209094134,-0.3491555993,-0.2856925661,0.2990006778,0.0683775714,-0.3957907111,0.3394775166,-0.0655895102,0.3452024362,-0.2726167519,-0.3034068674,1.0000000000,1.0000000000,0.0000000000,0.0000000000,0.0000000000
0.0200000000,-0.1500000000,0.3000000000,-0.0627335374,0.0000000000,0.1282350959,0.4176352592,-0.3466506016,-0.1216452509,-0.3486033517,-0.2847894494,0.2990006778,0.0690989940,-0.3957102584,0.3399290746,-0.0624545753,0.3457011799,-0.2705969823,-0.3034068674,1.0000000000,1.0000000000,0.0000000000,0.0000000000,0.0000000000
0.0200000000,-0.1500000000,0.3000000000,-0.0627335374,0.0000000000,0.1253054468,0.4152146145,-0.3508772793,-0.1224561608,-0.3479970841,-0.2838292152,0.2990006778,0.0700396381,-0.3958442529,0.3400275001,-0.0596395564,0.3461804024,-0.2688924271,-0.3034068674,1.0000000000,1.0000000000,0.0000000000,0.0000000000,0.0000000000
0.0200000000,-0.1500000000,0.3000000000,-0.0627335374,0.0000000000,0.1225128840,0.4125875494,-0.3555816958,-0.1234387831,-0.3473134510,-0.2828718240,0.2990006778,0.0713077761,-0.3962372807,0.3397319240,-0.0571405144,0.3466438574,-0.2675235362,-0.3034068674,1.0000000000,1.0000000000,0.0000000000,0.0000000000,0.0000000000
0.0200000000,-0.1500000000,0.3000000000,-0.0627335374,0.0000000000,0.1200106436,0.4097739540,-0.3607855511,-0.1246680091,-0.3465370857,-0.2819791264,0.2990006778,0.0729951533,-0.3969286444,0.3390036929,-0.0549943833,0.3470881027,-0.2665335535,-0.3034068674,1.0000000000,1.0000000000,0.0000000000,0.0000000000,0.0000000000
0.0200000000,-0.1500000000,0.3000000000,-0.0627335374,0.0000000000,0.1179617736,0.4068301524,-0.3664425529,-0.1261765315,-0.3456669864,-0.2812056183,0.2990006778,0.0751515167,-0.3979269935,0.3378458941,-0.0532403752,0.3475054170,-0.2659517437,-0.3034068674,1.0000000000,1.0000000000,0.0000000000,0.0000000000,0.0000000000
0.0200000000,-0.1500000000,0.3000000000,-0.0627335374,0.0000000000,0.1165460626,0.4038575290,-0.3724238795,-0.1279342768,-0.3447217952,-0.2805905895,0.2990006778,0.0777851578,-0.3992069631,0.3363083477,-0.0519347140,0.3478808519,-0.2658016000,-0.3034068674,1.0000000000,1.0000000000,0.0000000000,0.0000000000,0.0000000000
0.0200000000,-0.1500000000,0.3000000000,-0.0627335374,0.0000000000,0.1156992220,0.4010012600,-0.3784052760,-0.1297442380,-0.3437694068,-0.2800869447,0.2990006778,0.0806862530,-0.4006158022,0.3346072870,-0.0510081106,0.3482057396,-0.2659608964,-0.3034068674,1.0000000000,1.0000000000,0.0000000000,0.0000000000,0.0000000000
0.0200000000,-0.1500000000,0.3000000000,-0.0627335374,0.0000000000,0.1152261694,0.3983615682,-0.3840925006,-0.1313821908,-0.3428797181,-0.2796053846,0.2990006778,0.0836068136,-0.4019945610,0.3329584165,-0.0503570231,0.3484776052,-0.2662817150,-0.3034068674,1.0000000000,1.0000000000,0.0000000000,0.0000000000,0.0000000000
0.0200000000,-0.1500000000,0.3000000000,-0.0627335374,0.0000000000,0.1148820252,0.3959618998,-0.3893228848,-0.1326727776,-0.3421007034,-0.2790463078,0.2990006778,0.0863501345,-0.4032280408,0.3315140535,-0.0498675363,0.3487018222,-0.2666316520,-0.3034068674,1.0000000000,1.0000000000,0.0000000000,0.0000000000,0.0000000000
0.0200000000,-0.1500000000,0.3000000000,-0.0627335374,0.0000000000,0.1144454510,0.3937573481,-0.3940819115,-0.1335249454,-0.3414503864,-0.2783273016,0.2990006778,0.0888089285,-0.4042638761,0.3303398149,-0.0494357425,0.3488902392,-0.2669168292,-0.3034068674,1.0000000000,1.0000000000,0.0000000000,0.0000000000,0.0000000000
0.0200000000,-0.1500000000,0.3000000000,-0.0627335374,0.0000000000,0.1137459935,0.3916816107,-0.3984152087,-0.1338758900,-0.3409362390,-0.2773751282,0.2990006778,0.0909250560,-0.4050850364,0.3294513959,-0.0489790808,0.3490557260,-0.2670750531,-0.3034068674,1.0000000000,1.0000000000,0.0000000000,0.0000000000,0.0000000000
0.0200000000,-0.1500000000,0.3000000000,-0.0627335374,0.0000000000,0.1127581672,0.3896616729,-0.4024546685,-0.1337942643,-0.3405331540,-0.2761947406,0.2990006778,0.0927393155,-0.4057417388,0.3287708329,-0.0484462125,0.3492146693,-0.2670986430,-0.3034068674,1.0000000000,1.0000000000,0.0000000000,0.0000000000,0.0000000000
0.0200000000,-0.1500000000,0.3000000000,-0.0627335374,0.0000000000,0.1115232923,0.3876901617,-0.4062290425,-0.1333381398,-0.3402285013,-0.2748198471,0.2990006778,0.0942581117,-0.4062700402,0.3282342157,-0.0478082177,0.3493782406,-0.2669862024,-0.3034068674,1.0000000000,1.0000000000,0.0000000000,0.0000000000,0.0000000000
0.0200000000,-0.1500000000,0.3000000000,-0.0627335374,0.0000000000,0.1101070293,0.3858168557,-0.4096620417,-0.1325489997,-0.3400232816,-0.2733037480,0.2990006778,0.0954373093,-0.4066840792,0.3278018003,-0.0470428532,0.3495541620,-0.2667283203,-0.3034068674,1.0000000000,1.0000000000,0.0000000000,0.0000000000,0.0000000000
0.0200000000,-0.1500000000,0.3000000000,-0.0627335374,0.0000000000,0.1085779012,0.3841128763,-0.4126384372,-0.1314669880,-0.3399222820,-0.2717089763,0.2990006778,0.0962186976,-0.4069871385,0.3274493809,-0.0461320990,0.3497479476,-0.2663126470,-0.3034068674,1.0000000000,1.0000000000,0.0000000000,0.0000000000,0.0000000000
0.0200000000,-0.1500000000,0.3000000000,-0.0627335374,0.0000000000,0.1069783743,0.3826601333,-0.4150070477,-0.1301068404,-0.3399384147,-0.2700879427,0.2990006778,0.0965184836,-0.4071671286,0.3271731112,-0.0450486999,0.3499648195,-0.2657130777,-0.3034068674,1.0000000000,1.0000000000,0.0000000000,0.0000000000,0.0000000000
0.0200000000,-0.1500000000,0.3000000000,-0.0627335374,0.0000000000,0.1053584251,0.3814671115,-0.4167858309,-0.1285591301,-0.3400525909,-0.2684976397,0.2990006778,0.0963980415,-0.4072376572,0.3269671359,-0.0438346821,0.3501980947,-0.2649645388,-0.3034068674,1.0000000000,1.0000000000,0.0000000000,0.0000000000,0.0000000000
0.0200000000,-0.1500000000,0.3000000000,-0.0627335374,0.0000000000,0.1038081968,0.3805330785,-0.4180338854,-0.1269705886,-0.3402320953,-0.2670241818,0.2990006778,0.0959823539,-0.4072212923,0.3268287928,-0.0425962277,0.3504296228,-0.2641485729,-0.3034068674,1.0000000000,1.0000000000,0.0000000000,0.0000000000,0.0000000000
0.0200000000,-0.1500000000,0.3000000000,-0.0627335374,0.0000000000,0.1024478691,0.3798560650,-0.4188289698,-0.1255209543,-0.3404367877,-0.2657730205,0.2990006778,0.0954263522,-0.4071477918,0.3267514688,-0.0414740157,0.3506356139,-0.2633726398,-0.3034068674,1.0000000000,1.0000000000,0.0000000000,0.0000000000,0.0000000000
0.0200000000,-0.1500000000,0.3000000000,-0.0627335374,0.0000000000,0.1013140039,0.3793992923,-0.4192740666,-0.1242918406,-0.3406409607,-0.2647727067,0.2990006778,0.0948298925,-0.4070393440,0.3267254367,-0.0405390718,0.3508046300,-0.2626952888,-0.3034068674,1.0000000000,1.0000000000,0.0000000000,0.0000000000,0.0000000000
0.0200000000,-0.1500000000,0.3000000000,-0.0627335374,0.0000000000,0.1002418665,0.3790643554,-0.4194828831,-0.1231361406,-0.3408577638,-0.2638839289,0.2990006778,0.0941402079,-0.4068884625,0.3267480055,-0.0396985982,0.3509530200,-0.2620538818,-0.3034068674,1.0000000000,1.0000000000,0.0000000000,0.0000000000,0.0000000000
0.0200000000,-0.1500000000,0.3000000000,-0.0627335374,0.0000000000,0.0989557883,0.3787017513,-0.4196107551,-0.1217737839,-0.3411196492,-0.2628620403,0.2990006778,0.0932417000,-0.4066800031,0.3268107209,-0.0387560831,0.3511156443,-0.2613154910,-0.3034068674,1.0000000000,1.0000000000,0.0000000000,0.0000000000,0.0000000000
0.0200000000,-0.1500000000,0.3000000000,-0.0627335374,0.0000000000,0.0973672246,0.3782486363,-0.4197349080,-0.1201083553,-0.3414359448,-0.2616179367,0.2990006778,0.0921129681,-0.4064153101,0.3269038128,-0.0376506927,0.3513040073,-0.2604425639,-0.3034068674,1.0000000000,1.0000000000,0.0000000000,0.0000000000,0.0000000000
0.0200000000,-0.1500000000,0.3000000000,-0.0627335374,0.0000000000,0.0955927687,0.3777312523,-0.4198638310,-0.1182349375,-0.3417899191,-0.2602224041,0.2990006778,0.0908387526,-0.4061164244,0.3270125662,-0.0364553559,0.3515068868,-0.2594940280,-0.3034068674,1.0000000000,1.0000000000,0.0000000000,0.0000000000,0.0000000000
0.0200000000,-0.1500000000,0.3000000000,-0.0627335374,0.0000000000,0.0938502790,0.3772269220,-0.4199607209,-0.1163162028,-0.3421573061,-0.2588111693,0.2990006778,0.0895286214,-0.4058109422,0.3271201543,-0.0352666535,0.3517091060,-0.2585468530,-0.3034068674,1.0000000000,1.0000000000,0.0000000000,0.0000000000,0.0000000000
0.0200000000,-0.1500000000,0.3000000000,-0.0627335374,0.0000000000,0.0923881098,0.3768428685,-0.4199468272,-0.1144867528,-0.3425224314,-0.2575164265,0.2990006778,0.0882305770,-0.4055146100,0.3272124280,-0.0341095623,0.3519076093,-0.2576259701,-0.3034068674,0.9915219812,1.0000000000,0.0000000000,0.0000000000,0.0000000000
0.0200000000,-0.1500000000,0.3000000000,-0.0627335374,0.0000000000,0.0913323429,0.3766479965,-0.4197599829,-0.1128070808,-0.3428799347,-0.2564054391,0.2990006778,0.0869145600,-0.4052238835,0.3272867312,-0.0329346289,0.3521110858,-0.2566979940,-0.3034068674,0.9255517215,1.0000000000,0.0000000000,0.0000000000,0.0000000000
0.0200000000,-0.1500000000,0.3000000000,-0.0627335374,0.0000000000,0.0906967222,0.3766597499,-0.4193780616,-0.1113092763,-0.3432256152,-0.2555044259,0.2990006778,0.0855546567,-0.4049331069,0.3273453989,-0.0317175905,0.3523234717,-0.2557443108,-0.3034068674,0.8588850548,1.0000000000,0.0000000000,0.0000000000,0.0000000000
0.0200000000,-0.1500000000,0.3000000000,-0.0627335374,0.0000000000,0.0903909819,0.3768384774,-0.4188338621,-0.1100218707,-0.3435508896,-0.2548113737,0.2990006778,0.0841806563,-0.4046460850,0.3273908594,-0.0304973272,0.3525378464,-0.2547916937,-0.3034068674,0.7922183881,1.0000000000,0.0000000000,0.0000000000,0.0000000000
0.0200000000,-0.1500000000,0.3000000000,-0.0627335374,0.0000000000,0.0902299550,0.3770876814,-0.4182196738,-0.1089736049,-0.3438418026,-0.2542984535,0.2990006778,0.0828791386,-0.4043766905,0.3274251489,-0.0293634300,0.3527386093,-0.2539047591,-0.3034068674,0.7255517215,1.0000000000,0.0000000000,0.0000000000,0.0000000000
0.0200000000,-0.1500000000,0.3000000000,-0.0627335374,0.0000000000,0.0899710563,0.3772674000,-0.4176806563,-0.1082370484,-0.3440722106,-0.2539447755,0.2990006778,0.0817899267,-0.4041487645,0.3274494251,-0.0284437149,0.3529036248,-0.2531781925,-0.3034068674,0.6588850548,1.0000000000,0.0000000000,0.0000000000,0.0000000000
0.0200000000,-0.1500000000,0.3000000000,-0.0627335374,0.0000000000,0.0894547226,0.3772767892,-0.4173314317,-0.1078362461,-0.3442272799,-0.2537176605,0.2990006778,0.0809867240,-0.4039751462,0.3274663226,-0.0277878157,0.3530236828,-0.2526510846,-0.3034068674,0.5922183881,1.0000000000,0.0000000000,0.0000000000,0.0000000000
0.0200000000,-0.1500000000,0.3000000000,-0.0627335374,0.0000000000,0.0886478341,0.3770878507,-0.4172118215,-0.1077858120,-0.3443006539,-0.2536124033,0.2990006778,0.0804694414,-0.4038573201,0.3274774298,-0.0273793749,0.3531006717,-0.2523146455,-0.3034068674,0.5255517215,1.0000000000,0.0000000000,0.0000000000,0.0000000000
0.0200000000,-0.1500000000,0.3000000000,-0.0627335374,0.0000000000,0.0875888558,0.3767200524,-0.4173074742,-0.1080779918,-0.3442946350,-0.2536326510,0.2990006778,0.0801763050,-0.4037854762,0.3274842823,-0.0271560910,0.3531445573,-0.2521242940,-0.3034068674,0.4588850548,1.0000000000,0.0000000000,0.0000000000,0.0000000000
0.0200000000,-0.1500000000,0.3000000000,-0.0627335374,0.0000000000,0.0863616843,0.3762244532,-0.4175667720,-0.1086588257,-0.3442227116,-0.2537685318,0.2990006778,0.0800210951,-0.4037442193,0.3274884217,-0.0270421460,0.3531680740,-0.2520231610,-0.3034068674,0.3922183881,1.0000000000,0.0000000000,0.0000000000,0.0000000000
0.0200000000,-0.1500000000,0.3000000000,-0.0627335374,0.0000000000,0.0850687077,0.3756640003,-0.4179253484,-0.1094357739,-0.3441058190,-0.2539920538,0.2990006778,0.0799505681,-0.4037243780,0.3274905318,-0.0269917437,0.3531788549,-0.2519770534,-0.3034068674,0.3255517215,1.0000000000,0.0000000000,0.0000000000,0.0000000000
0.0200000000,-0.1500000000,0.3000000000,-0.0627335374,0.0000000000,0.0837970853,0.3751006655,-0.4183100923,-0.1102706089,-0.3439740616,-0.2542475571,0.2990006778,0.0799255331,-0.4037172164,0.3274913135,-0.0269740041,0.3531826895,-0.2519606743,-0.3034068674,0.2588850548,1.0000000000,0.0000000000,0.0000000000,0.0000000000
0.0200000000,-0.1500000000,0.3000000000,-0.0627335374,0.0000000000,0.0825719509,0.3745585311,-0.4186875314,-0.1110809881,-0.3438445494,-0.2544961544,0.2990006778,0.0799202576,-0.4037157024,0.3274914800,-0.0269702725,0.3531834977,-0.2519572227,-0.3034068674,0.1922183881,1.0000000000,0.0000000000,0.0000000000,0.0000000000
0.0200000000,-0.1500000000,0.3000000000,-0.0627335374,0.0000000000,0.0813709808,0.3740345270,-0.4190512022,-0.1118290742,-0.3437244294,-0.2547136906,0.2990006778,0.0799198260,-0.4037155786,0.3274914936,-0.0269699672,0.3531835638,-0.2519569403,-0.3034068674,0.1255517215,1.0000000000,0.0000000000,0.0000000000,0.0000000000
0.0200000000,-0.1500000000,0.3000000000,-0.0627335374,0.0000000000,0.0801046285,0.3734943317,-0.4194192732,-0.1125261535,-0.3436103150,-0.2548917865,0.2990006778,0.0799198242,-0.4037155781,0.3274914937,-0.0269699659,0.3531835641,-0.2519569391,-0.3034068674,0.0588850548,1.0000000000,0.0000000000,0.0000000000,0.0000000000
0.0200000000,-0.1500000000,0.3000000000,-0.0627335374,0.0000000000,0.0785737086,0.3728600798,-0.4198369904,-0.1132129082,-0.3434911391,-0.2550202302,0.2990006778,0.0799198242,-0.4037155781,0.3274914937,-0.0269699659,0.3531835641,-0.2519569391,-0.3034068674,0.0009807387,1.0000000000,0.0000000000,0.0000000000,0.0000000000
0.0200000000,-0.1500000000,0.3000000000,-0.0627335374,0.0000000000,0.0766379314,0.3720770827,-0.4203345794,-0.1138895916,-0.3433645108,-0.2550748981,0.2990006778,0.0799198242,-0.4037155781,0.3274914937,-0.0269699659,0.3531835641,-0.2519569391,-0.3034068674,0.0000000000,1.0000000000,0.0000000000,0.0000000000,0.0000000000
0.0200000000,-0.1500000000,0.3000000000,-0.0627335374,0.0000000000,0.0742547343,0.3711307881,-0.4209160791,-0.1144914380,-0.3432414681,-0.2550103257,0.2990006778,0.0799198242,-0.4037155781,0.3274914937,-0.0269699659,0.3531835641,-0.2519569391,-0.3034068674,0.0000000000,1.0000000000,0.0000000000,0.0000000000,0.0000000000
0.0200000000,-0.1500000000,0.3000000000,-0.0627335374,0.0000000000,0.0714332553,0.3700267279,-0.4215729813,-0.1149315465,-0.3431380726,-0.2547769714,0.2990006778,0.0799198242,-0.4037155781,0.3274914937,-0.0269699659,0.3531835641,-0.2519569391,-0.3034068674,0.0000000000,1.0000000000,0.0000000000,0.0000000000,0.0000000000
0.0200000000,-0.1500000000,0.3000000000,-0.0627335374,0.0000000000,0.0681726725,0.3687656895,-0.4222991861,-0.1151370162,-0.3430679489,-0.2543322079,0.2990006778,0.0799198242,-0.4037155781,0.3274914937,-0.0269699659,0.3531835641,-0.2519569391,-0.3034068674,0.0000000000,1.0000000000,0.0000000000,0.0000000000,0.0000000000
0.0200000000,-0.1500000000,0.3000000000,-0.0627335374,0.0000000000,0.0643288050,0.3672944092,-0.4231138530,-0.1150159831,-0.3430459438,-0.2535991033,0.2990006778,0.0799198242,-0.4037155781,0.3274914937,-0.0269699659,0.3531835641,-0.2519569391,-0.3034068674,0.0000000000,1.0000000000,0.0000000000,0.0000000000,0.0000000000
0.0200000000,-0.1500000000,0.3000000000,-0.0627335374,0.0000000000,0.0597869777,0.3655688688,-0.4240320577,-0.1145227172,-0.3430800449,-0.2525337285,0.2990006778,0.0799198242,-0.4037155781,0.3274914937,-0.0269699659,0.3531835641,-0.2519569391,-0.3034068674,0.0000000000,1.0000000000,0.0000000000,0.0000000000,0.0000000000
0.0200000000,-0.1500000000,0.3000000000,-0.0627335374,0.0000000000,0.0544275228,0.3635440167,-0.4250628963,-0.1135788287,-0.3431867421,-0.2510741410,0.2990006778,0.0799198242,-0.4037155781,0.3274914937,-0.0269699659,0.3531835641,-0.2519569391,-0.3034068674,0.0000000000,1.0000000000,0.0000000000,0.0000000000,0.0000000000
0.0200000000,-0.1500000000,0.3000000000,-0.0627335374,0.0000000000,0.0481850622,0.3611958047,-0.4261955670,-0.1121055571,-0.3433879006,-0.2491707434,0.2990006778,0.0799198242,-0.4037155781,0.3274914937,-0.0269699659,0.3531835641,-0.2519569391,-0.3034068674,0.0000000000,1.0000000000,0.0000000000,0.0000000000,0.0000000000
0.0200000000,-0.1500000000,0.3000000000,-0.0627335374,0.0000000000,0.0411655250,0.3585648042,-0.4273835525,-0.1100949230,-0.3436960428,-0.2468464625,0.2990006778,0.0799198242,-0.4037155781,0.3274914937,-0.0269699659,0.3531835641,-0.2519569391,-0.3034068674,0.0000000000,1.0000000000,0.0000000000,0.0000000000,0.0000000000
0.0200000000,-0.1500000000,0.3000000000,-0.0627335374,0.0000000000,0.0337499096,0.3557948639,-0.4285282102,-0.1076355389,-0.3441071395,-0.2442285274,0.2990006778,0.0799198242,-0.4037155781,0.3274914937,-0.0269699659,0.3531835641,-0.2519569391,-0.3034068674,0.0000000000,1.0000000000,0.0000000000,0.0000000000,0.0000000000
0.0200000000,-0.1500000000,0.3000000000,-0.0627335374,0.0000000000,0.0265278926,0.3531039697,-0.4295359801,-0.1049875173,-0.3445771663,-0.2415663477,0.2990006778,0.0799198242,-0.4037155781,0.3274914937,-0.0269699659,0.3531835641,-0.2519569391,-0.3034068674,0.0000000000,1.0000000000,0.0000000000,0.0000000000,0.0000000000
0.0200000000,-0.1500000000,0.3000000000,-0.0627335374,0.0000000000,0.0197370544,0.3505793405,-0.4303787217,-0.1022900532,-0.3450795773,-0.2389780572,0.2990006778,0.0799198272,-0.4037155778,0.3274914961,-0.0269699685,0.3531835632,-0.2519569410,-0.3034068674,0.0000000000,1.0000000000,0.0000000000,0.0000000000,0.0000000000
0.0200000000,-0.1500000000,0.3000000000,-0.0627335374,0.0000000000,0.0132994903,0.3481925293,-0.4310773805,-0.0995609354,-0.3456070853,-0.2364597778,0.2990006778,0.0799195395,-0.4037156002,0.3274912642,-0.0269697186,0.3531836466,-0.2519567558,-0.3034068674,0.0000000000,1.0000000000,0.0000000000,0.0000000000,0.0000000000
0.0200000000,-0.1500000000,0.3000000000,-0.0627335374,0.0000000000,0.0071029224,0.3459003277,-0.4316617560,-0.0967993416,-0.3461559664,-0.2339899555,0.2990006778,0.0799163317,-0.4037158476,0.3274886813,-0.0269669330,0.3531845757,-0.2519546897,-0.3034068674,0.0000000000,1.0000000000,0.0000000000,0.0000000000,0.0000000000
0.0200000000,-0.1500000000,0.3000000000,-0.0627335374,0.0000000000,0.0012416089,0.3437311008,-0.4321344631,-0.0940745869,-0.3467132015,-0.2316200197,0.2990006778,0.0799004318,-0.4037173624,0.3274751760,-0.0269528604,0.3531893243,-0.2519443607,-0.3034068674,0.0000000000,1.0000000000,0.0000000000,0.0000000000,0.0000000000
0.0200000000,-0.1500000000,0.3000000000,-0.0627335374,0.0000000000,-0.0041651392,0.3417253403,-0.4325132631,-0.0914849982,-0.3472551350,-0.2294141991,0.2990006778,0.0798670428,-0.4037221725,0.3274428586,-0.0269218147,0.3532000996,-0.2519221780,-0.3034068674,0.0000000000,1.0000000000,0.0000000000,0.0000000000,0.0000000000
0.0200000000,-0.1500000000,0.3000000000,-0.0627335374,0.0000000000,-0.0089971309,0.3399329843,-0.4328129771,-0.0891219553,-0.3477548718,-0.2274320920,0.2990006778,0.0798251797,-0.4037328711,0.3273912000,-0.0268786724,0.3532158442,-0.2518930544,-0.3034068674,0.0000000000,1.0000000000,0.0000000000,0.0000000000,0.0000000000
0.0200000000,-0.1500000000,0.3000000000,-0.0627335374,0.0000000000,-0.0131405434,0.3384033325,-0.4330434590,-0.0870637064,-0.3481889552,-0.2257258440,0.2990006778,0.0797873377,-0.4037513474,0.3273241649,-0.0268319325,0.3532340599,-0.2518645940,-0.3034068674,0.0000000000,1.0000000000,0.0000000000,0.0000000000,0.0000000000
0.0200000000,-0.1500000000,0.3000000000,-0.0627335374,0.0000000000,-0.0166392615,0.3371198422,-0.4332175860,-0.0852989450,-0.3485586008,-0.2242787560,0.2990006778,0.0797566110,-0.4037774654,0.3272452750,-0.0267845906,0.3532534622,-0.2518394012,-0.3034068674,0.0000000000,1.0000000000,0.0000000000,0.0000000000,0.0000000000
0.0200000000,-0.1500000000,0.3000000000,-0.0627335374,0.0000000000,-0.0197367568,0.3359848624,-0.4333556031,-0.0837116130,-0.3488912477,-0.2229916778,0.2990006778,0.0797292388,-0.4038100578,0.3271560859,-0.0267348634,0.3532740926,-0.2518159133,-0.3034068674,0.0000000000,1.0000000000,0.0000000000,0.0000000000,0.0000000000
0.0200000000,-0.1500000000,0.3000000000,-0.0627335374,0.0000000000,-0.0228190179,0.3348483140,-0.4334823697,-0.0821149148,-0.3492294398,-0.2217085098,0.2990006778,0.0797028723,-0.4038501120,0.3270536619,-0.0266791328,0.3532969067,-0.2517921428,-0.3034068674,0.0000000000,1.0000000000,0.0000000000,0.0000000000,0.0000000000
0.0200000000,-0.1500000000,0.3000000000,-0.0627335374,0.0000000000,-0.0261951598,0.3335900481,-0.4336078458,-0.0803485848,-0.3496108758,-0.2203026715,0.2990006778,0.0796784560,-0.4039068922,0.3269197771,-0.0266082371,0.3533254080,-0.2517661438,-0.3034068674,0.0000000000,1.0000000000,0.0000000000,0.0000000000,0.0000000000
0.0200000000,-0.1500000000,0.3000000000,-0.0627335374,0.0000000000,-0.0300869423,0.3321234861,-0.4337343854,-0.0782934020,-0.3500642938,-0.2186834750,0.2990006778,0.0796580778,-0.4039906771,0.3267336357,-0.0265127881,0.3533635729,-0.2517360306,-0.3034068674,0.0000000000,1.0000000000,0.0000000000,0.0000000000,0.0000000000
0.0200000000,-0.1500000000,0.3000000000,-0.0627335374,0.0000000000,-0.0344162035,0.3304787247,-0.4338578318,-0.0759922771,-0.3505797553,-0.2168859682,0.2990006778,0.0796452722,-0.4040996030,0.3264985533,-0.0263962043,0.3534107389,-0.2517029172,-0.3034068674,0.0000000000,1.0000000000,0.0000000000,0.0000000000,0.0000000000
0.0200000000,-0.1500000000,0.3000000000,-0.0627335374,0.0000000000,-0.0386753160,0.3288515291,-0.4339661567,-0.0737208125,-0.3510929309,-0.2151242295,0.2990006778,0.0796477458,-0.4042202853,0.3262432509,-0.0262759419,0.3534609700,-0.2516725128,-0.3034068674,0.0000000000,1.0000000000,0.0000000000,0.0000000000,0.0000000000
0.0200000000,-0.1500000000,0.3000000000,-0.0627335374,0.0000000000,-0.0423506467,0.3274444942,-0.4340533689,-0.0717601444,-0.3515362417,-0.2136106621,0.2990006778,0.0796694350,-0.4043408067,0.3259939123,-0.0261664161,0.3535088376,-0.2516494790,-0.3034068674,0.0000000000,1.0000000000,0.0000000000,0.0000000000,0.0000000000
0.0200000000,-0.1500000000,0.3000000000,-0.0627335374,0.0000000000,-0.0453940734,0.3262809696,-0.4341236487,-0.0701372584,-0.3519006044,-0.2123619362,0.2990006778,0.0797081688,-0.4044594758,0.3257539793,-0.0260683741,0.3535537061,-0.2516337286,-0.3034068674,0.0000000000,1.0000000000,0.0000000000,0.0000000000,0.0000000000
0.0200000000,-0.1500000000,0.3000000000,-0.0627335374,0.0000000000,-0.0480626725,0.3252628694,-0.4341853430,-0.0687117425,-0.3522173380,-0.2112684167,0.2990006778,0.0797569270,-0.4045773543,0.3255194962,-0.0259768987,0.3535967350,-0.2516224778,-0.3034068674,0.0000000000,1.0000000000,0.0000000000,0.0000000000,0.0000000000
0.0200000000,-0.1500000000,0.3000000000,-0.0627335374,0.0000000000,-0.0506260526,0.3242820221,-0.4342434418,-0.0673363470,-0.3525224415,-0.2102180514,0.2990006778,0.0798098858,-0.4046964837,0.3252849765,-0.0258865324,0.3536393351,-0.2516130624,-0.3034068674,0.0000000000,1.0000000000,0.0000000000,0.0000000000,0.0000000000
0.0200000000,-0.1500000000,0.3000000000,-0.0627335374,0.0000000000,-0.0533031274,0.3232417308,-0.4342978408,-0.0658917968,-0.3528495828,-0.2091243618,0.2990006778,0.0798702061,-0.4048264593,0.3250342036,-0.0257885420,0.3536843734,-0.2516046086,-0.3034068674,0.0000000000,1.0000000000,0.0000000000,0.0000000000,0.0000000000
0.0200000000,-0.1500000000,0.3000000000,-0.0627335374,0.0000000000,-0.0563315138,0.3220433444,-0.4343505707,-0.0642542470,-0.3532304478,-0.2078956316,0.2990006778,0.0799497430,-0.4049859399,0.3247371208,-0.0256691654,0.3537368145,-0.2515974999,-0.3034068674,0.0000000000,1.0000000000,0.0000000000,0.0000000000,0.0000000000
0.0200000000,-0.1500000000,0.3000000000,-0.0627335374,0.0000000000,-0.0598780229,0.3206300709,-0.4344070204,-0.0623408847,-0.3536792185,-0.2064672176,0.2990006778,0.0800589057,-0.4051899345,0.3243697888,-0.0255176259,0.3538005701,-0.2515922952,-0.3034068674,0.0000000000,1.0000000000,0.0000000000,0.0000000000,0.0000000000
0.0200000000,-0.1500000000,0.3000000000,-0.0627335374,0.0000000000,-0.0638708230,0.3190416235,-0.4344694482,-0.0601947021,-0.3541792998,-0.2048687540,0.2990006778,0.0801975828,-0.4054350591,0.3239380694,-0.0253362353,0.3538747482,-0.2515889098,-0.3034068674,0.0000000000,1.0000000000,0.0000000000,0.0000000000,0.0000000000
0.0200000000,-0.1500000000,0.3000000000,-0.0627335374,0.0000000000,-0.0680237515,0.3173887949,-0.4345329420,-0.0579710086,-0.3546954172,-0.2032176693,0.2990006778,0.0803589098,-0.4057027704,0.3234730032,-0.0251378595,0.3539544896,-0.2515866391,-0.3034068674,0.0000000000,1.0000000000,0.0000000000,0.0000000000,0.0000000000
0.0200000000,-0.1500000000,0.3000000000,-0.0627335374,0.0000000000,-0.0720332497,0.3157779224,-0.4345895344,-0.0558379725,-0.3551956995,-0.2016432279,0.2990006778,0.0805412423,-0.4059767247,0.3230033492,-0.0249334138,0.3540354421,-0.2515848198,-0.3034068674,0.0000000000,1.0000000000,0.0000000000,0.0000000000,0.0000000000
0.0200000000,-0.1500000000,0.3000000000,-0.0627335374,0.0000000000,-0.0758459515,0.3142291508,-0.4346389593,-0.0538249408,-0.3556743285,-0.2001662752,0.2990006778,0.0807411196,-0.4062516315,0.3225374809,-0.0247261675,0.3541163529,-0.2515828896,-0.3034068674,0.0000000000,1.0000000000,0.0000000000,0.0000000000,0.0000000000
0.0200000000,-0.1500000000,0.3000000000,-0.0627335374,0.0000000000,-0.0796259100,0.3126899818,-0.4346890738,-0.0518443721,-0.3561445977,-0.1987173928,0.2990006778,0.0809569983,-0.4065331310,0.3220647473,-0.0245097142,0.3541992425,-0.2515793861,-0.3034068674,0.0000000000,1.0000000000,0.0000000000,0.0000000000,0.0000000000
0.0200000000,-0.1500000000,0.3000000000,-0.0627335374,0.0000000000,-0.0836471916,0.3110694829,-0.4347537859,-0.0497604458,-0.3566274913,-0.1971883450,0.2990006778,0.0811945976,-0.4068349046,0.3215622121,-0.0242680619,0.3542888202,-0.2515709064,-0.3034068674,0.0000000000,1.0000000000,0.0000000000,0.0000000000,0.0000000000
0.0200000000,-0.1500000000,0.3000000000,-0.0627335374,0.0000000000,-0.0881356559,0.3092901412,-0.4348453141,-0.0474694832,-0.3571394180,-0.1954958963,0.2990006778,0.0814614766,-0.4071686048,0.3210110923,-0.0239844619,0.3543895687,-0.2515527536,-0.3034068674,0.0000000000,1.0000000000,0.0000000000,0.0000000000,0.0000000000
0.0200000000,-0.1500000000,0.3000000000,-0.0627335374,0.0000000000,-0.0931079837,0.3073413704,-0.4349655648,-0.0449773452,-0.3576800672,-0.1936447132,0.2990006778,0.0817492028,-0.4075248221,0.3204255944,-0.0236531842,0.3545012408,-0.2515169057,-0.3034068674,0.0000000000,1.0000000000,0.0000000000,0.0000000000,0.0000000000
0.0200000000,-0.1500000000,0.3000000000,-0.0627335374,0.0000000000,-0.0982579946,0.3053219314,-0.4351001322,-0.0424425877,-0.3582257924,-0.1917598777,0.2990006778,0.0820255692,-0.4078671657,0.3198613884,-0.0232936599,0.3546157666,-0.2514575122,-0.3034068674,0.0000000000,1.0000000000,0.0000000000,0.0000000000,0.0000000000
0.0200000000,-0.1500000000,0.3000000000,-0.0627335374,0.0000000000,-0.1033938437,0.3032931912,-0.4352431369,-0.0399658682,-0.3587609812,-0.1899192706,0.2990006778,0.0822672717,-0.4081710178,0.3193558017,-0.0229189482,0.3547277295,-0.2513704787,-0.3034068674,0.0000000000,1.0000000000,0.0000000000,0.0000000000,0.0000000000
0.0200000000,-0.1500000000,0.3000000000,-0.0627335374,0.0000000000,-0.1084708164,0.3012662897,-0.4353996201,-0.0375718893,-0.3592812961,-0.1881398811,0.2990006778,0.0824617450,-0.4084263892,0.3189231790,-0.0225346297,0.3548349613,-0.2512541462,-0.3034068674,0.0000000000,1.0000000000,0.0000000000,0.0000000000,0.0000000000
0.0200000000,-0.1500000000,0.3000000000,-0.0627335374,0.0000000000,-0.1135108492,0.2992168103,-0.4355745541,-0.0352487013,-0.3597938991,-0.1864156830,0.2990006778,0.0825986040,-0.4086275458,0.3185708951,-0.0221432501,0.3549364149,-0.2511069992,-0.3034068674,0.0000000000,1.0000000000,0.0000000000,0.0000000000,0.0000000000
0.0200000000,-0.1500000000,0.3000000000,-0.0627335374,0.0000000000,-0.1185423384,0.2969946834,-0.4357267942,-0.0329567399,-0.3603685862,-0.1847809751,0.2990006778,0.0826527240,-0.4087570626,0.3183229653,-0.0217463078,0.3550297984,-0.2509210439,-0.3034068674,0.0000000000,1.0000000000,0.0000000000,0.0000000000,0.0000000000
0.0200000000,-0.1500000000,0.3000000000,-0.0627335374,0.0000000000,-0.1235993637,0.2943263096,-0.4357599229,-0.0306125046,-0.3611443349,-0.1833028107,0.2990006778,0.0826085951,-0.4088073997,0.3181884132,-0.0213431689,0.3551144962,-0.2506917976,-0.3034068674,0.0000000000,1.0000000000,0.0000000000,0.0000000000,0.0000000000
0.0200000000,-0.1500000000,0.3000000000,-0.0627335374,0.0000000000,-0.1287908750,0.2910943797,-0.4356765275,-0.0281597732,-0.3621610349,-0.1819664422,0.2990006778,0.0824502911,-0.4087720495,0.3181742130,-0.0209255316,0.3551913754,-0.2504105850,-0.3034068674,0.0000000000,1.0000000000,0.0000000000,0.0000000000,0.0000000000
0.0200000000,-0.1500000000,0.3000000000,-0.0627335374,0.0000000000,-0.1343030676,0.2875656443,-0.4356743187,-0.0256194768,-0.3632351899,-0.1805938747,0.2990006778,0.0821691778,-0.4086524380,0.3182751605,-0.0204819249,0.3552628876,-0.2500707119,-0.3034068674,0.0000000000,1.0000000000,0.0000000000,0.0000000000,0.0000000000
0.0200000000,-0.1500000000,0.3000000000,-0.0627335374,0.0000000000,-0.1402342576,0.2841182658,-0.4359842086,-0.0230665183,-0.3641268415,-0.1790030605,0.2990006778,0.0817664844,-0.4084581661,0.3184741924,-0.0200071273,0.3553314276,-0.2496734423,-0.3034068674,0.0000000000,1.0000000000,0.0000000000,0.0000000000,0.0000000000
0.0200000000,-0.1500000000,0.3000000000,-0.0627335374,0.0000000000,-0.1465441402,0.2808097964,-0.4367037423,-0.0205518973,-0.3647673729,-0.1771685327,0.2990006778,0.0812402923,-0.4081983122,0.3187541322,-0.0195000404,0.3553987021,-0.2492222952,-0.3034068674,0.0000000000,1.0000000000,0.0000000000,0.0000000000,0.0000000000
0.0200000000,-0.1500000000,0.3000000000,-0.0627335374,0.0000000000,-0.1530515814,0.2774228963,-0.4377186535,-0.0180755749,-0.3652903042,-0.1752255924,0.2990006778,0.0806258198,-0.4078994859,0.3190774281,-0.0189699338,0.3554663413,-0.2487364375,-0.3034068674,0.0000000000,1.0000000000,0.0000000000,0.0000000000,0.0000000000
0.0200000000,-0.1500000000,0.3000000000,-0.0627335374,0.0000000000,-0.1595501865,0.2739051787,-0.4389451973,-0.0156761975,-0.3657623126,-0.1732775747,0.2990006778,0.0799673264,-0.4075886797,0.3194087525,-0.0184332172,0.3555345397,-0.2482398690,-0.3034068674,0.0000000000,1.0000000000,0.0000000000,0.0000000000,0.0000000000
0.0200000000,-0.1500000000,0.3000000000,-0.0627335374,0.0000000000,-0.1657960610,0.2703467316,-0.4403144474,-0.0134271527,-0.3661932931,-0.1714076203,0.2990006778,0.0793158357,-0.4072945629,0.3197120134,-0.0179122135,0.3556025192,-0.2477611485,-0.3034068674,0.0000000000,1.0000000000,0.0000000000,0.0000000000,0.0000000000
0.0200000000,-0.1500000000,0.3000000000,-0.0627335374,0.0000000000,-0.1716945100,0.2668062938,-0.4417875392,-0.0113586382,-0.3665836001,-0.1696464896,0.2990006778,0.0787044246,-0.4070368385,0.3199620141,-0.0174180402,0.3556704698,-0.2473171656,-0.3034068674,0.0000000000,1.0000000000,0.0000000000,0.0000000000,0.0000000000
0.0200000000,-0.1500000000,0.3000000000,-0.0627335374,0.0000000000,-0.1774045286,0.2631903473,-0.4434054831,-0.0094272410,-0.3669416277,-0.1679508815,0.2990006778,0.0781397638,-0.4068270250,0.3201405011,-0.0169412719,0.3557414807,-0.2469075095,-0.3034068674,0.0000000000,1.0000000000,0.0000000000,0.0000000000,0.0000000000
0.0200000000,-0.1500000000,0.3000000000,-0.0627335374,0.0000000000,-0.1832620554,0.2593172744,-0.4452342559,-0.0075211668,-0.3672888915,-0.1662249383,0.2990006778,0.0776047295,-0.4066640394,0.3202447029,-0.0164567601,0.3558200025,-0.2465154713,-0.3034068674,0.0000000000,1.0000000000,0.0000000000,0.0000000000,0.0000000000
0.0200000000,-0.1500000000,0.3000000000,-0.0627335374,0.0000000000,-0.1894683262,0.2550515563,-0.4473341075,-0.0055865545,-0.3676362759,-0.1644170414,0.2990006778,0.0771008869,-0.4065606310,0.3202528295,-0.0159496665,0.3559103137,-0.2461375692,-0.3034068674,0.0000000000,1.0000000000,0.0000000000,0.0000000000,0.0000000000
0.0200000000,-0.1500000000,0.3000000000,-0.0627335374,0.0000000000,-0.1959966523,0.2503969709,-0.4497004395,-0.0036521345,-0.3679803140,-0.1625479585,0.2990006778,0.0766580569,-0.4065446530,0.3201247520,-0.0154234950,0.3560150797,-0.2457893307,-0.3034068674,0.0000000000,1.0000000000,0.0000000000,0.0000000000,0.0000000000
0.0200000000,-0.1500000000,0.3000000000,-0.0627335374,0.0000000000,-0.2025833349,0.2455302895,-0.4522394721,-0.0018209238,-0.3683044044,-0.1607088446,0.2990006778,0.0763267281,-0.4066491226,0.3198173260,-0.0149007499,0.3561339701,-0.2455009793,-0.3034068674,0.0000000000,1.0000000000,0.0000000000,0.0000000000,0.0000000000
0.0200000000,-0.1500000000,0.3000000000,-0.0627335374,0.0000000000,-0.2088437188,0.2407168747,-0.4548205568,-0.0002446853,-0.3685820728,-0.1590286780,0.2990006778,0.0761739563,-0.4069138372,0.3192802782,-0.0144152509,0.3562652877,-0.2453133325,-0.3034068674,0.0000000000,1.0000000000,0.0000000000,0.0000000000,0.0000000000
0.0200000000,-0.1500000000,0.3000000000,-0.0627335374,0.0000000000,-0.2146678854,0.2360723741,-0.4573854745,0.0010377589,-0.3688052247,-0.1575397909,0.2990006778,0.0762007706,-0.4073265106,0.3185353629,-0.0139779549,0.3564053315,-0.2452277100,-0.3034068674,0.0000000000,1.0000000000,0.0000000000,0.0000000000,0.0000000000
0.0200000000,-0.1500000000,0.3000000000,-0.0627335374,0.0000000000,-0.2201211855,0.2315601810,-0.4599673798,0.0020178849,-0.3689706340,-0.1562316968,0.2990006778,0.0764032143,-0.4078795233,0.3175942906,-0.0135881106,0.3565532403,-0.2452402884,-0.3034068674,0.0000000000,1.0000000000,0.0000000000,0.0000000000,0.0000000000
0.0200000000,-0.1500000000,0.3000000000,-0.0627335374,0.0000000000,-0.2252303817,0.2271552122,-0.4625978528,0.0026600757,-0.3690707360,-0.1551126623,0.2990006778,0.0767849322,-0.4085697750,0.3164626486,-0.0132482517,0.3567081250,-0.2453516876,-0.3034068674,0.0000000000,1.0000000000,0.0000000000,0.0000000000,0.0000000000
0.0200000000,-0.1500000000,0.3000000000,-0.0627335374,0.0000000000,-0.2298971730,0.2229239312,-0.4652597892,0.0028951151,-0.3690922567,-0.1542258660,0.2990006778,0.0773420157,-0.4093823575,0.3151643979,-0.0129650081,0.3568669114,-0.2455596280,-0.3034068674,0.0000000000,1.0000000000,0.0000000000,0.0000000000,0.0000000000
0.0200000000,-0.1500000000,0.3000000000,-0.0627335374,0.0000000000,-0.2338559425,0.2190463979,-0.4678937216,0.0025798581,-0.3690073445,-0.1536697051,0.2990006778,0.0780560837,-0.4102836343,0.3137517418,-0.0127464059,0.3570239853,-0.2458540542,-0.3034068674,0.0000000000,1.0000000000,0.0000000000,0.0000000000,0.0000000000
0.0200000000,-0.1500000000,0.3000000000,-0.0627335374,0.0000000000,-0.2368758801,0.2157634031,-0.4703442104,0.0017367509,-0.3688203251,-0.1534723723,0.2990006778,0.0788210194,-0.4111694729,0.3123782581,-0.0125847594,0.3571679617,-0.2461800422,-0.3034068674,0.0000000000,1.0000000000,0.0000000000,0.0000000000,0.0000000000
0.0200000000,-0.1500000000,0.3000000000,-0.0627335374,0.0000000000,-0.2389502617,0.2131012523,-0.4725968991,0.0003809841,-0.3685326340,-0.1536273354,0.2990006778,0.0795827648,-0.4119980120,0.3111022090,-0.0124648876,0.3572966910,-0.2465074953,-0.3034068674,0.0000000000,1.0000000000,0.0000000000,0.0000000000,0.0000000000
0.0200000000,-0.1500000000,0.3000000000,-0.0627335374,0.0000000000,-0.2401062731,0.2110271420,-0.4746940880,-0.0015223033,-0.3681352354,-0.1541421168,0.2990006778,0.0803177213,-0.4127595702,0.3099335548,-0.0123721723,0.3574119397,-0.2468220755,-0.3034068674,0.0000000000,1.0000000000,0.0000000000,0.0000000000,0.0000000000
0.0200000000,-0.1500000000,0.3000000000,-0.0627335374,0.0000000000,-0.2403116798,0.2095711384,-0.4766208174,-0.0039795580,-0.3676274370,-0.1550278734,0.2990006778,0.0809872795,-0.4134293811,0.3089057920,-0.0122957041,0.3575127975,-0.2471042216,-0.3034068674,0.0000000000,1.0000000000,0.0000000000,0.0000000000,0.0000000000
0.0200000000,-0.1500000000,0.3000000000,-0.0627335374,0.0000000000,-0.2394527239,0.2088170060,-0.4782969724,-0.0069794852,-0.3670240059,-0.1563206082,0.2990006778,0.0815350085,-0.4139643034,0.3080807109,-0.0122276624,0.3575954174,-0.2473272162,-0.3034068674,0.0000000000,1.0000000000,0.0000000000,0.0000000000,0.0000000000
0.0200000000,-0.1500000000,0.3000000000,-0.0627335374,0.0000000000,-0.2376196238,0.2086290259,-0.4797482694,-0.0104927910,-0.3663541218,-0.1580307791,0.2990006778,0.0819686058,-0.4143824504,0.3074286880,-0.0121614985,0.3576634238,-0.2474950484,-0.3034068674,0.0000000000,1.0000000000,0.0000000000,0.0000000000,0.0000000000
0.0200000000,-0.1500000000,0.3000000000,-0.0627335374,0.0000000000,-0.2348847944,0.2089259831,-0.4809453798,-0.0144337117,-0.3656534096,-0.1601438027,0.2990006778,0.0822929820,-0.4146919243,0.3069373644,-0.0120997609,0.3577174026,-0.2476127997,-0.3034068674,0.0000000000,1.0000000000,0.0000000000,0.0000000000,0.0000000000
0.0200000000,-0.1500000000,0.3000000000,-0.0627335374,0.0000000000,-0.2315110564,0.2096269347,-0.4818219413,-0.0185030328,-0.3649727505,-0.1624920823,0.2990006778,0.0825050310,-0.4148911620,0.3066116223,-0.0120508728,0.3577553064,-0.2476843132,-0.3034068674,0.0000000000,1.0000000000,0.0000000000,0.0000000000,0.0000000000
0.0200000000,-0.1500000000,0.3000000000,-0.0627335374,0.0000000000,-0.2277643298,0.2106413573,-0.4824057036,-0.0225178066,-0.3643211085,-0.1649241956,0.2990006778,0.0826230197,-0.4149995655,0.3064260522,-0.0120190044,0.3577782429,-0.2477210786,-0.3034068674,0.0000000000,1.0000000000,0.0000000000,0.0000000000,0.0000000000
0.0200000000,-0.1500000000,0.3000000000,-0.0627335374,0.0000000000,-0.2237684299,0.2119207405,-0.4827507609,-0.0264483929,-0.3636844899,-0.1673826174,0.2990006778,0.0826714247,-0.4150429051,0.3063463668,-0.0120031990,0.3577888608,-0.2477345624,-0.3034068674,0.0000000000,1.0000000000,0.0000000000,0.0000000000,0.0000000000
0.0200000000,-0.1500000000,0.3000000000,-0.0627335374,0.0000000000,-0.2195516500,0.2134057732,-0.4829413465,-0.0303839726,-0.3630429070,-0.1698930779,0.2990006778,0.0826901018,-0.4150601452,0.3063117109,-0.0119935154,0.3577941344,-0.2477381103,-0.3034068674,0.0000000000,1.0000000000,0.0000000000,0.0000000000,0.0000000000
0.0200000000,-0.1500000000,0.3000000000,-0.0627335374,0.0000000000,-0.2150448664,0.2151023762,-0.4830038963,-0.0344253217,-0.3623802929,-0.1725143122,0.2990006778,0.0827006040,-0.4150714646,0.3062868396,-0.0119825481,0.3577986898,-0.2477377092,-0.3034068674,0.0000000000,1.0000000000,0.0000000000,0.0000000000,0.0000000000
0.0200000000,-0.1500000000,0.3000000000,-0.0627335374,0.0000000000,-0.2102157197,0.2170157758,-0.4829470934,-0.0386180402,-0.3616893360,-0.1752743071,0.2990006778,0.0827100874,-0.4150825660,0.3062618361,-0.0119699471,0.3578035536,-0.2477361904,-0.3034068674,0.0000000000,1.0000000000,0.0000000000,0.0000000000,0.0000000000
0.0200000000,-0.1500000000,0.3000000000,-0.0627335374,0.0000000000,-0.2052010336,0.2190899496,-0.4827833705,-0.0428602704,-0.3609850295,-0.1781007804,0.2990006778,0.0827169283,-0.4150906545,0.3062435776,-0.0119606178,0.3578071278,-0.2477349924,-0.3034068674,0.0000000000,1.0000000000,0.0000000000,0.0000000000,0.0000000000
0.0200000000,-0.1500000000,0.3000000000,-0.0627335374,0.0000000000,-0.2003290045,0.2212005575,-0.4825312152,-0.0468866088,-0.3603064443,-0.1808091449,0.2990006778,0.0827193077,-0.4150934666,0.3062372307,-0.0119573769,0.3578083698,-0.2477345774,-0.3034068674,0.0000000000,1.0000000000,0.0000000000,0.0000000000,0.0000000000
0.0200000000,-0.1500000000,0.3000000000,-0.0627335374,0.0000000000,-0.1958315414,0.2232324305,-0.4822358184,-0.0505431657,-0.3596775162,-0.1832808873,0.2990006778,0.0827196897,-0.4150939180,0.3062362117,-0.0119568565,0.3578085693,-0.2477345108,-0.3034068674,0.0000000000,1.0000000000,0.0000000000,0.0000000000,0.0000000000
0.0200000000,-0.1500000000,0.3000000000,-0.0627335374,0.0000000000,-0.1917868142,0.2251361300,-0.4819265864,-0.0537953105,-0.3591040167,-0.1854821905,0.2990006778,0.0827196934,-0.4150939224,0.3062362018,-0.0119568515,0.3578085712,-0.2477345101,-0.3034068674,0.0000000000,1.0000000000,0.0000000000,0.0000000000,0.0000000000
0.0200000000,-0.1500000000,0.3000000000,-0.0627335374,0.0000000000,-0.1881884539,0.2269011102,-0.4816181968,-0.0566665683,-0.3585832398,-0.1874235384,0.2990006778,0.0827196899,-0.4150939182,0.3062362112,-0.0119568563,0.3578085693,-0.2477345108,-0.3034068674,0.0000000000,1.0000000000,0.0000000000,0.0000000000,0.0000000000
0.0200000000,-0.1500000000,0.3000000000,-0.0627335374,0.0000000000,-0.1849022091,0.2285727914,-0.4813063651,-0.0592704459,-0.3580991697,-0.1891836568,0.2990006778,0.0827196899,-0.4150939182,0.3062362112,-0.0119568563,0.3578085693,-0.2477345108,-0.3034068674,0.0000000000,1.0000000000,0.0000000000,0.0000000000,0.0000000000
0.0200000000,-0.1500000000,0.3000000000,-0.0627335374,0.0000000000,-0.1816695079,0.2302574864,-0.4809600950,-0.0618048316,-0.3576230496,-0.1909079772,0.2990006778,0.0827196899,-0.4150939182,0.3062362112,-0.0119568563,0.3578085693,-0.2477345108,-0.3034068674,0.0000000000,1.0000000000,0.0000000000,0.0000000000,0.0000000000
0.0200000000,-0.1500000000,0.3000000000,-0.0627335374,0.0000000000,-0.1782935461,0.2320367245,-0.4805531199,-0.0644197110,-0.3571335812,-0.1927073343,0.2990006778,0.0827196899,-0.4150939182,0.3062362112,-0.0119568563,0.3578085693,-0.2477345108,-0.3034068674,0.0000000000,1.0000000000,0.0000000000,0.0000000000,0.0000000000
0.0200000000,-0.1500000000,0.3000000000,-0.0627335374,0.0000000000,-0.1748042574,0.2338998007,-0.4800863454,-0.0670935787,-0.3566340435,-0.1945662178,0.2990006778,0.0827196899,-0.4150939182,0.3062362112,-0.0119568563,0.3578085693,-0.2477345108,-0.3034068674,0.0000000000,1.0000000000,0.0000000000,0.0000000000,0.0000000000
0.0200000000,-0.1500000000,0.3000000000,-0.0627335374,0.0000000000,-0.1713630013,0.2357777156,-0.4795827760,-0.0697104468,-0.3561413984,-0.1963970287,0.2990006778,0.0827196899,-0.4150939182,0.3062362112,-0.0119568563,0.3578085693,-0.2477345108,-0.3034068674,0.0000000000,1.0000000000,0.0000000000,0.0000000000,0.0000000000
0.0200000000,-0.1500000000,0.3000000000,-0.0627335374,0.0000000000,-0.1681106837,0.2376092206,-0.4790626129,-0.0721691471,-0.3556708182,-0.1981232784,0.2990006778,0.0827196899,-0.4150939182,0.3062362112,-0.0119568563,0.3578085693,-0.2477345108,-0.3034068674,0.0000000000,1.0000000000,0.0000000000,0.0000000000,0.0000000000
0.0200000000,-0.1500000000,0.3000000000,-0.0627335374,0.0000000000,-0.1651128428,0.2393704068,-0.4785264875,-0.0744187429,-0.3552306727,-0.1997092287,0.2990006778,0.0827196899,-0.4150939182,0.3062362112,-0.0119568563,0.3578085693,-0.2477345108,-0.3034068674,0.0000000000,1.0000000000,0.0000000000,0.0000000000,0.0000000000
0.0200000000,-0.1500000000,0.3000000000,-0.0627335374,0.0000000000,-0.1623517594,0.2410657091,-0.4779729571,-0.0764734000,-0.3548199904,-0.2011646973,0.2990006778,0.0827196899,-0.4150939182,0.3062362112,-0.0119568563,0.3578085693,-0.2477345108,-0.3034068674,0.0000000000,1.0000000000,0.0000000000,0.0000000000,0.0000000000
0.0200000000,-0.1500000000,0.3000000000,-0.0627335374,0.0000000000,-0.1598846745,0.2426683352,-0.4774122909,-0.0782933012,-0.3544452741,-0.2024582649,0.2990006778,0.0827196899,-0.4150939182,0.3062362112,-0.0119568563,0.3578085693,-0.2477345108,-0.3034068674,0.0000000000,1.0000000000,0.0000000000,0.0000000000,0.0000000000
0.0200000000,-0.1500000000,0.3000000000,-0.0627335374,0.0000000000,-0.1578035481,0.2441330667,-0.4768644002,-0.0798141535,-0.3541166744,-0.2035390196,0.2990006778,0.0827196899,-0.4150939182,0.3062362112,-0.0119568563,0.3578085693,-0.2477345108,-0.3034068674,0.0000000000,1.0000000000,0.0000000000,0.0000000000,0.0000000000
0.0200000000,-0.1500000000,0.3000000000,-0.0627335374,0.0000000000,-0.1561849428,0.2454226561,-0.4763502128,-0.0809823435,-0.3538417427,-0.2043625008,0.2990006778,0.0827196899,-0.4150939182,0.3062362112,-0.0119568563,0.3578085693,-0.2477345108,-0.3034068674,0.0000000000,1.0000000000,0.0000000000,0.0000000000,0.0000000000
0.0200000000,-0.1500000000,0.3000000000,-0.0627335374,0.0000000000,-0.1551706646,0.2465957675,-0.4759415994,-0.0817354076,-0.3535864546,-0.2048177407,0.2990006778,0.0827196899,-0.4150939182,0.3062362112,-0.0119568563,0.3578085693,-0.2477345108,-0.3034068674,0.0000000000,1.0000000000,0.0000000000,0.0000000000,0.0000000000
0.0200000000,-0.1500000000,0.3000000000,-0.0627335374,0.0000000000,-0.1548305337,0.2480245746,-0.4758048299,-0.0821670172,-0.3531918743,-0.2047688658,0.2990006778,0.0827196899,-0.4150939182,0.3062362112,-0.0119568563,0.3578085693,-0.2477345108,-0.3034068674,0.0000000000,1.0000000000,0.0000000000,0.0000000000,0.0000000000
0.0200000000,-0.1500000000,0.3000000000,-0.0627335374,0.0000000000,-0.1552509321,0.2500425994,-0.4760919934,-0.0823440205,-0.3525127673,-0.2040777972,0.2990006778,0.0827196899,-0.4150939182,0.3062362112,-0.0119568563,0.3578085693,-0.2477345108,-0.3034068674,0.0000000000,1.0000000000,0.0000000000,0.0000000000,0.0000000000
0.0200000000,-0.1500000000,0.3000000000,-0.0627335374,0.0000000000,-0.1562638936,0.2522822877,-0.4766525438,-0.0822412909,-0.3516980897,-0.2029303575,0.2990006778,0.0827196899,-0.4150939182,0.3062362112,-0.0119568563,0.3578085693,-0.2477345108,-0.3034068674,0.0000000000,1.0000000000,0.0000000000,0.0000000000,0.0000000000
0.0200000000,-0.1500000000,0.3000000000,-0.0627335374,0.0000000000,-0.1574800395,0.2538641016,-0.4771023341,-0.0817899118,-0.3511198994,-0.2017762413,0.2990006778,0.0827196899,-0.4150939182,0.3062362112,-0.0119568563,0.3578085693,-0.2477345108,-0.3034068674,0.0000000000,1.0000000000,0.0000000000,0.0000000000,0.0000000000
0.0200000000,-0.1500000000,0.3000000000,-0.0627335374,0.0000000000,-0.1587936730,0.2543823399,-0.4772357735,-0.0808791761,-0.3509686004,-0.2007750089,0.2990006778,0.0827196899,-0.4150939182,0.3062362112,-0.0119568563,0.3578085693,-0.2477345108,-0.3034068674,0.0173768692,1.0000000000,0.0000000000,0.0000000000,0.0000000000
0.0200000000,-0.1500000000,0.3000000000,-0.0627335374,0.0000000000,-0.1602955588,0.2541137160,-0.4771531413,-0.0795409776,-0.3511399983,-0.1998071752,0.2990006778,0.0827196899,-0.4150939182,0.3062362112,-0.0119568563,0.3578085693,-0.2477345108,-0.3034068674,0.0817717847,1.0000000000,0.0000000000,0.0000000000,0.0000000000
0.0200000000,-0.1500000000,0.3000000000,-0.0627335374,0.0000000000,-0.1620313005,0.2533988297,-0.4770016128,-0.0778879652,-0.3514863526,-0.1987702934,0.2990006778,0.0827196899,-0.4150939182,0.3062362112,-0.0119568563,0.3578085693,-0.2477345108,-0.3034068674,0.1482028497,1.0000000000,0.0000000000,0.0000000000,0.0000000000
0.0200000000,-0.1500000000,0.3000000000,-0.0627335374,0.0000000000,-0.1639488803,0.2524742277,-0.4768672822,-0.0760652441,-0.3519006015,-0.1976545950,0.2990006778,0.0827196899,-0.4150939182,0.3062362112,-0.0119568563,0.3578085693,-0.2477345108,-0.3034068674,0.2148695164,1.0000000000,0.0000000000,0.0000000000,0.0000000000
0.0200000000,-0.1500000000,0.3000000000,-0.0627335374,0.0000000000,-0.1659507168,0.2514528807,-0.4767744356,-0.0742008550,-0.3523308328,-0.1965110576,0.2990006778,0.0827196899,-0.4150939182,0.3062362112,-0.0119568563,0.3578085693,-0.2477345108,-0.3034068674,0.2815361830,1.0000000000,0.0000000000,0.0000000000,0.0000000000
0.0200000000,-0.1500000000,0.3000000000,-0.0627335374,0.0000000000,-0.1679630667,0.2503888077,-0.4767308620,-0.0723864152,-0.3527502629,-0.1953893885,0.2990006778,0.0827196899,-0.4150939182,0.3062362112,-0.0119568563,0.3578085693,-0.2477345108,-0.3034068674,0.3482028497,1.0000000000,0.0000000000,0.0000000000,0.0000000000
0.0200000000,-0.1500000000,0.3000000000,-0.0627335374,0.0000000000,-0.1700309490,0.2492749035,-0.4767273749,-0.0705840002,-0.3531644304,-0.1942648341,0.2990006778,0.0827196899,-0.4150939182,0.3062362112,-0.0119568563,0.3578085693,-0.2477345108,-0.3034068674,0.4148695164,1.0000000000,0.0000000000,0.0000000000,0.0000000000
0.0200000000,-0.1500000000,0.3000000000,-0.0627335374,0.0000000000,-0.1722833386,0.2480488547,-0.4767621435,-0.0686860176,-0.3535961543,-0.1930691414,0.2990006778,0.0827196899,-0.4150939182,0.3062362112,-0.0119568563,0.3578085693,-0.2477345108,-0.3034068674,0.4815361830,1.0000000000,0.0000000000,0.0000000000,0.0000000000
0.0200000000,-0.1500000000,0.3000000000,-0.0627335374,0.0000000000,-0.1748537684,0.2466385771,-0.4768378234,-0.0665838636,-0.3540695577,-0.1917340382,0.2990006778,0.0827196899,-0.4150939182,0.3062362112,-0.0119568563,0.3578085693,-0.2477345108,-0.3034068674,0.5482028497,1.0000000000,0.0000000000,0.0000000000,0.0000000000
0.0200000000,-0.1500000000,0.3000000000,-0.0627335374,0.0000000000,-0.1778031115,0.2450056319,-0.4769553304,-0.0642199250,-0.3545982729,-0.1902259544,0.2990006778,0.0827196899,-0.4150939182,0.3062362112,-0.0119568563,0.3578085693,-0.2477345108,-0.3034068674,0.6148695164,1.0000000000,0.0000000000,0.0000000000,0.0000000000
0.0200000000,-0.1500000000,0.3000000000,-0.0627335374,0.0000000000,-0.1809848272,0.2432147695,-0.4771054077,-0.0616735356,-0.3551669907,-0.1886043019,0.2990006778,0.0827196899,-0.4150939182,0.3062362112,-0.0119568563,0.3578085693,-0.2477345108,-0.3034068674,0.6812698075,1.0000000000,0.0000000000,0.0000000000,0.0000000000
0.0200000000,-0.1500000000,0.3000000000,-0.0627335374,0.0000000000,-0.1838997364,0.2415282123,-0.4772560374,-0.0592738961,-0.3557055707,-0.1870895622,0.2990006778,0.0827196899,-0.4150939182,0.3062362112,-0.0119568563,0.3578085693,-0.2477345108,-0.3034068674,0.7466795995,1.0000000000,0.0000000000,0.0000000000,0.0000000000
0.0200000000,-0.1500000000,0.3000000000,-0.0627335374,0.0000000000,-0.1861141044,0.2401751666,-0.4773887320,-0.0573103341,-0.3561501199,-0.1858694235,0.2990006778,0.0827196899,-0.4150939182,0.3062362112,-0.0119568563,0.3578085693,-0.2477345108,-0.3034068674,0.8103751427,1.0000000000,0.0000000000,0.0000000000,0.0000000000
0.0200000000,-0.1500000000,0.3000000000,-0.0627335374,0.0000000000,-0.1873859500,0.2392792457,-0.4775101793,-0.0559529826,-0.3564611539,-0.1850466341,0.2990006778,0.0827196899,-0.4150939182,0.3062362112,-0.0119568563,0.3578085693,-0.2477345108,-0.3034068674,0.8715050139,1.0000000000,0.0000000000,0.0000000000,0.0000000000
0.0200000000,-0.1500000000,0.3000000000,-0.0627335374,0.0000000000,-0.1877276830,0.2388058762,-0.4776608700,-0.0551945954,-0.3566401917,-0.1846073147,0.2990006778,0.0827196899,-0.4150939182,0.3062362112,-0.0119568563,0.3578085693,-0.2477345108,-0.3034068674,0.9324237296,1.0000000000,0.0000000000,0.0000000000,0.0000000000
0.0200000000,-0.1500000000,0.3000000000,-0.0627335374,0.0000000000,-0.1870036460,0.2387423743,-0.4779385032,-0.0551682922,-0.3566640388,-0.1846209286,0.2990006778,0.0827196899,-0.4150939182,0.3062362112,-0.0119568563,0.3578085693,-0.2477345108,-0.3034068674,0.9885069666,1.0000000000,0.0000000000,0.0000000000,0.0000000000
0.0200000000,-0.1500000000,0.3000000000,-0.0627335374,0.0000000000,-0.1853802179,0.2389390977,-0.4784410074,-0.0558944519,-0.3565371984,-0.1850774764,0.2990006778,0.0827196899,-0.4150939182,0.3062362112,-0.0119568563,0.3578085693,-0.2477345108,-0.3034068674,1.0000000000,1.0000000000,0.0000000000,0.0000000000,0.0000000000
0.0200000000,-0.1500000000,0.3000000000,-0.0627335374,0.0000000000,-0.1831483629,0.2392182820,-0.4792433865,-0.0573530921,-0.3562683672,-0.1859346972,0.2990006778,0.0827196899,-0.4150939182,0.3062362112,-0.0119568563,0.3578085693,-0.2477345108,-0.3034068674,1.0000000000,1.0000000000,0.0000000000,0.0000000000,0.0000000000
0.0200000000,-0.1500000000,0.3000000000,-0.0627335374,0.0000000000,-0.1806437108,0.2394092860,-0.4803940443,-0.0594618358,-0.3558729786,-0.1871113700,0.2990006778,0.0827196899,-0.4150939182,0.3062362112,-0.0119568563,0.3578085693,-0.2477345108,-0.3034068674,1.0000000000,1.0000000000,0.0000000000,0.0000000000,0.0000000000
0.0200000000,-0.1500000000,0.3000000000,-0.0627335374,0.0000000000,-0.1781840445,0.2394022890,-0.4818771416,-0.0620746504,-0.3553751705,-0.1885005792,0.2990006778,0.0827196899,-0.4150939182,0.3062362112,-0.0119568563,0.3578085693,-0.2477345108,-0.3034068674,1.0000000000,1.0000000000,0.0000000000,0.0000000000,0.0000000000
0.0200000000,-0.1500000000,0.3000000000,-0.0627335374,0.0000000000,-0.1760877635,0.2391519267,-0.4835847486,-0.0649661411,-0.3548138815,-0.1899677397,0.2990006778,0.0827196899,-0.4150939182,0.3062362112,-0.0119568563,0.3578085693,-0.2477345108,-0.3034068674,1.0000000000,1.0000000000,0.0000000000,0.0000000000,0.0000000000
0.0200000000,-0.1500000000,0.3000000000,-0.0627335374,0.0000000000,-0.1744480818,0.2387564700,-0.4852920152,-0.0678241478,-0.3542503585,-0.1913736751,0.2990006778,0.0827196899,-0.4150939182,0.3062362112,-0.0119568563,0.3578085693,-0.2477345108,-0.3034068674,1.0000000000,1.0000000000,0.0000000000,0.0000000000,0.0000000000
0.0200000000,-0.1500000000,0.3000000000,-0.0627335374,0.0000000000,-0.1732227263,0.2383089871,-0.4868624152,-0.0704926701,-0.3537170414,-0.1926618830,0.2990006778,0.0827196899,-0.4150939182,0.3062362112,-0.0119568563,0.3578085693,-0.2477345108,-0.3034068674,1.0000000000,1.0000000000,0.0000000000,0.0000000000,0.0000000000
0.0200000000,-0.1500000000,0.3000000000,-0.0627335374,0.0000000000,-0.1723031437,0.2378781826,-0.4882396693,-0.0729293928,-0.3532246433,-0.1938298867,0.2990006778,0.0827196899,-0.4150939182,0.3062362112,-0.0119568563,0.3578085693,-0.2477345108,-0.3034068674,1.0000000000,1.0000000000,0.0000000000,0.0000000000,0.0000000000
0.0200000000,-0.1500000000,0.3000000000,-0.0627335374,0.0000000000,-0.1715847871,0.2375041974,-0.4894143648,-0.0751435092,-0.3527733296,-0.1948944003,0.2990006778,0.0827196899,-0.4150939182,0.3062362112,-0.0119568563,0.3578085693,-0.2477345108,-0.3034068674,1.0000000000,1.0000000000,0.0000000000,0.0000000000,0.0000000000
0.0200000000,-0.1500000000,0.3000000000,-0.0627335374,0.0000000000,-0.1710072766,0.2372157885,-0.4903725765,-0.0771278340,-0.3523655218,-0.1958595810,0.2990006778,0.0827196899,-0.4150939182,0.3062362112,-0.0119568563,0.3578085693,-0.2477345108,-0.3034068674,1.0000000000,1.0000000000,0.0000000000,0.0000000000,0.0000000000
0.0200000000,-0.1500000000,0.3000000000,-0.0627335374,0.0000000000,-0.1705093413,0.2370027412,-0.4911655543,-0.0789356872,-0.3519913153,-0.1967507058,0.2990006778,0.0827196899,-0.4150939182,0.3062362112,-0.0119568563,0.3578085693,-0.2477345108,-0.3034068674,1.0000000000,1.0000000000,0.0000000000,0.0000000000,0.0000000000
0.0200000000,-0.1500000000,0.3000000000,-0.0627335374,0.0000000000,-0.1700639256,0.2368542128,-0.4918272085,-0.0806018535,-0.3516439677,-0.1975829952,0.2990006778,0.0827196899,-0.4150939182,0.3062362112,-0.0119568563,0.3578085693,-0.2477345108,-0.3034068674,1.0000000000,1.0000000000,0.0000000000,0.0000000000,0.0000000000
0.0200000000,-0.1500000000,0.3000000000,-0.0627335374,0.0000000000,-0.1696537591,0.2367612482,-0.4923827006,-0.0821562402,-0.3513178058,-0.1983699392,0.2990006778,0.0827196899,-0.4150939182,0.3062362112,-0.0119568563,0.3578085693,-0.2477345108,-0.3034068674,1.0000000000,1.0000000000,0.0000000000,0.0000000000,0.0000000000
0.0200000000,-0.1500000000,0.3000000000,-0.0627335374,0.0000000000,-0.1692599747,0.2367154411,-0.4928577750,-0.0836475336,-0.3510039859,-0.1991361539,0.2990006778,0.0827196899,-0.4150939182,0.3062362112,-0.0119568563,0.3578085693,-0.2477345108,-0.3034068674,1.0000000000,1.0000000000,0.0000000000,0.0000000000,0.0000000000
0.0200000000,-0.1500000000,0.3000000000,-0.0627335374,0.0000000000,-0.1688422638,0.2367197086,-0.4932742284,-0.0851853111,-0.3506837498,-0.1999450073,0.2990006778,0.0827196899,-0.4150939182,0.3062362112,-0.0119568563,0.3578085693,-0.2477345108,-0.3034068674,1.0000000000,1.0000000000,0.0000000000,0.0000000000,0.0000000000
0.0200000000,-0.1500000000,0.3000000000,-0.0627335374,0.0000000000,-0.1683610875,0.2367793363,-0.4936475273,-0.0868720351,-0.3503400338,-0.2008570544,0.2990006778,0.0827196899,-0.4150939182,0.3062362112,-0.0119568563,0.3578085693,-0.2477345108,-0.3034068674,1.0000000000,1.0000000000,0.0000000000,0.0000000000,0.0000000000
0.0200000000,-0.1500000000,0.3000000000,-0.0627335374,0.0000000000,-0.1678060988,0.2369053563,-0.4939672053,-0.0887240042,-0.3499704789,-0.2018851086,0.2990006778,0.0827196899,-0.4150939182,0.3062362112,-0.0119568563,0.3578085693,-0.2477345108,-0.3034068674,1.0000000000,1.0000000000,0.0000000000,0.0000000000,0.0000000000
0.0200000000,-0.1500000000,0.3000000000,-0.0627335374,0.0000000000,-0.1671966032,0.2371024113,-0.4942155020,-0.0906778387,-0.3495857949,-0.2029938550,0.2990006778,0.0827196899,-0.4150939182,0.3062362112,-0.0119568563,0.3578085693,-0.2477345108,-0.3034068674,1.0000000000,1.0000000000,0.0000000000,0.0000000000,0.0000000000
0.0200000000,-0.1500000000,0.3000000000,-0.0627335374,0.0000000000,-0.1665643750,0.2373683626,-0.4943776259,-0.0926381762,-0.3492018447,-0.2041272900,0.2990006778,0.0827196899,-0.4150939182,0.3062362112,-0.0119568563,0.3578085693,-0.2477345108,-0.3034068674,1.0000000000,1.0000000000,0.0000000000,0.0000000000,0.0000000000
0.0200000000,-0.1500000000,0.3000000000,-0.0627335374,0.0000000000,-0.1659479451,0.2376999992,-0.4944375665,-0.0944838138,-0.3488386405,-0.2052136607,0.2990006778,0.0827196899,-0.4150939182,0.3062362112,-0.0119568563,0.3578085693,-0.2477345108,-0.3034068674,1.0000000000,1.0000000000,0.0000000000,0.0000000000,0.0000000000
0.0200000000,-0.1500000000,0.3000000000,-0.0627335374,0.0000000000,-0.1653729826,0.2380748048,-0.4944144932,-0.0961524621,-0.3485058674,-0.2062095425,0.2990006778,0.0827196899,-0.4150939182,0.3062362112,-0.0119568563,0.3578085693,-0.2477345108,-0.3034068674,1.0000000000,1.0000000000,0.0000000000,0.0000000000,0.0000000000
0.0200000000,-0.1500000000,0.3000000000,-0.0627335374,0.0000000000,-0.1648400411,0.2384832213,-0.4943221208,-0.0976576208,-0.3482011751,-0.2071199496,0.2990006778,0.0827196899,-0.4150939182,0.3062362112,-0.0119568563,0.3578085693,-0.2477345108,-0.3034068674,1.0000000000,1.0000000000,0.0000000000,0.0000000000,0.0000000000
0.0200000000,-0.1500000000,0.3000000000,-0.0627335374,0.0000000000,-0.1643317758,0.2389274022,-0.4941649772,-0.0990651189,-0.3479143243,-0.2079846642,0.2990006778,0.0827196899,-0.4150939182,0.3062362112,-0.0119568563,0.3578085693,-0.2477345108,-0.3034068674,1.0000000000,1.0000000000,0.0000000000,0.0000000000,0.0000000000
0.0200000000,-0.1500000000,0.3000000000,-0.0627335374,0.0000000000,-0.1638313858,0.2394171271,-0.4939345168,-0.1004308453,-0.3476372871,-0.2088404472,0.2990006778,0.0827196899,-0.4150939182,0.3062362112,-0.0119568563,0.3578085693,-0.2477345108,-0.3034068674,1.0000000000,1.0000000000,0.0000000000,0.0000000000,0.0000000000
0.0200000000,-0.1500000000,0.3000000000,-0.0627335374,0.0000000000,-0.1633398052,0.2399631330,-0.4936119959,-0.1017579239,-0.3473707943,-0.2096933181,0.2990006778,0.0827196899,-0.4150939182,0.3062362112,-0.0119568563,0.3578085693,-0.2477345108,-0.3034068674,1.0000000000,1.0000000000,0.0000000000,0.0000000000,0.0000000000
0.0200000000,-0.1500000000,0.3000000000,-0.0627335374,0.0000000000,-0.1628739029,0.2405541455,-0.4932049387,-0.1030158535,-0.3471196374,-0.2105218445,0.2990006778,0.0827196899,-0.4150939182,0.3062362112,-0.0119568563,0.3578085693,-0.2477345108,-0.3034068674,1.0000000000,1.0000000000,0.0000000000,0.0000000000,0.0000000000
0.0200000000,-0.1500000000,0.3000000000,-0.0627335374,0.0000000000,-0.1624513383,0.2411880277,-0.4927046363,-0.1041713045,-0.3468900580,-0.2113065849,0.2990006778,0.0827196899,-0.4150939182,0.3062362112,-0.0119568563,0.3578085693,-0.2477345108,-0.3034068674,1.0000000000,1.0000000000,0.0000000000,0.0000000000,0.0000000000
0.0200000000,-0.1500000000,0.3000000000,-0.0627335374,0.0000000000,-0.1620838062,0.2418714210,-0.4920898296,-0.1052082372,-0.3466864388,-0.2120418395,0.2990006778,0.0827196899,-0.4150939182,0.3062362112,-0.0119568563,0.3578085693,-0.2477345108,-0.3034068674,1.0000000000,1.0000000000,0.0000000000,0.0000000000,0.0000000000
0.0200000000,-0.1500000000,0.3000000000,-0.0627335374,0.0000000000,-0.1617864693,0.2426131890,-0.4913329447,-0.1061085831,-0.3465139784,-0.2127217991,0.2990006778,0.0827196899,-0.4150939182,0.3062362112,-0.0119568563,0.3578085693,-0.2477345108,-0.3034068674,1.0000000000,1.0000000000,0.0000000000,0.0000000000,0.0000000000
0.0200000000,-0.1500000000,0.3000000000,-0.0627335374,0.0000000000,-0.1616102311,0.2434133568,-0.4904031837,-0.1067870702,-0.3463887608,-0.2132977674,0.2990006778,0.0827196899,-0.4150939182,0.3062362112,-0.0119568563,0.3578085693,-0.2477345108,-0.3034068674,1.0000000000,1.0000000000,0.0000000000,0.0000000000,0.0000000000
0.0200000000,-0.1500000000,0.3000000000,-0.0627335374,0.0000000000,-0.1615914720,0.2442422588,-0.4893502381,-0.1071863610,-0.3463142220,-0.2137185226,0.2990006778,0.0827196899,-0.4150939182,0.3062362112,-0.0119568563,0.3578085693,-0.2477345108,-0.3034068674,1.0000000000,1.0000000000,0.0000000000,0.0000000000,0.0000000000
0.0200000000,-0.1500000000,0.3000000000,-0.0627335374,0.0000000000,-0.1617735195,0.2451229923,-0.4882376687,-0.1072690799,-0.3462726089,-0.2139287879,0.2990006778,0.0827196899,-0.4150939182,0.3062362112,-0.0119568563,0.3578085693,-0.2477345108,-0.3034068674,1.0000000000,1.0000000000,0.0000000000,0.0000000000,0.0000000000
0.0200000000,-0.1500000000,0.3000000000,-0.0627335374,0.0000000000,-0.1622198801,0.2462146007,-0.4871716858,-0.1070505503,-0.3461894999,-0.2138614202,0.2990006778,0.0827196899,-0.4150939182,0.3062362112,-0.0119568563,0.3578085693,-0.2477345108,-0.3034068674,1.0000000000,1.0000000000,0.0000000000,0.0000000000,0.0000000000
0.0200000000,-0.1500000000,0.3000000000,-0.0627335374,0.0000000000,-0.1630023931,0.2477443073,-0.4862731604,-0.1065740169,-0.3459642802,-0.2134490705,0.2990006778,0.0827196899,-0.4150939182,0.3062362112,-0.0119568563,0.3578085693,-0.2477345108,-0.3034068674,1.0000000000,1.0000000000,0.0000000000,0.0000000000,0.0000000000
0.0200000000,-0.1500000000,0.3000000000,-0.0627335374,0.0000000000,-0.1641050393,0.2496302315,-0.4855360333,-0.1058287499,-0.3456300063,-0.2127147372,0.2990006778,0.0827196899,-0.4150939182,0.3062362112,-0.0119568563,0.3578085693,-0.2477345108,-0.3034068674,1.0000000000,1.0000000000,0.0000000000,0.0000000000,0.0000000000
0.0200000000,-0.1500000000,0.3000000000,-0.0627335374,0.0000000000,-0.1652707162,0.2512519936,-0.4847318279,-0.1048396984,-0.3454329945,-0.2119155849,0.2990006778,0.0827196899,-0.4150939182,0.3062362112,-0.0119568563,0.3578085693,-0.2477345108,-0.3034068674,1.0000000000,1.0000000000,0.0000000000,0.0000000000,0.0000000000
0.0200000000,-0.1500000000,0.3000000000,-0.0627335374,0.0000000000,-0.1663645583,0.2522859226,-0.4837335841,-0.1036192754,-0.3455048547,-0.2111837923,0.2990006778,0.0827196899,-0.4150939182,0.3062362112,-0.0119568563,0.3578085693,-0.2477345108,-0.3034068674,1.0000000000,1.0000000000,0.0000000000,0.0000000000,0.0000000000
0.0200000000,-0.1500000000,0.3000000000,-0.0627335374,0.0000000000,-0.1674281343,0.2528563820,-0.4825577326,-0.1021758680,-0.3458018744,-0.2104830642,0.2990006778,0.0827196899,-0.4150939182,0.3062362112,-0.0119568563,0.3578085693,-0.2477345108,-0.3034068674,1.0000000000,1.0000000000,0.0000000000,0.0000000000,0.0000000000
0.0200000000,-0.1500000000,0.3000000000,-0.0627335374,0.0000000000,-0.1685508388,0.2532193760,-0.4812653700,-0.1005140712,-0.3462263397,-0.2097286147,0.2990006778,0.0827196899,-0.4150939182,0.3062362112,-0.0119568563,0.3578085693,-0.2477345108,-0.3034068674,1.0000000000,1.0000000000,0.0000000000,0.0000000000,0.0000000000
0.0200000000,-0.1500000000,0.3000000000,-0.0627335374,0.0000000000,-0.1697173770,0.2535121130,-0.4799338390,-0.0987059925,-0.3467063563,-0.2089114106,0.2990006778,0.0827196899,-0.4150939182,0.3062362112,-0.0119568563,0.3578085693,-0.2477345108,-0.3034068674,1.0000000000,1.0000000000,0.0000000000,0.0000000000,0.0000000000
0.0200000000,-0.1500000000,0.3000000000,-0.0627335374,0.0000000000,-0.1707897758,0.2537841271,-0.4786767795,-0.0969604948,-0.3471726281,-0.2081251466,0.2990006778,0.0827196899,-0.4150939182,0.3062362112,-0.0119568563,0.3578085693,-0.2477345108,-0.3034068674,1.0000000000,1.0000000000,0.0000000000,0.0000000000,0.0000000000
0.0200000000,-0.1500000000,0.3000000000,-0.0627335374,0.0000000000,-0.1716543878,0.2540597125,-0.4775585019,-0.0954278112,-0.3475845820,-0.2074468115,0.2990006778,0.0827196899,-0.4150939182,0.3062362112,-0.0119568563,0.3578085693,-0.2477345108,-0.3034068674,1.0000000000,1.0000000000,0.0000000000,0.0000000000,0.0000000000
0.0200000000,-0.1500000000,0.3000000000,-0.0627335374,0.0000000000,-0.1722508092,0.2543784393,-0.4765681847,-0.0941611902,-0.3479282556,-0.2069113669,0.2990006778,0.0827196899,-0.4150939182,0.3062362112,-0.0119568563,0.3578085693,-0.2477345108,-0.3034068674,1.0000000000,1.0000000000,0.0000000000,0.0000000000,0.0000000000
0.0200000000,-0.1500000000,0.3000000000,-0.0627335374,0.0000000000,-0.1725343177,0.2547901676,-0.4756496844,-0.0931638970,-0.3482043540,-0.2065357331,0.2990006778,0.0827196899,-0.4150939182,0.3062362112,-0.0119568563,0.3578085693,-0.2477345108,-0.3034068674,1.0000000000,1.0000000000,0.0000000000,0.0000000000,0.0000000000
0.0200000000,-0.1500000000,0.3000000000,-0.0627335374,0.0000000000,-0.1723602264,0.2553660251,-0.4747461180,-0.0925114636,-0.3484006504,-0.2063898028,0.2990006778,0.0827196899,-0.4150939182,0.3062362112,-0.0119568563,0.3578085693,-0.2477345108,-0.3034068674,1.0000000000,1.0000000000,0.0000000000,0.0000000000,0.0000000000
0.0200000000,-0.1500000000,0.3000000000,-0.0627335374,0.0000000000,-0.1716565469,0.2561396910,-0.4738064249,-0.0922297025,-0.3485218582,-0.2065121142,0.2990006778,0.0827196899,-0.4150939182,0.3062362112,-0.0119568563,0.3578085693,-0.2477345108,-0.3034068674,1.0000000000,1.0000000000,0.0000000000,0.0000000000,0.0000000000
0.0200000000,-0.1500000000,0.3000000000,-0.0627335374,0.0000000000,-0.1703243370,0.2571666846,-0.4727830604,-0.0923631208,-0.3485705720,-0.2069534669,0.2990006778,0.0827196899,-0.4150939182,0.3062362112,-0.0119568563,0.3578085693,-0.2477345108,-0.3034068674,1.0000000000,1.0000000000,0.0000000000,0.0000000000,0.0000000000
0.0200000000,-0.1500000000,0.3000000000,-0.0627335374,0.0000000000,-0.1682900453,0.2585030089,-0.4716298420,-0.0929387575,-0.3485511779,-0.2077503272,0.2990006778,0.0827196899,-0.4150939182,0.3062362112,-0.0119568563,0.3578085693,-0.2477345108,-0.3034068674,1.0000000000,1.0000000000,0.0000000000,0.0000000000,0.0000000000
0.0200000000,-0.1500000000,0.3000000000,-0.0627335374,0.0000000000,-0.1655271141,0.2601828378,-0.4703118819,-0.0939585075,-0.3484678256,-0.2089155488,0.2990006778,0.0827196899,-0.4150939182,0.3062362112,-0.0119568563,0.3578085693,-0.2477345108,-0.3034068674,1.0000000000,1.0000000000,0.0000000000,0.0000000000,0.0000000000
0.0200000000,-0.1500000000,0.3000000000,-0.0627335374,0.0000000000,-0.1620171666,0.2622321442,-0.4688013600,-0.0954289125,-0.3483203192,-0.2104614343,0.2990006778,0.0827196899,-0.4150939182,0.3062362112,-0.0119568563,0.3578085693,-0.2477345108,-0.3034068674,1.0000000000,1.0000000000,0.0000000000,0.0000000000,0.0000000000
0.0200000000,-0.1500000000,0.3000000000,-0.0627335374,0.0000000000,-0.1580496827,0.2645122014,-0.4671746410,-0.0971940993,-0.3481281562,-0.2122509905,0.2990006778,0.0827196899,-0.4150939182,0.3062362112,-0.0119568563,0.3578085693,-0.2477345108,-0.3034068674,1.0000000000,1.0000000000,0.0000000000,0.0000000000,0.0000000000
0.0200000000,-0.1500000000,0.3000000000,-0.0627335374,0.0000000000,-0.1538845787,0.2668880836,-0.4655218825,-0.0991296361,-0.3479047720,-0.2141650261,0.2990006778,0.0827196899,-0.4150939182,0.3062362112,-0.0119568563,0.3578085693,-0.2477345108,-0.3034068674,1.0000000000,1.0000000000,0.0000000000,0.0000000000,0.0000000000
0.0200000000,-0.1500000000,0.3000000000,-0.0627335374,0.0000000000,-0.1497126158,0.2692591627,-0.4639112458,-0.1011421126,-0.3476604181,-0.2161144394,0.2990006778,0.0827196899,-0.4150939182,0.3062362112,-0.0119568563,0.3578085693,-0.2477345108,-0.3034068674,1.0000000000,1.0000000000,0.0000000000,0.0000000000,0.0000000000
0.0200000000,-0.1500000000,0.3000000000,-0.0627335374,0.0000000000,-0.1455621594,0.2716109938,-0.4623490000,-0.1032111275,-0.3473980053,-0.2180836258,0.2990006778,0.0827196899,-0.4150939182,0.3062362112,-0.0119568563,0.3578085693,-0.2477345108,-0.3034068674,1.0000000000,1.0000000000,0.0000000000,0.0000000000,0.0000000000
0.0200000000,-0.1500000000,0.3000000000,-0.0627335374,0.0000000000,-0.1413887712,0.2739667841,-0.4608201904,-0.1053566079,-0.3471145845,-0.2200926744,0.2990006778,0.0827196899,-0.4150939182,0.3062362112,-0.0119568563,0.3578085693,-0.2477345108,-0.3034068674,1.0000000000,1.0000000000,0.0000000000,0.0000000000,0.0000000000
0.0200000000,-0.1500000000,0.3000000000,-0.0627335374,0.0000000000,-0.1373027285,0.2762712213,-0.4593595978,-0.1075070026,-0.3468199584,-0.2220797122,0.2990006778,0.0827196899,-0.4150939182,0.3062362112,-0.0119568563,0.3578085693,-0.2477345108,-0.3034068674,1.0000000000,1.0000000000,0.0000000000,0.0000000000,0.0000000000
0.0200000000,-0.1500000000,0.3000000000,-0.0627335374,0.0000000000,-0.1334796295,0.2784351611,-0.4580286638,-0.1095646809,-0.3465258313,-0.2239544165,0.2990006778,0.0827196899,-0.4150939182,0.3062362112,-0.0119568563,0.3578085693,-0.2477345108,-0.3034068674,1.0000000000,1.0000000000,0.0000000000,0.0000000000,0.0000000000
0.0200000000,-0.1500000000,0.3000000000,-0.0627335374,0.0000000000,-0.1299701966,0.2804350941,-0.4568386644,-0.1114919977,-0.3462380154,-0.2256866195,0.2990006778,0.0827196899,-0.4150939182,0.3062362112,-0.0119568563,0.3578085693,-0.2477345108,-0.3034068674,1.0000000000,1.0000000000,0.0000000000,0.0000000000,0.0000000000
0.0200000000,-0.1500000000,0.3000000000,-0.0627335374,0.0000000000,-0.1266927587,0.2823150010,-0.4557524672,-0.1133196373,-0.3459547568,-0.2273116744,0.2990006778,0.0827196899,-0.4150939182,0.3062362112,-0.0119568563,0.3578085693,-0.2477345108,-0.3034068674,1.0000000000,1.0000000000,0.0000000000,0.0000000000,0.0000000000
0.0200000000,-0.1500000000,0.3000000000,-0.0627335374,0.0000000000,-0.1235702402,0.2841144215,-0.4547407292,-0.1150830660,-0.3456723600,-0.2288655782,0.2990006778,0.0827196899,-0.4150939182,0.3062362112,-0.0119568563,0.3578085693,-0.2477345108,-0.3034068674,1.0000000000,1.0000000000,0.0000000000,0.0000000000,0.0000000000
0.0200000000,-0.1500000000,0.3000000000,-0.0627335374,0.0000000000,-0.1205446630,0.2858639981,-0.4537764881,-0.1168055514,-0.3453898220,-0.2303744718,0.2990006778,0.0827196899,-0.4150939182,0.3062362112,-0.0119568563,0.3578085693,-0.2477345108,-0.3034068674,1.0000000000,1.0000000000,0.0000000000,0.0000000000,0.0000000000
0.0200000000,-0.1500000000,0.3000000000,-0.0627335374,0.0000000000,-0.1176405127,0.2875539980,-0.4528631689,-0.1184681611,-0.3451102321,-0.2318234908,0.2990006778,0.0827196899,-0.4150939182,0.3062362112,-0.0119568563,0.3578085693,-0.2477345108,-0.3034068674,1.0000000000,1.0000000000,0.0000000000,0.0000000000,0.0000000000
0.0200000000,-0.1500000000,0.3000000000,-0.0627335374,0.0000000000,-0.1149571921,0.2891364089,-0.4520339998,-0.1200154717,-0.3448404183,-0.2331607867,0.2990006778,0.0827196899,-0.4150939182,0.3062362112,-0.0119568563,0.3578085693,-0.2477345108,-0.3034068674,1.0000000000,1.0000000000,0.0000000000,0.0000000000,0.0000000000
0.0200000000,-0.1500000000,0.3000000000,-0.0627335374,0.0000000000,-0.1125948775,0.2905610538,-0.4513251051,-0.1213947954,-0.3445867169,-0.2343354020,0.2990006778,0.0827196899,-0.4150939182,0.3062362112,-0.0119568563,0.3578085693,-0.2477345108,-0.3034068674,1.0000000000,1.0000000000,0.0000000000,0.0000000000,0.0000000000
0.0200000000,-0.1500000000,0.3000000000,-0.0627335374,0.0000000000,-0.1105561233,0.2918256478,-0.4507361377,-0.1226039092,-0.3443500190,-0.2353459960,0.2990006778,0.0827196899,-0.4150939182,0.3062362112,-0.0119568563,0.3578085693,-0.2477345108,-0.3034068674,1.0000000000,1.0000000000,0.0000000000,0.0000000000,0.0000000000
0.0200000000,-0.1500000000,0.3000000000,-0.0627335374,0.0000000000,-0.1086540852,0.2930220983,-0.4501960677,-0.1237387925,-0.3441208369,-0.2362869934,0.2990006778,0.0827196899,-0.4150939182,0.3062362112,-0.0119568563,0.3578085693,-0.2477345108,-0.3034068674,1.0000000000,1.0000000000,0.0000000000,0.0000000000,0.0000000000
0.0200000000,-0.1500000000,0.3000000000,-0.0627335374,0.0000000000,-0.1067847414,0.2942013854,-0.4496659543,-0.1248531233,-0.3438936257,-0.2372110960,0.2990006778,0.0827196899,-0.4150939182,0.3062362112,-0.0119568563,0.3578085693,-0.2477345108,-0.3034068674,1.0000000000,1.0000000000,0.0000000000,0.0000000000,0.0000000000
0.0200000000,-0.1500000000,0.3000000000,-0.0627335374,0.0000000000,-0.1048678047,0.2954013252,-0.4491186255,-0.1259901333,-0.3436634719,-0.2381595933,0.2990006778,0.0827196899,-0.4150939182,0.3062362112,-0.0119568563,0.3578085693,-0.2477345108,-0.3034068674,1.0000000000,1.0000000000,0.0000000000,0.0000000000,0.0000000000
0.0200000000,-0.1500000000,0.3000000000,-0.0627335374,0.0000000000,-0.1027274078,0.2967027803,-0.4484983501,-0.1272465990,-0.3434187582,-0.2392235977,0.2990006778,0.0827196899,-0.4150939182,0.3062362112,-0.0119568563,0.3578085693,-0.2477345108,-0.3034068674,1.0000000000,1.0000000000,0.0000000000,0.0000000000,0.0000000000
0.0200000000,-0.1500000000,0.3000000000,-0.0627335374,0.0000000000,-0.0999575029,0.2982924213,-0.4476767351,-0.1288451602,-0.3431322885,-0.2406133752,0.2990006778,0.0827196899,-0.4150939182,0.3062362112,-0.0119568563,0.3578085693,-0.2477345108,-0.3034068674,1.0000000000,1.0000000000,0.0000000000,0.0000000000,0.0000000000
0.0200000000,-0.1500000000,0.3000000000,-0.0627335374,0.0000000000,-0.0964421834,0.3002243139,-0.4466178614,-0.1308478862,-0.3427957475,-0.2423883137,0.2990006778,0.0827196899,-0.4150939182,0.3062362112,-0.0119568563,0.3578085693,-0.2477345108,-0.3034068674,1.0000000000,1.0000000000,0.0000000000,0.0000000000,0.0000000000
0.0200000000,-0.1500000000,0.3000000000,-0.0627335374,0.0000000000,-0.0922599712,0.3024623845,-0.4453470975,-0.1332056330,-0.3424140981,-0.2445054550,0.2990006778,0.0827196899,-0.4150939182,0.3062362112,-0.0119568563,0.3578085693,-0.2477345108,-0.3034068674,1.0000000000,1.0000000000,0.0000000000,0.0000000000,0.0000000000
0.0200000000,-0.1500000000,0.3000000000,-0.0627335374,0.0000000000,-0.0874877878,0.3049703243,-0.4438893821,-0.1358659688,-0.3419928967,-0.2469206929,0.2990006778,0.0827196899,-0.4150939182,0.3062362112,-0.0119568563,0.3578085693,-0.2477345108,-0.3034068674,1.0000000000,1.0000000000,0.0000000000,0.0000000000,0.0000000000
0.0200000000,-0.1500000000,0.3000000000,-0.0627335374,0.0000000000,-0.0823275339,0.3076423771,-0.4423060189,-0.1387064781,-0.3415505874,-0.2495273857,0.2990006778,0.0827196899,-0.4150939182,0.3062362112,-0.0119568563,0.3578085693,-0.2477345108,-0.3034068674,1.0000000000,1.0000000000,0.0000000000,0.0000000000,0.0000000000
0.0200000000,-0.1500000000,0.3000000000,-0.0627335374,0.0000000000,-0.0768248812,0.3104568181,-0.4406068186,-0.1416854301,-0.3410925466,-0.2522956916,0.2990006778,0.0827196899,-0.4150939182,0.3062362112,-0.0119568563,0.3578085693,-0.2477345108,-0.3034068674,1.0000000000,1.0000000000,0.0000000000,0.0000000000,0.0000000000
0.0200000000,-0.1500000000,0.3000000000,-0.0627335374,0.0000000000,-0.0716149104,0.3131124797,-0.4389890337,-0.1444643762,-0.3406649148,-0.2549029453,0.2990006778,0.0827196899,-0.4150939182,0.3062362112,-0.0119568563,0.3578085693,-0.2477345108,-0.3034068674,1.0000000000,1.0000000000,0.0000000000,0.0000000000,0.0000000000
0.0200000000,-0.1500000000,0.3000000000,-0.0627335374,0.0000000000,-0.0671950281,0.3153740387,-0.4376107654,-0.1467883051,-0.3403020985,-0.2570999374,0.2990006778,0.0827196899,-0.4150939182,0.3062362112,-0.0119568563,0.3578085693,-0.2477345108,-0.3034068674,1.0000000000,1.0000000000,0.0000000000,0.0000000000,0.0000000000
0.0200000000,-0.1500000000,0.3000000000,-0.0627335374,0.0000000000,-0.0633998111,0.3173360462,-0.4364244804,-0.1487588604,-0.3399861416,-0.2589721782,0.2990006778,0.0827196899,-0.4150939182,0.3062362112,-0.0119568563,0.3578085693,-0.2477345108,-0.3034068674,1.0000000000,1.0000000000,0.0000000000,0.0000000000,0.0000000000
0.0200000000,-0.1500000000,0.3000000000,-0.0627335374,0.0000000000,-0.0599750544,0.3191298858,-0.4353519744,-0.1505156938,-0.3396953800,-0.2606480356,0.2990006778,0.0827196899,-0.4150939182,0.3062362112,-0.0119568563,0.3578085693,-0.2477345108,-0.3034068674,1.0000000000,1.0000000000,0.0000000000,0.0000000000,0.0000000000
0.0200000000,-0.1500000000,0.3000000000,-0.0627335374,0.0000000000,-0.0566217810,0.3209103108,-0.4342978715,-0.1522124273,-0.3394056987,-0.2622744643,0.2990006778,0.0827196899,-0.4150939182,0.3062362112,-0.0119568563,0.3578085693,-0.2477345108,-0.3034068674,1.0000000000,1.0000000000,0.0000000000,0.0000000000,0.0000000000
0.0200000000,-0.1500000000,0.3000000000,-0.0627335374,0.0000000000,-0.0533369251,0.3226717247,-0.4332602594,-0.1538527983,-0.3391192557,-0.2638555181,0.2990006778,0.0827196899,-0.4150939182,0.3062362112,-0.0119568563,0.3578085693,-0.2477345108,-0.3034068674,1.0000000000,1.0000000000,0.0000000000,0.0000000000,0.0000000000
0.0200000000,-0.1500000000,0.3000000000,-0.0627335374,0.0000000000,-0.0501352936,0.3243977458,-0.4322408199,-0.1554277939,-0.3388409828,-0.2653855496,0.2990006778,0.0827196899,-0.4150939182,0.3062362112,-0.0119568563,0.3578085693,-0.2477345108,-0.3034068674,1.0000000000,1.0000000000,0.0000000000,0.0000000000,0.0000000000
0.0200000000,-0.1500000000,0.3000000000,-0.0627335374,0.0000000000,-0.0470147689,0.3260863720,-0.4312382081,-0.1569386927,-0.3385718708,-0.2668664124,0.2990006778,0.0827196899,-0.4150939182,0.3062362112,-0.0119568563,0.3578085693,-0.2477345108,-0.3034068674,1.0000000000,1.0000000000,0.0000000000,0.0000000000,0.0000000000
0.0200000000,-0.1500000000,0.3000000000,-0.0627335374,0.0000000000,-0.0439724955,0.3277304198,-0.4302494857,-0.1583871002,-0.3383149972,-0.2683016443,0.2990006778,0.0827196899,-0.4150939182,0.3062362112,-0.0119568563,0.3578085693,-0.2477345108,-0.3034068674,1.0000000000,1.0000000000,0.0000000000,0.0000000000,0.0000000000
0.0200000000,-0.1500000000,0.3000000000,-0.0627335374,0.0000000000,-0.0410184652,0.3293246576,-0.4292764391,-0.1597648637,-0.3380717921,-0.2696852435,0.2990006778,0.0827196899,-0.4150939182,0.3062362112,-0.0119568563,0.3578085693,-0.2477345108,-0.3034068674,1.0000000000,1.0000000000,0.0000000000,0.0000000000,0.0000000000
0.0200000000,-0.1500000000,0.3000000000,-0.0627335374,0.0000000000,-0.0381253918,0.3308817564,-0.4283119544,-0.1610908555,-0.3378398056,-0.2710327313,0.2990006778,0.0827196899,-0.4150939182,0.3062362112,-0.0119568563,0.3578085693,-0.2477345108,-0.3034068674,1.0000000000,1.0000000000,0.0000000000,0.0000000000,0.0000000000
0.0200000000,-0.1500000000,0.3000000000,-0.0627335374,0.0000000000,-0.0352911118,0.3324018348,-0.4273552159,-0.1623664255,-0.3376192022,-0.2723454954,0.2990006778,0.0827196899,-0.4150939182,0.3062362112,-0.0119568563,0.3578085693,-0.2477345108,-0.3034068674,1.0000000000,1.0000000000,0.0000000000,0.0000000000,0.0000000000
0.0200000000,-0.1500000000,0.3000000000,-0.0627335374,0.0000000000,-0.0325120608,0.3338882091,-0.4264054541,-0.1635938188,-0.3374091281,-0.2736250883,0.2990006778,0.0827196899,-0.4150939182,0.3062362112,-0.0119568563,0.3578085693,-0.2477345108,-0.3034068674,1.0000000000,1.0000000000,0.0000000000,0.0000000000,0.0000000000
0.0200000000,-0.1500000000,0.3000000000,-0.0627335374,0.0000000000,-0.0297754179,0.3353491562,-0.4254592502,-0.1647811604,-0.3372078212,-0.2748779801,0.2990006778,0.0827196899,-0.4150939182,0.3062362112,-0.0119568563,0.3578085693,-0.2477345108,-0.3034068674,1.0000000000,1.0000000000,0.0000000000,0.0000000000,0.0000000000
0.0200000000,-0.1500000000,0.3000000000,-0.0627335374,0.0000000000,-0.0270926103,0.3367775666,-0.4245187705,-0.1659198951,-0.3370171806,-0.2760978584,0.2990006778,0.0827196899,-0.4150939182,0.3062362112,-0.0119568563,0.3578085693,-0.2477345108,-0.3034068674,1.0000000000,1.0000000000,0.0000000000,0.0000000000,0.0000000000
0.0200000000,-0.1500000000,0.3000000000,-0.0627335374,0.0000000000,-0.0244465688,0.3381842188,-0.4235799720,-0.1670212122,-0.3368346790,-0.2772935308,0.2990006778,0.0827196899,-0.4150939182,0.3062362112,-0.0119568563,0.3578085693,-0.2477345108,-0.3034068674,1.0000000000,1.0000000000,0.0000000000,0.0000000000,0.0000000000
0.0200000000,-0.1500000000,0.3000000000,-0.0627335374,0.0000000000,-0.0218263324,0.3395762814,-0.4226395227,-0.1680909496,-0.3366589515,-0.2784701012,0.2990006778,0.0827196820,-0.4150939165,0.3062362131,-0.0119568523,0.3578085698,-0.2477345071,-0.3034068674,1.0000000000,1.0000000000,0.0000000000,0.0000000000,0.0000000000
0.0200000000,-0.1500000000,0.3000000000,-0.0627335374,0.0000000000,-0.0192347541,0.3409520301,-0.4216984502,-0.1691278649,-0.3364902436,-0.2796263121,0.2990006778,0.0827196526,-0.4150939102,0.3062362201,-0.0119568373,0.3578085715,-0.2477344933,-0.3034068674,1.0000000000,1.0000000000,0.0000000000,0.0000000000,0.0000000000
0.0200000000,-0.1500000000,0.3000000000,-0.0627335374,0.0000000000,-0.0166679973,0.3423136344,-0.4207552061,-0.1701333417,-0.3363283403,-0.2807637816,0.2990006778,0.0827196367,-0.4150939068,0.3062362239,-0.0119568292,0.3578085724,-0.2477344859,-0.3034068674,1.0000000000,1.0000000000,0.0000000000,0.0000000000,0.0000000000
0.0200000000,-0.1500000000,0.3000000000,-0.0627335374,0.0000000000,-0.0141154949,0.3436675751,-0.4198043890,-0.1711090144,-0.3361730111,-0.2818860533,0.2990006778,0.0827196895,-0.4150939182,0.3062362113,-0.0119568561,0.3578085694,-0.2477345106,-0.3034068674,1.0000000000,1.0000000000,0.0000000000,0.0000000000,0.0000000000
0.0200000000,-0.1500000000,0.3000000000,-0.0627335374,0.0000000000,-0.0115752691,0.3450149280,-0.4188470116,-0.1720588771,-0.3360233553,-0.2829951863,0.2990006778,0.0827196998,-0.4150939204,0.3062362089,-0.0119568613,0.3578085688,-0.2477345154,-0.3034068674,1.0000000000,1.0000000000,0.0000000000,0.0000000000,0.0000000000
0.0200000000,-0.1500000000,0.3000000000,-0.0627335374,0.0000000000,-0.0090484728,0.3463549988,-0.4178833092,-0.1729821857,-0.3358795535,-0.2840905755,0.2990006778,0.0827197985,-0.4150939416,0.3062361855,-0.0119569116,0.3578085631,-0.2477345614,-0.3034068674,1.0000000000,1.0000000000,0.0000000000,0.0000000000,0.0000000000
0.0200000000,-0.1500000000,0.3000000000,-0.0627335374,0.0000000000,-0.0065287898,0.3476915958,-0.4169105681,-0.1738810935,-0.3357412654,-0.2851747704,0.2990006778,0.0827203333,-0.4150940569,0.3062360586,-0.0119571838,0.3578085326,-0.2477348110,-0.3034068674,1.0000000000,1.0000000000,0.0000000000,0.0000000000,0.0000000000
0.0200000000,-0.1500000000,0.3000000000,-0.0627335374,0.0000000000,-0.0040126392,0.3490267480,-0.4159273827,-0.1747569221,-0.3356082703,-0.2862492965,0.2990006778,0.0827212239,-0.4150942505,0.3062358431,-0.0119576454,0.3578084808,-0.2477352324,-0.3034068674,1.0000000000,1.0000000000,0.0000000000,0.0000000000,0.0000000000
0.0200000000,-0.1500000000,0.3000000000,-0.0627335374,0.0000000000,-0.0015031217,0.3503587294,-0.4149333392,-0.1756054719,-0.3354814700,-0.2873117031,0.2990006778,0.0827224764,-0.4150945233,0.3062355385,-0.0119582977,0.3578084076,-0.2477358274,-0.3034068674,1.0000000000,1.0000000000,0.0000000000,0.0000000000,0.0000000000
0.0200000000,-0.1500000000,0.3000000000,-0.0627335374,0.0000000000,0.0009987726,0.3516872783,-0.4139301051,-0.1764291476,-0.3353602911,-0.2883624838,0.2990006778,0.0827248793,-0.4150950397,0.3062349722,-0.0119595135,0.3578082712,-0.2477369433,-0.3034068674,1.0000000000,1.0000000000,0.0000000000,0.0000000000,0.0000000000
0.0200000000,-0.1500000000,0.3000000000,-0.0627335374,0.0000000000,0.0034911615,0.3530116118,-0.4129182468,-0.1772271841,-0.3352448531,-0.2894007288,0.2990006778,0.0827288131,-0.4150958858,0.3062340446,-0.0119615031,0.3578080481,-0.2477387699,-0.3034068674,1.0000000000,1.0000000000,0.0000000000,0.0000000000,0.0000000000
0.0200000000,-0.1500000000,0.3000000000,-0.0627335374,0.0000000000,0.0059733957,0.3543313246,-0.4118981888,-0.1779995485,-0.3351351255,-0.2904262618,0.2990006778,0.0827339506,-0.4150969997,0.3062328127,-0.0119641390,0.3578077523,-0.2477411828,-0.3034068674,1.0000000000,1.0000000000,0.0000000000,0.0000000000,0.0000000000
0.0200000000,-0.1500000000,0.3000000000,-0.0627335374,0.0000000000,0.0084490050,0.3556482652,-0.4108682100,-0.1787469981,-0.3350310925,-0.2914403918,0.2990006778,0.0827408680,-0.4150984775,0.3062312067,-0.0119675890,0.3578073655,-0.2477443600,-0.3034068674,1.0000000000,1.0000000000,0.0000000000,0.0000000000,0.0000000000
0.0200000000,-0.1500000000,0.3000000000,-0.0627335374,0.0000000000,0.0109223238,0.3569649229,-0.4098242203,-0.1794670716,-0.3349335584,-0.2924433920,0.2990006778,0.0827510539,-0.4151005953,0.3062289816,-0.0119724039,0.3578068266,-0.2477488464,-0.3034068674,1.0000000000,1.0000000000,0.0000000000,0.0000000000,0.0000000000
0.0200000000,-0.1500000000,0.3000000000,-0.0627335374,0.0000000000,0.0133916186,0.3582803817,-0.4087690498,-0.1801629427,-0.3348416435,-0.2934359520,0.2990006778,0.0827639527,-0.4151032900,0.3062261461,-0.0119785129,0.3578061431,-0.2477545401,-0.3034068674,1.0000000000,1.0000000000,0.0000000000,0.0000000000,0.0000000000
0.0200000000,-0.1500000000,0.3000000000,-0.0627335374,0.0000000000,0.0158588886,0.3595955397,-0.4077016011,-0.1808347836,-0.3347554410,-0.2944187497,0.2990006778,0.0827796185,-0.4151065157,0.3062228091,-0.0119857410,0.3578053350,-0.2477613148,-0.3034068674,1.0000000000,1.0000000000,0.0000000000,0.0000000000,0.0000000000
0.0200000000,-0.1500000000,0.3000000000,-0.0627335374,0.0000000000,0.0183325457,0.3609145267,-0.4066173864,-0.1814837149,-0.3346751796,-0.2953946970,0.2990006778,0.0827990270,-0.4151103154,0.3062191013,-0.0119939634,0.3578044166,-0.2477691646,-0.3034068674,1.0000000000,1.0000000000,0.0000000000,0.0000000000,0.0000000000
0.0200000000,-0.1500000000,0.3000000000,-0.0627335374,0.0000000000,0.0208155214,0.3622389384,-0.4055150619,-0.1821104439,-0.3346007832,-0.2963649101,0.2990006778,0.0828225381,-0.4151148024,0.3062148906,-0.0120033695,0.3578033691,-0.2477782754,-0.3034068674,1.0000000000,1.0000000000,0.0000000000,0.0000000000,0.0000000000
0.0200000000,-0.1500000000,0.3000000000,-0.0627335374,0.0000000000,0.0233062908,0.3635680912,-0.4043935340,-0.1827113901,-0.3345330462,-0.2973275772,0.2990006778,0.0828503893,-0.4151200246,0.3062101237,-0.0120140865,0.3578021777,-0.2477887607,-0.3034068674,1.0000000000,1.0000000000,0.0000000000,0.0000000000,0.0000000000
0.0200000000,-0.1500000000,0.3000000000,-0.0627335374,0.0000000000,0.0258086419,0.3649031761,-0.4032517601,-0.1832890722,-0.3344718729,-0.2982848489,0.2990006778,0.0828825457,-0.4151255674,0.3062055759,-0.0120250574,0.3578009539,-0.2477997825,-0.3034068674,1.0000000000,1.0000000000,0.0000000000,0.0000000000,0.0000000000
0.0200000000,-0.1500000000,0.3000000000,-0.0627335374,0.0000000000,0.0283255275,0.3662454914,-0.4020878231,-0.1838433403,-0.3344175589,-0.2992375539,0.2990006778,0.0829194744,-0.4151314147,0.3062013953,-0.0120360308,0.3577997287,-0.2478112022,-0.3034068674,1.0000000000,1.0000000000,0.0000000000,0.0000000000,0.0000000000
0.0200000000,-0.1500000000,0.3000000000,-0.0627335374,0.0000000000,0.0308557990,0.3675946937,-0.4009026231,-0.1843744422,-0.3343698673,-0.3001854165,0.2990006778,0.0829611463,-0.4151377371,0.3061972699,-0.0120473613,0.3577984676,-0.2478233120,-0.3034068674,1.0000000000,1.0000000000,0.0000000000,0.0000000000,0.0000000000
0.0200000000,-0.1500000000,0.3000000000,-0.0627335374,0.0000000000,0.0334002073,0.3689504582,-0.3996950100,-0.1848815076,-0.3343293838,-0.3011284342,0.2990006778,0.0830070665,-0.4151438626,0.3061942710,-0.0120579432,0.3577972690,-0.2478351106,-0.3034068674,1.0000000000,1.0000000000,0.0000000000,0.0000000000,0.0000000000
0.0200000000,-0.1500000000,0.3000000000,-0.0627335374,0.0000000000,0.0359632461,0.3703138749,-0.3984593166,-0.1853599316,-0.3342980794,-0.3020663551,0.2990006778,0.0830573904,-0.4151488317,0.3061941023,-0.0120659908,0.3577962987,-0.2478450888,-0.3034068674,1.0000000000,1.0000000000,0.0000000000,0.0000000000,0.0000000000
0.0200000000,-0.1500000000,0.3000000000,-0.0627335374,0.0000000000,0.0385429911,0.3716846964,-0.3971991326,-0.1858135790,-0.3342745336,-0.3029999537,0.2990006778,0.0831123003,-0.4151534324,0.3061954370,-0.0120726954,0.3577954621,-0.2478543337,-0.3034068674,1.0000000000,1.0000000000,0.0000000000,0.0000000000,0.0000000000
0.0200000000,-0.1500000000,0.3000000000,-0.0627335374,0.0000000000,0.0411378051,0.3730613437,-0.3959150080,-0.1862421303,-0.3342590629,-0.3039287728,0.2990006778,0.0831703531,-0.4151565577,0.3061999090,-0.0120766838,0.3577948532,-0.2478614370,-0.3034068674,1.0000000000,1.0000000000,0.0000000000,0.0000000000,0.0000000000
0.0200000000,-0.1500000000,0.3000000000,-0.0627335374,0.0000000000,0.0437460118,0.3744416605,-0.3946070604,-0.1866447606,-0.3342523627,-0.3048522419,0.2990006778,0.0832294867,-0.4151564874,0.3062100948,-0.0120756615,0.3577946428,-0.2478641220,-0.3034068674,1.0000000000,1.0000000000,0.0000000000,0.0000000000,0.0000000000
0.0200000000,-0.1500000000,0.3000000000,-0.0627335374,0.0000000000,0.0463672559,0.3758256605,-0.3932753315,-0.1870209711,-0.3342544771,-0.3057699982,0.2990006778,0.0832902892,-0.4151538117,0.3062250623,-0.0120701132,0.3577948289,-0.2478629809,-0.3034068674,1.0000000000,1.0000000000,0.0000000000,0.0000000000,0.0000000000
0.0200000000,-0.1500000000,0.3000000000,-0.0627335374,0.0000000000,0.0490040836,0.3772140298,-0.3919163909,-0.1873678945,-0.3342665191,-0.3066818584,0.2990006778,0.0833522479,-0.4151473820,0.3062467319,-0.0120588360,0.3577954558,-0.2478567381,-0.3034068674,1.0000000000,1.0000000000,0.0000000000,0.0000000000,0.0000000000
0.0200000000,-0.1500000000,0.3000000000,-0.0627335374,0.0000000000,0.0516551821,0.3786055045,-0.3905332240,-0.1876899477,-0.3342874892,-0.3075893122,0.2990006778,0.0834128293,-0.4151353919,0.3062778053,-0.0120402910,0.3577965483,-0.2478435076,-0.3034068674,1.0000000000,1.0000000000,0.0000000000,0.0000000000,0.0000000000
0.0200000000,-0.1500000000,0.3000000000,-0.0627335374,0.0000000000,0.0543210057,0.3800000749,-0.3891254348,-0.1879869794,-0.3343175636,-0.3084924669,0.2990006778,0.0834712740,-0.4151175159,0.3063186769,-0.0120137402,0.3577981974,-0.2478226548,-0.3034068674,1.0000000000,1.0000000000,0.0000000000,0.0000000000,0.0000000000
0.0200000000,-0.1500000000,0.3000000000,-0.0627335374,0.0000000000,0.0570012330,0.3813978275,-0.3876932890,-0.1882589934,-0.3343566157,-0.3093911818,0.2990006778,0.0835282765,-0.4150941825,0.3063687453,-0.0119798507,0.3578003417,-0.2477948146,-0.3034068674,1.0000000000,1.0000000000,0.0000000000,0.0000000000,0.0000000000
0.0200000000,-0.1500000000,0.3000000000,-0.0627335374,0.0000000000,0.0596949206,0.3827979664,-0.3862377141,-0.1885073048,-0.3344043112,-0.3102858810,0.2990006778,0.0835838721,-0.4150640156,0.3064305467,-0.0119387160,0.3578027498,-0.2477594207,-0.3034068674,1.0000000000,1.0000000000,0.0000000000,0.0000000000,0.0000000000
0.0200000000,-0.1500000000,0.3000000000,-0.0627335374,0.0000000000,0.0624061632,0.3842016076,-0.3847544783,-0.1887297791,-0.3344617549,-0.3111772760,0.2990006778,0.0836372749,-0.4150246677,0.3065081120,-0.0118886538,0.3578053688,-0.2477143486,-0.3034068674,1.0000000000,1.0000000000,0.0000000000,0.0000000000,0.0000000000
0.0200000000,-0.1500000000,0.3000000000,-0.0627335374,0.0000000000,0.0651358405,0.3856099648,-0.3832448858,-0.1889287439,-0.3345281284,-0.3120662482,0.2990006778,0.0836883544,-0.4149777772,0.3065984495,-0.0118301568,0.3578083655,-0.2476606329,-0.3034068674,1.0000000000,1.0000000000,0.0000000000,0.0000000000,0.0000000000
0.0200000000,-0.1500000000,0.3000000000,-0.0627335374,0.0000000000,0.0678701002,0.3870161483,-0.3817177415,-0.1891055983,-0.3346022110,-0.3129493407,0.2990006778,0.0837393557,-0.4149235558,0.3067018210,-0.0117663250,0.3578111899,-0.2476003633,-0.3034068674,1.0000000000,1.0000000000,0.0000000000,0.0000000000,0.0000000000
0.0200000000,-0.1500000000,0.3000000000,-0.0627335374,0.0000000000,0.0705830162,0.3884071349,-0.3801889946,-0.1892615362,-0.3346822977,-0.3138193745,0.2990006778,0.0837917998,-0.4148624839,0.3068178526,-0.0117001309,0.3578133631,-0.2475356355,-0.3034068674,1.0000000000,1.0000000000,0.0000000000,0.0000000000,0.0000000000
0.0200000000,-0.1500000000,0.3000000000,-0.0627335374,0.0000000000,0.0732118669,0.3897511874,-0.3786954594,-0.1893946356,-0.3347660885,-0.3146565842,0.2990006778,0.0838417591,-0.4147965924,0.3069420339,-0.0116306950,0.3578153937,-0.2474666263,-0.3034068674,1.0000000000,1.0000000000,0.0000000000,0.0000000000,0.0000000000
0.0200000000,-0.1500000000,0.3000000000,-0.0627335374,0.0000000000,0.0758566434,0.3910982516,-0.3771762178,-0.1895044544,-0.3348584536,-0.3154912619,0.2990006778,0.0838948458,-0.4147217022,0.3070830580,-0.0115580261,0.3578165828,-0.2473917499,-0.3034068674,1.0000000000,1.0000000000,0.0000000000,0.0000000000,0.0000000000
0.0200000000,-0.1500000000,0.3000000000,-0.0627335374,0.0000000000,0.0786850001,0.3925337428,-0.3755347700,-0.1895988088,-0.3349646610,-0.3163770572,0.2990006778,0.0839608764,-0.4146333600,0.3072510575,-0.0114844046,0.3578157423,-0.2473108977,-0.3034068674,1.0000000000,1.0000000000,0.0000000000,0.0000000000,0.0000000000
0.0200000000,-0.1500000000,0.3000000000,-0.0627335374,0.0000000000,0.0817397000,0.3940797344,-0.3737480322,-0.1896815216,-0.3350856368,-0.3173280800,0.2990006778,0.0840390922,-0.4145304207,0.3074477452,-0.0114070911,0.3578132037,-0.2472218633,-0.3034068674,1.0000000000,1.0000000000,0.0000000000,0.0000000000,0.0000000000
0.0200000000,-0.1500000000,0.3000000000,-0.0627335374,0.0000000000,0.0849871536,0.3957189305,-0.3718343300,-0.1897498336,-0.3352205906,-0.3183333096,0.2990006778,0.0841297704,-0.4144138079,0.3076716459,-0.0113279296,0.3578087694,-0.2471261884,-0.3034068674,1.0000000000,1.0000000000,0.0000000000,0.0000000000,0.0000000000
0.0200000000,-0.1500000000,0.3000000000,-0.0627335374,0.0000000000,0.0885229288,0.3974976085,-0.3697281062,-0.1897947065,-0.3353761542,-0.3194197636,0.2990006778,0.0842540113,-0.4142791653,0.3079359962,-0.0112627792,0.3577986787,-0.2470325835,-0.3034068674,1.0000000000,1.0000000000,0.0000000000,0.0000000000,0.0000000000
0.0200000000,-0.1500000000,0.3000000000,-0.0627335374,0.0000000000,0.0925618808,0.3995215911,-0.3672933354,-0.1898087588,-0.3355647179,-0.3206508949,0.2990006778,0.0844299375,-0.4141152708,0.3082651061,-0.0112165608,0.3577801348,-0.2469399062,-0.3034068674,1.0000000000,1.0000000000,0.0000000000,0.0000000000,0.0000000000
0.0200000000,-0.1500000000,0.3000000000,-0.0627335374,0.0000000000,0.0967058513,0.4015934512,-0.3647744420,-0.1897966889,-0.3357652384,-0.3219070982,0.2990006778,0.0846415992,-0.4139433107,0.3086180400,-0.0111983350,0.3577548995,-0.2468623425,-0.3034068674,1.0000000000,1.0000000000,0.0000000000,0.0000000000,0.0000000000
0.0200000000,-0.1500000000,0.3000000000,-0.0627335374,0.0000000000,0.1005926041,0.4035321578,-0.3623870979,-0.1897547653,-0.3359605188,-0.3230776995,0.2990006778,0.0848875391,-0.4137817523,0.3089625329,-0.0112291504,0.3577219955,-0.2468208455,-0.3034068674,1.0000000000,1.0000000000,0.0000000000,0.0000000000,0.0000000000
0.0200000000,-0.1500000000,0.3000000000,-0.0627335374,0.0000000000,0.1042480604,0.4053515310,-0.3601185997,-0.1896864735,-0.3361507891,-0.3241713338,0.2990006778,0.0851642987,-0.4136309026,0.3092970642,-0.0113048090,0.3576822620,-0.2468128351,-0.3034068674,1.0000000000,1.0000000000,0.0000000000,0.0000000000,0.0000000000
0.0200000000,-0.1500000000,0.3000000000,-0.0627335374,0.0000000000,0.1075641433,0.4070006540,-0.3580455010,-0.1896055025,-0.3363268494,-0.3251585177,0.2990006778,0.0854519996,-0.4134999422,0.3096002503,-0.0114139770,0.3576393578,-0.2468345649,-0.3034068674,1.0000000000,1.0000000000,0.0000000000,0.0000000000,0.0000000000
0.0200000000,-0.1500000000,0.3000000000,-0.0627335374,0.0000000000,0.1104590701,0.4084386198,-0.3562172936,-0.1895120370,-0.3364847034,-0.3260145528,0.2990006778,0.0857475738,-0.4133921347,0.3098656504,-0.0115581149,0.3575935524,-0.2468882291,-0.3034068674,1.0000000000,1.0000000000,0.0000000000,0.0000000000,0.0000000000
0.0200000000,-0.1500000000,0.3000000000,-0.0627335374,0.0000000000,0.1136085246,0.4100016298,-0.3542031615,-0.1893756677,-0.3366628088,-0.3269353097,0.2990006778,0.0861262009,-0.4132911256,0.3101415677,-0.0117814737,0.3575334516,-0.2469970189,-0.3034068674,1.0000000000,1.0000000000,0.0000000000,0.0000000000,0.0000000000
0.0200000000,-0.1500000000,0.3000000000,-0.0627335374,0.0000000000,0.1173124557,0.4118388767,-0.3518104200,-0.1891812839,-0.3368784265,-0.3280074142,0.2990006778,0.0866256545,-0.4131904033,0.3104493337,-0.0121086501,0.3574531663,-0.2471747810,-0.3034068674,1.0000000000,1.0000000000,0.0000000000,0.0000000000,0.0000000000
0.0200000000,-0.1500000000,0.3000000000,-0.0627335374,0.0000000000,0.1208025799,0.4135691783,-0.3495368370,-0.1889696759,-0.3370873072,-0.3290079103,0.2990006778,0.0871338085,-0.4131101302,0.3107240700,-0.0124622765,0.3573710438,-0.2473781476,-0.3034068674,1.0000000000,1.0000000000,0.0000000000,0.0000000000,0.0000000000
0.0200000000,-0.1500000000,0.3000000000,-0.0627335374,0.0000000000,0.1234330000,0.4148721640,-0.3478037383,-0.1887805011,-0.3372508789,-0.3297516728,0.2990006778,0.0875541832,-0.4130658445,0.3109131016,-0.0127750244,0.3573027483,-0.2475685221,-0.3034068674,1.0000000000,1.0000000000,0.0000000000,0.0000000000,0.0000000000
0.0200000000,-0.1500000000,0.3000000000,-0.0627335374,0.0000000000,0.1258467066,0.4160667916,-0.3461826981,-0.1885557521,-0.3374122806,-0.3304144792,0.2990006778,0.0879877171,-0.4130501031,0.3110561970,-0.0131208278,0.3572325271,-0.2477923774,-0.3034068674,1.0000000000,1.0000000000,0.0000000000,0.0000000000,0.0000000000
0.0200000000,-0.1500000000,0.3000000000,-0.0627335374,0.0000000000,0.1286978928,0.4174774675,-0.3442463034,-0.1882512607,-0.3376122234,-0.3311811645,0.2990006778,0.0885248885,-0.4130491250,0.3112013316,-0.0135606781,0.3571461660,-0.2480849784,-0.3034068674,1.0000000000,1.0000000000,0.0000000000,0.0000000000,0.0000000000
0.0200000000,-0.1500000000,0.3000000000,-0.0627335374,0.0000000000,0.1318138418,0.4190198079,-0.3421004641,-0.1878629247,-0.3378433782,-0.3319952392,0.2990006778,0.0891451080,-0.4130705151,0.3113297348,-0.0140803327,0.3570475929,-0.2484401198,-0.3034068674,1.0000000000,1.0000000000,0.0000000000,0.0000000000,0.0000000000
0.0200000000,-0.1500000000,0.3000000000,-0.0627335374,0.0000000000,0.1350585872,0.4206273241,-0.3398278626,-0.1873851437,-0.3381009065,-0.3328108196,0.2990006778,0.0898296805,-0.4131207319,0.3114251191,-0.0146656625,0.3569405142,-0.2488512527,-0.3034068674,1.0000000000,1.0000000000,0.0000000000,0.0000000000,0.0000000000
0.0200000000,-0.1500000000,0.3000000000,-0.0627335374,0.0000000000,0.1389873981,0.4225859903,-0.3369955769,-0.1866359581,-0.3384480397,-0.3337187500,0.2990006778,0.0907247018,-0.4132315176,0.3114706999,-0.0154341075,0.3568063520,-0.2494112118,-0.3034068674,1.0000000000,1.0000000000,0.0000000000,0.0000000000,0.0000000000
0.0200000000,-0.1500000000,0.3000000000,-0.0627335374,0.0000000000,0.1435481573,0.4248879980,-0.3335909927,-0.1855035408,-0.3389002197,-0.3346459209,0.2990006778,0.0918474050,-0.4134245350,0.3114324693,-0.0163834315,0.3566482636,-0.2501294720,-0.3034068674,1.0000000000,1.0000000000,0.0000000000,0.0000000000,0.0000000000
0.0200000000,-0.1500000000,0.3000000000,-0.0627335374,0.0000000000,0.1475903783,0.4269781508,-0.3304321483,-0.1841603745,-0.3393554611,-0.3352985976,0.2990006778,0.0929338341,-0.4136656847,0.3112984961,-0.0172631059,0.3565098194,-0.2508259536,-0.3034068674,1.0000000000,1.0000000000,0.0000000000,0.0000000000,0.0000000000
0.0200000000,-0.1500000000,0.3000000000,-0.0627335374,0.0000000000,0.1509398829,0.4287733964,-0.3276763551,-0.1826926122,-0.3397798652,-0.3356579969,0.2990006778,0.0939210845,-0.4139305305,0.3110941562,-0.0180087586,0.3563999515,-0.2514475657,-0.3034068674,1.0000000000,1.0000000000,0.0000000000,0.0000000000,0.0000000000
0.0200000000,-0.1500000000,0.3000000000,-0.0627335374,0.0000000000,0.1535218101,0.4302233957,-0.3254209727,-0.1812056034,-0.3401514213,-0.3357492552,0.2990006778,0.0947654368,-0.4141949720,0.3108500774,-0.0185853336,0.3563221486,-0.2519599247,-0.3034068674,1.0000000000,1.0000000000,0.0000000000,0.0000000000,0.0000000000
0.0200000000,-0.1500000000,0.3000000000,-0.0627335374,0.0000000000,0.1555063555,0.4313960445,-0.3235667533,-0.1797232613,-0.3404846806,-0.3356391042,0.2990006778,0.0954916158,-0.4144526279,0.3105844319,-0.0190197290,0.3562703599,-0.2523775530,-0.3034068674,1.0000000000,1.0000000000,0.0000000000,0.0000000000,0.0000000000
0.0200000000,-0.1500000000,0.3000000000,-0.0627335374,0.0000000000,0.1570138015,0.4323302524,-0.3220525619,-0.1782930611,-0.3407901440,-0.3353916607,0.2990006778,0.0961137094,-0.4146965097,0.3103135833,-0.0193374173,0.3562388848,-0.2527133961,-0.3034068674,1.0000000000,1.0000000000,0.0000000000,0.0000000000,0.0000000000
0.0200000000,-0.1500000000,0.3000000000,-0.0627335374,0.0000000000,0.1581637808,0.4330672433,-0.3208268114,-0.1769937879,-0.3410656927,-0.3350895696,0.2990006778,0.0966405380,-0.4149169702,0.3100575270,-0.0195719304,0.3562203235,-0.2529837681,-0.3034068674,1.0000000000,1.0000000000,0.0000000000,0.0000000000,0.0000000000
0.0200000000,-0.1500000000,0.3000000000,-0.0627335374,0.0000000000,0.1590157735,0.4336334966,-0.3198578841,-0.1758489231,-0.3413090546,-0.3347659385,0.2990006778,0.0970786123,-0.4151113588,0.3098229649,-0.0197393760,0.3562113656,-0.2531975097,-0.3034068674,1.0000000000,1.0000000000,0.0000000000,0.0000000000,0.0000000000
0.0200000000,-0.1500000000,0.3000000000,-0.0627335374,0.0000000000,0.1596848166,0.4340948472,-0.3190467177,-0.1747985508,-0.3415329123,-0.3344285082,0.2990006778,0.0974618720,-0.4152896850,0.3096014430,-0.0198651737,0.3562083976,-0.2533762204,-0.3034068674,1.0000000000,1.0000000000,0.0000000000,0.0000000000,0.0000000000
0.0200000000,-0.1500000000,0.3000000000,-0.0627335374,0.0000000000,0.1602814632,0.4345182755,-0.3182837136,-0.1737397240,-0.3417603475,-0.3340598327,0.2990006778,0.0978352403,-0.4154696459,0.3093736253,-0.0199718740,0.3562092300,-0.2535438055,-0.3034068674,1.0000000000,1.0000000000,0.0000000000,0.0000000000,0.0000000000
0.0200000000,-0.1500000000,0.3000000000,-0.0627335374,0.0000000000,0.1608550855,0.4349427460,-0.3174933199,-0.1725367076,-0.3420229881,-0.3336023453,0.2990006778,0.0982444416,-0.4156761363,0.3091071756,-0.0200653772,0.3562156498,-0.2537173906,-0.3034068674,1.0000000000,1.0000000000,0.0000000000,0.0000000000,0.0000000000
0.0200000000,-0.1500000000,0.3000000000,-0.0627335374,0.0000000000,0.1614125712,0.4353793680,-0.3166524468,-0.1711281389,-0.3423343954,-0.3330245654,0.2990006778,0.0987092126,-0.4159209296,0.3087861897,-0.0201455606,0.3562290618,-0.2539032175,-0.3034068674,1.0000000000,1.0000000000,0.0000000000,0.0000000000,0.0000000000
0.0200000000,-0.1500000000,0.3000000000,-0.0627335374,0.0000000000,0.1619462303,0.4358261500,-0.3157641945,-0.1695053428,-0.3426956751,-0.3323186456,0.2990006778,0.0992350126,-0.4162066668,0.3084070794,-0.0202132405,0.3562496460,-0.2541033581,-0.3034068674,1.0000000000,1.0000000000,0.0000000000,0.0000000000,0.0000000000
0.0200000000,-0.1500000000,0.3000000000,-0.0627335374,0.0000000000,0.1624442613,0.4362778295,-0.3148390873,-0.1676705176,-0.3431048085,-0.3314809848,0.2990006778,0.0998277785,-0.4165354025,0.3079673565,-0.0202709013,0.3562772054,-0.2543206969,-0.3034068674,1.0000000000,1.0000000000,0.0000000000,0.0000000000,0.0000000000
0.0200000000,-0.1500000000,0.3000000000,-0.0627335374,0.0000000000,0.1628938247,0.4367305635,-0.3138836287,-0.1656063762,-0.3435640108,-0.3304966112,0.2990006778,0.1005014718,-0.4169138417,0.3074582569,-0.0203210383,0.3563120865,-0.2545606629,-0.3034068674,1.0000000000,1.0000000000,0.0000000000,0.0000000000,0.0000000000
0.0200000000,-0.1500000000,0.3000000000,-0.0627335374,0.0000000000,0.1632819525,0.4371800979,-0.3129047070,-0.1632908825,-0.3440765823,-0.3293471075,0.2990006778,0.1012785082,-0.4173516825,0.3068674629,-0.0203699137,0.3563543042,-0.2548329437,-0.3034068674,1.0000000000,1.0000000000,0.0000000000,0.0000000000,0.0000000000
0.0200000000,-0.1500000000,0.3000000000,-0.0627335374,0.0000000000,0.1636164940,0.4376206256,-0.3119229460,-0.1608032757,-0.3446242475,-0.3280783142,0.2990006778,0.1021481616,-0.4178372580,0.3062127098,-0.0204286488,0.3564004228,-0.2551386705,-0.3034068674,1.0000000000,1.0000000000,0.0000000000,0.0000000000,0.0000000000
0.0200000000,-0.1500000000,0.3000000000,-0.0627335374,0.0000000000,0.1639018089,0.4380441793,-0.3109617453,-0.1582293180,-0.3451875606,-0.3267385874,0.2990006778,0.1030975303,-0.4183572270,0.3055140171,-0.0205085996,0.3564467618,-0.2554783157,-0.3034068674,1.0000000000,1.0000000000,0.0000000000,0.0000000000,0.0000000000
0.0200000000,-0.1500000000,0.3000000000,-0.0627335374,0.0000000000,0.1641492169,0.4384442881,-0.3100427860,-0.1556749186,-0.3457435809,-0.3253906278,0.2990006778,0.1041019713,-0.4188918563,0.3047999336,-0.0206202161,0.3564890465,-0.2558482538,-0.3034068674,1.0000000000,1.0000000000,0.0000000000,0.0000000000,0.0000000000
0.0200000000,-0.1500000000,0.3000000000,-0.0627335374,0.0000000000,0.1643809843,0.4388222539,-0.3091712419,-0.1532183075,-0.3462768272,-0.3240859246,0.2990006778,0.1051441514,-0.4194259050,0.3040930010,-0.0207741493,0.3565234828,-0.2562473615,-0.3034068674,1.0000000000,1.0000000000,0.0000000000,0.0000000000,0.0000000000
0.0200000000,-0.1500000000,0.3000000000,-0.0627335374,0.0000000000,0.1646315775,0.4391879444,-0.3083339204,-0.1508998006,-0.3467815725,-0.3228587019,0.2990006778,0.1062311546,-0.4199545008,0.3034032220,-0.0209895392,0.3565459076,-0.2566858590,-0.3034068674,1.0000000000,1.0000000000,0.0000000000,0.0000000000,0.0000000000
0.0200000000,-0.1500000000,0.3000000000,-0.0627335374,0.0000000000,0.1649226258,0.4395553699,-0.3075032551,-0.1486831629,-0.3472678727,-0.3216975881,0.2990006778,0.1073737340,-0.4204830980,0.3027239047,-0.0212690036,0.3565564452,-0.2571683461,-0.3034068674,1.0000000000,1.0000000000,0.0000000000,0.0000000000,0.0000000000
0.0200000000,-0.1500000000,0.3000000000,-0.0627335374,0.0000000000,0.1652648329,0.4399339783,-0.3066591142,-0.1465281700,-0.3477457297,-0.3205845669,0.2990006778,0.1085926350,-0.4210202790,0.3020446583,-0.0216192443,0.3565548507,-0.2577041585,-0.3034068674,1.0000000000,1.0000000000,0.0000000000,0.0000000000,0.0000000000
0.0200000000,-0.1500000000,0.3000000000,-0.0627335374,0.0000000000,0.1656610018,0.4403268805,-0.3057944646,-0.1444225750,-0.3482182481,-0.3195143955,0.2990006778,0.1098937671,-0.4215678633,0.3013634371,-0.0220426763,0.3565408782,-0.2582961354,-0.3034068674,1.0000000000,1.0000000000,0.0000000000,0.0000000000,0.0000000000
0.0200000000,-0.1500000000,0.3000000000,-0.0627335374,0.0000000000,0.1660991618,0.4407226869,-0.3049332028,-0.1424305647,-0.3486703989,-0.3185192352,0.2990006778,0.1112336119,-0.4221071003,0.3007027913,-0.0225246583,0.3565150424,-0.2589244984,-0.3034068674,1.0000000000,1.0000000000,0.0000000000,0.0000000000,0.0000000000
0.0200000000,-0.1500000000,0.3000000000,-0.0627335374,0.0000000000,0.1665566598,0.4410972999,-0.3041267010,-0.1406897235,-0.3490701674,-0.3176682925,0.2990006778,0.1125218101,-0.4225994112,0.3001091232,-0.0230348345,0.3564784481,-0.2595482090,-0.3034068674,1.0000000000,1.0000000000,0.0000000000,0.0000000000,0.0000000000
0.0200000000,-0.1500000000,0.3000000000,-0.0627335374,0.0000000000,0.1670170034,0.4414451838,-0.3033835426,-0.1391905868,-0.3494180420,-0.3169514383,0.2990006778,0.1137279258,-0.4230397613,0.2995848698,-0.0235479525,0.3564352118,-0.2601473115,-0.3034068674,1.0000000000,1.0000000000,0.0000000000,0.0000000000,0.0000000000
0.0200000000,-0.1500000000,0.3000000000,-0.0627335374,0.0000000000,0.1674781070,0.4417735355,-0.3026853191,-0.1378582930,-0.3497302325,-0.3163267086,0.2990006778,0.1148763880,-0.4234436592,0.2991086685,-0.0240618538,0.3563875921,-0.2607287542,-0.3034068674,1.0000000000,1.0000000000,0.0000000000,0.0000000000,0.0000000000
0.0200000000,-0.1500000000,0.3000000000,-0.0627335374,0.0000000000,0.1679409349,0.4420891917,-0.3020155229,-0.1366331042,-0.3500199033,-0.3157614490,0.2990006778,0.1159969108,-0.4238257197,0.2986619994,-0.0245822736,0.3563362297,-0.2613042714,-0.3034068674,1.0000000000,1.0000000000,0.0000000000,0.0000000000,0.0000000000
0.0200000000,-0.1500000000,0.3000000000,-0.0627335374,0.0000000000,0.1684069526,0.4423941766,-0.3013696454,-0.1355011623,-0.3502901800,-0.3152485619,0.2990006778,0.1171017232,-0.4241905916,0.2982397966,-0.0251142863,0.3562806846,-0.2618797216,-0.3034068674,1.0000000000,1.0000000000,0.0000000000,0.0000000000,0.0000000000
0.0200000000,-0.1500000000,0.3000000000,-0.0627335374,0.0000000000,0.1688763438,0.4426902152,-0.3007433016,-0.1344469462,-0.3505445277,-0.3147796951,0.2990006778,0.1181967629,-0.4245415038,0.2978375030,-0.0256581491,0.3562213201,-0.2624572391,-0.3034068674,1.0000000000,1.0000000000,0.0000000000,0.0000000000,0.0000000000
0.0200000000,-0.1500000000,0.3000000000,-0.0627335374,0.0000000000,0.1693502558,0.4429834689,-0.3001223826,-0.1334234078,-0.3507932559,-0.3143294257,0.2990006778,0.1192976976,-0.4248880125,0.2974419958,-0.0262137146,0.3561593380,-0.2630418654,-0.3034068674,1.0000000000,1.0000000000,0.0000000000,0.0000000000,0.0000000000
0.0200000000,-0.1500000000,0.3000000000,-0.0627335374,0.0000000000,0.1698372071,0.4432792189,-0.2994968316,-0.1324153926,-0.3510403676,-0.3138922685,0.2990006778,0.1204263486,-0.4252363550,0.2970473041,-0.0267936273,0.3560930763,-0.2636455976,-0.3034068674,1.0000000000,1.0000000000,0.0000000000,0.0000000000,0.0000000000
0.0200000000,-0.1500000000,0.3000000000,-0.0627335374,0.0000000000,0.1703466296,0.4435811656,-0.2988606292,-0.1314237188,-0.3512864048,-0.3134717907,0.2990006778,0.1216010474,-0.4255899756,0.2966516128,-0.0274118727,0.3560202645,-0.2642798124,-0.3034068674,1.0000000000,1.0000000000,0.0000000000,0.0000000000,0.0000000000
0.0200000000,-0.1500000000,0.3000000000,-0.0627335374,0.0000000000,0.1708773211,0.4438888234,-0.2982144395,-0.1304476461,-0.3515313827,-0.3130672173,0.2990006778,0.1228203932,-0.4259486815,0.2962547061,-0.0280669531,0.3559411798,-0.2649435706,-0.3034068674,1.0000000000,1.0000000000,0.0000000000,0.0000000000,0.0000000000
0.0200000000,-0.1500000000,0.3000000000,-0.0627335374,0.0000000000,0.1714160259,0.4441966706,-0.2975670413,-0.1294859747,-0.3517744697,-0.3126735368,0.2990006778,0.1240653780,-0.4263088133,0.2958579661,-0.0287433202,0.3558583977,-0.2656248353,-0.3034068674,1.0000000000,1.0000000000,0.0000000000,0.0000000000,0.0000000000
0.0200000000,-0.1500000000,0.3000000000,-0.0627335374,0.0000000000,0.1719484501,0.4444977151,-0.2969312541,-0.1285469976,-0.3520124654,-0.3122903452,0.2990006778,0.1253161693,-0.4266658623,0.2954650665,-0.0294267358,0.3557740487,-0.2663113651,-0.3034068674,1.0000000000,1.0000000000,0.0000000000,0.0000000000,0.0000000000
0.0200000000,-0.1500000000,0.3000000000,-0.0627335374,0.0000000000,0.1724689491,0.4447876327,-0.2963158838,-0.1276448324,-0.3522416657,-0.3119232986,0.2990006778,0.1265682102,-0.4270173835,0.2950794030,-0.0301158637,0.3556880470,-0.2670009266,-0.3034068674,1.0000000000,1.0000000000,0.0000000000,0.0000000000,0.0000000000
0.0200000000,-0.1500000000,0.3000000000,-0.0627335374,0.0000000000,0.1729777101,0.4450666506,-0.2957206797,-0.1267787352,-0.3524622124,-0.3115720659,0.2990006778,0.1278210122,-0.4273633935,0.2947008423,-0.0308101409,0.3556005023,-0.2676931549,-0.3034068674,1.0000000000,1.0000000000,0.0000000000,0.0000000000,0.0000000000
0.0200000000,-0.1500000000,0.3000000000,-0.0627335374,0.0000000000,0.1734775941,0.4453381905,-0.2951385344,-0.1259328584,-0.3526778740,-0.3112291014,0.2990006778,0.1290762516,-0.4277060434,0.2943257417,-0.0315078792,0.3555120488,-0.2683881723,-0.3034068674,1.0000000000,1.0000000000,0.0000000000,0.0000000000,0.0000000000
0.0200000000,-0.1500000000,0.3000000000,-0.0627335374,0.0000000000,0.1739675162,0.4456031872,-0.2945668712,-0.1250939183,-0.3528914388,-0.3108866827,0.2990006778,0.1303428804,-0.4280487413,0.2939495031,-0.0322115817,0.3554226806,-0.2690899756,-0.3034068674,1.0000000000,1.0000000000,0.0000000000,0.0000000000,0.0000000000
0.0200000000,-0.1500000000,0.3000000000,-0.0627335374,0.0000000000,0.1744443408,0.4458602259,-0.2940085673,-0.1242592959,-0.3531029719,-0.3105418628,0.2990006778,0.1316319872,-0.4283946217,0.2935693412,-0.0329268637,0.3553316750,-0.2698040020,-0.3034068674,1.0000000000,1.0000000000,0.0000000000,0.0000000000,0.0000000000
0.0200000000,-0.1500000000,0.3000000000,-0.0627335374,0.0000000000,0.1749062996,0.4461082919,-0.2934657554,-0.1234293777,-0.3533121255,-0.3101940293,0.2990006778,0.1329496517,-0.4287450255,0.2931840928,-0.0336571029,0.3552385518,-0.2705334433,-0.3034068674,1.0000000000,1.0000000000,0.0000000000,0.0000000000,0.0000000000
0.0200000000,-0.1500000000,0.3000000000,-0.0627335374,0.0000000000,0.1753589292,0.4463510012,-0.2929317644,-0.1225955674,-0.3535212595,-0.3098403923,0.2990006778,0.1343020987,-0.4291020394,0.2927911023,-0.0344053181,0.3551430368,-0.2712817065,-0.3034068674,1.0000000000,1.0000000000,0.0000000000,0.0000000000,0.0000000000
0.0200000000,-0.1500000000,0.3000000000,-0.0627335374,0.0000000000,0.1758204574,0.4465998676,-0.2923848988,-0.1217200624,-0.3537398953,-0.3094657964,0.2990006778,0.1357439149,-0.4294813114,0.2923735955,-0.0352001547,0.3550417140,-0.2720778717,-0.3034068674,1.0000000000,1.0000000000,0.0000000000,0.0000000000,0.0000000000
0.0200000000,-0.1500000000,0.3000000000,-0.0627335374,0.0000000000,0.1763331456,0.4468816259,-0.2917743385,-0.1206932040,-0.3539942332,-0.3090214695,0.2990006778,0.1374747475,-0.4299373732,0.2918743758,-0.0361473102,0.3549215110,-0.2730281156,-0.3034068674,1.0000000000,1.0000000000,0.0000000000,0.0000000000,0.0000000000
0.0200000000,-0.1500000000,0.3000000000,-0.0627335374,0.0000000000,0.1769141874,0.4472082702,-0.2910768098,-0.1194470156,-0.3542994322,-0.3084734339,0.2990006778,0.1396352525,-0.4305067222,0.2912521558,-0.0373187891,0.3547736613,-0.2742073636,-0.3034068674,1.0000000000,1.0000000000,0.0000000000,0.0000000000,0.0000000000
0.0200000000,-0.1500000000,0.3000000000,-0.0627335374,0.0000000000,0.1775325124,0.4475632283,-0.2903222894,-0.1180019574,-0.3546480873,-0.3078215760,0.2990006778,0.1422136095,-0.4311813568,0.2905062224,-0.0386996178,0.3546006732,-0.2756090229,-0.3034068674,1.0000000000,1.0000000000,0.0000000000,0.0000000000,0.0000000000
0.0200000000,-0.1500000000,0.3000000000,-0.0627335374,0.0000000000,0.1781209814,0.4479073258,-0.2895838250,-0.1164667760,-0.3550114870,-0.3071041434,0.2990006778,0.1450235246,-0.4319067912,0.2896848222,-0.0401794248,0.3544171819,-0.2771317242,-0.3034068674,1.0000000000,1.0000000000,0.0000000000,0.0000000000,0.0000000000
0.0200000000,-0.1500000000,0.3000000000,-0.0627335374,0.0000000000,0.1786188314,0.4482025700,-0.2889337822,-0.1149860234,-0.3553545355,-0.3063829905,0.2990006778,0.1477878029,-0.4326103961,0.2888665897,-0.0416065929,0.3542424907,-0.2786236432,-0.3034068674,1.0000000000,1.0000000000,0.0000000000,0.0000000000,0.0000000000
0.0200000000,-0.1500000000,0.3000000000,-0.0627335374,0.0000000000,0.1789816267,0.4484173650,-0.2884342938,-0.1137312794,-0.3556385534,-0.3057421313,0.2990006778,0.1501769960,-0.4332121876,0.2881511977,-0.0428135880,0.3540969999,-0.2799049680,-0.3034068674,1.0000000000,1.0000000000,0.0000000000,0.0000000000,0.0000000000
0.0200000000,-0.1500000000,0.3000000000,-0.0627335374,0.0000000000,0.1792338041,0.4485624696,-0.2880677782,-0.1127291193,-0.3558608300,-0.3052068266,0.2990006778,0.1521366862,-0.4337029059,0.2875598835,-0.0437861226,0.3539813483,-0.2809492559,-0.3034068674,1.0000000000,1.0000000000,0.0000000000,0.0000000000,0.0000000000
0.0200000000,-0.1500000000,0.3000000000,-0.0627335374,0.0000000000,0.1794154953,0.4486624053,-0.2877890013,-0.1119042704,-0.3560405123,-0.3047483804,0.2990006778,0.1538029268,-0.4341175068,0.2870540375,-0.0446011257,0.3538855700,-0.2818329482,-0.3034068674,1.0000000000,1.0000000000,0.0000000000,0.0000000000,0.0000000000
0.0200000000,-0.1500000000,0.3000000000,-0.0627335374,0.0000000000,0.1795664653,0.4487433737,-0.2875485197,-0.1111508688,-0.3562028020,-0.3043199679,0.2990006778,0.1553617839,-0.4345029087,0.2865786820,-0.0453563565,0.3537975782,-0.2826577166,-0.3034068674,1.0000000000,1.0000000000,0.0000000000,0.0000000000,0.0000000000
0.0200000000,-0.1500000000,0.3000000000,-0.0627335374,0.0000000000,0.1797019536,0.4488162976,-0.2873253538,-0.1104064617,-0.3563616008,-0.3038905361,0.2990006778,0.1569327037,-0.4348899315,0.2860976465,-0.0461100869,0.3537105567,-0.2834860936,-0.3034068674,1.0000000000,1.0000000000,0.0000000000,0.0000000000,0.0000000000
0.0200000000,-0.1500000000,0.3000000000,-0.0627335374,0.0000000000,0.1798162633,0.4488787443,-0.2871239387,-0.1096478088,-0.3565206699,-0.3034435904,0.2990006778,0.1585850210,-0.4352971735,0.2855888096,-0.0468905997,0.3536217267,-0.2843510818,-0.3034068674,1.0000000000,1.0000000000,0.0000000000,0.0000000000,0.0000000000
0.0200000000,-0.1500000000,0.3000000000,-0.0627335374,0.0000000000,0.1799100203,0.4489311553,-0.2869432447,-0.1088734410,-0.3566803707,-0.3029785016,0.2990006778,0.1603211755,-0.4357251768,0.2850514982,-0.0476994703,0.3535308743,-0.2852541842,-0.3034068674,1.0000000000,1.0000000000,0.0000000000,0.0000000000,0.0000000000
0.0200000000,-0.1500000000,0.3000000000,-0.0627335374,0.0000000000,0.1799890825,0.4489772028,-0.2867766319,-0.1080836442,-0.3568414078,-0.3024980287,0.2990006778,0.1621300243,-0.4361691199,0.2844894330,-0.0485339835,0.3534380866,-0.2861921707,-0.3034068674,1.0000000000,1.0000000000,0.0000000000,0.0000000000,0.0000000000
0.0200000000,-0.1500000000,0.3000000000,-0.0627335374,0.0000000000,0.1800583070,0.4490200507,-0.2866182577,-0.1072644869,-0.3570069838,-0.3019957238,0.2990006778,0.1640519282,-0.4366349520,0.2838900056,-0.0494137039,0.3533410773,-0.2871888569,-0.3034068674,1.0000000000,1.0000000000,0.0000000000,0.0000000000,0.0000000000
0.0200000000,-0.1500000000,0.3000000000,-0.0627335374,0.0000000000,0.1801160940,0.4490594596,-0.2864683597,-0.1063802515,-0.3571835737,-0.3014489853,0.2990006778,0.1662105960,-0.4371473937,0.2832138811,-0.0503922602,0.3532341644,-0.2883099325,-0.3034068674,1.0000000000,1.0000000000,0.0000000000,0.0000000000,0.0000000000
0.0200000000,-0.1500000000,0.3000000000,-0.0627335374,0.0000000000,0.1801569567,0.4490935199,-0.2863304727,-0.1053862708,-0.3573789050,-0.3008281139,0.2990006778,0.1687613373,-0.4377392721,0.2824119237,-0.0515347209,0.3531107745,-0.2896351271,-0.3034068674,1.0000000000,1.0000000000,0.0000000000,0.0000000000,0.0000000000
0.0200000000,-0.1500000000,0.3000000000,-0.0627335374,0.0000000000,0.1801824710,0.4491229320,-0.2862032779,-0.1042762586,-0.3575942238,-0.3001296323,0.2990006778,0.1717356408,-0.4384225663,0.2814771207,-0.0528556014,0.3529694151,-0.2911764286,-0.3034068674,1.0000000000,1.0000000000,0.0000000000,0.0000000000,0.0000000000
0.0200000000,-0.1500000000,0.3000000000,-0.0627335374,0.0000000000,0.1801928280,0.4491474245,-0.2860877543,-0.1030291916,-0.3578332063,-0.2993400680,0.2990006778,0.1752531656,-0.4392300910,0.2803765573,-0.0544097099,0.3528041645,-0.2929907643,-0.3034068674,1.0000000000,1.0000000000,0.0000000000,0.0000000000,0.0000000000
0.0200000000,-0.1500000000,0.3000000000,-0.0627335374,0.0000000000,0.1801862605,0.4491646339,-0.2859891006,-0.1016585414,-0.3580927944,-0.2984659857,0.2990006778,0.1793529170,-0.4401694045,0.2791008144,-0.0562155234,0.3526130101,-0.2950979579,-0.3034068674,1.0000000000,1.0000000000,0.0000000000,0.0000000000,0.0000000000
0.0200000000,-0.1500000000,0.3000000000,-0.0627335374,0.0000000000,0.1801623080,0.4491713257,-0.2859148639,-0.1002601851,-0.3583547134,-0.2975648140,0.2990006778,0.1838088465,-0.4411767454,0.2777191401,-0.0581726559,0.3524067914,-0.2973885971,-0.3034068674,1.0000000000,1.0000000000,0.0000000000,0.0000000000,0.0000000000
0.0200000000,-0.1500000000,0.3000000000,-0.0627335374,0.0000000000,0.1801259343,0.4491664604,-0.2858693218,-0.0989655654,-0.3585946207,-0.2967178508,0.2990006778,0.1882666315,-0.4421544575,0.2763391381,-0.0601244718,0.3522023555,-0.2996909890,-0.3034068674,1.0000000000,1.0000000000,0.0000000000,0.0000000000,0.0000000000
0.0200000000,-0.1500000000,0.3000000000,-0.0627335374,0.0000000000,0.1800880110,0.4491556591,-0.2858417850,-0.0977960050,-0.3588098565,-0.2959430531,0.2990006778,0.1926052785,-0.4430744456,0.2749977274,-0.0620216411,0.3520045286,-0.3019462709,-0.3034068674,1.0000000000,1.0000000000,0.0000000000,0.0000000000,0.0000000000
0.0200000000,-0.1500000000,0.3000000000,-0.0627335374,0.0000000000,0.1800545854,0.4491430637,-0.2858241965,-0.0967387324,-0.3590036696,-0.2952356688,0.2990006778,0.1968211846,-0.4439376494,0.2736960908,-0.0638654048,0.3518129141,-0.3041534527,-0.3034068674,1.0000000000,1.0000000000,0.0000000000,0.0000000000,0.0000000000
0.0200000000,-0.1500000000,0.3000000000,-0.0627335374,0.0000000000,0.1800275587,0.4491307367,-0.2858120443,-0.0958098294,-0.3591736930,-0.2946073221,0.2990006778,0.2007632586,-0.4447112684,0.2724777103,-0.0655875626,0.3516349387,-0.3062350876,-0.3034068674,1.0000000000,1.0000000000,0.0000000000,0.0000000000,0.0000000000
0.0200000000,-0.1500000000,0.3000000000,-0.0627335374,0.0000000000,0.1800072851,0.4491194320,-0.2858033217,-0.0950630163,-0.3593104708,-0.2940921758,0.2990006778,0.2041134465,-0.4453246478,0.2714350280,-0.0670435528,0.3514863434,-0.3080278082,-0.3034068674,1.0000000000,1.0000000000,0.0000000000,0.0000000000,0.0000000000
0.0200000000,-0.1500000000,0.3000000000,-0.0627335374,0.0000000000,0.1799950117,0.4491097080,-0.2857967441,-0.0945387466,-0.3594068543,-0.2937162434,0.2990006778,0.2066371334,-0.4457287345,0.2706370946,-0.0681280111,0.3513783487,-0.3094097464,-0.3034068674,1.0000000000,1.0000000000,0.0000000000,0.0000000000,0.0000000000
0.0200000000,-0.1500000000,0.3000000000,-0.0627335374,0.0000000000,0.1799887146,0.4491014287,-0.2857909692,-0.0941455691,-0.3594794999,-0.2934230778,0.2990006778,0.2086616881,-0.4460096142,0.2699873784,-0.0689884580,0.3512947852,-0.3105417866,-0.3034068674,1.0000000000,1.0000000000,0.0000000000,0.0000000000,0.0000000000
0.0200000000,-0.1500000000,0.3000000000,-0.0627335374,0.0000000000,0.1799855252,0.4490942495,-0.2857855715,-0.0938035357,-0.3595428842,-0.2931629111,0.2990006778,0.2104927110,-0.4462431639,0.2693953710,-0.0697615930,0.3512209485,-0.3115760832,-0.3034068674,1.0000000000,1.0000000000,0.0000000000,0.0000000000,0.0000000000
0.0200000000,-0.1500000000,0.3000000000,-0.0627335374,0.0000000000,0.1799830784,0.4490877969,-0.2857805518,-0.0934723441,-0.3596042806,-0.2929104299,0.2990006778,0.2122833617,-0.4464667209,0.2688155641,-0.0705157706,0.3511495269,-0.3125892514,-0.3034068674,1.0000000000,1.0000000000,0.0000000000,0.0000000000,0.0000000000
0.0200000000,-0.1500000000,0.3000000000,-0.0627335374,0.0000000000,0.1799807043,0.4490819571,-0.2857759275,-0.0931468145,-0.3596646219,-0.2926623218,0.2990006778,0.2140561061,-0.4466856350,0.2682414216,-0.0712616358,0.3510793114,-0.3135929233,-0.3034068674,1.0000000000,1.0000000000,0.0000000000,0.0000000000,0.0000000000
0.0200000000,-0.1500000000,0.3000000000,-0.0627335374,0.0000000000,0.1799793215,0.4490769771,-0.2857714827,-0.0928402449,-0.3597215348,-0.2924271048,0.2990006778,0.2157730680,-0.4468909297,0.2676848553,-0.0719844649,0.3510116229,-0.3145690470,-0.3034068674,1.0000000000,1.0000000000,0.0000000000,0.0000000000,0.0000000000
0.0200000000,-0.1500000000,0.3000000000,-0.0627335374,0.0000000000,0.1799799612,0.4490729791,-0.2857669001,-0.0925621933,-0.3597733284,-0.2922108291,0.2990006778,0.2174074229,-0.4470766338,0.2671543502,-0.0726741108,0.3509472624,-0.3155048508,-0.3034068674,1.0000000000,1.0000000000,0.0000000000,0.0000000000,0.0000000000
0.0200000000,-0.1500000000,0.3000000000,-0.0627335374,0.0000000000,0.1799827610,0.4490699387,-0.2857621315,-0.0923109049,-0.3598203207,-0.2920124596,0.2990006778,0.2189647107,-0.4472442442,0.2666482278,-0.0733328876,0.3508859819,-0.3164029688,-0.3034068674,1.0000000000,1.0000000000,0.0000000000,0.0000000000,0.0000000000
0.0200000000,-0.1500000000,0.3000000000,-0.0627335374,0.0000000000,0.1799868749,0.4490676095,-0.2857573693,-0.0920746555,-0.3598645997,-0.2918245677,0.2990006778,0.2204787337,-0.4473948090,0.2661538744,-0.0739718932,0.3508272593,-0.3172831605,-0.3034068674,1.0000000000,1.0000000000,0.0000000000,0.0000000000,0.0000000000
0.0200000000,-0.1500000000,0.3000000000,-0.0627335374,0.0000000000,0.1799913117,0.4490657371,-0.2857528459,-0.0918428809,-0.3599080412,-0.2916404110,0.2990006778,0.2219800236,-0.4474809932,0.2656457859,-0.0745860332,0.3507753960,-0.3181879901,-0.3034068674,1.0000000000,1.0000000000,0.0000000000,0.0000000000,0.0000000000
0.0200000000,-0.1500000000,0.3000000000,-0.0627335374,0.0000000000,0.1799955246,0.4490642131,-0.2857487127,-0.0916112169,-0.3599514130,-0.2914572364,0.2990006778,0.2234825799,-0.4473293613,0.2650679621,-0.0751257114,0.3507473813,-0.3192143851,-0.3034068674,1.0000000000,1.0000000000,0.0000000000,0.0000000000,0.0000000000
0.0200000000,-0.1500000000,0.3000000000,-0.0627335374,0.0000000000,0.1799995206,0.4490629661,-0.2857449547,-0.0913785019,-0.3599949261,-0.2912741808,0.2990006778,0.2249947196,-0.4468916202,0.2644034406,-0.0755797814,0.3507478145,-0.3203915941,-0.3034068674,1.0000000000,1.0000000000,0.0000000000,0.0000000000,0.0000000000
0.0200000000,-0.1500000000,0.3000000000,-0.0627335374,0.0000000000,0.1800037774,0.4490620108,-0.2857416336,-0.0911417037,-0.3600391185,-0.2910893828,0.2990006778,0.2265489758,-0.4463702512,0.2637006163,-0.0760259102,0.3507557742,-0.3216361279,-0.3034068674,1.0000000000,1.0000000000,0.0000000000,0.0000000000,0.0000000000
0.0200000000,-0.1500000000,0.3000000000,-0.0627335374,0.0000000000,0.1800094465,0.4490613976,-0.2857389186,-0.0908933339,-0.3600853180,-0.2908982758,0.2990006778,0.2282283824,-0.4460563184,0.2630165772,-0.0765897979,0.3507398499,-0.3228527127,-0.3034068674,1.0000000000,1.0000000000,0.0000000000,0.0000000000,0.0000000000
0.0200000000,-0.1500000000,0.3000000000,-0.0627335374,0.0000000000,0.1800178533,0.4490611855,-0.2857370498,-0.0906240723,-0.3601351745,-0.2906951649,0.2990006778,0.2301383819,-0.4460422543,0.2623424883,-0.0773433773,0.3506874346,-0.3240628990,-0.3034068674,1.0000000000,1.0000000000,0.0000000000,0.0000000000,0.0000000000
0.0200000000,-0.1500000000,0.3000000000,-0.0627335374,0.0000000000,0.1800292278,0.4490613949,-0.2857361841,-0.0903305830,-0.3601892710,-0.2904779787,0.2990006778,0.2323164158,-0.4462190053,0.2616336568,-0.0782669101,0.3506081521,-0.3253470013,-0.3034068674,1.0000000000,1.0000000000,0.0000000000,0.0000000000,0.0000000000
0.0200000000,-0.1500000000,0.3000000000,-0.0627335374,0.0000000000,0.1800417780,0.4490619050,-0.2857360250,-0.0900247213,-0.3602455075,-0.2902538026,0.2990006778,0.2346303058,-0.4464453116,0.2608936752,-0.0792608660,0.3505202657,-0.3266920610,-0.3034068674,1.0000000000,1.0000000000,0.0000000000,0.0000000000,0.0000000000
0.0200000000,-0.1500000000,0.3000000000,-0.0627335374,0.0000000000,0.1800541437,0.4490626460,-0.2857363416,-0.0897201244,-0.3603014359,-0.2900315337,0.2990006778,0.2369468354,-0.4466723490,0.2601539300,-0.0802552698,0.3504327821,-0.3280375580,-0.3034068674,1.0000000000,1.0000000000,0.0000000000,0.0000000000,0.0000000000
0.0200000000,-0.1500000000,0.3000000000,-0.0627335374,0.0000000000,0.1800650887,0.4490634940,-0.2857369136,-0.0894429237,-0.3603522947,-0.2898296771,0.2990006778,0.2390553068,-0.4468675476,0.2594778238,-0.0811557701,0.3503549085,-0.3292668519,-0.3034068674,1.0000000000,1.0000000000,0.0000000000,0.0000000000,0.0000000000
0.0200000000,-0.1500000000,0.3000000000,-0.0627335374,0.0000000000,0.1800730369,0.4490642197,-0.2857374795,-0.0892369831,-0.3603900606,-0.2896798973,0.2990006778,0.2406208125,-0.4469937005,0.2589707040,-0.0818181155,0.3502994758,-0.3301882436,-0.3034068674,1.0000000000,1.0000000000,0.0000000000,0.0000000000,0.0000000000
0.0200000000,-0.1500000000,0.3000000000,-0.0627335374,0.0000000000,0.1800768306,0.4490646033,-0.2857377995,-0.0891371433,-0.3604083634,-0.2896073440,0.2990006778,0.2413794635,-0.4470321888,0.2587185792,-0.0821321994,0.3502752712,-0.3306457002,-0.3034068674,1.0000000000,1.0000000000,0.0000000000,0.0000000000,0.0000000000
0.0200000000,-0.1500000000,0.3000000000,-0.0627335374,0.0000000000,0.1800780589,0.4490647336,-0.2857379114,-0.0891045641,-0.3604143349,-0.2895836785,0.2990006778,0.2416270060,-0.4470283263,0.2586316406,-0.0822298488,0.3502692458,-0.3308029691,-0.3034068674,1.0000000000,1.0000000000,0.0000000000,0.0000000000,0.0000000000
0.0200000000,-0.1500000000,0.3000000000,-0.0627335374,0.0000000000,0.1800782743,0.4490647572,-0.2857379320,-0.0890988190,-0.3604153878,-0.2895795063,0.2990006778,0.2416706819,-0.4470179635,0.2586135308,-0.0822442696,0.3502692712,-0.3308354062,-0.3034068674,1.0000000000,1.0000000000,0.0000000000,0.0000000000,0.0000000000
0.0200000000,-0.1500000000,0.3000000000,-0.0627335374,0.0000000000,0.1800782877,0.4490647587,-0.2857379333,-0.0890984613,-0.3604154534,-0.2895792466,0.2990006778,0.2416734188,-0.4470129631,0.2586111433,-0.0822439285,0.3502697553,-0.3308395160,-0.3034068674,1.0000000000,1.0000000000,0.0000000000,0.0000000000,0.0000000000
0.0200000000,-0.1500000000,0.3000000000,-0.0627335374,0.0000000000,0.1800782877,0.4490647587,-0.2857379333,-0.0890984621,-0.3604154532,-0.2895792472,0.2990006778,0.2416734210,-0.4470115332,0.2586107273,-0.0822435282,0.3502699108,-0.3308401839,-0.3034068674,1.0000000000,1.0000000000,0.0000000000,0.0000000000,0.0000000000
0.0200000000,-0.1500000000,0.3000000000,-0.0627335374,0.0000000000,0.1800782877,0.4490647587,-0.2857379333,-0.0890984621,-0.3604154532,-0.2895792472,0.2990006778,0.2416734236,-0.4470112115,0.2586106318,-0.0822434416,0.3502699448,-0.3308403302,-0.3034068674,1.0000000000,1.0000000000,0.0000000000,0.0000000000,0.0000000000
0.0200000000,-0.1500000000,0.3000000000,-0.0627335374,0.0000000000,0.1800782877,0.4490647587,-0.2857379333,-0.0890984621,-0.3604154532,-0.2895792472,0.2990006778,0.2416734245,-0.4470111193,0.2586106042,-0.0822434174,0.3502699543,-0.3308403710,-0.3034068674,1.0000000000,1.0000000000,0.0000000000,0.0000000000,0.0000000000
0.0200000000,-0.1500000000,0.3000000000,-0.0627335374,0.0000000000,0.1800782877,0.4490647587,-0.2857379333,-0.0890984621,-0.3604154532,-0.2895792472,0.2990006778,0.2416734248,-0.4470110935,0.2586105963,-0.0822434108,0.3502699569,-0.3308403822,-0.3034068674,1.0000000000,1.0000000000,0.0000000000,0.0000000000,0.0000000000
0.0200000000,-0.1500000000,0.3000000000,-0.0627335374,0.0000000000,0.1800782877,0.4490647587,-0.2857379333,-0.0890984621,-0.3604154532,-0.2895792472,0.2990006778,0.2416734249,-0.4470110864,0.2586105941,-0.0822434091,0.3502699576,-0.3308403852,-0.3034068674,1.0000000000,1.0000000000,0.0000000000,0.0000000000,0.0000000000
0.0200000000,-0.1500000000,0.3000000000,-0.0627335374,0.0000000000,0.1800782877,0.4490647587,-0.2857379333,-0.0890984621,-0.3604154532,-0.2895792472,0.2990006778,0.2416734249,-0.4470110846,0.2586105936,-0.0822434087,0.3502699578,-0.3308403859,-0.3034068674,1.0000000000,1.0000000000,0.0000000000,0.0000000000,0.0000000000
0.0200000000,-0.1500000000,0.3000000000,-0.0627335374,0.0000000000,0.1800782877,0.4490647587,-0.2857379333,-0.0890984621,-0.3604154532,-0.2895792472,0.2990006778,0.2416734249,-0.4470110842,0.2586105934,-0.0822434086,0.3502699578,-0.3308403860,-0.3034068674,1.0000000000,1.0000000000,0.0000000000,0.0000000000,0.0000000000
0.0200000000,-0.1500000000,0.3000000000,-0.0627335374,0.0000000000,0.1800782877,0.4490647587,-0.2857379333,-0.0890984621,-0.3604154532,-0.2895792472,0.2990006778,0.2416734249,-0.4470110841,0.2586105934,-0.0822434085,0.3502699578,-0.3308403861,-0.3034068674,1.0000000000,1.0000000000,0.0000000000,0.0000000000,0.0000000000
0.0200000000,-0.1500000000,0.3000000000,-0.0627335374,0.0000000000,0.1800782877,0.4490647587,-0.2857379333,-0.0890984621,-0.3604154532,-0.2895792472,0.2990006778,0.2416734249,-0.4470110841,0.2586105934,-0.0822434085,0.3502699578,-0.3308403861,-0.3034068674,1.0000000000,1.0000000000,0.0000000000,0.0000000000,0.0000000000
0.0200000000,-0.1500000000,0.3000000000,-0.0627335374,0.0000000000,0.1800782877,0.4490647587,-0.2857379333,-0.0890984621,-0.3604154532,-0.2895792472,0.2990006778,0.2416734249,-0.4470110841,0.2586105934,-0.0822434085,0.3502699578,-0.3308403861,-0.3034068674,1.0000000000,1.0000000000,0.0000000000,0.0000000000,0.0000000000
0.0200000000,-0.1500000000,0.3000000000,-0.0627335374,0.0000000000,0.1800782877,0.4490647587,-0.2857379333,-0.0890984621,-0.3604154532,-0.2895792472,0.2990006778,0.2416734249,-0.4470110841,0.2586105934,-0.0822434085,0.3502699578,-0.3308403861,-0.3034068674,1.0000000000,1.0000000000,0.0000000000,0.0000000000,0.0000000000
0.0200000000,-0.1500000000,0.3000000000,-0.0627335374,0.0000000000,0.1800782877,0.4490647587,-0.2857379333,-0.0890984621,-0.3604154532,-0.2895792472,0.2990006778,0.2416734249,-0.4470110841,0.2586105934,-0.0822434085,0.3502699578,-0.3308403861,-0.3034068674,1.0000000000,1.0000000000,0.0000000000,0.0000000000,0.0000000000
0.0200000000,-0.1500000000,0.3000000000,-0.0627335374,0.0000000000,0.1800782877,0.4490647587,-0.2857379333,-0.0890984621,-0.3604154532,-0.2895792472,0.2990006778,0.2416734249,-0.4470110840,0.2586105934,-0.0822434085,0.3502699578,-0.3308403861,-0.3034068674,1.0000000000,1.0000000000,0.0000000000,0.0000000000,0.0000000000
0.0200000000,-0.1500000000,0.3000000000,-0.0627335374,0.0000000000,0.1800782877,0.4490647587,-0.2857379333,-0.0890984621,-0.3604154532,-0.2895792472,0.2990006778,0.2416734249,-0.4470110840,0.2586105934,-0.0822434085,0.3502699578,-0.3308403861,-0.3034068674,1.0000000000,1.0000000000,0.0000000000,0.0000000000,0.0000000000
0.0200000000,-0.1500000000,0.3000000000,-0.0627335374,0.0000000000,0.1800782877,0.4490647587,-0.2857379333,-0.0890984621,-0.3604154532,-0.2895792472,0.2990006778,0.2416734249,-0.4470110840,0.2586105934,-0.0822434085,0.3502699578,-0.3308403861,-0.3034068674,1.0000000000,1.0000000000,0.0000000000,0.0000000000,0.0000000000
0.0200000000,-0.1500000000,0.3000000000,-0.0627335374,0.0000000000,0.1800782877,0.4490647587,-0.2857379333,-0.0890984621,-0.3604154532,-0.2895792472,0.2990006778,0.2416734249,-0.4470110840,0.2586105934,-0.0822434085,0.3502699578,-0.3308403861,-0.3034068674,1.0000000000,1.0000000000,0.0000000000,0.0000000000,0.0000000000
0.0200000000,-0.1500000000,0.3000000000,-0.0627335374,0.0000000000,0.1800782877,0.4490647587,-0.2857379333,-0.0890984621,-0.3604154532,-0.2895792472,0.2990006778,0.2416734249,-0.4470110840,0.2586105934,-0.0822434085,0.3502699578,-0.3308403861,-0.3034068674,1.0000000000,1.0000000000,0.0000000000,0.0000000000,0.0000000000
0.0200000000,-0.1500000000,0.3000000000,-0.0627335374,0.0000000000,0.1800782877,0.4490647587,-0.2857379333,-0.0890984621,-0.3604154532,-0.2895792472,0.2990006778,0.2416734249,-0.4470110840,0.2586105934,-0.0822434085,0.3502699578,-0.3308403861,-0.3034068674,1.0000000000,1.0000000000,0.0000000000,0.0000000000,0.0000000000
0.0200000000,-0.1500000000,0.3000000000,-0.0627335374,0.0000000000,0.1800782877,0.4490647587,-0.2857379333,-0.0890984621,-0.3604154532,-0.2895792472,0.2990006778,0.2416734249,-0.4470110840,0.2586105934,-0.0822434085,0.3502699578,-0.3308403861,-0.3034068674,1.0000000000,1.0000000000,0.0000000000,0.0000000000,0.0000000000
0.0200000000,-0.1500000000,0.3000000000,-0.0627335374,0.0000000000,0.1800782877,0.4490647587,-0.2857379333,-0.0890984621,-0.3604154532,-0.2895792472,0.2990006778,0.2416734249,-0.4470110840,0.2586105934,-0.0822434085,0.3502699578,-0.3308403861,-0.3034068674,1.0000000000,1.0000000000,0.0000000000,0.0000000000,0.0000000000
0.0200000000,-0.1500000000,0.3000000000,-0.0627335374,0.0000000000,0.1800782877,0.4490647587,-0.2857379333,-0.0890984621,-0.3604154532,-0.2895792472,0.2990006778,0.2416734249,-0.4470110840,0.2586105934,-0.0822434085,0.3502699578,-0.3308403861,-0.3034068674,1.0000000000,1.0000000000,0.0000000000,0.0000000000,0.0000000000
0.0200000000,-0.1500000000,0.3000000000,-0.0627335374,0.0000000000,0.1800782877,0.4490647587,-0.2857379333,-0.0890984621,-0.3604154532,-0.2895792472,0.2990006778,0.2416734249,-0.4470110840,0.2586105934,-0.0822434085,0.3502699578,-0.3308403861,-0.3034068674,1.0000000000,1.0000000000,0.0000000000,0.0000000000,0.0000000000
0.0200000000,-0.1500000000,0.3000000000,-0.0627335374,0.0000000000,0.1800782877,0.4490647587,-0.2857379333,-0.0890984621,-0.3604154532,-0.2895792472,0.2990006778,0.2416734249,-0.4470110840,0.2586105934,-0.0822434085,0.3502699578,-0.3308403861,-0.3034068674,1.0000000000,1.0000000000,0.0000000000,0.0000000000,0.0000000000
0.0200000000,-0.1500000000,0.3000000000,-0.0627335374,0.0000000000,0.1800782877,0.4490647587,-0.2857379333,-0.0890984621,-0.3604154532,-0.2895792472,0.2990006778,0.2416734249,-0.4470110840,0.2586105934,-0.0822434085,0.3502699578,-0.3308403861,-0.3034068674,1.0000000000,1.0000000000,0.0000000000,0.0000000000,0.0000000000
0.0200000000,-0.1500000000,0.3000000000,-0.0627335374,0.0000000000,0.1800782877,0.4490647587,-0.2857379333,-0.0890984621,-0.3604154532,-0.2895792472,0.2990006778,0.2416734249,-0.4470110840,0.2586105934,-0.0822434085,0.3502699578,-0.3308403861,-0.3034068674,1.0000000000,1.0000000000,0.0000000000,0.0000000000,0.0000000000
0.0200000000,-0.1500000000,0.3000000000,-0.0627335374,0.0000000000,0.1800782877,0.4490647587,-0.2857379333,-0.0890984621,-0.3604154532,-0.2895792472,0.2990006778,0.2416734249,-0.4470110840,0.2586105934,-0.0822434085,0.3502699578,-0.3308403861,-0.3034068674,1.0000000000,1.0000000000,0.0000000000,0.0000000000,0.0000000000
0.0200000000,-0.1500000000,0.3000000000,-0.0627335374,0.0000000000,0.1800782877,0.4490647587,-0.2857379333,-0.0890984621,-0.3604154532,-0.2895792472,0.2990006778,0.2416734249,-0.4470110840,0.2586105934,-0.0822434085,0.3502699578,-0.3308403861,-0.3034068674,1.0000000000,1.0000000000,0.0000000000,0.0000000000,0.0000000000
0.0200000000,-0.1500000000,0.3000000000,-0.0627335374,0.0000000000,0.1800782877,0.4490647587,-0.2857379333,-0.0890984621,-0.3604154532,-0.2895792472,0.2990006778,0.2416734249,-0.4470110840,0.2586105934,-0.0822434085,0.3502699578,-0.3308403861,-0.3034068674,1.0000000000,1.0000000000,0.0000000000,0.0000000000,0.0000000000
0.0200000000,-0.1500000000,0.3000000000,-0.0627335374,0.0000000000,0.1800782877,0.4490647587,-0.2857379333,-0.0890984621,-0.3604154532,-0.2895792472,0.2990006778,0.2416734249,-0.4470110840,0.2586105934,-0.0822434085,0.3502699578,-0.3308403861,-0.3034068674,1.0000000000,1.0000000000,0.0000000000,0.0000000000,0.0000000000
0.0200000000,-0.1500000000,0.3000000000,-0.0627335374,0.0000000000,0.1800782877,0.4490647587,-0.2857379333,-0.0890984621,-0.3604154532,-0.2895792472,0.2990006778,0.2416734249,-0.4470110840,0.2586105934,-0.0822434085,0.3502699578,-0.3308403861,-0.3034068674,1.0000000000,1.0000000000,0.0000000000,0.0000000000,0.0000000000
0.0200000000,-0.1500000000,0.3000000000,-0.0627335374,0.0000000000,0.1800782877,0.4490647587,-0.2857379333,-0.0890984621,-0.3604154532,-0.2895792472,0.2990006778,0.2416734249,-0.4470110840,0.2586105934,-0.0822434085,0.3502699578,-0.3308403861,-0.3034068674,1.0000000000,1.0000000000,0.0000000000,0.0000000000,0.0000000000
0.0200000000,-0.1500000000,0.3000000000,-0.0627335374,0.0000000000,0.1800782877,0.4490647587,-0.2857379333,-0.0890984621,-0.3604154532,-0.2895792472,0.2990006778,0.2416734249,-0.4470110840,0.2586105934,-0.0822434085,0.3502699578,-0.3308403861,-0.3034068674,1.0000000000,1.0000000000,0.0000000000,0.0000000000,0.0000000000
0.0200000000,-0.1500000000,0.3000000000,-0.0627335374,0.0000000000,0.1800782877,0.4490647587,-0.2857379333,-0.0890984621,-0.3604154532,-0.2895792472,0.2990006778,0.2416734249,-0.4470110840,0.2586105934,-0.0822434085,0.3502699578,-0.3308403861,-0.3034068674,1.0000000000,1.0000000000,0.0000000000,0.0000000000,0.0000000000
0.0200000000,-0.1500000000,0.3000000000,-0.0627335374,0.0000000000,0.1800782877,0.4490647587,-0.2857379333,-0.0890984621,-0.3604154532,-0.2895792472,0.2990006778,0.2416734249,-0.4470110840,0.2586105934,-0.0822434085,0.3502699578,-0.3308403861,-0.3034068674,1.0000000000,1.0000000000,0.0000000000,0.0000000000,0.0000000000
0.0200000000,-0.1500000000,0.3000000000,-0.0627335374,0.0000000000,0.1800782877,0.4490647587,-0.2857379333,-0.0890984621,-0.3604154532,-0.2895792472,0.2990006778,0.2416734249,-0.4470110840,0.2586105934,-0.0822434085,0.3502699578,-0.3308403861,-0.3034068674,1.0000000000,1.0000000000,0.0000000000,0.0000000000,0.0000000000
0.0200000000,-0.1500000000,0.3000000000,-0.0627335374,0.0000000000,0.1800782877,0.4490647587,-0.2857379333,-0.0890984621,-0.3604154532,-0.2895792472,0.2990006778,0.2416734249,-0.4470110840,0.2586105934,-0.0822434085,0.3502699578,-0.3308403861,-0.3034068674,1.0000000000,1.0000000000,0.0000000000,0.0000000000,0.0000000000
0.0200000000,-0.1500000000,0.3000000000,-0.0627335374,0.0000000000,0.1800782877,0.4490647587,-0.2857379333,-0.0890984621,-0.3604154532,-0.2895792472,0.2990006778,0.2416734249,-0.4470110840,0.2586105934,-0.0822434085,0.3502699578,-0.3308403861,-0.3034068674,1.0000000000,1.0000000000,0.0000000000,0.0000000000,0.0000000000
0.0200000000,-0.1500000000,0.3000000000,-0.0627335374,0.0000000000,0.1800782877,0.4490647587,-0.2857379333,-0.0890984621,-0.3604154532,-0.2895792472,0.2990006778,0.2416734249,-0.4470110840,0.2586105934,-0.0822434085,0.3502699578,-0.3308403861,-0.3034068674,1.0000000000,1.0000000000,0.0000000000,0.0000000000,0.0000000000
0.0200000000,-0.1500000000,0.3000000000,-0.0627335374,0.0000000000,0.1800782877,0.4490647587,-0.2857379333,-0.0890984621,-0.3604154532,-0.2895792472,0.2990006778,0.2416734249,-0.4470110840,0.2586105934,-0.0822434085,0.3502699578,-0.3308403861,-0.3034068674,1.0000000000,1.0000000000,0.0000000000,0.0000000000,0.0000000000
0.0200000000,-0.1500000000,0.3000000000,-0.0627335374,0.0000000000,0.1800782877,0.4490647587,-0.2857379333,-0.0890984621,-0.3604154532,-0.2895792472,0.2990006778,0.2416734249,-0.4470110840,0.2586105934,-0.0822434085,0.3502699578,-0.3308403861,-0.3034068674,1.0000000000,1.0000000000,0.0000000000,0.0000000000,0.0000000000
0.0200000000,-0.1500000000,0.3000000000,-0.0627335374,0.0000000000,0.1800782877,0.4490647587,-0.2857379333,-0.0890984621,-0.3604154532,-0.2895792472,0.2990006778,0.2416734249,-0.4470110840,0.2586105934,-0.0822434085,0.3502699578,-0.3308403861,-0.3034068674,1.0000000000,1.0000000000,0.0000000000,0.0000000000,0.0000000000
0.0200000000,-0.1500000000,0.3000000000,-0.0627335374,0.0000000000,0.1800782877,0.4490647587,-0.2857379333,-0.0890984621,-0.3604154532,-0.2895792472,0.2990006778,0.2416734249,-0.4470110840,0.2586105934,-0.0822434085,0.3502699578,-0.3308403861,-0.3034068674,1.0000000000,1.0000000000,0.0000000000,0.0000000000,0.0000000000
0.0200000000,-0.1500000000,0.3000000000,-0.0627335374,0.0000000000,0.1800782877,0.4490647587,-0.2857379333,-0.0890984621,-0.3604154532,-0.2895792472,0.2990006778,0.2416734249,-0.4470110840,0.2586105934,-0.0822434085,0.3502699578,-0.3308403861,-0.3034068674,1.0000000000,1.0000000000,0.0000000000,0.0000000000,0.0000000000
0.0200000000,-0.1500000000,0.3000000000,-0.0627335374,0.0000000000,0.1800782877,0.4490647587,-0.2857379333,-0.0890984621,-0.3604154532,-0.2895792472,0.2990006778,0.2416734249,-0.4470110840,0.2586105934,-0.0822434085,0.3502699578,-0.3308403861,-0.3034068674,1.0000000000,1.0000000000,0.0000000000,0.0000000000,0.0000000000
0.0200000000,-0.1500000000,0.3000000000,-0.0627335374,0.0000000000,0.1800782877,0.4490647587,-0.2857379333,-0.0890984621,-0.3604154532,-0.2895792472,0.2990006778,0.2416734249,-0.4470110840,0.2586105934,-0.0822434085,0.3502699578,-0.3308403861,-0.3034068674,1.0000000000,1.0000000000,0.0000000000,0.0000000000,0.0000000000
0.0193541313,-0.1500000000,0.3000000000,-0.0627335374,0.0000000000,0.1800782877,0.4490647587,-0.2857379333,-0.0890984621,-0.3604154532,-0.2895792472,0.2990006778,0.2416734249,-0.4470110840,0.2586105934,-0.0822434085,0.3502699578,-0.3308403861,-0.3034068674,1.0000000000,1.0000000000,0.0000000000,0.0000000000,0.0000000000
