# 25 columns: send_time_s, ee_l x6, ee_r x6, ee_waist x6, cap_l, cap_r, head_att x3, post_segment_delay_s
# EEF arm poses are SDK controller wrist frames in base coordinates; R=Rz(yaw)Ry(pitch)Rx(roll).
# Controller-side IK can choose a different branch, so this EEF task is not collision-certified.
5.0000000000,0.2574960578,0.2467446456,0.5408272354,0.0000000001,0.0000001127,0.0086597146,0.2562152893,-0.2455592958,0.5366054014,-0.0000000021,0.0000001312,-0.0192418071,0.0201329766,0.0000000000,0.5214482558,-0.0000000000,0.0872664626,-0.0000000000,1.0000000000,1.0000000000,0.0000000000,0.0000000000,0.0000000000,0.0000000000
0.0200000000,0.2574960578,0.2467446456,0.5408272354,0.0000000001,0.0000001127,0.0086597146,0.2562152893,-0.2455592958,0.5366054014,-0.0000000021,0.0000001312,-0.0192418071,0.0201329766,0.0000000000,0.5214482558,-0.0000000000,0.0872664626,-0.0000000000,1.0000000000,1.0000000000,0.0000000000,0.0000000000,0.0000000000,0.0000000000
0.0200000000,0.2574960578,0.2467446456,0.5408272354,0.0000000001,0.0000001127,0.0086597146,0.2562152893,-0.2455592958,0.5366054014,-0.0000000021,0.0000001312,-0.0192418071,0.0201329766,0.0000000000,0.5214482558,-0.0000000000,0.0872664626,-0.0000000000,1.0000000000,1.0000000000,0.0000000000,0.0000000000,0.0000000000,0.0000000000
0.0200000000,0.2574960578,0.2467446456,0.5408272354,0.0000000001,0.0000001127,0.0086597146,0.2562152893,-0.2455592958,0.5366054014,-0.0000000021,0.0000001312,-0.0192418071,0.0201329766,0.0000000000,0.5214482558,-0.0000000000,0.0872664626,-0.0000000000,1.0000000000,1.0000000000,0.0000000000,0.0000000000,0.0000000000,0.0000000000
0.0200000000,0.2574960578,0.2467446456,0.5408272354,0.0000000001,0.0000001127,0.0086597146,0.2562152893,-0.2455592958,0.5366054014,-0.0000000021,0.0000001312,-0.0192418071,0.0201329766,0.0000000000,0.5214482558,-0.0000000000,0.0872664626,-0.0000000000,1.0000000000,1.0000000000,0.0000000000,0.0000000000,0.0000000000,0.0000000000
0.0200000000,0.2574960578,0.2467446456,0.5408272354,0.0000000001,0.0000001127,0.0086597146,0.2562152893,-0.2455592958,0.5366054014,-0.0000000021,0.0000001312,-0.0192418071,0.0201329766,0.0000000000,0.5214482558,-0.0000000000,0.0872664626,-0.0000000000,1.0000000000,1.0000000000,0.0000000000,0.0000000000,0.0000000000,0.0000000000
0.0200000000,0.2574960578,0.2467446456,0.5408272354,0.0000000001,0.0000001127,0.0086597146,0.2562152893,-0.2455592958,0.5366054014,-0.0000000021,0.0000001312,-0.0192418071,0.0201329766,0.0000000000,0.5214482558,-0.0000000000,0.0872664626,-0.0000000000,1.0000000000,1.0000000000,0.0000000000,0.0000000000,0.0000000000,0.0000000000
0.0200000000,0.2574960578,0.2467446456,0.5408272354,0.0000000001,0.0000001127,0.0086597146,0.2562152893,-0.2455592958,0.5366054014,-0.0000000021,0.0000001312,-0.0192418071,0.0201329766,0.0000000000,0.5214482558,-0.0000000000,0.0872664626,-0.0000000000,1.0000000000,1.0000000000,0.0000000000,0.0000000000,0.0000000000,0.0000000000
0.0200000000,0.2574960578,0.2467446456,0.5408272354,0.0000000001,0.0000001127,0.0086597146,0.2562152893,-0.2455592958,0.5366054014,-0.0000000021,0.0000001312,-0.0192418071,0.0201329766,0.0000000000,0.5214482558,-0.0000000000,0.0872664626,-0.0000000000,1.0000000000,1.0000000000,0.0000000000,0.0000000000,0.0000000000,0.0000000000
0.0200000000,0.2574960578,0.2467446456,0.5408272354,0.0000000001,0.0000001127,0.0086597146,0.2562152893,-0.2455592958,0.5366054014,-0.0000000021,0.0000001312,-0.0192418071,0.0201329766,0.0000000000,0.5214482558,-0.0000000000,0.0872664626,-0.0000000000,1.0000000000,1.0000000000,0.0000000000,0.0000000000,0.0000000000,0.0000000000
0.0200000000,0.2574960578,0.2467446456,0.5408272354,0.0000000001,0.0000001127,0.0086597146,0.2562152893,-0.2455592958,0.5366054014,-0.0000000021,0.0000001312,-0.0192418071,0.0201329766,0.0000000000,0.5214482558,-0.0000000000,0.0872664626,-0.0000000000,1.0000000000,1.0000000000,0.0000000000,0.0000000000,0.0000000000,0.0000000000
0.0200000000,0.2574960578,0.2467446456,0.5408272354,0.0000000001,0.0000001127,0.0086597146,0.2562152893,-0.2455592958,0.5366054014,-0.0000000021,0.0000001312,-0.0192418071,0.0201329766,0.0000000000,0.5214482558,-0.0000000000,0.0872664626,-0.0000000000,1.0000000000,1.0000000000,0.0000000000,0.0000000000,0.0000000000,0.0000000000
0.0200000000,0.2574960578,0.2467446456,0.5408272354,0.0000000001,0.0000001127,0.0086597146,0.2562152893,-0.2455592958,0.5366054014,-0.0000000021,0.0000001312,-0.0192418071,0.0201329766,0.0000000000,0.5214482558,-0.0000000000,0.0872664626,-0.0000000000,1.0000000000,1.0000000000,0.0000000000,0.0000000000,0.0000000000,0.0000000000
0.0200000000,0.2574960578,0.2467446456,0.5408272354,0.0000000001,0.0000001127,0.0086597146,0.2562152893,-0.2455592958,0.5366054014,-0.0000000021,0.0000001312,-0.0192418071,0.0201329766,0.0000000000,0.5214482558,-0.0000000000,0.0872664626,-0.0000000000,1.0000000000,1.0000000000,0.0000000000,0.0000000000,0.0000000000,0.0000000000
0.0200000000,0.2574960578,0.2467446456,0.5408272354,0.0000000001,0.0000001127,0.0086597146,0.2562152893,-0.2455592958,0.5366054014,-0.0000000021,0.0000001312,-0.0192418071,0.0201329766,0.0000000000,0.5214482558,-0.0000000000,0.0872664626,-0.0000000000,1.0000000000,1.0000000000,0.0000000000,0.0000000000,0.0000000000,0.0000000000
0.0200000000,0.2574960578,0.2467446456,0.5408272354,0.0000000001,0.0000001127,0.0086597146,0.2562152893,-0.2455592958,0.5366054014,-0.0000000021,0.0000001312,-0.0192418071,0.0201329766,0.0000000000,0.5214482558,-0.0000000000,0.0872664626,-0.0000000000,1.0000000000,1.0000000000,0.0000000000,0.0000000000,0.0000000000,0.0000000000
0.0200000000,0.2574960578,0.2467446456,0.5408272354,0.0000000001,0.0000001127,0.0086597146,0.2562152893,-0.2455592958,0.5366054014,-0.0000000021,0.0000001312,-0.0192418071,0.0201329766,0.0000000000,0.5214482558,-0.0000000000,0.0872664626,-0.0000000000,1.0000000000,1.0000000000,0.0000000000,0.0000000000,0.0000000000,0.0000000000
0.0200000000,0.2574960578,0.2467446456,0.5408272354,0.0000000001,0.0000001127,0.0086597146,0.2562152893,-0.2455592958,0.5366054014,-0.0000000021,0.0000001312,-0.0192418071,0.0201329766,0.0000000000,0.5214482558,-0.0000000000,0.0872664626,-0.0000000000,1.0000000000,1.0000000000,0.0000000000,0.0000000000,0.0000000000,0.0000000000
0.0200000000,0.2574960578,0.2467446456,0.5408272354,0.0000000001,0.0000001127,0.0086597146,0.2562152893,-0.2455592958,0.5366054014,-0.0000000021,0.0000001312,-0.0192418071,0.0201329766,0.0000000000,0.5214482558,-0.0000000000,0.0872664626,-0.0000000000,1.0000000000,1.0000000000,0.0000000000,0.0000000000,0.0000000000,0.0000000000
0.0200000000,0.2574960578,0.2467446456,0.5408272354,0.0000000001,0.0000001127,0.0086597146,0.2562152893,-0.2455592958,0.5366054014,-0.0000000021,0.0000001312,-0.0192418071,0.0201329766,0.0000000000,0.5214482558,-0.0000000000,0.0872664626,-0.0000000000,1.0000000000,1.0000000000,0.0000000000,0.0000000000,0.0000000000,0.0000000000
0.0200000000,0.2574960578,0.2467446456,0.5408272354,0.0000000001,0.0000001127,0.0086597146,0.2562152893,-0.2455592958,0.5366054014,-0.0000000021,0.0000001312,-0.0192418071,0.0201329766,0.0000000000,0.5214482558,-0.0000000000,0.0872664626,-0.0000000000,1.0000000000,1.0000000000,0.0000000000,0.0000000000,0.0000000000,0.0000000000
0.0200000000,0.2574960578,0.2467446456,0.5408272354,0.0000000001,0.0000001127,0.0086597146,0.2562152893,-0.2455592958,0.5366054014,-0.0000000021,0.0000001312,-0.0192418071,0.0201329766,0.0000000000,0.5214482558,-0.0000000000,0.0872664626,-0.0000000000,1.0000000000,1.0000000000,0.0000000000,0.0000000000,0.0000000000,0.0000000000
0.0200000000,0.2574960578,0.2467446456,0.5408272354,0.0000000001,0.0000001127,0.0086597146,0.2562152893,-0.2455592958,0.5366054014,-0.0000000021,0.0000001312,-0.0192418071,0.0201329766,0.0000000000,0.5214482558,-0.0000000000,0.0872664626,-0.0000000000,1.0000000000,1.0000000000,0.0000000000,0.0000000000,0.0000000000,0.0000000000
0.0200000000,0.2574960578,0.2467446456,0.5408272354,0.0000000001,0.0000001127,0.0086597146,0.2562152893,-0.2455592958,0.5366054014,-0.0000000021,0.0000001312,-0.0192418071,0.0201329766,0.0000000000,0.5214482558,-0.0000000000,0.0872664626,-0.0000000000,1.0000000000,1.0000000000,0.0000000000,0.0000000000,0.0000000000,0.0000000000
0.0200000000,0.2574960578,0.2467446456,0.5408272354,0.0000000001,0.0000001127,0.0086597146,0.2562152893,-0.2455592958,0.5366054014,-0.0000000021,0.0000001312,-0.0192418071,0.0201329766,0.0000000000,0.5214482558,-0.0000000000,0.0872664626,-0.0000000000,1.0000000000,1.0000000000,0.0000000000,0.0000000000,0.0000000000,0.0000000000
0.0200000000,0.2574960578,0.2467446456,0.5408272354,0.0000000001,0.0000001127,0.0086597146,0.2562152893,-0.2455592958,0.5366054014,-0.0000000021,0.0000001312,-0.0192418071,0.0201329766,0.0000000000,0.5214482558,-0.0000000000,0.0872664626,-0.0000000000,1.0000000000,1.0000000000,0.0000000000,0.0000000000,0.0000000000,0.0000000000
0.0200000000,0.2574960578,0.2467446456,0.5408272354,0.0000000001,0.0000001127,0.0086597146,0.2562152893,-0.2455592958,0.5366054014,-0.0000000021,0.0000001312,-0.0192418071,0.0201329766,0.0000000000,0.5214482558,-0.0000000000,0.0872664626,-0.0000000000,1.0000000000,1.0000000000,0.0000000000,0.0000000000,0.0000000000,0.0000000000
0.0200000000,0.2574960578,0.2467446456,0.5408272354,0.0000000001,0.0000001127,0.0086597146,0.2562152893,-0.2455592958,0.5366054014,-0.0000000021,0.0000001312,-0.0192418071,0.0201329766,0.0000000000,0.5214482558,-0.0000000000,0.0872664626,-0.0000000000,1.0000000000,1.0000000000,0.0000000000,0.0000000000,0.0000000000,0.0000000000
0.0200000000,0.2574960578,0.2467446456,0.5408272354,0.0000000001,0.0000001127,0.0086597146,0.2562152893,-0.2455592958,0.5366054014,-0.0000000021,0.0000001312,-0.0192418071,0.0201329766,0.0000000000,0.5214482558,-0.0000000000,0.0872664626,-0.0000000000,1.0000000000,1.0000000000,0.0000000000,0.0000000000,0.0000000000,0.0000000000
0.0200000000,0.2574960578,0.2467446456,0.5408272354,0.0000000001,0.0000001127,0.0086597146,0.2562152893,-0.2455592958,0.5366054014,-0.0000000021,0.0000001312,-0.0192418071,0.0201329766,0.0000000000,0.5214482558,-0.0000000000,0.0872664626,-0.0000000000,1.0000000000,1.0000000000,0.0000000000,0.0000000000,0.0000000000,0.0000000000
0.0200000000,0.2574960578,0.2467446456,0.5408272354,0.0000000001,0.0000001127,0.0086597146,0.2562152893,-0.2455592958,0.5366054014,-0.0000000021,0.0000001312,-0.0192418071,0.0201329766,0.0000000000,0.5214482558,-0.0000000000,0.0872664626,-0.0000000000,1.0000000000,1.0000000000,0.0000000000,0.0000000000,0.0000000000,0.0000000000
0.0200000000,0.2574960578,0.2467446456,0.5408272354,0.0000000001,0.0000001127,0.0086597146,0.2562152893,-0.2455592958,0.5366054014,-0.0000000021,0.0000001312,-0.0192418071,0.0201329766,0.0000000000,0.5214482558,-0.0000000000,0.0872664626,-0.0000000000,1.0000000000,1.0000000000,0.0000000000,0.0000000000,0.0000000000,0.0000000000
0.0200000000,0.2574960578,0.2467446456,0.5408272354,0.0000000001,0.0000001127,0.0086597146,0.2562152893,-0.2455592958,0.5366054014,-0.0000000021,0.0000001312,-0.0192418071,0.0201329766,0.0000000000,0.5214482558,-0.0000000000,0.0872664626,-0.0000000000,1.0000000000,1.0000000000,0.0000000000,0.0000000000,0.0000000000,0.0000000000
0.0200000000,0.2574960578,0.2467446456,0.5408272354,0.0000000001,0.0000001127,0.0086597146,0.2562152893,-0.2455592958,0.5366054014,-0.0000000021,0.0000001312,-0.0192418071,0.0201329766,0.0000000000,0.5214482558,-0.0000000000,0.0872664626,-0.0000000000,1.0000000000,1.0000000000,0.0000000000,0.0000000000,0.0000000000,0.0000000000
0.0200000000,0.2574960578,0.2467446456,0.5408272354,0.0000000001,0.0000001127,0.0086597146,0.2562152893,-0.2455592958,0.5366054014,-0.0000000021,0.0000001312,-0.0192418071,0.0201329766,0.0000000000,0.5214482558,-0.0000000000,0.0872664626,-0.0000000000,1.0000000000,1.0000000000,0.0000000000,0.0000000000,0.0000000000,0.0000000000
0.0200000000,0.2574960578,0.2467446456,0.5408272354,0.0000000001,0.0000001127,0.0086597146,0.2562152893,-0.2455592958,0.5366054014,-0.0000000021,0.0000001312,-0.0192418071,0.0201329766,0.0000000000,0.5214482558,-0.0000000000,0.0872664626,-0.0000000000,1.0000000000,1.0000000000,0.0000000000,0.0000000000,0.0000000000,0.0000000000
0.0200000000,0.2574960578,0.2467446456,0.5408272354,0.0000000001,0.0000001127,0.0086597146,0.2562152893,-0.2455592958,0.5366054014,-0.0000000021,0.0000001312,-0.0192418071,0.0201329766,0.0000000000,0.5214482558,-0.0000000000,0.0872664626,-0.0000000000,1.0000000000,1.0000000000,0.0000000000,0.0000000000,0.0000000000,0.0000000000
0.0200000000,0.2574960578,0.2467446456,0.5408272354,0.0000000001,0.0000001127,0.0086597146,0.2562152893,-0.2455592958,0.5366054014,-0.0000000021,0.0000001312,-0.0192418071,0.0201329766,0.0000000000,0.5214482558,-0.0000000000,0.0872664626,-0.0000000000,1.0000000000,1.0000000000,0.0000000000,0.0000000000,0.0000000000,0.0000000000
0.0200000000,0.2574960578,0.2467446456,0.5408272354,0.0000000001,0.0000001127,0.0086597146,0.2562152893,-0.2455592958,0.5366054014,-0.0000000021,0.0000001312,-0.0192418071,0.0201329766,0.0000000000,0.5214482558,-0.0000000000,0.0872664626,-0.0000000000,1.0000000000,1.0000000000,0.0000000000,0.0000000000,0.0000000000,0.0000000000
0.0200000000,0.2574960578,0.2467446456,0.5408272354,0.0000000001,0.0000001127,0.0086597146,0.2562152893,-0.2455592958,0.5366054014,-0.0000000021,0.0000001312,-0.0192418071,0.0201329766,0.0000000000,0.5214482558,-0.0000000000,0.0872664626,-0.0000000000,1.0000000000,1.0000000000,0.0000000000,0.0000000000,0.0000000000,0.0000000000
0.0200000000,0.2574960578,0.2467446456,0.5408272354,0.0000000001,0.0000001127,0.0086597146,0.2562152893,-0.2455592958,0.5366054014,-0.0000000021,0.0000001312,-0.0192418071,0.0201329766,0.0000000000,0.5214482558,-0.0000000000,0.0872664626,-0.0000000000,1.0000000000,1.0000000000,0.0000000000,0.0000000000,0.0000000000,0.0000000000
0.0200000000,0.2574960578,0.2467446456,0.5408272354,0.0000000001,0.0000001127,0.0086597146,0.2562152893,-0.2455592958,0.5366054014,-0.0000000021,0.0000001312,-0.0192418071,0.0201329766,0.0000000000,0.5214482558,-0.0000000000,0.0872664626,-0.0000000000,1.0000000000,1.0000000000,0.0000000000,0.0000000000,0.0000000000,0.0000000000
0.0200000000,0.2574960578,0.2467446456,0.5408272354,0.0000000001,0.0000001127,0.0086597146,0.2562152893,-0.2455592958,0.5366054014,-0.0000000021,0.0000001312,-0.0192418071,0.0201329766,0.0000000000,0.5214482558,-0.0000000000,0.0872664626,-0.0000000000,1.0000000000,1.0000000000,0.0000000000,0.0000000000,0.0000000000,0.0000000000
0.0200000000,0.2574960578,0.2467446456,0.5408272354,0.0000000001,0.0000001127,0.0086597146,0.2562152893,-0.2455592958,0.5366054014,-0.0000000021,0.0000001312,-0.0192418071,0.0201329766,0.0000000000,0.5214482558,-0.0000000000,0.0872664626,-0.0000000000,1.0000000000,1.0000000000,0.0000000000,0.0000000000,0.0000000000,0.0000000000
0.0200000000,0.2574960578,0.2467446456,0.5408272354,0.0000000001,0.0000001127,0.0086597146,0.2562152893,-0.2455592958,0.5366054014,-0.0000000021,0.0000001312,-0.0192418071,0.0201329766,0.0000000000,0.5214482558,-0.0000000000,0.0872664626,-0.0000000000,1.0000000000,1.0000000000,0.0000000000,0.0000000000,0.0000000000,0.0000000000
0.0200000000,0.2574960578,0.2467446456,0.5408272354,0.0000000001,0.0000001127,0.0086597146,0.2562152893,-0.2455592958,0.5366054014,-0.0000000021,0.0000001312,-0.0192418071,0.0201329766,0.0000000000,0.5214482558,-0.0000000000,0.0872664626,-0.0000000000,1.0000000000,1.0000000000,0.0000000000,0.0000000000,0.0000000000,0.0000000000
0.0200000000,0.2574960575,0.2467446456,0.5408272355,-0.0000000001,0.0000001117,0.0086597142,0.2562152886,-0.2455592958,0.5366054014,-0.0000000019,0.0000001306,-0.0192418067,0.0201329766,0.0000000000,0.5214482558,-0.0000000000,0.0872664626,-0.0000000000,1.0000000000,1.0000000000,0.0000000000,0.0000000000,0.0000000000,0.0000000000
0.0200000000,0.2574962069,0.2467446559,0.5408271839,0.0000001037,0.0000004962,0.0086598866,0.2562155852,-0.2455592662,0.5366053947,-0.0000000590,0.0000003781,-0.0192419694,0.0201329766,0.0000000000,0.5214482558,-0.0000000000,0.0872664626,-0.0000000000,1.0000000000,1.0000000000,0.0000000000,0.0000000000,0.0000000000,0.0000000000
0.0200000000,0.2574985048,0.2467448122,0.5408263925,0.0000016947,0.0000063961,0.0086625310,0.2562201428,-0.2455588091,0.5366052894,-0.0000009336,0.0000041907,-0.0192444671,0.0201329766,0.0000000000,0.5214482558,-0.0000000000,0.0872664626,-0.0000000000,1.0000000000,1.0000000000,0.0000000000,0.0000000000,0.0000000000,0.0000000000
0.0200000000,0.2575113627,0.2467456680,0.5408219809,0.0000105522,0.0000393174,0.0086772755,0.2562456203,-0.2455562423,0.5366046897,-0.0000058101,0.0000255684,-0.0192584137,0.0201329766,0.0000000000,0.5214482558,-0.0000000000,0.0872664626,-0.0000000000,1.0000000000,1.0000000000,0.0000000000,0.0000000000,0.0000000000,0.0000000000
0.0200000000,0.2575508967,0.2467482237,0.5408084819,0.0000376069,0.0001402000,0.0087224055,0.2563238639,-0.2455483161,0.5366028112,-0.0000207363,0.0000914880,-0.0193011867,0.0201329766,0.0000000000,0.5214482558,-0.0000000000,0.0872664626,-0.0000000000,1.0000000000,1.0000000000,0.0000000000,0.0000000000,0.0000000000,0.0000000000
0.0200000000,0.2576324273,0.2467530906,0.5407808103,0.0000925888,0.0003474193,0.0088144797,0.2564848637,-0.2455320003,0.5365987473,-0.0000515727,0.0002285384,-0.0193893829,0.0201329766,0.0000000000,0.5214482558,-0.0000000000,0.0872664626,-0.0000000000,1.0000000000,1.0000000000,0.0000000000,0.0000000000,0.0000000000,0.0000000000
0.0200000000,0.2577401721,0.2467581509,0.5407443389,0.0001628768,0.0006209277,0.0089329950,0.2566967337,-0.2455110905,0.5365926653,-0.0000936257,0.0004135727,-0.0195073136,0.0201329766,0.0000000000,0.5214482558,-0.0000000000,0.0872664626,-0.0000000000,1.0000000000,1.0000000000,0.0000000000,0.0000000000,0.0000000000,0.0000000000
0.0200000000,0.2578558432,0.2467602020,0.5407049989,0.0002328450,0.0009158450,0.0090526043,0.2569222458,-0.2454907440,0.5365842435,-0.0001430039,0.0006219619,-0.0196385817,0.0201329766,0.0000000000,0.5214482558,-0.0000000000,0.0872664626,-0.0000000000,1.0000000000,1.0000000000,0.0000000000,0.0000000000,0.0000000000,0.0000000000
0.0200000000,0.2579682745,0.2467567818,0.5406662205,0.0002922722,0.0012057598,0.0091567519,0.2571384481,-0.2454746118,0.5365729313,-0.0001983455,0.0008401496,-0.0197743373,0.0201329766,0.0000000000,0.5214482558,-0.0000000000,0.0872664626,-0.0000000000,1.0000000000,1.0000000000,0.0000000000,0.0000000000,0.0000000000,0.0000000000
0.0200000000,0.2580751637,0.2467475440,0.5406286072,0.0003394011,0.0014857530,0.0092424532,0.2573407013,-0.2454634278,0.5365586228,-0.0002593525,0.0010652020,-0.0199127616,0.0201329766,0.0000000000,0.5214482558,-0.0000000000,0.0872664626,-0.0000000000,1.0000000000,1.0000000000,0.0000000000,0.0000000000,0.0000000000,0.0000000000
0.0200000000,0.2581775393,0.2467319309,0.5405915005,0.0003741224,0.0017601093,0.0093096340,0.2575306788,-0.2454574656,0.5365406010,-0.0003276025,0.0013020972,-0.0200561782,0.0201329766,0.0000000000,0.5214482558,-0.0000000000,0.0872664626,-0.0000000000,1.0000000000,1.0000000000,0.0000000000,0.0000000000,0.0000000000,0.0000000000
0.0200000000,0.2582777057,0.2467085457,0.5405538346,0.0003956786,0.0020362870,0.0093575147,0.2577121269,-0.2454573287,0.5365176987,-0.0004063265,0.0015598816,-0.0202094850,0.0201329766,0.0000000000,0.5214482558,-0.0000000000,0.0872664626,-0.0000000000,1.0000000000,1.0000000000,0.0000000000,0.0000000000,0.0000000000,0.0000000000
0.0200000000,0.2583807101,0.2466710232,0.5405134971,0.0003967356,0.0023294962,0.0093766652,0.2578916095,-0.2454666826,0.5364863229,-0.0005065988,0.0018628743,-0.0203882761,0.0201329766,0.0000000000,0.5214482558,-0.0000000000,0.0872664626,-0.0000000000,1.0000000000,1.0000000000,0.0000000000,0.0000000000,0.0000000000,0.0000000000
0.0200000000,0.2584969683,0.2466034778,0.5404667984,0.0003571072,0.0026676071,0.0093408936,0.2580814072,-0.2454949602,0.5364388257,-0.0006540752,0.0022617443,-0.0206282237,0.0201329766,0.0000000000,0.5214482558,-0.0000000000,0.0872664626,-0.0000000000,1.0000000000,1.0000000000,0.0000000000,0.0000000000,0.0000000000,0.0000000000
0.0200000000,0.2586341197,0.2464786968,0.5404128495,0.0002349284,0.0030616630,0.0091940001,0.2582826520,-0.2455597852,0.5363654604,-0.0008857301,0.0028103442,-0.0209764794,0.0201329766,0.0000000000,0.5214482558,-0.0000000000,0.0872664626,-0.0000000000,1.0000000000,1.0000000000,0.0000000000,0.0000000000,0.0000000000,0.0000000000
0.0200000000,0.2587855733,0.2462573406,0.5403638147,-0.0000461504,0.0034418766,0.0088328952,0.2584616654,-0.2456889670,0.5362635349,-0.0012378441,0.0034976146,-0.0214725078,0.0201329766,0.0000000000,0.5214482558,-0.0000000000,0.0872664626,-0.0000000000,1.0000000000,1.0000000000,0.0000000000,0.0000000000,0.0000000000,0.0000000000
0.0200000000,0.2589349691,0.2459405703,0.5403418744,-0.0005060674,0.0036760262,0.0082343542,0.2585828754,-0.2458827651,0.5361570913,-0.0016795417,0.0041649686,-0.0220751730,0.0201329766,0.0000000000,0.5214482558,-0.0000000000,0.0872664626,-0.0000000000,1.0000000000,1.0000000000,0.0000000000,0.0000000000,0.0000000000,0.0000000000
0.0200000000,0.2590817294,0.2455441017,0.5403664342,-0.0011337231,0.0036577963,0.0074232641,0.2586410989,-0.2461267765,0.5360777846,-0.0021600645,0.0046349766,-0.0227284744,0.0201329766,0.0000000000,0.5214482558,-0.0000000000,0.0872664626,-0.0000000000,1.0000000000,1.0000000000,0.0000000000,0.0000000000,0.0000000000,0.0000000000
0.0200000000,0.2592387882,0.2451095885,0.5404468001,-0.0018631586,0.0033447756,0.0065012192,0.2586591676,-0.2463832530,0.5360578050,-0.0025994238,0.0047490257,-0.0233439714,0.0201329766,0.0000000000,0.5214482558,-0.0000000000,0.0872664626,-0.0000000000,1.0000000000,1.0000000000,0.0000000000,0.0000000000,0.0000000000,0.0000000000
0.0200000000,0.2594210992,0.2447026490,0.5405790799,-0.0025781512,0.0027669292,0.0056342498,0.2586645090,-0.2465937995,0.5361198170,-0.0028931223,0.0044048391,-0.0237949413,0.0201329766,0.0000000000,0.5214482558,-0.0000000000,0.0872664626,-0.0000000000,1.0000000000,1.0000000000,0.0000000000,0.0000000000,0.0000000000,0.0000000000
0.0200000000,0.2596341181,0.2444227092,0.5407464672,-0.0031003044,0.0020160581,0.0050657988,0.2586668155,-0.2466710447,0.5362758508,-0.0028923884,0.0035460580,-0.0238807635,0.0201329766,0.0000000000,0.5214482558,-0.0000000000,0.0872664626,-0.0000000000,1.0000000000,1.0000000000,0.0000000000,0.0000000000,0.0000000000,0.0000000000
0.0200000000,0.2598552078,0.2443370115,0.5409141499,-0.0032999573,0.0012628622,0.0049521087,0.2586516747,-0.2465726841,0.5364938261,-0.0025502772,0.0023395201,-0.0235124070,0.0201329766,0.0000000000,0.5214482558,-0.0000000000,0.0872664626,-0.0000000000,1.0000000000,1.0000000000,0.0000000000,0.0000000000,0.0000000000,0.0000000000
0.0200000000,0.2600521269,0.2445268675,0.5410510489,-0.0030309495,0.0006500832,0.0054720272,0.2585938853,-0.2462694139,0.5367447721,-0.0018351413,0.0009271525,-0.0226208402,0.0201329766,0.0000000000,0.5214482558,-0.0000000000,0.0872664626,-0.0000000000,1.0000000000,1.0000000000,0.0000000000,0.0000000000,0.0000000000,0.0000000000
0.0200000000,0.2601906474,0.2450657269,0.5411310178,-0.0021641762,0.0002935778,0.0067822618,0.2584683616,-0.2457485396,0.5370019523,-0.0007404128,-0.0005608075,-0.0211741992,0.0201329766,0.0000000000,0.5214482558,-0.0000000000,0.0872664626,-0.0000000000,1.0000000000,1.0000000000,0.0000000000,0.0000000000,0.0000000000,0.0000000000
0.0200000000,0.2602538874,0.2459074755,0.5411478740,-0.0007750302,0.0002196292,0.0087669048,0.2582580697,-0.2450133999,0.5372429159,0.0007158222,-0.0020109340,-0.0191812659,0.0201329766,0.0000000000,0.5214482558,-0.0000000000,0.0872664626,-0.0000000000,1.0000000000,1.0000000000,0.0000000000,0.0000000000,0.0000000000,0.0000000000
0.0200000000,0.2602542906,0.2467681109,0.5411218549,0.0006599086,0.0003385044,0.0107696435,0.2579585876,-0.2440935319,0.5374385605,0.0024637804,-0.0032638496,-0.0167240940,0.0201329766,0.0000000000,0.5214482558,-0.0000000000,0.0872664626,-0.0000000000,1.0000000000,1.0000000000,0.0000000000,0.0000000000,0.0000000000,0.0000000000
0.0200000000,0.2602262496,0.2474125903,0.5410770658,0.0017459887,0.0005482394,0.0122620996,0.2576125767,-0.2431113138,0.5375733990,0.0042797308,-0.0042054570,-0.0141260330,0.0201329766,0.0000000000,0.5214482558,-0.0000000000,0.0872664626,-0.0000000000,1.0000000000,1.0000000000,0.0000000000,0.0000000000,0.0000000000,0.0000000000
0.0200000000,0.2601672697,0.2479557118,0.5409928421,0.0026858573,0.0009546949,0.0135201462,0.2572596374,-0.2421669301,0.5376380408,0.0059808332,-0.0047598379,-0.0116518107,0.0201329766,0.0000000000,0.5214482558,-0.0000000000,0.0872664626,-0.0000000000,1.0000000000,1.0000000000,0.0000000000,0.0000000000,0.0000000000,0.0000000000
0.0200000000,0.2600613376,0.2486496122,0.5408350806,0.0039160304,0.0017281330,0.0151347429,0.2569263000,-0.2413181782,0.5376334932,0.0074650023,-0.0049181510,-0.0094521526,0.0201329766,0.0000000000,0.5214482558,-0.0000000000,0.0872664626,-0.0000000000,1.0000000000,1.0000000000,0.0000000000,0.0000000000,0.0000000000,0.0000000000
0.0200000000,0.2599121154,0.2495484970,0.5405960958,0.0055348292,0.0029155773,0.0172401834,0.2566190495,-0.2405743203,0.5375656708,0.0087194588,-0.0047109664,-0.0075486035,0.0201329766,0.0000000000,0.5214482558,-0.0000000000,0.0872664626,-0.0000000000,1.0000000000,1.0000000000,0.0000000000,0.0000000000,0.0000000000,0.0000000000
0.0200000000,0.2597551664,0.2504200435,0.5402990738,0.0071533830,0.0044203208,0.0193144594,0.2563403633,-0.2399521015,0.5374358955,0.0097170634,-0.0041470829,-0.0059798015,0.0201329766,0.0000000000,0.5214482558,-0.0000000000,0.0872664626,-0.0000000000,1.0000000000,1.0000000000,0.0000000000,0.0000000000,0.0000000000,0.0000000000
0.0200000000,0.2596287732,0.2510566892,0.5399840768,0.0084087948,0.0060498696,0.0208825330,0.2560906187,-0.2394666437,0.5372639179,0.0104494349,-0.0033379474,-0.0047695656,0.0201329766,0.0000000000,0.5214482558,-0.0000000000,0.0872664626,-0.0000000000,1.0000000000,1.0000000000,0.0000000000,0.0000000000,0.0000000000,0.0000000000
0.0200000000,0.2595484057,0.2514373104,0.5396729383,0.0092524288,0.0076927477,0.0218929483,0.2558708565,-0.2391396852,0.5370718483,0.0108989526,-0.0024079335,-0.0039562409,0.0201329766,0.0000000000,0.5214482558,-0.0000000000,0.0872664626,-0.0000000000,1.0000000000,1.0000000000,0.0000000000,0.0000000000,0.0000000000,0.0000000000
0.0200000000,0.2595137634,0.2516296841,0.5393879971,0.0097785878,0.0092251434,0.0224875514,0.2556741789,-0.2389606453,0.5368898113,0.0111098186,-0.0015279801,-0.0034939997,0.0201329766,0.0000000000,0.5214482558,-0.0000000000,0.0872664626,-0.0000000000,1.0000000000,1.0000000000,0.0000000000,0.0000000000,0.0000000000,0.0000000000
0.0200000000,0.2595159103,0.2517045844,0.5391506856,0.0100852768,0.0105232987,0.0228093247,0.2554867876,-0.2388905384,0.5367450972,0.0111724533,-0.0008551612,-0.0032682401,0.0201329766,0.0000000000,0.5214482558,-0.0000000000,0.0872664626,-0.0000000000,1.0000000000,1.0000000000,0.0000000000,0.0000000000,0.0000000000,0.0000000000
0.0200000000,0.2595430164,0.2517114297,0.5389785642,0.0102373872,0.0114829051,0.0229521761,0.2552876427,-0.2388816852,0.5366596753,0.0111896956,-0.0005209362,-0.0031416029,0.0201329766,0.0000000000,0.5214482558,-0.0000000000,0.0872664626,-0.0000000000,1.0000000000,1.0000000000,0.0000000000,0.0000000000,0.0000000000,0.0000000000
0.0200000000,0.2595778052,0.2516969099,0.5388643179,0.0103125800,0.0121318191,0.0230152966,0.2550616603,-0.2388845443,0.5366317696,0.0112456195,-0.0005215366,-0.0029898931,0.0201329766,0.0000000000,0.5214482558,-0.0000000000,0.0872664626,-0.0000000000,1.0000000000,1.0000000000,0.0000000000,0.0000000000,0.0000000000,0.0000000000
0.0200000000,0.2596091580,0.2516832448,0.5388076067,0.0103445154,0.0124640831,0.0230416914,0.2548040858,-0.2388754809,0.5366624415,0.0113810686,-0.0008637694,-0.0027547628,0.0201329766,0.0000000000,0.5214482558,-0.0000000000,0.0872664626,-0.0000000000,1.0000000000,1.0000000000,0.0000000000,0.0000000000,0.0000000000,0.0000000000
0.0200000000,0.2596290713,0.2516833857,0.5388105640,0.0103508019,0.0124624196,0.0230535691,0.2545194686,-0.2388412607,0.5367507332,0.0116150059,-0.0015378799,-0.0024100819,0.0201329766,0.0000000000,0.5214482558,-0.0000000000,0.0872664626,-0.0000000000,1.0000000000,1.0000000000,0.0000000000,0.0000000000,0.0000000000,0.0000000000
0.0200000000,0.2596313583,0.2517045787,0.5388744209,0.0103411662,0.0121157618,0.0230616281,0.2542162522,-0.2387756093,0.5368931342,0.0119515574,-0.0025181214,-0.0019501310,0.0201329766,0.0000000000,0.5214482558,-0.0000000000,0.0872664626,-0.0000000000,1.0000000000,1.0000000000,0.0000000000,0.0000000000,0.0000000000,0.0000000000
0.0200000000,0.2596049764,0.2517541567,0.5389994210,0.0103247330,0.0114149451,0.0230737133,0.2539023502,-0.2386740109,0.5370865349,0.0123923972,-0.0037816609,-0.0013725799,0.0201329766,0.0000000000,0.5214482558,-0.0000000000,0.0872664626,-0.0000000000,1.0000000000,1.0000000000,0.0000000000,0.0000000000,0.0000000000,0.0000000000
0.0200000000,0.2595466408,0.2518310690,0.5391681076,0.0103117346,0.0104529608,0.0230962094,0.2535872624,-0.2385429302,0.5373143712,0.0129096863,-0.0052314559,-0.0007087067,0.0201329766,0.0000000000,0.5214482558,-0.0000000000,0.0872664626,-0.0000000000,1.0000000000,1.0000000000,0.0000000000,0.0000000000,0.0000000000,0.0000000000
0.0200000000,0.2594581598,0.2519333133,0.5393651712,0.0103106496,0.0093147780,0.0231360172,0.2532828984,-0.2383872082,0.5375620718,0.0134788618,-0.0067799270,0.0000133895,0.0201329766,0.0000000000,0.5214482558,-0.0000000000,0.0872664626,-0.0000000000,1.0000000000,1.0000000000,0.0000000000,0.0000000000,0.0000000000,0.0000000000
0.0200000000,0.2593501840,0.2520528439,0.5395653426,0.0103300261,0.0081460326,0.0231991612,0.2530078154,-0.2382164291,0.5378077165,0.0140590288,-0.0082953897,0.0007460690,0.0201329766,0.0000000000,0.5214482558,-0.0000000000,0.0872664626,-0.0000000000,1.0000000000,1.0000000000,0.0000000000,0.0000000000,0.0000000000,0.0000000000
0.0200000000,0.2592375138,0.2521780140,0.5397409738,0.0103753533,0.0071081663,0.0232879410,0.2527803793,-0.2380425443,0.5380284449,0.0146047067,-0.0096416582,0.0014362956,0.0201329766,0.0000000000,0.5214482558,-0.0000000000,0.0872664626,-0.0000000000,1.0000000000,1.0000000000,0.0000000000,0.0000000000,0.0000000000,0.0000000000
0.0200000000,0.2591323335,0.2522995794,0.5398739491,0.0104480866,0.0063085855,0.0234020783,0.2526138992,-0.2378700880,0.5382097706,0.0150911792,-0.0107313909,0.0020565856,0.0201329766,0.0000000000,0.5214482558,-0.0000000000,0.0872664626,-0.0000000000,1.0000000000,1.0000000000,0.0000000000,0.0000000000,0.0000000000,0.0000000000
0.0200000000,0.2590383834,0.2524145402,0.5399713369,0.0105392329,0.0057113599,0.0235327930,0.2525016355,-0.2376910551,0.5383585511,0.0155397610,-0.0116061679,0.0026341479,0.0201329766,0.0000000000,0.5214482558,-0.0000000000,0.0872664626,-0.0000000000,1.0000000000,1.0000000000,0.0000000000,0.0000000000,0.0000000000,0.0000000000
0.0200000000,0.2589607533,0.2525179832,0.5400340539,0.0106415397,0.0053150538,0.0236719001,0.2524521069,-0.2374969798,0.5384732590,0.0159595538,-0.0122514647,0.0031813331,0.0201329766,0.0000000000,0.5214482558,-0.0000000000,0.0872664626,-0.0000000000,1.0000000000,1.0000000000,0.0000000000,0.0000000000,0.0000000000,0.0000000000
0.0200000000,0.2589064364,0.2526025645,0.5400590763,0.0107472044,0.0051410333,0.0238095781,0.2524853808,-0.2372836404,0.5385446452,0.0163419180,-0.0126031206,0.0036879703,0.0201329766,0.0000000000,0.5214482558,-0.0000000000,0.0872664626,-0.0000000000,1.0000000000,1.0000000000,0.0000000000,0.0000000000,0.0000000000,0.0000000000
0.0200000000,0.2588783747,0.2526639329,0.5400487749,0.0108481895,0.0051783368,0.0239364029,0.2526307761,-0.2370500510,0.5385608407,0.0166672710,-0.0125766233,0.0041279275,0.0201329766,0.0000000000,0.5214482558,-0.0000000000,0.0872664626,-0.0000000000,1.0000000000,1.0000000000,0.0000000000,0.0000000000,0.0000000000,0.0000000000
0.0200000000,0.2588731164,0.2527007397,0.5400171251,0.0109309652,0.0053481403,0.0240376072,0.2529360394,-0.2368041287,0.5385047686,0.0168906123,-0.0120471194,0.0044373434,0.0201329766,0.0000000000,0.5214482558,-0.0000000000,0.0872664626,-0.0000000000,1.0000000000,1.0000000000,0.0000000000,0.0000000000,0.0000000000,0.0000000000
0.0200000000,0.2588772272,0.2527204114,0.5399865154,0.0109873502,0.0055186858,0.0241057197,0.2533966741,-0.2365719959,0.5383839422,0.0169782662,-0.0110592699,0.0045624605,0.0201329766,0.0000000000,0.5214482558,-0.0000000000,0.0872664626,-0.0000000000,1.0000000000,1.0000000000,0.0000000000,0.0000000000,0.0000000000,0.0000000000
0.0200000000,0.2588797130,0.2527318164,0.5399663089,0.0110219031,0.0056310992,0.0241467917,0.2539866281,-0.2363837796,0.5382154424,0.0169069384,-0.0097241521,0.0044612482,0.0201329766,0.0000000000,0.5214482558,-0.0000000000,0.0872664626,-0.0000000000,1.0000000000,1.0000000000,0.0000000000,0.0000000000,0.0000000000,0.0000000000
0.0200000000,0.2588738092,0.2527473110,0.5399536720,0.0110552353,0.0056962180,0.0241859804,0.2546314239,-0.2362623078,0.5380338460,0.0166988433,-0.0082811999,0.0041544972,0.0201329766,0.0000000000,0.5214482558,-0.0000000000,0.0872664626,-0.0000000000,1.0000000000,1.0000000000,0.0000000000,0.0000000000,0.0000000000,0.0000000000
0.0200000000,0.2588712464,0.2527729404,0.5399404415,0.0111067597,0.0057671480,0.0242517365,0.2552226314,-0.2362101333,0.5378780786,0.0164253241,-0.0070177459,0.0037388771,0.0201329766,0.0000000000,0.5214482558,-0.0000000000,0.0872664626,-0.0000000000,1.0000000000,1.0000000000,0.0000000000,0.0000000000,0.0000000000,0.0000000000
0.0200000000,0.2589348288,0.2527912120,0.5399253018,0.0111663343,0.0058957596,0.0243539732,0.2556462129,-0.2362074319,0.5377774245,0.0161863379,-0.0061735219,0.0033636902,0.0201329766,0.0000000000,0.5214482558,-0.0000000000,0.0872664626,-0.0000000000,1.0000000000,1.0000000000,0.0000000000,0.0000000000,0.0000000000,0.0000000000
0.0200000000,0.2591408824,0.2527726576,0.5399198068,0.0111981862,0.0060735042,0.0244775411,0.2558965186,-0.2362179987,0.5377233275,0.0160322921,-0.0057045568,0.0031148659,0.0201329766,0.0000000000,0.5214482558,-0.0000000000,0.0872664626,-0.0000000000,1.0000000000,1.0000000000,0.0000000000,0.0000000000,0.0000000000,0.0000000000
0.0200000000,0.2595431606,0.2527080714,0.5399389130,0.0111913134,0.0062590537,0.0246345801,0.2560111611,-0.2362263288,0.5377004695,0.0159588973,-0.0055005765,0.0029929013,0.0201329766,0.0000000000,0.5214482558,-0.0000000000,0.0872664626,-0.0000000000,1.0000000000,1.0000000000,0.0000000000,0.0000000000,0.0000000000,0.0000000000
0.0200000000,0.2601414003,0.2526239428,0.5399921803,0.0111826820,0.0064045448,0.0248810254,0.2560484603,-0.2362295609,0.5376934242,0.0159349111,-0.0054364542,0.0029518903,0.0201329766,0.0000000000,0.5214482558,-0.0000000000,0.0872664626,-0.0000000000,1.0000000000,1.0000000000,0.0000000000,0.0000000000,0.0000000000,0.0000000000
0.0200000000,0.2608846510,0.2525779904,0.5400775451,0.0112547621,0.0064899382,0.0253126325,0.2560555639,-0.2362301762,0.5376921149,0.0159304499,-0.0054244330,0.0029440316,0.0201329766,0.0000000000,0.5214482558,-0.0000000000,0.0872664626,-0.0000000000,1.0000000000,1.0000000000,0.0000000000,0.0000000000,0.0000000000,0.0000000000
0.0200000000,0.2616926753,0.2526522007,0.5401828791,0.0115283166,0.0065266013,0.0260643238,0.2560559419,-0.2362302033,0.5376920452,0.0159302266,-0.0054237938,0.0029436220,0.0201329766,0.0000000000,0.5214482558,-0.0000000000,0.0872664626,-0.0000000000,1.0000000000,1.0000000000,0.0000000000,0.0000000000,0.0000000000,0.0000000000
0.0200000000,0.2624826632,0.2528750573,0.5402934009,0.0120366018,0.0065344871,0.0271453265,0.2560559837,-0.2362302161,0.5376920231,0.0159301789,-0.0054236453,0.0029435432,0.0201329766,0.0000000000,0.5214482558,-0.0000000000,0.0872664626,-0.0000000000,1.0000000000,1.0000000000,0.0000000000,0.0000000000,0.0000000000,0.0000000000
0.0200000000,0.2632081104,0.2532441375,0.5404038463,0.0127655154,0.0065056710,0.0285155678,0.2560565945,-0.2362304115,0.5376916182,0.0159294072,-0.0054210327,0.0029423207,0.0201329766,0.0000000000,0.5214482558,-0.0000000000,0.0872664626,-0.0000000000,1.0000000000,1.0000000000,0.0000000000,0.0000000000,0.0000000000,0.0000000000
0.0200000000,0.2638407239,0.2537201789,0.5405122411,0.0136440092,0.0064262857,0.0300615222,0.2560599859,-0.2362314235,0.5376888137,0.0159247863,-0.0054034598,0.0029354006,0.0201329766,0.0000000000,0.5214482558,-0.0000000000,0.0872664626,-0.0000000000,1.0000000000,1.0000000000,0.0000000000,0.0000000000,0.0000000000,0.0000000000
0.0200000000,0.2643698584,0.2542356554,0.5406160579,0.0145608745,0.0062978490,0.0316183858,0.2560707000,-0.2362339094,0.5376771804,0.0159089765,-0.0053326180,0.0029137540,0.0201329766,0.0000000000,0.5214482558,-0.0000000000,0.0872664626,-0.0000000000,1.0000000000,1.0000000000,0.0000000000,0.0000000000,0.0000000000,0.0000000000
0.0200000000,0.2648014869,0.2546963627,0.5407087066,0.0153692430,0.0061558904,0.0329753096,0.2560948808,-0.2362346663,0.5376416953,0.0158729737,-0.0051214277,0.0028715159,0.0201329766,0.0000000000,0.5214482558,-0.0000000000,0.0872664626,-0.0000000000,1.0000000000,1.0000000000,0.0000000000,0.0000000000,0.0000000000,0.0000000000
0.0200000000,0.2651821531,0.2550336551,0.5407845356,0.0159732762,0.0060644052,0.0340143149,0.2561317444,-0.2362223144,0.5375761060,0.0158295041,-0.0047347782,0.0028325180,0.0201329766,0.0000000000,0.5214482558,-0.0000000000,0.0872664626,-0.0000000000,1.0000000000,1.0000000000,0.0000000000,0.0000000000,0.0000000000,0.0000000000
0.0200000000,0.2655525688,0.2552093855,0.5408376682,0.0163257673,0.0060857253,0.0346837611,0.2561751964,-0.2361786997,0.5374887898,0.0158164562,-0.0042209718,0.0028477465,0.0201329766,0.0000000000,0.5214482558,-0.0000000000,0.0872664626,-0.0000000000,1.0000000000,1.0000000000,0.0000000000,0.0000000000,0.0000000000,0.0000000000
0.0200000000,0.2659517723,0.2552196111,0.5408647781,0.0164331462,0.0062693487,0.0350088576,0.2562121325,-0.2360864541,0.5374051124,0.0158876717,-0.0037267033,0.0029804290,0.0201329766,0.0000000000,0.5214482558,-0.0000000000,0.0872664626,-0.0000000000,1.0000000000,1.0000000000,0.0000000000,0.0000000000,0.0000000000,0.0000000000
0.0200000000,0.2664109150,0.2550909983,0.5408662372,0.0163472937,0.0066405692,0.0350774275,0.2562279070,-0.2359392690,0.5373546613,0.0160835653,-0.0034241065,0.0032718076,0.0201329766,0.0000000000,0.5214482558,-0.0000000000,0.0872664626,-0.0000000000,1.0000000000,1.0000000000,0.0000000000,0.0000000000,0.0000000000,0.0000000000
0.0200000000,0.2669532832,0.2548737218,0.5408468268,0.0161530055,0.0071958715,0.0350231524,0.2562162937,-0.2357470279,0.5373582483,0.0164079349,-0.0034328324,0.0037150392,0.0201329766,0.0000000000,0.5214482558,-0.0000000000,0.0872664626,-0.0000000000,1.0000000000,1.0000000000,0.0000000000,0.0000000000,0.0000000000,0.0000000000
0.0200000000,0.2675631394,0.2546433409,0.5408213445,0.0159594147,0.0078459756,0.0349996611,0.2561941750,-0.2355401415,0.5374048868,0.0167959150,-0.0036837614,0.0042220276,0.0201329766,0.0000000000,0.5214482558,-0.0000000000,0.0872664626,-0.0000000000,1.0000000000,1.0000000000,0.0000000000,0.0000000000,0.0000000000,0.0000000000
0.0200000000,0.2682168144,0.2544508068,0.5408037667,0.0158332756,0.0084976390,0.0350972088,0.2561818206,-0.2353385053,0.5374837775,0.0171984645,-0.0041054911,0.0047260730,0.0201329766,0.0000000000,0.5214482558,-0.0000000000,0.0872664626,-0.0000000000,1.0000000000,1.0000000000,0.0000000000,0.0000000000,0.0000000000,0.0000000000
0.0200000000,0.2688797499,0.2543313560,0.5408075320,0.0158128701,0.0090495572,0.0353604451,0.2561953870,-0.2351510817,0.5375895996,0.0175903333,-0.0046585270,0.0051914289,0.0201329766,0.0000000000,0.5214482558,-0.0000000000,0.0872664626,-0.0000000000,1.0000000000,1.0000000000,0.0000000000,0.0000000000,0.0000000000,0.0000000000
0.0200000000,0.2695161488,0.2543059432,0.5408436864,0.0159145507,0.0094105909,0.0358008087,0.2562419136,-0.2349749338,0.5377253327,0.0179759101,-0.0053540265,0.0056207970,0.0201329766,0.0000000000,0.5214482558,-0.0000000000,0.0872664626,-0.0000000000,1.0000000000,1.0000000000,0.0000000000,0.0000000000,0.0000000000,0.0000000000
0.0200000000,0.2700974489,0.2543971456,0.5409242419,0.0161588215,0.0094897309,0.0364381899,0.2563232858,-0.2347978400,0.5379028198,0.0183838653,-0.0062542984,0.0060465318,0.0201329766,0.0000000000,0.5214482558,-0.0000000000,0.0872664626,-0.0000000000,1.0000000000,1.0000000000,0.0000000000,0.0000000000,0.0000000000,0.0000000000
0.0200000000,0.2706239131,0.2546030767,0.5410494366,0.0165426577,0.0092854329,0.0372670884,0.2564324189,-0.2346084265,0.5381243264,0.0188369155,-0.0073751990,0.0065009920,0.0201329766,0.0000000000,0.5214482558,-0.0000000000,0.0872664626,-0.0000000000,1.0000000000,1.0000000000,0.0000000000,0.0000000000,0.0000000000,0.0000000000
0.0200000000,0.2710898066,0.2549293064,0.5412184896,0.0170743332,0.0087965459,0.0382953069,0.2565658126,-0.2344031596,0.5383894042,0.0193413712,-0.0087159696,0.0069945214,0.0201329766,0.0000000000,0.5214482558,-0.0000000000,0.0872664626,-0.0000000000,1.0000000000,1.0000000000,0.0000000000,0.0000000000,0.0000000000,0.0000000000
0.0200000000,0.2714792648,0.2553607783,0.5414204848,0.0177337151,0.0080670765,0.0394811411,0.2567144892,-0.2341870739,0.5386858429,0.0198820328,-0.0102160441,0.0075163093,0.0201329766,0.0000000000,0.5214482558,-0.0000000000,0.0872664626,-0.0000000000,1.0000000000,1.0000000000,0.0000000000,0.0000000000,0.0000000000,0.0000000000
0.0200000000,0.2717735447,0.2558524057,0.5416343012,0.0184590669,0.0071922283,0.0407176677,0.2568588259,-0.2339720687,0.5389882595,0.0204259434,-0.0117510049,0.0080417720,0.0201329766,0.0000000000,0.5214482558,-0.0000000000,0.0872664626,-0.0000000000,1.0000000000,1.0000000000,0.0000000000,0.0000000000,0.0000000000,0.0000000000
0.0200000000,0.2719632522,0.2563289848,0.5418326818,0.0191467521,0.0063071715,0.0418402173,0.2569630500,-0.2337738706,0.5392596361,0.0209308465,-0.0131448832,0.0085447381,0.0201329766,0.0000000000,0.5214482558,-0.0000000000,0.0872664626,-0.0000000000,1.0000000000,1.0000000000,0.0000000000,0.0000000000,0.0000000000,0.0000000000
0.0200000000,0.2720828938,0.2567284352,0.5420001634,0.0197155569,0.0055237278,0.0427444684,0.2570035044,-0.2335994731,0.5394797650,0.0213783951,-0.0143048465,0.0090178553,0.0201329766,0.0000000000,0.5214482558,-0.0000000000,0.0872664626,-0.0000000000,1.0000000000,1.0000000000,0.0000000000,0.0000000000,0.0000000000,0.0000000000
0.0200000000,0.2721585013,0.2570208041,0.5421294155,0.0201280404,0.0049032954,0.0433882369,0.2569745606,-0.2334524083,0.5396441063,0.0217618187,-0.0152108052,0.0094554709,0.0201329766,0.0000000000,0.5214482558,-0.0000000000,0.0872664626,-0.0000000000,1.0000000000,1.0000000000,0.0000000000,0.0000000000,0.0000000000,0.0000000000
0.0200000000,0.2722070301,0.2572038710,0.5422177232,0.0203853686,0.0044755287,0.0437836494,0.2568983406,-0.2333346101,0.5397620725,0.0220775890,-0.0158990548,0.0098407821,0.0201329766,0.0000000000,0.5214482558,-0.0000000000,0.0872664626,-0.0000000000,1.0000000000,1.0000000000,0.0000000000,0.0000000000,0.0000000000,0.0000000000
0.0200000000,0.2722350576,0.2572959449,0.5422667594,0.0205155126,0.0042381797,0.0439795701,0.2568202339,-0.2332466928,0.5398499244,0.0223206593,-0.0164266736,0.0101452021,0.0201329766,0.0000000000,0.5214482558,-0.0000000000,0.0872664626,-0.0000000000,1.0000000000,1.0000000000,0.0000000000,0.0000000000,0.0000000000,0.0000000000
0.0200000000,0.2722462042,0.2573267941,0.5422847657,0.0205599301,0.0041514538,0.0440442491,0.2567945567,-0.2331867774,0.5399218232,0.0224845314,-0.0168326949,0.0103378164,0.0201329766,0.0000000000,0.5214482558,-0.0000000000,0.0872664626,-0.0000000000,1.0000000000,1.0000000000,0.0000000000,0.0000000000,0.0000000000,0.0000000000
0.0200000000,0.2722494617,0.2573348524,0.5422897164,0.0205717920,0.0041277118,0.0440609495,0.2568311133,-0.2331441040,0.5399840629,0.0225880048,-0.0171434767,0.0104384009,0.0201329766,0.0000000000,0.5214482558,-0.0000000000,0.0872664626,-0.0000000000,1.0000000000,1.0000000000,0.0000000000,0.0000000000,0.0000000000,0.0000000000
0.0200000000,0.2722500057,0.2573360861,0.5422905013,0.0205736522,0.0041239620,0.0440634791,0.2569061870,-0.2331132285,0.5400325285,0.0226459942,-0.0173525333,0.0104755165,0.0201329766,0.0000000000,0.5214482558,-0.0000000000,0.0872664626,-0.0000000000,1.0000000000,1.0000000000,0.0000000000,0.0000000000,0.0000000000,0.0000000000
0.0200000000,0.2722500420,0.2573361633,0.5422905516,0.0205737711,0.0041237228,0.0440636358,0.2569801335,-0.2330924686,0.5400631994,0.0226738822,-0.0174657510,0.0104814976,0.0201329766,0.0000000000,0.5214482558,-0.0000000000,0.0872664626,-0.0000000000,1.0000000000,1.0000000000,0.0000000000,0.0000000000,0.0000000000,0.0000000000
0.0200000000,0.2722500422,0.2573361636,0.5422905518,0.0205737716,0.0041237219,0.0440636364,0.2570249783,-0.2330816336,0.5400773415,0.0226843490,-0.0175100857,0.0104789056,0.0201329766,0.0000000000,0.5214482558,-0.0000000000,0.0872664626,-0.0000000000,1.0000000000,1.0000000000,0.0000000000,0.0000000000,0.0000000000,0.0000000000
0.0200000000,0.2722500422,0.2573361636,0.5422905518,0.0205737716,0.0041237219,0.0440636364,0.2570392441,-0.2330783970,0.5400810531,0.0226866946,-0.0175198845,0.0104772143,0.0201329766,0.0000000000,0.5214482558,-0.0000000000,0.0872664626,-0.0000000000,1.0000000000,1.0000000000,0.0000000000,0.0000000000,0.0000000000,0.0000000000
0.0200000000,0.2722500422,0.2573361636,0.5422905518,0.0205737716,0.0041237219,0.0440636364,0.2570420775,-0.2330777681,0.5400817252,0.0226870841,-0.0175214748,0.0104768147,0.0201329766,0.0000000000,0.5214482558,-0.0000000000,0.0872664626,-0.0000000000,1.0000000000,1.0000000000,0.0000000000,0.0000000000,0.0000000000,0.0000000000
0.0200000000,0.2722500422,0.2573361636,0.5422905518,0.0205737716,0.0041237219,0.0440636364,0.2570423174,-0.2330777156,0.5400817788,0.0226871132,-0.0175215917,0.0104767776,0.0201329766,0.0000000000,0.5214482558,-0.0000000000,0.0872664626,-0.0000000000,1.0000000000,1.0000000000,0.0000000000,0.0000000000,0.0000000000,0.0000000000
0.0200000000,0.2722500422,0.2573361636,0.5422905518,0.0205737716,0.0041237219,0.0440636364,0.2570423194,-0.2330777152,0.5400817793,0.0226871134,-0.0175215926,0.0104767772,0.0201329766,0.0000000000,0.5214482558,-0.0000000000,0.0872664626,-0.0000000000,1.0000000000,1.0000000000,0.0000000000,0.0000000000,0.0000000000,0.0000000000
0.0200000000,0.2722500422,0.2573361636,0.5422905518,0.0205737716,0.0041237219,0.0440636364,0.2570423193,-0.2330777152,0.5400817792,0.0226871134,-0.0175215925,0.0104767772,0.0201329766,0.0000000000,0.5214482558,-0.0000000000,0.0872664626,-0.0000000000,1.0000000000,1.0000000000,0.0000000000,0.0000000000,0.0000000000,0.0000000000
0.0200000000,0.2722500422,0.2573361636,0.5422905518,0.0205737716,0.0041237219,0.0440636364,0.2570423193,-0.2330777152,0.5400817792,0.0226871134,-0.0175215925,0.0104767772,0.0201329766,0.0000000000,0.5214482558,-0.0000000000,0.0872664626,-0.0000000000,1.0000000000,1.0000000000,0.0000000000,0.0000000000,0.0000000000,0.0000000000
0.0200000000,0.2722500422,0.2573361636,0.5422905518,0.0205737716,0.0041237219,0.0440636364,0.2570423176,-0.2330777157,0.5400817791,0.0226871132,-0.0175215932,0.0104767773,0.0201329766,0.0000000000,0.5214482558,-0.0000000000,0.0872664626,-0.0000000000,1.0000000000,1.0000000000,0.0000000000,0.0000000000,0.0000000000,0.0000000000
0.0200000000,0.2722500422,0.2573361636,0.5422905518,0.0205737716,0.0041237219,0.0440636364,0.2570424097,-0.2330776875,0.5400817856,0.0226871245,-0.0175215599,0.0104767753,0.0201329766,0.0000000000,0.5214482558,-0.0000000000,0.0872664626,-0.0000000000,1.0000000000,1.0000000000,0.0000000000,0.0000000000,0.0000000000,0.0000000000
0.0200000000,0.2722500422,0.2573361636,0.5422905518,0.0205737716,0.0041237219,0.0440636364,0.2570435797,-0.2330773302,0.5400818680,0.0226872665,-0.0175211362,0.0104767470,0.0201329766,0.0000000000,0.5214482558,-0.0000000000,0.0872664626,-0.0000000000,1.0000000000,1.0000000000,0.0000000000,0.0000000000,0.0000000000,0.0000000000
0.0200000000,0.2722500422,0.2573361636,0.5422905518,0.0205737716,0.0041237219,0.0440636364,0.2570493454,-0.2330755034,0.5400822945,0.0226880926,-0.0175191517,0.0104767645,0.0201329766,0.0000000000,0.5214482558,-0.0000000000,0.0872664626,-0.0000000000,1.0000000000,1.0000000000,0.0000000000,0.0000000000,0.0000000000,0.0000000000
0.0200000000,0.2722500422,0.2573361636,0.5422905518,0.0205737716,0.0041237219,0.0440636364,0.2570669272,-0.2330690159,0.5400837709,0.0226922648,-0.0175139393,0.0104789491,0.0201329766,0.0000000000,0.5214482558,-0.0000000000,0.0872664626,-0.0000000000,1.0000000000,1.0000000000,0.0000000000,0.0000000000,0.0000000000,0.0000000000
0.0200000000,0.2722500422,0.2573361636,0.5422905518,0.0205737716,0.0041237219,0.0440636364,0.2571008394,-0.2330531069,0.5400867886,0.0227059836,-0.0175043603,0.0104908617,0.0201329766,0.0000000000,0.5214482558,-0.0000000000,0.0872664626,-0.0000000000,1.0000000000,1.0000000000,0.0000000000,0.0000000000,0.0000000000,0.0000000000
0.0200000000,0.2722500422,0.2573361636,0.5422905518,0.0205737716,0.0041237219,0.0440636364,0.2571537770,-0.2330202284,0.5400904981,0.0227395231,-0.0174828405,0.0105271231,0.0201329766,0.0000000000,0.5214482558,-0.0000000000,0.0872664626,-0.0000000000,1.0000000000,1.0000000000,0.0000000000,0.0000000000,0.0000000000,0.0000000000
0.0200000000,0.2722500422,0.2573361636,0.5422905518,0.0205737716,0.0041237219,0.0440636364,0.2572198934,-0.2329637021,0.5400903079,0.0228020488,-0.0174274655,0.0106051576,0.0201329766,0.0000000000,0.5214482558,-0.0000000000,0.0872664626,-0.0000000000,1.0000000000,1.0000000000,0.0000000000,0.0000000000,0.0000000000,0.0000000000
0.0200000000,0.2722500422,0.2573361636,0.5422905518,0.0205737716,0.0041237219,0.0440636364,0.2572784182,-0.2328832920,0.5400758605,0.0228936351,-0.0172962012,0.0107364751,0.0201329766,0.0000000000,0.5214482558,-0.0000000000,0.0872664626,-0.0000000000,1.0000000000,1.0000000000,0.0000000000,0.0000000000,0.0000000000,0.0000000000
0.0200000000,0.2722500422,0.2573361636,0.5422905518,0.0205737716,0.0041237219,0.0440636364,0.2572911473,-0.2327915145,0.5400292206,0.0229947554,-0.0170196384,0.0109134139,0.0201329766,0.0000000000,0.5214482558,-0.0000000000,0.0872664626,-0.0000000000,1.0000000000,1.0000000000,0.0000000000,0.0000000000,0.0000000000,0.0000000000
0.0200000000,0.2722500422,0.2573361636,0.5422905518,0.0205737716,0.0041237219,0.0440636364,0.2572351195,-0.2327136348,0.5399422826,0.0230677026,-0.0165729666,0.0110923601,0.0201329766,0.0000000000,0.5214482558,-0.0000000000,0.0872664626,-0.0000000000,1.0000000000,1.0000000000,0.0000000000,0.0000000000,0.0000000000,0.0000000000
0.0200000000,0.2722500422,0.2573361636,0.5422905518,0.0205737716,0.0041237219,0.0440636364,0.2571056403,-0.2326716628,0.5398147303,0.0230791301,-0.0159603654,0.0112266905,0.0201329766,0.0000000000,0.5214482558,-0.0000000000,0.0872664626,-0.0000000000,1.0000000000,1.0000000000,0.0000000000,0.0000000000,0.0000000000,0.0000000000
0.0200000000,0.2722500422,0.2573361636,0.5422905518,0.0205737716,0.0041237219,0.0440636364,0.2569247854,-0.2326762566,0.5396588861,0.0230134838,-0.0152345549,0.0112809375,0.0201329766,0.0000000000,0.5214482558,-0.0000000000,0.0872664626,-0.0000000000,1.0000000000,1.0000000000,0.0000000000,0.0000000000,0.0000000000,0.0000000000
0.0200000000,0.2722500422,0.2573361636,0.5422905518,0.0205737716,0.0041237219,0.0440636364,0.2567371734,-0.2327217546,0.5394968124,0.0228802663,-0.0144838003,0.0112439938,0.0201329766,0.0000000000,0.5214482558,-0.0000000000,0.0872664626,-0.0000000000,1.0000000000,1.0000000000,0.0000000000,0.0000000000,0.0000000000,0.0000000000
0.0200000000,0.2722500422,0.2573361636,0.5422905518,0.0205737716,0.0041237219,0.0440636364,0.2566022464,-0.2327870419,0.5393566590,0.0227129924,-0.0138180391,0.0111313665,0.0201329766,0.0000000000,0.5214482558,-0.0000000000,0.0872664626,-0.0000000000,1.0000000000,1.0000000000,0.0000000000,0.0000000000,0.0000000000,0.0000000000
0.0200000000,0.2722500422,0.2573361636,0.5422905518,0.0205737716,0.0041237219,0.0440636364,0.2565505665,-0.2328443268,0.5392550391,0.0225579017,-0.0133039629,0.0109906442,0.0201329766,0.0000000000,0.5214482558,-0.0000000000,0.0872664626,-0.0000000000,1.0000000000,1.0000000000,0.0000000000,0.0000000000,0.0000000000,0.0000000000
0.0200000000,0.2722500422,0.2573361636,0.5422905518,0.0205737716,0.0041237219,0.0440636364,0.2565876263,-0.2328758132,0.5391990164,0.0224473903,-0.0129746074,0.0108614827,0.0201329766,0.0000000000,0.5214482558,-0.0000000000,0.0872664626,-0.0000000000,1.0000000000,1.0000000000,0.0000000000,0.0000000000,0.0000000000,0.0000000000
0.0200000000,0.2722500422,0.2573361636,0.5422905518,0.0205737716,0.0041237219,0.0440636364,0.2566919796,-0.2328712882,0.5391836227,0.0224022269,-0.0128164391,0.0107813665,0.0201329766,0.0000000000,0.5214482558,-0.0000000000,0.0872664626,-0.0000000000,1.0000000000,1.0000000000,0.0000000000,0.0000000000,0.0000000000,0.0000000000
0.0200000000,0.2722500422,0.2573361636,0.5422905518,0.0205737716,0.0041237219,0.0440636364,0.2568188174,-0.2328279453,0.5391889156,0.0224278428,-0.0127509391,0.0107818251,0.0201329766,0.0000000000,0.5214482558,-0.0000000000,0.0872664626,-0.0000000000,1.0000000000,1.0000000000,0.0000000000,0.0000000000,0.0000000000,0.0000000000
0.0200000000,0.2722500422,0.2573361636,0.5422905518,0.0205737716,0.0041237219,0.0440636364,0.2568974740,-0.2327523341,0.5391706355,0.0225044378,-0.0125858014,0.0108814446,0.0201329766,0.0000000000,0.5214482558,-0.0000000000,0.0872664626,-0.0000000000,1.0000000000,1.0000000000,0.0000000000,0.0000000000,0.0000000000,0.0000000000
0.0200000000,0.2722500422,0.2573361636,0.5422905518,0.0205737716,0.0041237219,0.0440636364,0.2568674867,-0.2326689531,0.5390751966,0.0225716663,-0.0120727712,0.0110456404,0.0201329766,0.0000000000,0.5214482558,-0.0000000000,0.0872664626,-0.0000000000,1.0000000000,1.0000000000,0.0000000000,0.0000000000,0.0000000000,0.0000000000
0.0200000000,0.2722500422,0.2573361636,0.5422905518,0.0205737716,0.0041237219,0.0440636364,0.2566828289,-0.2326055564,0.5388481047,0.0225575611,-0.0109481007,0.0112205781,0.0201329766,0.0000000000,0.5214482558,-0.0000000000,0.0872664626,-0.0000000000,1.0000000000,1.0000000000,0.0000000000,0.0000000000,0.0000000000,0.0000000000
0.0200000000,0.2722500422,0.2573361636,0.5422905518,0.0205737716,0.0041237219,0.0440636364,0.2563242382,-0.2325915261,0.5384489614,0.0223884381,-0.0090049200,0.0113342494,0.0201329766,0.0000000000,0.5214482558,-0.0000000000,0.0872664626,-0.0000000000,1.0000000000,1.0000000000,0.0000000000,0.0000000000,0.0000000000,0.0000000000
0.0200000000,0.2722500422,0.2573361636,0.5422905518,0.0205737716,0.0041237219,0.0440636364,0.2558132042,-0.2326489106,0.5378735627,0.0220159091,-0.0062036905,0.0113164228,0.0201329766,0.0000000000,0.5214482558,-0.0000000000,0.0872664626,-0.0000000000,1.0000000000,1.0000000000,0.0000000000,0.0000000000,0.0000000000,0.0000000000
0.0200000000,0.2722500422,0.2573361636,0.5422905518,0.0205737716,0.0041237219,0.0440636364,0.2552243863,-0.2327868822,0.5371691982,0.0214340533,-0.0027494994,0.0111093316,0.0201329766,0.0000000000,0.5214482558,-0.0000000000,0.0872664626,-0.0000000000,1.0000000000,1.0000000000,0.0000000000,0.0000000000,0.0000000000,0.0000000000
0.0200000000,0.2722500422,0.2573361636,0.5422905518,0.0205737716,0.0041237219,0.0440636364,0.2546524189,-0.2329899965,0.5364139428,0.0206948713,0.0009965366,0.0107113370,0.0201329766,0.0000000000,0.5214482558,-0.0000000000,0.0872664626,-0.0000000000,1.0000000000,1.0000000000,0.0000000000,0.0000000000,0.0000000000,0.0000000000
0.0200000000,0.2722500422,0.2573361636,0.5422905518,0.0205737716,0.0041237219,0.0440636364,0.2541396472,-0.2332547002,0.5356299149,0.0198052574,0.0049407774,0.0101072908,0.0201329766,0.0000000000,0.5214482558,-0.0000000000,0.0872664626,-0.0000000000,1.0000000000,1.0000000000,0.0000000000,0.0000000000,0.0000000000,0.0000000000
0.0200000000,0.2722500422,0.2573361636,0.5422905518,0.0205737716,0.0041237219,0.0440636364,0.2537004609,-0.2335665159,0.5348371919,0.0187997897,0.0089823306,0.0093279220,0.0201329766,0.0000000000,0.5214482558,-0.0000000000,0.0872664626,-0.0000000000,1.0000000000,1.0000000000,0.0000000000,0.0000000000,0.0000000000,0.0000000000
0.0200000000,0.2722500422,0.2573361636,0.5422905518,0.0205737716,0.0041237219,0.0440636364,0.2533465575,-0.2338837755,0.5340994354,0.0177967296,0.0127811031,0.0084911689,0.0201329766,0.0000000000,0.5214482558,-0.0000000000,0.0872664626,-0.0000000000,1.0000000000,1.0000000000,0.0000000000,0.0000000000,0.0000000000,0.0000000000
0.0200000000,0.2722500422,0.2573361636,0.5422905518,0.0205737716,0.0041237219,0.0440636364,0.2530946829,-0.2341420945,0.5335215881,0.0169865075,0.0157743902,0.0077864139,0.0201329766,0.0000000000,0.5214482558,-0.0000000000,0.0872664626,-0.0000000000,1.0000000000,1.0000000000,0.0000000000,0.0000000000,0.0000000000,0.0000000000
0.0200000000,0.2722500422,0.2573361636,0.5422905518,0.0205737716,0.0041237219,0.0440636364,0.2529327677,-0.2343139548,0.5331378206,0.0164499312,0.0177666257,0.0073068145,0.0201329766,0.0000000000,0.5214482558,-0.0000000000,0.0872664626,-0.0000000000,1.0000000000,1.0000000000,0.0000000000,0.0000000000,0.0000000000,0.0000000000
0.0200000000,0.2722500422,0.2573361636,0.5422905518,0.0205737716,0.0041237219,0.0440636364,0.2528485601,-0.2344204783,0.5329159608,0.0161302484,0.0189232224,0.0069993563,0.0201329766,0.0000000000,0.5214482558,-0.0000000000,0.0872664626,-0.0000000000,1.0000000000,1.0000000000,0.0000000000,0.0000000000,0.0000000000,0.0000000000
0.0200000000,0.2722500422,0.2573361636,0.5422905518,0.0205737716,0.0041237219,0.0440636364,0.2528154559,-0.2345408544,0.5327339128,0.0158020698,0.0198908981,0.0066410329,0.0201329766,0.0000000000,0.5214482558,-0.0000000000,0.0872664626,-0.0000000000,1.0000000000,1.0000000000,0.0000000000,0.0000000000,0.0000000000,0.0000000000
0.0200000000,0.2722500422,0.2573361636,0.5422905518,0.0205737716,0.0041237219,0.0440636364,0.2528108993,-0.2347698822,0.5324438917,0.0151900815,0.0214596463,0.0059546483,0.0201329766,0.0000000000,0.5214482558,-0.0000000000,0.0872664626,-0.0000000000,0.9981750979,1.0000000000,0.0000000000,0.0000000000,0.0000000000,0.0000000000
0.0200000000,0.2722500408,0.2573361641,0.5422905513,0.0205737722,0.0041237230,0.0440636371,0.2528675498,-0.2351211721,0.5320266759,0.0142431565,0.0237547322,0.0048707635,0.0201329766,0.0000000000,0.5214482558,-0.0000000000,0.0872664626,-0.0000000000,0.9348135905,1.0000000000,0.0000000000,0.0000000000,0.0000000000,0.0000000000
0.0200000000,0.2722501007,0.2573361384,0.5422905717,0.0205737437,0.0041236647,0.0440636016,0.2530562634,-0.2354717953,0.5316618844,0.0132941341,0.0258437251,0.0037083468,0.0201329766,0.0000000000,0.5214482558,-0.0000000000,0.0872664626,-0.0000000000,0.8681469238,1.0000000000,0.0000000000,0.0000000000,0.0000000000,0.0000000000
0.0200000000,0.2722513312,0.2573356256,0.5422909163,0.0205731997,0.0041228749,0.0440629885,0.2534395738,-0.2357150785,0.5315009982,0.0126289569,0.0269422803,0.0027442477,0.0201329766,0.0000000000,0.5214482558,-0.0000000000,0.0872664626,-0.0000000000,0.8014802571,1.0000000000,0.0000000000,0.0000000000,0.0000000000,0.0000000000
0.0200000000,0.2722597086,0.2573324397,0.5422927940,0.0205700662,0.0041201097,0.0440600723,0.2540440729,-0.2357979799,0.5315941314,0.0123699366,0.0267995315,0.0021070961,0.0201329766,0.0000000000,0.5214482558,-0.0000000000,0.0872664626,-0.0000000000,0.7348135905,1.0000000000,0.0000000000,0.0000000000,0.0000000000,0.0000000000
0.0200000000,0.2722933631,0.2573223232,0.5422984316,0.0205619316,0.0041197584,0.0440570004,0.2548626708,-0.2356898310,0.5319275305,0.0125576701,0.0254971856,0.0018643555,0.0201329766,0.0000000000,0.5214482558,-0.0000000000,0.0872664626,-0.0000000000,0.6681469238,1.0000000000,0.0000000000,0.0000000000,0.0000000000,0.0000000000
0.0200000000,0.2723911570,0.2573069089,0.5423099611,0.0205603467,0.0041467466,0.0440875024,0.2558302936,-0.2353494681,0.5324650312,0.0132495525,0.0232062831,0.0021392035,0.0201329766,0.0000000000,0.5214482558,-0.0000000000,0.0872664626,-0.0000000000,0.6014802571,1.0000000000,0.0000000000,0.0000000000,0.0000000000,0.0000000000
0.0200000000,0.2725811767,0.2573064725,0.5423277400,0.0206026267,0.0042274470,0.0442236829,0.2568085171,-0.2348111258,0.5331098655,0.0143510769,0.0203719859,0.0029089422,0.0201329766,0.0000000000,0.5214482558,-0.0000000000,0.0872664626,-0.0000000000,0.5348135905,1.0000000000,0.0000000000,0.0000000000,0.0000000000,0.0000000000
0.0200000000,0.2728848433,0.2573521628,0.5423547229,0.0207400554,0.0043690923,0.0445557472,0.2577038593,-0.2341188996,0.5337908316,0.0157590114,0.0173191045,0.0041075458,0.0201329766,0.0000000000,0.5214482558,-0.0000000000,0.0872664626,-0.0000000000,0.4681469238,1.0000000000,0.0000000000,0.0000000000,0.0000000000,0.0000000000
0.0200000000,0.2733095714,0.2574748777,0.5423969104,0.0210186788,0.0045498632,0.0451588154,0.2584768933,-0.2333236254,0.5344635401,0.0173648422,0.0142559589,0.0056263633,0.0201329766,0.0000000000,0.5214482558,-0.0000000000,0.0872664626,-0.0000000000,0.4014802571,1.0000000000,0.0000000000,0.0000000000,0.0000000000,0.0000000000
0.0200000000,0.2738440227,0.2576949969,0.5424612243,0.0214629652,0.0047252139,0.0460665326,0.2591196961,-0.2324746176,0.5351058882,0.0190720413,0.0112886122,0.0073482517,0.0201329766,0.0000000000,0.5214482558,-0.0000000000,0.0872664626,-0.0000000000,0.3348135905,1.0000000000,0.0000000000,0.0000000000,0.0000000000,0.0000000000
0.0200000000,0.2744377396,0.2580057357,0.5425499347,0.0220482511,0.0048364257,0.0472190297,0.2596179464,-0.2316435243,0.5356899667,0.0207471198,0.0085465640,0.0091089572,0.0201329766,0.0000000000,0.5214482558,-0.0000000000,0.0872664626,-0.0000000000,0.2681469238,1.0000000000,0.0000000000,0.0000000000,0.0000000000,0.0000000000
0.0200000000,0.2750098716,0.2583563409,0.5426540459,0.0226806478,0.0048517378,0.0484358396,0.2599869757,-0.2308924713,0.5362043211,0.0222760870,0.0060910655,0.0107519402,0.0201329766,0.0000000000,0.5214482558,-0.0000000000,0.0872664626,-0.0000000000,0.2014802571,1.0000000000,0.0000000000,0.0000000000,0.0000000000,0.0000000000
0.0200000000,0.2755151943,0.2587141501,0.5427684346,0.0233017147,0.0047514054,0.0496055293,0.2602421019,-0.2302398576,0.5366567264,0.0236325232,0.0038839155,0.0122292257,0.0201329766,0.0000000000,0.5214482558,-0.0000000000,0.0872664626,-0.0000000000,0.1348135905,1.0000000000,0.0000000000,0.0000000000,0.0000000000,0.0000000000
0.0200000000,0.2759398961,0.2590629013,0.5428918557,0.0238837906,0.0045256528,0.0506788904,0.2604043105,-0.2296695820,0.5370740069,0.0248587886,0.0017926772,0.0135753602,0.0201329766,0.0000000000,0.5214482558,-0.0000000000,0.0872664626,-0.0000000000,0.0681469238,1.0000000000,0.0000000000,0.0000000000,0.0000000000,0.0000000000
0.0200000000,0.2762732830,0.2593858051,0.5430227389,0.0243992587,0.0041693252,0.0516085179,0.2604839741,-0.2291668479,0.5374807297,0.0259964674,-0.0003094616,0.0148286612,0.0201329766,0.0000000000,0.5214482558,-0.0000000000,0.0872664626,-0.0000000000,0.0036145290,1.0000000000,0.0000000000,0.0000000000,0.0000000000,0.0000000000
0.0200000000,0.2764848549,0.2596488965,0.5431552929,0.0247917938,0.0036787305,0.0522930940,0.2604723111,-0.2287465715,0.5378848953,0.0270324449,-0.0024765098,0.0159673792,0.0201329766,0.0000000000,0.5214482558,-0.0000000000,0.0872664626,-0.0000000000,0.0000000000,1.0000000000,0.0000000000,0.0000000000,0.0000000000,0.0000000000
0.0200000000,0.2765740220,0.2598325290,0.5432844888,0.0250334940,0.0030774283,0.0526900845,0.2603686148,-0.2284201202,0.5382872029,0.0279503831,-0.0047154958,0.0169671061,0.0201329766,0.0000000000,0.5214482558,-0.0000000000,0.0872664626,-0.0000000000,0.0000000000,1.0000000000,0.0000000000,0.0000000000,0.0000000000,0.0000000000
0.0200000000,0.2765511088,0.2599265534,0.5434099056,0.0251104720,0.0023766055,0.0527853602,0.2601643850,-0.2281968992,0.5386930268,0.0287437079,-0.0070641690,0.0178164444,0.0201329766,0.0000000000,0.5214482558,-0.0000000000,0.0872664626,-0.0000000000,0.0000000000,1.0000000000,0.0000000000,0.0000000000,0.0000000000,0.0000000000
0.0200000000,0.2764454459,0.2599312214,0.5435307564,0.0250293714,0.0016103663,0.0526057213,0.2598632988,-0.2280769009,0.5391027943,0.0294113996,-0.0095217437,0.0185130270,0.0201329766,0.0000000000,0.5214482558,-0.0000000000,0.0872664626,-0.0000000000,0.0000000000,1.0000000000,0.0000000000,0.0000000000,0.0000000000,0.0000000000
0.0200000000,0.2763010537,0.2598540016,0.5436407280,0.0248152591,0.0008586251,0.0522111027,0.2594919229,-0.2280544755,0.5394969636,0.0299347119,-0.0119593205,0.0190397550,0.0201329766,0.0000000000,0.5214482558,-0.0000000000,0.0872664626,-0.0000000000,0.0000000000,1.0000000000,0.0000000000,0.0000000000,0.0000000000,0.0000000000
0.0200000000,0.2761774529,0.2597121186,0.5437287266,0.0245156723,0.0002434528,0.0517003821,0.2591014933,-0.2281121089,0.5398388123,0.0302890734,-0.0141339345,0.0193789797,0.0201329766,0.0000000000,0.5214482558,-0.0000000000,0.0872664626,-0.0000000000,0.0000000000,1.0000000000,0.0000000000,0.0000000000,0.0000000000,0.0000000000
0.0200000000,0.2761184876,0.2595368865,0.5437926795,0.0241918246,-0.0001774658,0.0511850116,0.2587363560,-0.2282090851,0.5401164182,0.0305118296,-0.0159409777,0.0195818110,0.0201329766,0.0000000000,0.5214482558,-0.0000000000,0.0872664626,-0.0000000000,0.0000000000,1.0000000000,0.0000000000,0.0000000000,0.0000000000,0.0000000000
0.0200000000,0.2761478420,0.2593453070,0.5438341568,0.0238752834,-0.0003877476,0.0507234242,0.2584125385,-0.2283200973,0.5403300930,0.0306376216,-0.0173669931,0.0196928816,0.0201329766,0.0000000000,0.5214482558,-0.0000000000,0.0872664626,-0.0000000000,0.0000000000,1.0000000000,0.0000000000,0.0000000000,0.0000000000,0.0000000000
0.0200000000,0.2762773780,0.2591495647,0.5438568517,0.0235859486,-0.0003945984,0.0503513878,0.2581326230,-0.2284290022,0.5404830959,0.0306945163,-0.0184260538,0.0197480652,0.0201329766,0.0000000000,0.5214482558,-0.0000000000,0.0872664626,-0.0000000000,0.0000000000,1.0000000000,0.0000000000,0.0000000000,0.0000000000,0.0000000000
0.0200000000,0.2765149099,0.2589601012,0.5438648814,0.0233396463,-0.0002113301,0.0500970867,0.2578955916,-0.2285263507,0.5405746796,0.0306979393,-0.0191138573,0.0197690891,0.0201329766,0.0000000000,0.5214482558,-0.0000000000,0.0872664626,-0.0000000000,0.0000000000,1.0000000000,0.0000000000,0.0000000000,0.0000000000,0.0000000000
0.0200000000,0.2768640823,0.2587868136,0.5438640632,0.0231489281,0.0001356679,0.0499830694,0.2576980569,-0.2286065675,0.5406031357,0.0306573131,-0.0194230667,0.0197702367,0.0201329766,0.0000000000,0.5214482558,-0.0000000000,0.0872664626,-0.0000000000,0.0000000000,1.0000000000,0.0000000000,0.0000000000,0.0000000000,0.0000000000
0.0200000000,0.2773042048,0.2586315380,0.5438632664,0.0230062296,0.0005785720,0.0499900834,0.2575263836,-0.2286710437,0.5405825667,0.0305887154,-0.0194414370,0.0197650137,0.0201329766,0.0000000000,0.5214482558,-0.0000000000,0.0872664626,-0.0000000000,0.0000000000,1.0000000000,0.0000000000,0.0000000000,0.0000000000,0.0000000000
0.0200000000,0.2778391563,0.2584919839,0.5438708896,0.0229030551,0.0010767274,0.0501105902,0.2573714025,-0.2287205267,0.5405199500,0.0305011165,-0.0192141665,0.0197617313,0.0201329766,0.0000000000,0.5214482558,-0.0000000000,0.0872664626,-0.0000000000,0.0000000000,1.0000000000,0.0000000000,0.0000000000,0.0000000000,0.0000000000
0.0200000000,0.2784888719,0.2583618357,0.5438968687,0.0228273243,0.0015976902,0.0503401949,0.2572259843,-0.2287545650,0.5404198398,0.0304023859,-0.0187714009,0.0197687433,0.0201329766,0.0000000000,0.5214482558,-0.0000000000,0.0872664626,-0.0000000000,0.0000000000,1.0000000000,0.0000000000,0.0000000000,0.0000000000,0.0000000000
0.0200000000,0.2792710038,0.2582342111,0.5439536003,0.0227634876,0.0020946499,0.0506700898,0.2570891129,-0.2287690774,0.5402867147,0.0303035027,-0.0181378815,0.0197978295,0.0201329766,0.0000000000,0.5214482558,-0.0000000000,0.0872664626,-0.0000000000,0.0000000000,1.0000000000,0.0000000000,0.0000000000,0.0000000000,0.0000000000
0.0200000000,0.2801679055,0.2581046642,0.5440549226,0.0226894989,0.0024778409,0.0510672840,0.2569700308,-0.2287544772,0.5401305256,0.0302246249,-0.0173602695,0.0198676887,0.0201329766,0.0000000000,0.5214482558,-0.0000000000,0.0872664626,-0.0000000000,0.0000000000,1.0000000000,0.0000000000,0.0000000000,0.0000000000,0.0000000000
0.0200000000,0.2811121791,0.2579704307,0.5442007465,0.0225850031,0.0026810626,0.0514688592,0.2568753739,-0.2287066182,0.5399669162,0.0301830514,-0.0165192454,0.0199894941,0.0201329766,0.0000000000,0.5214482558,-0.0000000000,0.0872664626,-0.0000000000,0.0000000000,1.0000000000,0.0000000000,0.0000000000,0.0000000000,0.0000000000
0.0200000000,0.2820645659,0.2578268210,0.5443904572,0.0224335749,0.0026669771,0.0518313523,0.2568024872,-0.2286219466,0.5398005813,0.0301897404,-0.0156420587,0.0201753463,0.0201329766,0.0000000000,0.5214482558,-0.0000000000,0.0872664626,-0.0000000000,0.0000000000,1.0000000000,0.0000000000,0.0000000000,0.0000000000,0.0000000000
0.0200000000,0.2830135688,0.2576682776,0.5446235050,0.0222240888,0.0024263861,0.0521326232,0.2567352070,-0.2284999856,0.5396246860,0.0302465225,-0.0147025627,0.0204357046,0.0201329766,0.0000000000,0.5214482558,-0.0000000000,0.0872664626,-0.0000000000,0.0000000000,1.0000000000,0.0000000000,0.0000000000,0.0000000000,0.0000000000
0.0200000000,0.2839586535,0.2574923037,0.5449017211,0.0219512221,0.0019491226,0.0523654191,0.2566451783,-0.2283425878,0.5394223419,0.0303480484,-0.0136281613,0.0207806769,0.0201329766,0.0000000000,0.5214482558,-0.0000000000,0.0872664626,-0.0000000000,0.0000000000,1.0000000000,0.0000000000,0.0000000000,0.0000000000,0.0000000000
0.0200000000,0.2848818324,0.2573057665,0.5452261979,0.0216214355,0.0012093395,0.0525292944,0.2564919387,-0.2281575347,0.5391695563,0.0304786112,-0.0123163074,0.0212131210,0.0201329766,0.0000000000,0.5214482558,-0.0000000000,0.0872664626,-0.0000000000,0.0000000000,1.0000000000,0.0000000000,0.0000000000,0.0000000000,0.0000000000
0.0200000000,0.2857535356,0.2571262007,0.5455848927,0.0212661015,0.0002392637,0.0526457576,0.2562542103,-0.2279644728,0.5388576212,0.0306083085,-0.0107361782,0.0217013215,0.0201329766,0.0000000000,0.5214482558,-0.0000000000,0.0872664626,-0.0000000000,0.0000000000,1.0000000000,0.0000000000,0.0000000000,0.0000000000,0.0000000000
0.0200000000,0.2865467998,0.2569716959,0.5459685360,0.0209150839,-0.0009421941,0.0527381386,0.2559224292,-0.2277815207,0.5384824297,0.0307087702,-0.0088732126,0.0222097894,0.0201329766,0.0000000000,0.5214482558,-0.0000000000,0.0872664626,-0.0000000000,0.0000000000,1.0000000000,0.0000000000,0.0000000000,0.0000000000,0.0000000000
0.0200000000,0.2872452724,0.2568584825,0.5463707116,0.0205951661,-0.0023189997,0.0528325886,0.2555004520,-0.2276247500,0.5380449767,0.0307533777,-0.0067307302,0.0226994822,0.0201329766,0.0000000000,0.5214482558,-0.0000000000,0.0872664626,-0.0000000000,0.0000000000,1.0000000000,0.0000000000,0.0000000000,0.0000000000,0.0000000000
0.0200000000,0.2878434075,0.2567990716,0.5467910316,0.0203251427,-0.0038956740,0.0529521571,0.2549987515,-0.2275064187,0.5375462678,0.0307185486,-0.0043067271,0.0231347183,0.0201329766,0.0000000000,0.5214482558,-0.0000000000,0.0872664626,-0.0000000000,0.0000000000,1.0000000000,0.0000000000,0.0000000000,0.0000000000,0.0000000000
0.0200000000,0.2883460841,0.2568018529,0.5472363845,0.0201147331,-0.0057062509,0.0531149409,0.2544347205,-0.2274353248,0.5369861372,0.0305820630,-0.0015876500,0.0234815002,0.0201329766,0.0000000000,0.5214482558,-0.0000000000,0.0872664626,-0.0000000000,0.0000000000,1.0000000000,0.0000000000,0.0000000000,0.0000000000,0.0000000000
0.0200000000,0.2887756211,0.2568594906,0.5477102206,0.0199553698,-0.0077479181,0.0533210103,0.2538405541,-0.2274081215,0.5363780845,0.0303465023,0.0013758843,0.0237279590,0.0201329766,0.0000000000,0.5214482558,-0.0000000000,0.0872664626,-0.0000000000,0.0000000000,1.0000000000,0.0000000000,0.0000000000,0.0000000000,0.0000000000
0.0200000000,0.2891370136,0.2569661810,0.5482105478,0.0198409618,-0.0100069009,0.0535623503,0.2532458306,-0.2274233150,0.5357383648,0.0300152226,0.0045146725,0.0238612013,0.0201329766,0.0000000000,0.5214482558,-0.0000000000,0.0872664626,-0.0000000000,0.0000000000,1.0000000000,0.0000000000,0.0000000000,0.0000000000,0.0000000000
0.0200000000,0.2894319574,0.2571086493,0.5487231419,0.0197616943,-0.0124065822,0.0538188366,0.2526876281,-0.2274747754,0.5350975954,0.0296086905,0.0076843418,0.0238797597,0.0201329766,0.0000000000,0.5214482558,-0.0000000000,0.0872664626,-0.0000000000,0.0000000000,1.0000000000,0.0000000000,0.0000000000,0.0000000000,0.0000000000
0.0200000000,0.2896628288,0.2572691283,0.5492261958,0.0197061723,-0.0148285348,0.0540655362,0.2522030265,-0.2275527936,0.5344927438,0.0291592437,0.0107042778,0.0237936301,0.0201329766,0.0000000000,0.5214482558,-0.0000000000,0.0872664626,-0.0000000000,0.0000000000,1.0000000000,0.0000000000,0.0000000000,0.0000000000,0.0000000000
0.0200000000,0.2898387354,0.2574313821,0.5497055478,0.0196611053,-0.0171869438,0.0542821455,0.2518117639,-0.2276475358,0.5339475018,0.0286956500,0.0134550838,0.0236208845,0.0201329766,0.0000000000,0.5214482558,-0.0000000000,0.0872664626,-0.0000000000,0.0000000000,1.0000000000,0.0000000000,0.0000000000,0.0000000000,0.0000000000
0.0200000000,0.2899827624,0.2575870514,0.5501688751,0.0196124679,-0.0194956566,0.0544651875,0.2514923425,-0.2277510464,0.5334503066,0.0282298920,0.0159864407,0.0233915081,0.0201329766,0.0000000000,0.5214482558,-0.0000000000,0.0872664626,-0.0000000000,0.0000000000,1.0000000000,0.0000000000,0.0000000000,0.0000000000,0.0000000000
0.0200000000,0.2901085014,0.2577323775,0.5506240757,0.0195514906,-0.0217807214,0.0546131046,0.2512296449,-0.2278599450,0.5329909913,0.0277651535,0.0183443855,0.0231205101,0.0201329766,0.0000000000,0.5214482558,-0.0000000000,0.0872664626,-0.0000000000,0.0000000000,1.0000000000,0.0000000000,0.0000000000,0.0000000000,0.0000000000
0.0200000000,0.2902244755,0.2578639853,0.5510736481,0.0194728297,-0.0240453299,0.0547241994,0.2510149784,-0.2279711671,0.5325655186,0.0273067571,0.0205454856,0.0228200051,0.0201329766,0.0000000000,0.5214482558,-0.0000000000,0.0872664626,-0.0000000000,0.0000000000,1.0000000000,0.0000000000,0.0000000000,0.0000000000,0.0000000000
0.0200000000,0.2903363986,0.2579792527,0.5515201737,0.0193717008,-0.0262964770,0.0547959769,0.2508436074,-0.2280831577,0.5321713456,0.0268572200,0.0226004648,0.0224962342,0.0201329766,0.0000000000,0.5214482558,-0.0000000000,0.0872664626,-0.0000000000,0.0000000000,1.0000000000,0.0000000000,0.0000000000,0.0000000000,0.0000000000
0.0200000000,0.2904511811,0.2580770601,0.5519752081,0.0192396595,-0.0285875463,0.0548248017,0.2507081603,-0.2281975636,0.5317988611,0.0264086465,0.0245572121,0.0221466980,0.0201329766,0.0000000000,0.5214482558,-0.0000000000,0.0872664626,-0.0000000000,0.0000000000,1.0000000000,0.0000000000,0.0000000000,0.0000000000,0.0000000000
0.0200000000,0.2905740870,0.2581585857,0.5524480437,0.0190731499,-0.0309617991,0.0548124145,0.2505962251,-0.2283159027,0.5314362565,0.0259531708,0.0264731260,0.0217721954,0.0201329766,0.0000000000,0.5214482558,-0.0000000000,0.0872664626,-0.0000000000,0.0000000000,1.0000000000,0.0000000000,0.0000000000,0.0000000000,0.0000000000
0.0200000000,0.2907061987,0.2582206097,0.5529335296,0.0188711845,-0.0333903109,0.0547557560,0.2505048296,-0.2284360945,0.5310867023,0.0254983210,0.0283291352,0.0213814483,0.0201329766,0.0000000000,0.5214482558,-0.0000000000,0.0872664626,-0.0000000000,0.0000000000,1.0000000000,0.0000000000,0.0000000000,0.0000000000,0.0000000000
0.0200000000,0.2908451674,0.2582591534,0.5534147741,0.0186389906,-0.0357857259,0.0546542858,0.2504334431,-0.2285531073,0.5307615758,0.0250627601,0.0300627685,0.0209921730,0.0201329766,0.0000000000,0.5214482558,-0.0000000000,0.0872664626,-0.0000000000,0.0000000000,1.0000000000,0.0000000000,0.0000000000,0.0000000000,0.0000000000
0.0200000000,0.2909873682,0.2582730671,0.5538749273,0.0183856260,-0.0380625756,0.0545127525,0.2503807838,-0.2286623579,0.5304703524,0.0246630596,0.0316215283,0.0206208734,0.0201329766,0.0000000000,0.5214482558,-0.0000000000,0.0872664626,-0.0000000000,0.0000000000,1.0000000000,0.0000000000,0.0000000000,0.0000000000,0.0000000000
0.0200000000,0.2911266707,0.2582657684,0.5542967003,0.0181267209,-0.0401361737,0.0543443870,0.2503438409,-0.2287598651,0.5302193620,0.0243127152,0.0329692119,0.0202825873,0.0201329766,0.0000000000,0.5214482558,-0.0000000000,0.0872664626,-0.0000000000,0.0000000000,1.0000000000,0.0000000000,0.0000000000,0.0000000000,0.0000000000
0.0200000000,0.2912571729,0.2582441183,0.5546702630,0.0178779883,-0.0419616683,0.0541657871,0.2503178555,-0.2288440109,0.5300081027,0.0240157584,0.0341060294,0.0199850863,0.0201329766,0.0000000000,0.5214482558,-0.0000000000,0.0872664626,-0.0000000000,0.0000000000,1.0000000000,0.0000000000,0.0000000000,0.0000000000,0.0000000000
0.0200000000,0.2913779780,0.2582115475,0.5549969263,0.0176432435,-0.0435475722,0.0539831357,0.2503002211,-0.2289155349,0.5298327905,0.0237685700,0.0350511852,0.0197272630,0.0201329766,0.0000000000,0.5214482558,-0.0000000000,0.0872664626,-0.0000000000,0.0000000000,1.0000000000,0.0000000000,0.0000000000,0.0000000000,0.0000000000
0.0200000000,0.2914943364,0.2581714403,0.5552971146,0.0174144394,-0.0449966693,0.0537962682,0.2502870839,-0.2289797701,0.5296784023,0.0235503959,0.0358845619,0.0194926880,0.0201329766,0.0000000000,0.5214482558,-0.0000000000,0.0872664626,-0.0000000000,0.0000000000,1.0000000000,0.0000000000,0.0000000000,0.0000000000,0.0000000000
0.0200000000,0.2916177595,0.2581217468,0.5556022116,0.0171693701,-0.0464622628,0.0535913349,0.2502743351,-0.2290439430,0.5295262668,0.0233342070,0.0367057984,0.0192587657,0.0201329766,0.0000000000,0.5214482558,-0.0000000000,0.0872664626,-0.0000000000,0.0000000000,1.0000000000,0.0000000000,0.0000000000,0.0000000000,0.0000000000
0.0200000000,0.2917688841,0.2580486138,0.5559527208,0.0168641116,-0.0481347663,0.0533297625,0.2502582930,-0.2291159196,0.5293585536,0.0230925076,0.0376100803,0.0190013500,0.0201329766,0.0000000000,0.5214482558,-0.0000000000,0.0872664626,-0.0000000000,0.0000000000,1.0000000000,0.0000000000,0.0000000000,0.0000000000,0.0000000000
0.0200000000,0.2919600608,0.2579415604,0.5563693521,0.0164718940,-0.0501087869,0.0529858707,0.2502378267,-0.2291992046,0.5291680763,0.0228135138,0.0386359649,0.0187095130,0.0201329766,0.0000000000,0.5214482558,-0.0000000000,0.0872664626,-0.0000000000,0.0000000000,1.0000000000,0.0000000000,0.0000000000,0.0000000000,0.0000000000
0.0200000000,0.2921940409,0.2577959986,0.5568521450,0.0159869503,-0.0523801326,0.0525520661,0.2502145264,-0.2292929305,0.5289574840,0.0225004253,0.0397698943,0.0183850973,0.0201329766,0.0000000000,0.5214482558,-0.0000000000,0.0872664626,-0.0000000000,0.0000000000,1.0000000000,0.0000000000,0.0000000000,0.0000000000,0.0000000000
0.0200000000,0.2924691759,0.2576093205,0.5573901533,0.0154131414,-0.0548913473,0.0520281520,0.2501917956,-0.2293936167,0.5287352709,0.0221652874,0.0409674213,0.0180375094,0.0201329766,0.0000000000,0.5214482558,-0.0000000000,0.0872664626,-0.0000000000,0.0000000000,1.0000000000,0.0000000000,0.0000000000,0.0000000000,0.0000000000
0.0200000000,0.2927908834,0.2573723374,0.5579817717,0.0147398396,-0.0576257458,0.0513992651,0.2501729270,-0.2294987751,0.5285074619,0.0218163505,0.0421974841,0.0176727696,0.0201329766,0.0000000000,0.5214482558,-0.0000000000,0.0872664626,-0.0000000000,0.0000000000,1.0000000000,0.0000000000,0.0000000000,0.0000000000,0.0000000000
0.0200000000,0.2931773698,0.2570645115,0.5586430931,0.0139307427,-0.0606441206,0.0506251480,0.2501627439,-0.2296079804,0.5282755970,0.0214538522,0.0434542956,0.0172886400,0.0201329766,0.0000000000,0.5214482558,-0.0000000000,0.0872664626,-0.0000000000,0.0000000000,1.0000000000,0.0000000000,0.0000000000,0.0000000000,0.0000000000
0.0200000000,0.2936435803,0.2566694729,0.5593887872,0.0129566692,-0.0640025068,0.0496736906,0.2501726328,-0.2297214089,0.5280433785,0.0210763191,0.0447236861,0.0168774393,0.0201329766,0.0000000000,0.5214482558,-0.0000000000,0.0872664626,-0.0000000000,0.0000000000,1.0000000000,0.0000000000,0.0000000000,0.0000000000,0.0000000000
0.0200000000,0.2942193135,0.2561539261,0.5602478660,0.0117576339,-0.0678118078,0.0484794605,0.2502338404,-0.2298403534,0.5278232502,0.0206805411,0.0459540291,0.0164175264,0.0201329766,0.0000000000,0.5214482558,-0.0000000000,0.0872664626,-0.0000000000,0.0000000000,1.0000000000,0.0000000000,0.0000000000,0.0000000000,0.0000000000
0.0200000000,0.2949476211,0.2554671885,0.5612611152,0.0102442907,-0.0722240547,0.0469439769,0.2504117523,-0.2299677912,0.5276454736,0.0202632716,0.0470142212,0.0158653840,0.0201329766,0.0000000000,0.5214482558,-0.0000000000,0.0872664626,-0.0000000000,0.0000000000,1.0000000000,0.0000000000,0.0000000000,0.0000000000,0.0000000000
0.0200000000,0.2958103279,0.2546117667,0.5623887898,0.0084462025,-0.0770420632,0.0450864018,0.2507844158,-0.2301015741,0.5275716893,0.0198516919,0.0476091642,0.0151974538,0.0201329766,0.0000000000,0.5214482558,-0.0000000000,0.0872664626,-0.0000000000,0.0000000000,1.0000000000,0.0000000000,0.0000000000,0.0000000000,0.0000000000
0.0200000000,0.2967800237,0.2535991328,0.5635971023,0.0063999392,-0.0821145740,0.0429344152,0.2514243357,-0.2302511182,0.5276624410,0.0194562498,0.0474486968,0.0143669539,0.0201329766,0.0000000000,0.5214482558,-0.0000000000,0.0872664626,-0.0000000000,0.0000000000,1.0000000000,0.0000000000,0.0000000000,0.0000000000,0.0000000000
0.0200000000,0.2977321181,0.2525606468,0.5647564027,0.0043564199,-0.0869213916,0.0407540583,0.2522381575,-0.2304134804,0.5278992387,0.0191012291,0.0465900598,0.0134473403,0.0201329766,0.0000000000,0.5214482558,-0.0000000000,0.0872664626,-0.0000000000,0.0000000000,1.0000000000,0.0000000000,0.0000000000,0.0000000000,0.0000000000
0.0200000000,0.2986564891,0.2515104230,0.5658685989,0.0023311504,-0.0914887569,0.0385672789,0.2531908775,-0.2305973533,0.5282690849,0.0187750880,0.0450907820,0.0124394941,0.0201329766,0.0000000000,0.5214482558,-0.0000000000,0.0872664626,-0.0000000000,0.0000000000,1.0000000000,0.0000000000,0.0000000000,0.0000000000,0.0000000000
0.0200000000,0.2996516348,0.2503358854,0.5670636250,0.0001001886,-0.0963608988,0.0361360316,0.2543630702,-0.2308339060,0.5288124928,0.0184339228,0.0427814129,0.0112265148,0.0201329766,0.0000000000,0.5214482558,-0.0000000000,0.0872664626,-0.0000000000,0.0000000000,1.0000000000,0.0000000000,0.0000000000,0.0000000000,0.0000000000
0.0200000000,0.3008105546,0.2489178507,0.5684651619,-0.0025643268,-0.1020432069,0.0332171458,0.2558476055,-0.2311700873,0.5296170915,0.0180444384,0.0392488392,0.0096720517,0.0201329766,0.0000000000,0.5214482558,-0.0000000000,0.0872664626,-0.0000000000,0.0000000000,1.0000000000,0.0000000000,0.0000000000,0.0000000000,0.0000000000
0.0200000000,0.3020454903,0.2473689580,0.5699776728,-0.0054580707,-0.1081456475,0.0300520227,0.2574464006,-0.2315976948,0.5306333571,0.0176500043,0.0346605243,0.0079311810,0.0201329766,0.0000000000,0.5214482558,-0.0000000000,0.0872664626,-0.0000000000,0.0000000000,1.0000000000,0.0000000000,0.0000000000,0.0000000000,0.0000000000
0.0200000000,0.3033300096,0.2457532596,0.5715695688,-0.0084714565,-0.1145309581,0.0267828886,0.2589934435,-0.2320897849,0.5317835599,0.0172879888,0.0293432981,0.0061586600,0.0201329766,0.0000000000,0.5214482558,-0.0000000000,0.0872664626,-0.0000000000,0.0000000000,1.0000000000,0.0000000000,0.0000000000,0.0000000000,0.0000000000
0.0200000000,0.3046362652,0.2441392476,0.5731967320,-0.0114849650,-0.1210045616,0.0235639595,0.2603594687,-0.2326064217,0.5329844920,0.0169969479,0.0236626412,0.0045062137,0.0201329766,0.0000000000,0.5214482558,-0.0000000000,0.0872664626,-0.0000000000,0.0000000000,1.0000000000,0.0000000000,0.0000000000,0.0000000000,0.0000000000
0.0200000000,0.3059317506,0.2425937317,0.5748038216,-0.0143809328,-0.1273282296,0.0205441400,0.2614719540,-0.2331037440,0.5341574563,0.0168043820,0.0179884808,0.0030903227,0.0201329766,0.0000000000,0.5214482558,-0.0000000000,0.0872664626,-0.0000000000,0.0000000000,1.0000000000,0.0000000000,0.0000000000,0.0000000000,0.0000000000
0.0200000000,0.3071755274,0.2411855021,0.5763221364,-0.0170387637,-0.1332167977,0.0178729062,0.2622960104,-0.2335392593,0.5352303023,0.0167278248,0.0126782936,0.0019970903,0.0201329766,0.0000000000,0.5214482558,-0.0000000000,0.0872664626,-0.0000000000,0.0000000000,1.0000000000,0.0000000000,0.0000000000,0.0000000000,0.0000000000
0.0200000000,0.3083371161,0.2399592957,0.5776990103,-0.0193806708,-0.1384593433,0.0156428743,0.2628392619,-0.2338848792,0.5361574622,0.0167697388,0.0079756465,0.0012595567,0.0201329766,0.0000000000,0.5214482558,-0.0000000000,0.0872664626,-0.0000000000,0.0000000000,1.0000000000,0.0000000000,0.0000000000,0.0000000000,0.0000000000
0.0200000000,0.3094245686,0.2388815669,0.5789524336,-0.0214616833,-0.1431464525,0.0137652336,0.2631914578,-0.2341552993,0.5369627185,0.0168941418,0.0038082176,0.0007835772,0.0201329766,0.0000000000,0.5214482558,-0.0000000000,0.0872664626,-0.0000000000,0.0000000000,1.0000000000,0.0000000000,0.0000000000,0.0000000000,0.0000000000
0.0200000000,0.3104439234,0.2379209274,0.5801009309,-0.0233355476,-0.1473725564,0.0121585988,0.2634175579,-0.2343696814,0.5376717748,0.0170685928,0.0000792052,0.0004866800,0.0201329766,0.0000000000,0.5214482558,-0.0000000000,0.0872664626,-0.0000000000,0.0000000000,1.0000000000,0.0000000000,0.0000000000,0.0000000000,0.0000000000
0.0200000000,0.3113927657,0.2370533278,0.5811560307,-0.0250440955,-0.1512083984,0.0107564772,0.2635708961,-0.2345472390,0.5383062888,0.0172615828,-0.0032921354,0.0002936793,0.0201329766,0.0000000000,0.5214482558,-0.0000000000,0.0872664626,-0.0000000000,0.0000000000,1.0000000000,0.0000000000,0.0000000000,0.0000000000,0.0000000000
0.0200000000,0.3122545841,0.2362711220,0.5821121882,-0.0266104059,-0.1546633436,0.0095343947,0.2636876391,-0.2347011774,0.5388749067,0.0174465772,-0.0063267451,0.0001502216,0.0201329766,0.0000000000,0.5214482558,-0.0000000000,0.0872664626,-0.0000000000,0.0000000000,1.0000000000,0.0000000000,0.0000000000,0.0000000000,0.0000000000
0.0200000000,0.3129988369,0.2355799695,0.5829439843,-0.0280905926,-0.1576852907,0.0085474252,0.2637828206,-0.2348361495,0.5393706465,0.0176053929,-0.0089754567,0.0000303483,0.0201329766,0.0000000000,0.5214482558,-0.0000000000,0.0872664626,-0.0000000000,0.0000000000,1.0000000000,0.0000000000,0.0000000000,0.0000000000,0.0000000000
0.0200000000,0.3136158620,0.2349755256,0.5836373771,-0.0296106856,-0.1602586406,0.0078921296,0.2638503298,-0.2349486348,0.5397860134,0.0177404273,-0.0112025441,-0.0000568343,0.0201329766,0.0000000000,0.5214482558,-0.0000000000,0.0872664626,-0.0000000000,0.0000000000,1.0000000000,0.0000000000,0.0000000000,0.0000000000,0.0000000000
0.0200000000,0.3141081760,0.2344676797,0.5841785066,-0.0311955483,-0.1623278289,0.0076354434,0.2638724262,-0.2350252850,0.5401060423,0.0178674914,-0.0129397999,-0.0000743606,0.0201329766,0.0000000000,0.5214482558,-0.0000000000,0.0872664626,-0.0000000000,0.0000000000,1.0000000000,0.0000000000,0.0000000000,0.0000000000,0.0000000000
0.0200000000,0.3145270849,0.2340630559,0.5845976294,-0.0326567395,-0.1639192880,0.0076535105,0.2638365003,-0.2350512138,0.5403339529,0.0180179881,-0.0142141859,0.0000232741,0.0201329766,0.0000000000,0.5214482558,-0.0000000000,0.0872664626,-0.0000000000,0.0000000000,1.0000000000,0.0000000000,0.0000000000,0.0000000000,0.0000000000
0.0200000000,0.3149813909,0.2337341582,0.5849819576,-0.0337676122,-0.1652213536,0.0076841329,0.2637447983,-0.2350176651,0.5405039394,0.0182339747,-0.0152106317,0.0002710887,0.0201329766,0.0000000000,0.5214482558,-0.0000000000,0.0872664626,-0.0000000000,0.0000000000,1.0000000000,0.0000000000,0.0000000000,0.0000000000,0.0000000000
0.0200000000,0.3155397407,0.2334229145,0.5854058090,-0.0345632383,-0.1664727370,0.0075683620,0.2636287271,-0.2349411389,0.5406628226,0.0185183277,-0.0161623025,0.0006286267,0.0201329766,0.0000000000,0.5214482558,-0.0000000000,0.0872664626,-0.0000000000,0.0000000000,1.0000000000,0.0000000000,0.0000000000,0.0000000000,0.0000000000
0.0200000000,0.3162571865,0.2330504382,0.5859356195,-0.0353543341,-0.1679512315,0.0073202603,0.2635020713,-0.2348381658,0.5408554847,0.0188765488,-0.0173050519,0.0010705025,0.0201329766,0.0000000000,0.5214482558,-0.0000000000,0.0872664626,-0.0000000000,0.0000000000,1.0000000000,0.0000000000,0.0000000000,0.0000000000,0.0000000000
0.0200000000,0.3171170303,0.2326049532,0.5865679209,-0.0362485451,-0.1696814054,0.0069845941,0.2633716336,-0.2347185004,0.5410868961,0.0192946276,-0.0186613556,0.0015716158,0.0201329766,0.0000000000,0.5214482558,-0.0000000000,0.0872664626,-0.0000000000,0.0000000000,1.0000000000,0.0000000000,0.0000000000,0.0000000000,0.0000000000
0.0200000000,0.3180512642,0.2321205875,0.5872493391,-0.0372082986,-0.1715113945,0.0066191137,0.2632440955,-0.2345899681,0.5413354538,0.0197399200,-0.0201082450,0.0020978164,0.0201329766,0.0000000000,0.5214482558,-0.0000000000,0.0872664626,-0.0000000000,0.0000000000,1.0000000000,0.0000000000,0.0000000000,0.0000000000,0.0000000000
0.0200000000,0.3189902480,0.2316374440,0.5879241926,-0.0381615423,-0.1732797173,0.0062692192,0.2631239655,-0.2344588182,0.5415772771,0.0201812690,-0.0215118895,0.0026193856,0.0201329766,0.0000000000,0.5214482558,-0.0000000000,0.0872664626,-0.0000000000,0.0000000000,1.0000000000,0.0000000000,0.0000000000,0.0000000000,0.0000000000
0.0200000000,0.3198104409,0.2312242857,0.5884969337,-0.0389760702,-0.1747251545,0.0059968802,0.2630229980,-0.2343390117,0.5417748202,0.0205620650,-0.0226589861,0.0030763441,0.0201329766,0.0000000000,0.5214482558,-0.0000000000,0.0872664626,-0.0000000000,0.0000000000,1.0000000000,0.0000000000,0.0000000000,0.0000000000,0.0000000000
0.0200000000,0.3205755807,0.2308479643,0.5890152157,-0.0397169013,-0.1759805858,0.0057743972,0.2629311622,-0.2342220194,0.5419456526,0.0209132472,-0.0236526428,0.0035057014,0.0201329766,0.0000000000,0.5214482558,-0.0000000000,0.0872664626,-0.0000000000,0.0000000000,1.0000000000,0.0000000000,0.0000000000,0.0000000000,0.0000000000
0.0200000000,0.3213100977,0.2304967677,0.5894957247,-0.0404072748,-0.1770893077,0.0055942242,0.2628444254,-0.2341040867,0.5420952563,0.0212464256,-0.0245255905,0.0039223628,0.0201329766,0.0000000000,0.5214482558,-0.0000000000,0.0872664626,-0.0000000000,0.0000000000,1.0000000000,0.0000000000,0.0000000000,0.0000000000,0.0000000000
0.0200000000,0.3220760409,0.2301445669,0.5899729755,-0.0410987888,-0.1781158598,0.0054517940,0.2627557210,-0.2339742416,0.5422317152,0.0215873080,-0.0253262461,0.0043616420,0.0201329766,0.0000000000,0.5214482558,-0.0000000000,0.0872664626,-0.0000000000,0.0000000000,1.0000000000,0.0000000000,0.0000000000,0.0000000000,0.0000000000
0.0200000000,0.3229042930,0.2297783710,0.5904644680,-0.0418164282,-0.1790906880,0.0053445224,0.2626613942,-0.2338268295,0.5423587544,0.0219488305,-0.0260770859,0.0048414835,0.0201329766,0.0000000000,0.5214482558,-0.0000000000,0.0872664626,-0.0000000000,0.0000000000,1.0000000000,0.0000000000,0.0000000000,0.0000000000,0.0000000000
0.0200000000,0.3239502707,0.2293506805,0.5910270670,-0.0426535471,-0.1800179388,0.0053174374,0.2625450156,-0.2336294082,0.5424725272,0.0223820797,-0.0267653260,0.0054492316,0.0201329766,0.0000000000,0.5214482558,-0.0000000000,0.0872664626,-0.0000000000,0.0000000000,1.0000000000,0.0000000000,0.0000000000,0.0000000000,0.0000000000
0.0200000000,0.3251913444,0.2288828374,0.5916308833,-0.0435661588,-0.1807777392,0.0054051312,0.2624086871,-0.2333874950,0.5425548125,0.0228625923,-0.0272897778,0.0061620038,0.0201329766,0.0000000000,0.5214482558,-0.0000000000,0.0872664626,-0.0000000000,0.0000000000,1.0000000000,0.0000000000,0.0000000000,0.0000000000,0.0000000000
0.0200000000,0.3264778081,0.2284490116,0.5921787950,-0.0444089675,-0.1811532921,0.0056453780,0.2622666106,-0.2331364256,0.5425754103,0.0233065748,-0.0274783499,0.0068724096,0.0201329766,0.0000000000,0.5214482558,-0.0000000000,0.0872664626,-0.0000000000,0.0000000000,1.0000000000,0.0000000000,0.0000000000,0.0000000000,0.0000000000
0.0200000000,0.3277326956,0.2280808785,0.5926395669,-0.0451219639,-0.1811312924,0.0060316560,0.2621211037,-0.2329039935,0.5425325834,0.0236700636,-0.0273237218,0.0075132490,0.0201329766,0.0000000000,0.5214482558,-0.0000000000,0.0872664626,-0.0000000000,0.0000000000,1.0000000000,0.0000000000,0.0000000000,0.0000000000,0.0000000000
0.0200000000,0.3289449227,0.2277815892,0.5930250898,-0.0457038932,-0.1807946944,0.0065497204,0.2619650718,-0.2327044895,0.5424368807,0.0239433408,-0.0268916122,0.0080617203,0.0201329766,0.0000000000,0.5214482558,-0.0000000000,0.0872664626,-0.0000000000,0.0000000000,1.0000000000,0.0000000000,0.0000000000,0.0000000000,0.0000000000
0.0200000000,0.3301236860,0.2275513971,0.5933542216,-0.0461611678,-0.1802239262,0.0071989676,0.2617881143,-0.2325489422,0.5422977714,0.0241217935,-0.0262438978,0.0085047378,0.0201329766,0.0000000000,0.5214482558,-0.0000000000,0.0872664626,-0.0000000000,0.0000000000,1.0000000000,0.0000000000,0.0000000000,0.0000000000,0.0000000000
0.0200000000,0.3313149404,0.2273746053,0.5936599554,-0.0465281496,-0.1794959098,0.0079793963,0.2615815382,-0.2324349062,0.5421257173,0.0242211412,-0.0254443153,0.0088596925,0.0201329766,0.0000000000,0.5214482558,-0.0000000000,0.0872664626,-0.0000000000,0.0000000000,1.0000000000,0.0000000000,0.0000000000,0.0000000000,0.0000000000
0.0200000000,0.3325602645,0.2272435392,0.5939645886,-0.0468242057,-0.1786406568,0.0089087371,0.2613374836,-0.2323628030,0.5419249810,0.0242471337,-0.0245221452,0.0091338162,0.0201329766,0.0000000000,0.5214482558,-0.0000000000,0.0872664626,-0.0000000000,0.0000000000,1.0000000000,0.0000000000,0.0000000000,0.0000000000,0.0000000000
0.0200000000,0.3338803479,0.2271497949,0.5942829269,-0.0470688718,-0.1776882326,0.0099858979,0.2610551252,-0.2323319943,0.5417030947,0.0242070308,-0.0235186462,0.0093328218,0.0201329766,0.0000000000,0.5214482558,-0.0000000000,0.0872664626,-0.0000000000,0.0000000000,1.0000000000,0.0000000000,0.0000000000,0.0000000000,0.0000000000
0.0200000000,0.3352434940,0.2270838518,0.5946128325,-0.0472797399,-0.1766861924,0.0111613182,0.2607484348,-0.2323395008,0.5414754508,0.0241124295,-0.0225061904,0.0094599287,0.0201329766,0.0000000000,0.5214482558,-0.0000000000,0.0872664626,-0.0000000000,0.0000000000,1.0000000000,0.0000000000,0.0000000000,0.0000000000,0.0000000000
0.0200000000,0.3365540665,0.2270327126,0.5949315654,-0.0474724289,-0.1757088006,0.0123201784,0.2604491096,-0.2323754227,0.5412651246,0.0239852215,-0.0215849379,0.0095239855,0.0201329766,0.0000000000,0.5214482558,-0.0000000000,0.0872664626,-0.0000000000,0.0000000000,1.0000000000,0.0000000000,0.0000000000,0.0000000000,0.0000000000
0.0200000000,0.3377468061,0.2269820212,0.5952210553,-0.0476606963,-0.1747964767,0.0133719812,0.2601800640,-0.2324242867,0.5410829642,0.0238494266,-0.0207947965,0.0095477049,0.0201329766,0.0000000000,0.5214482558,-0.0000000000,0.0872664626,-0.0000000000,0.0000000000,1.0000000000,0.0000000000,0.0000000000,0.0000000000,0.0000000000
0.0200000000,0.3388200282,0.2269227333,0.5954778145,-0.0478532604,-0.1739390699,0.0142967995,0.2599450260,-0.2324788097,0.5409270912,0.0237133888,-0.0201221613,0.0095440050,0.0201329766,0.0000000000,0.5214482558,-0.0000000000,0.0872664626,-0.0000000000,0.0000000000,1.0000000000,0.0000000000,0.0000000000,0.0000000000,0.0000000000
0.0200000000,0.3398098528,0.2268490264,0.5957086563,-0.0480586410,-0.1731012974,0.0151173887,0.2597359464,-0.2325382473,0.5407892660,0.0235745664,-0.0195283671,0.0095170263,0.0201329766,0.0000000000,0.5214482558,-0.0000000000,0.0872664626,-0.0000000000,0.0000000000,1.0000000000,0.0000000000,0.0000000000,0.0000000000,0.0000000000
0.0200000000,0.3407543248,0.2267561571,0.5959209847,-0.0482861664,-0.1722460296,0.0158618955,0.2595422429,-0.2326080039,0.5406613898,0.0234218564,-0.0189780484,0.0094588954,0.0201329766,0.0000000000,0.5214482558,-0.0000000000,0.0872664626,-0.0000000000,0.0000000000,1.0000000000,0.0000000000,0.0000000000,0.0000000000,0.0000000000
0.0200000000,0.3416812438,0.2266381627,0.5961188445,-0.0485470969,-0.1713391656,0.0165476047,0.2593546633,-0.2326978384,0.5405373130,0.0232383458,-0.0184458794,0.0093516839,0.0201329766,0.0000000000,0.5214482558,-0.0000000000,0.0872664626,-0.0000000000,0.0000000000,1.0000000000,0.0000000000,0.0000000000,0.0000000000,0.0000000000
0.0200000000,0.3426030861,0.2264927912,0.5963045727,-0.0488463915,-0.1703677749,0.0171830650,0.2591680125,-0.2328136067,0.5404145851,0.0230146484,-0.0179230702,0.0091849890,0.0201329766,0.0000000000,0.5214482558,-0.0000000000,0.0872664626,-0.0000000000,0.0000000000,1.0000000000,0.0000000000,0.0000000000,0.0000000000,0.0000000000
0.0200000000,0.3435158025,0.2263170164,0.5964758491,-0.0491884899,-0.1693296826,0.0177598690,0.2589819662,-0.2329608248,0.5402950809,0.0227436030,-0.0174207886,0.0089474234,0.0201329766,0.0000000000,0.5214482558,-0.0000000000,0.0872664626,-0.0000000000,0.0000000000,1.0000000000,0.0000000000,0.0000000000,0.0000000000,0.0000000000
0.0200000000,0.3444050343,0.2261085430,0.5966283348,-0.0495756307,-0.1682342519,0.0182605871,0.2587982523,-0.2331439050,0.5401829471,0.0224208500,-0.0169609629,0.0086296183,0.0201329766,0.0000000000,0.5214482558,-0.0000000000,0.0872664626,-0.0000000000,0.0000000000,1.0000000000,0.0000000000,0.0000000000,0.0000000000,0.0000000000
0.0200000000,0.3452401054,0.2258651480,0.5967543553,-0.0500088449,-0.1671094867,0.0186519260,0.2586203031,-0.2333654134,0.5400842040,0.0220458332,-0.0165743019,0.0082260055,0.0201329766,0.0000000000,0.5214482558,-0.0000000000,0.0872664626,-0.0000000000,0.0000000000,1.0000000000,0.0000000000,0.0000000000,0.0000000000,0.0000000000
0.0200000000,0.3459625871,0.2255904874,0.5968430623,-0.0504793996,-0.1660280120,0.0188833439,0.2584551013,-0.2336168459,0.5400063211,0.0216353459,-0.0162955014,0.0077542240,0.0201329766,0.0000000000,0.5214482558,-0.0000000000,0.0872664626,-0.0000000000,0.0000000000,1.0000000000,0.0000000000,0.0000000000,0.0000000000,0.0000000000
0.0200000000,0.3465277824,0.2253013555,0.5968920999,-0.0509599606,-0.1650763861,0.0189386005,0.2583097562,-0.2338714636,0.5399507958,0.0212300983,-0.0161242737,0.0072705422,0.0201329766,0.0000000000,0.5214482558,-0.0000000000,0.0872664626,-0.0000000000,0.0000000000,1.0000000000,0.0000000000,0.0000000000,0.0000000000,0.0000000000
0.0200000000,0.3469075565,0.2250172595,0.5969016617,-0.0514196161,-0.1643189882,0.0188230209,0.2581915264,-0.2340995590,0.5399158334,0.0208731313,-0.0160421227,0.0068360826,0.0201329766,0.0000000000,0.5214482558,-0.0000000000,0.0872664626,-0.0000000000,0.0000000000,1.0000000000,0.0000000000,0.0000000000,0.0000000000,0.0000000000
0.0200000000,0.3471075809,0.2247618492,0.5968768340,-0.0518224150,-0.1637718062,0.0185837771,0.2581057119,-0.2342744641,0.5398963995,0.0206015475,-0.0160149969,0.0065043792,0.0201329766,0.0000000000,0.5214482558,-0.0000000000,0.0872664626,-0.0000000000,0.0000000000,1.0000000000,0.0000000000,0.0000000000,0.0000000000,0.0000000000
0.0200000000,0.3471580998,0.2245666434,0.5968234789,-0.0521209386,-0.1634025074,0.0183096744,0.2580551582,-0.2343799929,0.5398873519,0.0204376889,-0.0160116821,0.0063060488,0.0201329766,0.0000000000,0.5214482558,-0.0000000000,0.0872664626,-0.0000000000,0.0000000000,1.0000000000,0.0000000000,0.0000000000,0.0000000000,0.0000000000
0.0200000000,0.3471103748,0.2244712192,0.5967461649,-0.0522554645,-0.1631291722,0.0181288838,0.2580344090,-0.2344235314,0.5398842124,0.0203697127,-0.0160131690,0.0062251346,0.0201329766,0.0000000000,0.5214482558,-0.0000000000,0.0872664626,-0.0000000000,0.0000000000,1.0000000000,0.0000000000,0.0000000000,0.0000000000,0.0000000000
0.0200000000,0.3470208258,0.2244949222,0.5966489297,-0.0521979639,-0.1628559652,0.0181377002,0.2580281971,-0.2344365311,0.5398833432,0.0203492811,-0.0160139250,0.0062011944,0.0201329766,0.0000000000,0.5214482558,-0.0000000000,0.0872664626,-0.0000000000,0.0000000000,1.0000000000,0.0000000000,0.0000000000,0.0000000000,0.0000000000
0.0200000000,0.3469152050,0.2246536076,0.5965310706,-0.0519238596,-0.1625280787,0.0183947459,0.2580271191,-0.2344387766,0.5398831982,0.0203457277,-0.0160140767,0.0061970925,0.0201329766,0.0000000000,0.5214482558,-0.0000000000,0.0872664626,-0.0000000000,0.0000000000,1.0000000000,0.0000000000,0.0000000000,0.0000000000,0.0000000000
0.0200000000,0.3468040535,0.2249477320,0.5963921679,-0.0514316482,-0.1621217890,0.0189123215,0.2580270442,-0.2344389317,0.5398831883,0.0203454806,-0.0160140875,0.0061968112,0.0201329766,0.0000000000,0.5214482558,-0.0000000000,0.0872664626,-0.0000000000,0.0000000000,1.0000000000,0.0000000000,0.0000000000,0.0000000000,0.0000000000
0.0200000000,0.3466934834,0.2253618335,0.5962335984,-0.0507437223,-0.1616285795,0.0196660165,0.2580270446,-0.2344389308,0.5398831884,0.0203454819,-0.0160140874,0.0061968128,0.0201329766,0.0000000000,0.5214482558,-0.0000000000,0.0872664626,-0.0000000000,0.0000000000,1.0000000000,0.0000000000,0.0000000000,0.0000000000,0.0000000000
0.0200000000,0.3465994344,0.2258547973,0.5960607259,-0.0499225868,-0.1610354377,0.0205908499,0.2580270446,-0.2344389308,0.5398831884,0.0203454819,-0.0160140874,0.0061968128,0.0201329766,0.0000000000,0.5214482558,-0.0000000000,0.0872664626,-0.0000000000,0.0000000000,1.0000000000,0.0000000000,0.0000000000,0.0000000000,0.0000000000
0.0200000000,0.3465455690,0.2263653666,0.5958826233,-0.0490651213,-0.1603303574,0.0215913959,0.2580270446,-0.2344389308,0.5398831884,0.0203454819,-0.0160140874,0.0061968128,0.0201329766,0.0000000000,0.5214482558,-0.0000000000,0.0872664626,-0.0000000000,0.0000000000,1.0000000000,0.0000000000,0.0000000000,0.0000000000,0.0000000000
0.0200000000,0.3465555110,0.2268464638,0.5957062556,-0.0482475095,-0.1594942908,0.0226011499,0.2580270446,-0.2344389308,0.5398831884,0.0203454819,-0.0160140874,0.0061968128,0.0201329766,0.0000000000,0.5214482558,-0.0000000000,0.0872664626,-0.0000000000,0.0000000000,1.0000000000,0.0000000000,0.0000000000,0.0000000000,0.0000000000
0.0200000000,0.3466383494,0.2272639086,0.5955377229,-0.0475278619,-0.1585370368,0.0235639126,0.2580270446,-0.2344389308,0.5398831884,0.0203454819,-0.0160140874,0.0061968128,0.0201329766,0.0000000000,0.5214482558,-0.0000000000,0.0872664626,-0.0000000000,0.0000000000,1.0000000000,0.0000000000,0.0000000000,0.0000000000,0.0000000000
0.0200000000,0.3467769914,0.2275969529,0.5953834999,-0.0469447638,-0.1575267701,0.0244208205,0.2580270446,-0.2344389308,0.5398831884,0.0203454819,-0.0160140874,0.0061968128,0.0201329766,0.0000000000,0.5214482558,-0.0000000000,0.0872664626,-0.0000000000,0.0000000000,1.0000000000,0.0000000000,0.0000000000,0.0000000000,0.0000000000
0.0200000000,0.3469160046,0.2278403008,0.5952510765,-0.0465127914,-0.1566175080,0.0250995783,0.2580270446,-0.2344389308,0.5398831884,0.0203454819,-0.0160140874,0.0061968128,0.0201329766,0.0000000000,0.5214482558,-0.0000000000,0.0872664626,-0.0000000000,0.0000000000,1.0000000000,0.0000000000,0.0000000000,0.0000000000,0.0000000000
0.0200000000,0.3469904919,0.2280122776,0.5951429785,-0.0462050158,-0.1559584862,0.0255629431,0.2580270446,-0.2344389308,0.5398831884,0.0203454819,-0.0160140874,0.0061968128,0.0201329766,0.0000000000,0.5214482558,-0.0000000000,0.0872664626,-0.0000000000,0.0000000000,1.0000000000,0.0000000000,0.0000000000,0.0000000000,0.0000000000
0.0200000000,0.3469536059,0.2281284037,0.5950595039,-0.0459962179,-0.1556488814,0.0257880885,0.2580270446,-0.2344389308,0.5398831884,0.0203454819,-0.0160140874,0.0061968128,0.0201329766,0.0000000000,0.5214482558,-0.0000000000,0.0872664626,-0.0000000000,0.0000000000,1.0000000000,0.0000000000,0.0000000000,0.0000000000,0.0000000000
0.0200000000,0.3467801881,0.2282070266,0.5949972195,-0.0458548131,-0.1557236133,0.0257829066,0.2580270446,-0.2344389308,0.5398831884,0.0203454819,-0.0160140874,0.0061968128,0.0201329766,0.0000000000,0.5214482558,-0.0000000000,0.0872664626,-0.0000000000,0.0000000000,1.0000000000,0.0000000000,0.0000000000,0.0000000000,0.0000000000
0.0200000000,0.3464558299,0.2282663869,0.5949512971,-0.0457492947,-0.1561879062,0.0255679488,0.2580270446,-0.2344389308,0.5398831884,0.0203454819,-0.0160140874,0.0061968128,0.0201329766,0.0000000000,0.5214482558,-0.0000000000,0.0872664626,-0.0000000000,0.0000000000,1.0000000000,0.0000000000,0.0000000000,0.0000000000,0.0000000000
0.0200000000,0.3459730107,0.2283261053,0.5949161893,-0.0456466902,-0.1570291792,0.0251750421,0.2580270446,-0.2344389308,0.5398831884,0.0203454819,-0.0160140874,0.0061968128,0.0201329766,0.0000000000,0.5214482558,-0.0000000000,0.0872664626,-0.0000000000,0.0128049794,1.0000000000,0.0000000000,0.0000000000,0.0000000000,0.0000000000
0.0200000000,0.3453501982,0.2284030985,0.5948865921,-0.0455191311,-0.1581818922,0.0246597231,0.2580270446,-0.2344389308,0.5398831884,0.0203454819,-0.0160140874,0.0061968128,0.0201329766,0.0000000000,0.5214482558,-0.0000000000,0.0872664626,-0.0000000000,0.0743883401,1.0000000000,0.0000000000,0.0000000000,0.0000000000,0.0000000000
0.0200000000,0.3446032290,0.2285089364,0.5948596226,-0.0453520781,-0.1596000529,0.0240662474,0.2580270446,-0.2344389308,0.5398831884,0.0203454819,-0.0160140874,0.0061968128,0.0201329766,0.0000000000,0.5214482558,-0.0000000000,0.0872664626,-0.0000000000,0.1410550067,1.0000000000,0.0000000000,0.0000000000,0.0000000000,0.0000000000
0.0200000000,0.3437612937,0.2286481323,0.5948316544,-0.0451593546,-0.1612200095,0.0234531164,0.2580270446,-0.2344389308,0.5398831884,0.0203454819,-0.0160140874,0.0061968128,0.0201329766,0.0000000000,0.5214482558,-0.0000000000,0.0872664626,-0.0000000000,0.2077216734,1.0000000000,0.0000000000,0.0000000000,0.0000000000,0.0000000000
0.0200000000,0.3428522488,0.2288205769,0.5947962687,-0.0449903907,-0.1629901664,0.0228915079,0.2580270446,-0.2344389308,0.5398831884,0.0203454819,-0.0160140874,0.0061968128,0.0201329766,0.0000000000,0.5214482558,-0.0000000000,0.0872664626,-0.0000000000,0.2743883401,1.0000000000,0.0000000000,0.0000000000,0.0000000000,0.0000000000
0.0200000000,0.3418918527,0.2290271122,0.5947466027,-0.0448843276,-0.1648740292,0.0224360711,0.2580270446,-0.2344389308,0.5398831884,0.0203454819,-0.0160140874,0.0061968128,0.0201329766,0.0000000000,0.5214482558,-0.0000000000,0.0872664626,-0.0000000000,0.3410550067,1.0000000000,0.0000000000,0.0000000000,0.0000000000,0.0000000000
0.0200000000,0.3408882397,0.2292684284,0.5946827135,-0.0448077414,-0.1668262094,0.0220752123,0.2580270446,-0.2344389308,0.5398831884,0.0203454819,-0.0160140874,0.0061968128,0.0201329766,0.0000000000,0.5214482558,-0.0000000000,0.0872664626,-0.0000000000,0.4077216734,1.0000000000,0.0000000000,0.0000000000,0.0000000000,0.0000000000
0.0200000000,0.3398460639,0.2295461830,0.5946060760,-0.0447124206,-0.1688061575,0.0217841850,0.2580270446,-0.2344389308,0.5398831884,0.0203454819,-0.0160140874,0.0061968128,0.0201329766,0.0000000000,0.5214482558,-0.0000000000,0.0872664626,-0.0000000000,0.4743883401,1.0000000000,0.0000000000,0.0000000000,0.0000000000,0.0000000000
0.0200000000,0.3387871118,0.2298535864,0.5945191043,-0.0445732902,-0.1707531354,0.0215463112,0.2580270446,-0.2344389308,0.5398831884,0.0203454819,-0.0160140874,0.0061968128,0.0201329766,0.0000000000,0.5214482558,-0.0000000000,0.0872664626,-0.0000000000,0.5410550067,1.0000000000,0.0000000000,0.0000000000,0.0000000000,0.0000000000
0.0200000000,0.3377562829,0.2301761069,0.5944247555,-0.0443875432,-0.1725736592,0.0213612998,0.2580270446,-0.2344389308,0.5398831884,0.0203454819,-0.0160140874,0.0061968128,0.0201329766,0.0000000000,0.5214482558,-0.0000000000,0.0872664626,-0.0000000000,0.6077216734,1.0000000000,0.0000000000,0.0000000000,0.0000000000,0.0000000000
0.0200000000,0.3367878227,0.2305007939,0.5943254764,-0.0441617104,-0.1742044931,0.0212287535,0.2580270446,-0.2344389308,0.5398831884,0.0203454819,-0.0160140874,0.0061968128,0.0201329766,0.0000000000,0.5214482558,-0.0000000000,0.0872664626,-0.0000000000,0.6743883401,1.0000000000,0.0000000000,0.0000000000,0.0000000000,0.0000000000
0.0200000000,0.3358513931,0.2308304305,0.5942201911,-0.0439038353,-0.1757118142,0.0211306530,0.2580270446,-0.2344389308,0.5398831884,0.0203454819,-0.0160140874,0.0061968128,0.0201329766,0.0000000000,0.5214482558,-0.0000000000,0.0872664626,-0.0000000000,0.7410550067,1.0000000000,0.0000000000,0.0000000000,0.0000000000,0.0000000000
0.0200000000,0.3349000020,0.2311762986,0.5941040907,-0.0436129999,-0.1771771271,0.0210541894,0.2580270446,-0.2344389308,0.5398831884,0.0203454819,-0.0160140874,0.0061968128,0.0201329766,0.0000000000,0.5214482558,-0.0000000000,0.0872664626,-0.0000000000,0.8077216734,1.0000000000,0.0000000000,0.0000000000,0.0000000000,0.0000000000
0.0200000000,0.3339202517,0.2315398405,0.5939761432,-0.0432902903,-0.1786231756,0.0209911688,0.2580270446,-0.2344389308,0.5398831884,0.0203454819,-0.0160140874,0.0061968128,0.0201329766,0.0000000000,0.5214482558,-0.0000000000,0.0872664626,-0.0000000000,0.8743883401,1.0000000000,0.0000000000,0.0000000000,0.0000000000,0.0000000000
0.0200000000,0.3329569794,0.2319029556,0.5938426355,-0.0429459961,-0.1799811591,0.0209361475,0.2580270446,-0.2344389308,0.5398831884,0.0203454819,-0.0160140874,0.0061968128,0.0201329766,0.0000000000,0.5214482558,-0.0000000000,0.0872664626,-0.0000000000,0.9410448078,1.0000000000,0.0000000000,0.0000000000,0.0000000000,0.0000000000
0.0200000000,0.3320775302,0.2322397992,0.5937129001,-0.0425964745,-0.1811528249,0.0208850628,0.2580270446,-0.2344389308,0.5398831884,0.0203454819,-0.0160140874,0.0061968128,0.0201329766,0.0000000000,0.5214482558,-0.0000000000,0.0872664626,-0.0000000000,0.9947017303,1.0000000000,0.0000000000,0.0000000000,0.0000000000,0.0000000000
0.0200000000,0.3312846880,0.2325478103,0.5935896718,-0.0422488687,-0.1821514815,0.0208351893,0.2580270446,-0.2344389308,0.5398831884,0.0203454819,-0.0160140874,0.0061968128,0.0201329766,0.0000000000,0.5214482558,-0.0000000000,0.0872664626,-0.0000000000,1.0000000000,1.0000000000,0.0000000000,0.0000000000,0.0000000000,0.0000000000
0.0200000000,0.3305446980,0.2328381522,0.5934701163,-0.0419011260,-0.1830402216,0.0207853888,0.2580270446,-0.2344389308,0.5398831884,0.0203454819,-0.0160140874,0.0061968128,0.0201329766,0.0000000000,0.5214482558,-0.0000000000,0.0872664626,-0.0000000000,1.0000000000,1.0000000000,0.0000000000,0.0000000000,0.0000000000,0.0000000000
0.0200000000,0.3298244615,0.2331215269,0.5933498035,-0.0415492542,-0.1838699410,0.0207340063,0.2580270446,-0.2344389308,0.5398831884,0.0203454819,-0.0160140874,0.0061968128,0.0201329766,0.0000000000,0.5214482558,-0.0000000000,0.0872664626,-0.0000000000,1.0000000000,1.0000000000,0.0000000000,0.0000000000,0.0000000000,0.0000000000
0.0200000000,0.3291097290,0.2334021091,0.5932248106,-0.0411907197,-0.1846518873,0.0206800250,0.2580270446,-0.2344389308,0.5398831884,0.0203454819,-0.0160140874,0.0061968128,0.0201329766,0.0000000000,0.5214482558,-0.0000000000,0.0872664626,-0.0000000000,1.0000000000,1.0000000000,0.0000000000,0.0000000000,0.0000000000,0.0000000000
0.0200000000,0.3283957306,0.2336813803,0.5930939015,-0.0408250230,-0.1853902990,0.0206235873,0.2580270446,-0.2344389308,0.5398831884,0.0203454819,-0.0160140874,0.0061968128,0.0201329766,0.0000000000,0.5214482558,-0.0000000000,0.0872664626,-0.0000000000,1.0000000000,1.0000000000,0.0000000000,0.0000000000,0.0000000000,0.0000000000
0.0200000000,0.3276672079,0.2339647505,0.5929561129,-0.0404506741,-0.1861127783,0.0205651488,0.2580270446,-0.2344389308,0.5398831884,0.0203454819,-0.0160140874,0.0061968128,0.0201329766,0.0000000000,0.5214482558,-0.0000000000,0.0872664626,-0.0000000000,1.0000000000,1.0000000000,0.0000000000,0.0000000000,0.0000000000,0.0000000000
0.0200000000,0.3268789889,0.2342670972,0.5928009406,-0.0400581330,-0.1868598898,0.0205050239,0.2580270446,-0.2344389308,0.5398831884,0.0203454819,-0.0160140874,0.0061968128,0.0201329766,0.0000000000,0.5214482558,-0.0000000000,0.0872664626,-0.0000000000,1.0000000000,1.0000000000,0.0000000000,0.0000000000,0.0000000000,0.0000000000
0.0200000000,0.3259620450,0.2346102353,0.5926100092,-0.0396310272,-0.1876780893,0.0204418324,0.2580270446,-0.2344389308,0.5398831884,0.0203454819,-0.0160140874,0.0061968128,0.0201329766,0.0000000000,0.5214482558,-0.0000000000,0.0872664626,-0.0000000000,1.0000000000,1.0000000000,0.0000000000,0.0000000000,0.0000000000,0.0000000000
0.0200000000,0.3248644923,0.2350089687,0.5923682352,-0.0391563348,-0.1885890109,0.0203710137,0.2580270446,-0.2344389308,0.5398831884,0.0203454819,-0.0160140874,0.0061968128,0.0201329766,0.0000000000,0.5214482558,-0.0000000000,0.0872664626,-0.0000000000,1.0000000000,1.0000000000,0.0000000000,0.0000000000,0.0000000000,0.0000000000
0.0200000000,0.3236051124,0.2354529870,0.5920772233,-0.0386387050,-0.1895497323,0.0202839164,0.2580270446,-0.2344389308,0.5398831884,0.0203454819,-0.0160140874,0.0061968128,0.0201329766,0.0000000000,0.5214482558,-0.0000000000,0.0872664626,-0.0000000000,1.0000000000,1.0000000000,0.0000000000,0.0000000000,0.0000000000,0.0000000000
0.0200000000,0.3222575758,0.2359142762,0.5917537894,-0.0380971961,-0.1904855161,0.0201719101,0.2580270446,-0.2344389308,0.5398831884,0.0203454819,-0.0160140874,0.0061968128,0.0201329766,0.0000000000,0.5214482558,-0.0000000000,0.0872664626,-0.0000000000,1.0000000000,1.0000000000,0.0000000000,0.0000000000,0.0000000000,0.0000000000
0.0200000000,0.3208795096,0.2363708372,0.5914108338,-0.0375479386,-0.1913408134,0.0200282577,0.2580270446,-0.2344389308,0.5398831884,0.0203454819,-0.0160140874,0.0061968128,0.0201329766,0.0000000000,0.5214482558,-0.0000000000,0.0872664626,-0.0000000000,1.0000000000,1.0000000000,0.0000000000,0.0000000000,0.0000000000,0.0000000000
0.0200000000,0.3195206013,0.2368048421,0.5910606255,-0.0370056320,-0.1920789601,0.0198495003,0.2580270446,-0.2344389308,0.5398831884,0.0203454819,-0.0160140874,0.0061968128,0.0201329766,0.0000000000,0.5214482558,-0.0000000000,0.0872664626,-0.0000000000,1.0000000000,1.0000000000,0.0000000000,0.0000000000,0.0000000000,0.0000000000
0.0200000000,0.3181986778,0.2372097488,0.5907067362,-0.0364776033,-0.1926863492,0.0196355359,0.2580270446,-0.2344389308,0.5398831884,0.0203454819,-0.0160140874,0.0061968128,0.0201329766,0.0000000000,0.5214482558,-0.0000000000,0.0872664626,-0.0000000000,1.0000000000,1.0000000000,0.0000000000,0.0000000000,0.0000000000,0.0000000000
0.0200000000,0.3168792043,0.2375958079,0.5903387118,-0.0359585905,-0.1931792549,0.0193870077,0.2580270446,-0.2344389308,0.5398831884,0.0203454819,-0.0160140874,0.0061968128,0.0201329766,0.0000000000,0.5214482558,-0.0000000000,0.0872664626,-0.0000000000,1.0000000000,1.0000000000,0.0000000000,0.0000000000,0.0000000000,0.0000000000
0.0200000000,0.3155095842,0.2379784756,0.5899426177,-0.0354384502,-0.1935854884,0.0191021268,0.2580270446,-0.2344389308,0.5398831884,0.0203454819,-0.0160140874,0.0061968128,0.0201329766,0.0000000000,0.5214482558,-0.0000000000,0.0872664626,-0.0000000000,1.0000000000,1.0000000000,0.0000000000,0.0000000000,0.0000000000,0.0000000000
0.0200000000,0.3140400680,0.2383680494,0.5895013899,-0.0349105092,-0.1939055461,0.0187715888,0.2580270446,-0.2344389308,0.5398831884,0.0203454819,-0.0160140874,0.0061968128,0.0201329766,0.0000000000,0.5214482558,-0.0000000000,0.0872664626,-0.0000000000,1.0000000000,1.0000000000,0.0000000000,0.0000000000,0.0000000000,0.0000000000
0.0200000000,0.3124231784,0.2387719407,0.5889969541,-0.0343698401,-0.1941239422,0.0183821715,0.2580270446,-0.2344389308,0.5398831884,0.0203454819,-0.0160140874,0.0061968128,0.0201329766,0.0000000000,0.5214482558,-0.0000000000,0.0872664626,-0.0000000000,1.0000000000,1.0000000000,0.0000000000,0.0000000000,0.0000000000,0.0000000000
0.0200000000,0.3106279513,0.2391918387,0.5884137539,-0.0338150664,-0.1942013177,0.0179208642,0.2580270446,-0.2344389308,0.5398831884,0.0203454819,-0.0160140874,0.0061968128,0.0201329766,0.0000000000,0.5214482558,-0.0000000000,0.0872664626,-0.0000000000,1.0000000000,1.0000000000,0.0000000000,0.0000000000,0.0000000000,0.0000000000
0.0200000000,0.3086777879,0.2396183426,0.5877531556,-0.0332519765,-0.1940841755,0.0173870975,0.2580270446,-0.2344389308,0.5398831884,0.0203454819,-0.0160140874,0.0061968128,0.0201329766,0.0000000000,0.5214482558,-0.0000000000,0.0872664626,-0.0000000000,1.0000000000,1.0000000000,0.0000000000,0.0000000000,0.0000000000,0.0000000000
0.0200000000,0.3066444108,0.2400366590,0.5870381548,-0.0326898537,-0.1937492020,0.0167967636,0.2580270446,-0.2344389308,0.5398831884,0.0203454819,-0.0160140874,0.0061968128,0.0201329766,0.0000000000,0.5214482558,-0.0000000000,0.0872664626,-0.0000000000,1.0000000000,1.0000000000,0.0000000000,0.0000000000,0.0000000000,0.0000000000
0.0200000000,0.3045756905,0.2404364756,0.5862805448,-0.0321350129,-0.1931667866,0.0161614901,0.2580270446,-0.2344389308,0.5398831884,0.0203454819,-0.0160140874,0.0061968128,0.0201329766,0.0000000000,0.5214482558,-0.0000000000,0.0872664626,-0.0000000000,1.0000000000,1.0000000000,0.0000000000,0.0000000000,0.0000000000,0.0000000000
0.0200000000,0.3025025496,0.2408116727,0.5854869718,-0.0315908361,-0.1923159356,0.0154902830,0.2580270446,-0.2344389308,0.5398831884,0.0203454819,-0.0160140874,0.0061968128,0.0201329766,0.0000000000,0.5214482558,-0.0000000000,0.0872664626,-0.0000000000,1.0000000000,1.0000000000,0.0000000000,0.0000000000,0.0000000000,0.0000000000
0.0200000000,0.3004572705,0.2411563455,0.5846639392,-0.0310602151,-0.1911779375,0.0147933927,0.2580270446,-0.2344389308,0.5398831884,0.0203454819,-0.0160140874,0.0061968128,0.0201329766,0.0000000000,0.5214482558,-0.0000000000,0.0872664626,-0.0000000000,1.0000000000,1.0000000000,0.0000000000,0.0000000000,0.0000000000,0.0000000000
0.0200000000,0.2984862043,0.2414638598,0.5838253225,-0.0305462078,-0.1897553914,0.0140862696,0.2580270446,-0.2344389308,0.5398831884,0.0203454819,-0.0160140874,0.0061968128,0.0201329766,0.0000000000,0.5214482558,-0.0000000000,0.0872664626,-0.0000000000,1.0000000000,1.0000000000,0.0000000000,0.0000000000,0.0000000000,0.0000000000
0.0200000000,0.2966183281,0.2417331900,0.5829857273,-0.0300488225,-0.1880874190,0.0133812619,0.2580270446,-0.2344389308,0.5398831884,0.0203454819,-0.0160140874,0.0061968128,0.0201329766,0.0000000000,0.5214482558,-0.0000000000,0.0872664626,-0.0000000000,1.0000000000,1.0000000000,0.0000000000,0.0000000000,0.0000000000,0.0000000000
0.0200000000,0.2948708707,0.2419636456,0.5821494079,-0.0295663170,-0.1861815083,0.0126870816,0.2580270446,-0.2344389308,0.5398831884,0.0203454819,-0.0160140874,0.0061968128,0.0201329766,0.0000000000,0.5214482558,-0.0000000000,0.0872664626,-0.0000000000,1.0000000000,1.0000000000,0.0000000000,0.0000000000,0.0000000000,0.0000000000
0.0200000000,0.2932497861,0.2421577519,0.5813165379,-0.0290938791,-0.1840421277,0.0120127696,0.2580270446,-0.2344389308,0.5398831884,0.0203454819,-0.0160140874,0.0061968128,0.0201329766,0.0000000000,0.5214482558,-0.0000000000,0.0872664626,-0.0000000000,1.0000000000,1.0000000000,0.0000000000,0.0000000000,0.0000000000,0.0000000000
0.0200000000,0.2917663947,0.2423187806,0.5804884017,-0.0286247329,-0.1816721115,0.0113730939,0.2580270446,-0.2344389308,0.5398831884,0.0203454819,-0.0160140874,0.0061968128,0.0201329766,0.0000000000,0.5214482558,-0.0000000000,0.0872664626,-0.0000000000,1.0000000000,1.0000000000,0.0000000000,0.0000000000,0.0000000000,0.0000000000
0.0200000000,0.2904421876,0.2424511020,0.5796773336,-0.0281538183,-0.1791186105,0.0107887689,0.2580270446,-0.2344389308,0.5398831884,0.0203454819,-0.0160140874,0.0061968128,0.0201329766,0.0000000000,0.5214482558,-0.0000000000,0.0872664626,-0.0000000000,1.0000000000,1.0000000000,0.0000000000,0.0000000000,0.0000000000,0.0000000000
0.0200000000,0.2892861855,0.2425616841,0.5789039151,-0.0276815687,-0.1764908883,0.0102736015,0.2580270446,-0.2344389308,0.5398831884,0.0203454819,-0.0160140874,0.0061968128,0.0201329766,0.0000000000,0.5214482558,-0.0000000000,0.0872664626,-0.0000000000,1.0000000000,1.0000000000,0.0000000000,0.0000000000,0.0000000000,0.0000000000
0.0200000000,0.2883066630,0.2426554542,0.5781834027,-0.0272087923,-0.1738714714,0.0098388085,0.2580270446,-0.2344389308,0.5398831884,0.0203454819,-0.0160140874,0.0061968128,0.0201329766,0.0000000000,0.5214482558,-0.0000000000,0.0872664626,-0.0000000000,1.0000000000,1.0000000000,0.0000000000,0.0000000000,0.0000000000,0.0000000000
0.0200000000,0.2874859094,0.2427381514,0.5775133010,-0.0267328933,-0.1712833272,0.0094849791,0.2580270446,-0.2344389308,0.5398831884,0.0203454819,-0.0160140874,0.0061968128,0.0201329766,0.0000000000,0.5214482558,-0.0000000000,0.0872664626,-0.0000000000,1.0000000000,1.0000000000,0.0000000000,0.0000000000,0.0000000000,0.0000000000
0.0200000000,0.2867893346,0.2428154749,0.5768704955,-0.0262439859,-0.1686598163,0.0092083226,0.2580270446,-0.2344389308,0.5398831884,0.0203454819,-0.0160140874,0.0061968128,0.0201329766,0.0000000000,0.5214482558,-0.0000000000,0.0872664626,-0.0000000000,1.0000000000,1.0000000000,0.0000000000,0.0000000000,0.0000000000,0.0000000000
0.0200000000,0.2861740261,0.2428926198,0.5762200519,-0.0257276849,-0.1658787809,0.0090024088,0.2580270446,-0.2344389308,0.5398831884,0.0203454819,-0.0160140874,0.0061968128,0.0201329766,0.0000000000,0.5214482558,-0.0000000000,0.0872664626,-0.0000000000,1.0000000000,1.0000000000,0.0000000000,0.0000000000,0.0000000000,0.0000000000
0.0200000000,0.2856194533,0.2429715226,0.5755580988,-0.0251855247,-0.1629497867,0.0088577284,0.2580270446,-0.2344389308,0.5398831884,0.0203454819,-0.0160140874,0.0061968128,0.0201329766,0.0000000000,0.5214482558,-0.0000000000,0.0872664626,-0.0000000000,1.0000000000,1.0000000000,0.0000000000,0.0000000000,0.0000000000,0.0000000000
0.0200000000,0.2851419474,0.2430508509,0.5749151234,-0.0246336934,-0.1600161439,0.0087718747,0.2580270446,-0.2344389308,0.5398831884,0.0203454819,-0.0160140874,0.0061968128,0.0201329766,0.0000000000,0.5214482558,-0.0000000000,0.0872664626,-0.0000000000,1.0000000000,1.0000000000,0.0000000000,0.0000000000,0.0000000000,0.0000000000
0.0200000000,0.2847524824,0.2431285822,0.5743184241,-0.0240892645,-0.1572119050,0.0087376874,0.2580270446,-0.2344389308,0.5398831884,0.0203454819,-0.0160140874,0.0061968128,0.0201329766,0.0000000000,0.5214482558,-0.0000000000,0.0872664626,-0.0000000000,1.0000000000,1.0000000000,0.0000000000,0.0000000000,0.0000000000,0.0000000000
0.0200000000,0.2844401020,0.2432040076,0.5737657241,-0.0235560246,-0.1545422058,0.0087461832,0.2580270446,-0.2344389308,0.5398831884,0.0203454819,-0.0160140874,0.0061968128,0.0201329766,0.0000000000,0.5214482558,-0.0000000000,0.0872664626,-0.0000000000,1.0000000000,1.0000000000,0.0000000000,0.0000000000,0.0000000000,0.0000000000
0.0200000000,0.2841797890,0.2432777856,0.5732337310,-0.0230266455,-0.1519172213,0.0087892020,0.2580270446,-0.2344389308,0.5398831884,0.0203454819,-0.0160140874,0.0061968128,0.0201329766,0.0000000000,0.5214482558,-0.0000000000,0.0872664626,-0.0000000000,1.0000000000,1.0000000000,0.0000000000,0.0000000000,0.0000000000,0.0000000000
0.0200000000,0.2839501719,0.2433508379,0.5727034024,-0.0224940412,-0.1492634039,0.0088597584,0.2580270446,-0.2344389308,0.5398831884,0.0203454819,-0.0160140874,0.0061968128,0.0201329766,0.0000000000,0.5214482558,-0.0000000000,0.0872664626,-0.0000000000,1.0000000000,1.0000000000,0.0000000000,0.0000000000,0.0000000000,0.0000000000
0.0200000000,0.2837428608,0.2434235941,0.5721652068,-0.0219540409,-0.1465410636,0.0089562959,0.2580270446,-0.2344389308,0.5398831884,0.0203454819,-0.0160140874,0.0061968128,0.0201329766,0.0000000000,0.5214482558,-0.0000000000,0.0872664626,-0.0000000000,1.0000000000,1.0000000000,0.0000000000,0.0000000000,0.0000000000,0.0000000000
0.0200000000,0.2835536429,0.2434956893,0.5716160983,-0.0214064017,-0.1437395291,0.0090760295,0.2580270446,-0.2344389308,0.5398831884,0.0203454819,-0.0160140874,0.0061968128,0.0201329766,0.0000000000,0.5214482558,-0.0000000000,0.0872664626,-0.0000000000,1.0000000000,1.0000000000,0.0000000000,0.0000000000,0.0000000000,0.0000000000
0.0200000000,0.2833814587,0.2435652350,0.5710614119,-0.0208578349,-0.1408890022,0.0092119090,0.2580270446,-0.2344389308,0.5398831884,0.0203454819,-0.0160140874,0.0061968128,0.0201329766,0.0000000000,0.5214482558,-0.0000000000,0.0872664626,-0.0000000000,1.0000000000,1.0000000000,0.0000000000,0.0000000000,0.0000000000,0.0000000000
0.0200000000,0.2832246633,0.2436295556,0.5705106240,-0.0203190781,-0.1380424552,0.0093527480,0.2580270446,-0.2344389308,0.5398831884,0.0203454819,-0.0160140874,0.0061968128,0.0201329766,0.0000000000,0.5214482558,-0.0000000000,0.0872664626,-0.0000000000,1.0000000000,1.0000000000,0.0000000000,0.0000000000,0.0000000000,0.0000000000
0.0200000000,0.2830777982,0.2436872883,0.5699673599,-0.0197957616,-0.1352258291,0.0094891778,0.2580270446,-0.2344389308,0.5398831884,0.0203454819,-0.0160140874,0.0061968128,0.0201329766,0.0000000000,0.5214482558,-0.0000000000,0.0872664626,-0.0000000000,1.0000000000,1.0000000000,0.0000000000,0.0000000000,0.0000000000,0.0000000000
0.0200000000,0.2829355618,0.2437371466,0.5694306961,-0.0192907786,-0.1324408024,0.0096143569,0.2580270446,-0.2344389308,0.5398831884,0.0203454819,-0.0160140874,0.0061968128,0.0201329766,0.0000000000,0.5214482558,-0.0000000000,0.0872664626,-0.0000000000,1.0000000000,1.0000000000,0.0000000000,0.0000000000,0.0000000000,0.0000000000
0.0200000000,0.2827928658,0.2437784443,0.5688962721,-0.0188037600,-0.1296702861,0.0097244182,0.2580270446,-0.2344389308,0.5398831884,0.0203454819,-0.0160140874,0.0061968128,0.0201329766,0.0000000000,0.5214482558,-0.0000000000,0.0872664626,-0.0000000000,1.0000000000,1.0000000000,0.0000000000,0.0000000000,0.0000000000,0.0000000000
0.0200000000,0.2826442248,0.2438108190,0.5683541912,-0.0183304812,-0.1268681041,0.0098185308,0.2580270446,-0.2344389308,0.5398831884,0.0203454819,-0.0160140874,0.0061968128,0.0201329766,0.0000000000,0.5214482558,-0.0000000000,0.0872664626,-0.0000000000,1.0000000000,1.0000000000,0.0000000000,0.0000000000,0.0000000000,0.0000000000
0.0200000000,0.2824837619,0.2438338101,0.5677941832,-0.0178665636,-0.1239862779,0.0098954955,0.2580270446,-0.2344389308,0.5398831884,0.0203454819,-0.0160140874,0.0061968128,0.0201329766,0.0000000000,0.5214482558,-0.0000000000,0.0872664626,-0.0000000000,1.0000000000,1.0000000000,0.0000000000,0.0000000000,0.0000000000,0.0000000000
0.0200000000,0.2823093294,0.2438470564,0.5672202469,-0.0174153985,-0.1210481349,0.0099507586,0.2580270446,-0.2344389308,0.5398831884,0.0203454819,-0.0160140874,0.0061968128,0.0201329766,0.0000000000,0.5214482558,-0.0000000000,0.0872664626,-0.0000000000,1.0000000000,1.0000000000,0.0000000000,0.0000000000,0.0000000000,0.0000000000
0.0200000000,0.2821202264,0.2438493977,0.5666433902,-0.0169863429,-0.1181131247,0.0099763736,0.2580270446,-0.2344389308,0.5398831884,0.0203454819,-0.0160140874,0.0061968128,0.0201329766,0.0000000000,0.5214482558,-0.0000000000,0.0872664626,-0.0000000000,1.0000000000,1.0000000000,0.0000000000,0.0000000000,0.0000000000,0.0000000000
0.0200000000,0.2819159083,0.2438408658,0.5660702186,-0.0165840546,-0.1152169878,0.0099690425,0.2580270446,-0.2344389308,0.5398831884,0.0203454819,-0.0160140874,0.0061968128,0.0201329766,0.0000000000,0.5214482558,-0.0000000000,0.0872664626,-0.0000000000,1.0000000000,1.0000000000,0.0000000000,0.0000000000,0.0000000000,0.0000000000
0.0200000000,0.2816934612,0.2438223079,0.5654971585,-0.0162060522,-0.1123438957,0.0099300579,0.2580270446,-0.2344389308,0.5398831884,0.0203454819,-0.0160140874,0.0061968128,0.0201329766,0.0000000000,0.5214482558,-0.0000000000,0.0872664626,-0.0000000000,1.0000000000,1.0000000000,0.0000000000,0.0000000000,0.0000000000,0.0000000000
0.0200000000,0.2814492271,0.2437952532,0.5649166203,-0.0158461851,-0.1094571598,0.0098633965,0.2580270446,-0.2344389308,0.5398831884,0.0203454819,-0.0160140874,0.0061968128,0.0201329766,0.0000000000,0.5214482558,-0.0000000000,0.0872664626,-0.0000000000,1.0000000000,1.0000000000,0.0000000000,0.0000000000,0.0000000000,0.0000000000
0.0200000000,0.2811836283,0.2437620870,0.5643272255,-0.0154994621,-0.1065481188,0.0097750985,0.2580270446,-0.2344389308,0.5398831884,0.0203454819,-0.0160140874,0.0061968128,0.0201329766,0.0000000000,0.5214482558,-0.0000000000,0.0872664626,-0.0000000000,1.0000000000,1.0000000000,0.0000000000,0.0000000000,0.0000000000,0.0000000000
0.0200000000,0.2808986796,0.2437250111,0.5637337002,-0.0151652660,-0.1036393100,0.0096697075,0.2580270446,-0.2344389308,0.5398831884,0.0203454819,-0.0160140874,0.0061968128,0.0201329766,0.0000000000,0.5214482558,-0.0000000000,0.0872664626,-0.0000000000,1.0000000000,1.0000000000,0.0000000000,0.0000000000,0.0000000000,0.0000000000
0.0200000000,0.2806007684,0.2436872901,0.5631471875,-0.0148445025,-0.1007827929,0.0095547565,0.2580270446,-0.2344389308,0.5398831884,0.0203454819,-0.0160140874,0.0061968128,0.0201329766,0.0000000000,0.5214482558,-0.0000000000,0.0872664626,-0.0000000000,1.0000000000,1.0000000000,0.0000000000,0.0000000000,0.0000000000,0.0000000000
0.0200000000,0.2802985868,0.2436529902,0.5625810015,-0.0145378844,-0.0980400722,0.0094405181,0.2580270446,-0.2344389308,0.5398831884,0.0203454819,-0.0160140874,0.0061968128,0.0201329766,0.0000000000,0.5214482558,-0.0000000000,0.0872664626,-0.0000000000,1.0000000000,1.0000000000,0.0000000000,0.0000000000,0.0000000000,0.0000000000
0.0200000000,0.2799974131,0.2436257848,0.5620388934,-0.0142409321,-0.0954253953,0.0093376957,0.2580270446,-0.2344389308,0.5398831884,0.0203454819,-0.0160140874,0.0061968128,0.0201329766,0.0000000000,0.5214482558,-0.0000000000,0.0872664626,-0.0000000000,1.0000000000,1.0000000000,0.0000000000,0.0000000000,0.0000000000,0.0000000000
0.0200000000,0.2796970912,0.2436074393,0.5615137781,-0.0139456212,-0.0929007247,0.0092527988,0.2580270446,-0.2344389308,0.5398831884,0.0203454819,-0.0160140874,0.0061968128,0.0201329766,0.0000000000,0.5214482558,-0.0000000000,0.0872664626,-0.0000000000,1.0000000000,1.0000000000,0.0000000000,0.0000000000,0.0000000000,0.0000000000
0.0200000000,0.2793974882,0.2435992180,0.5610015338,-0.0136470174,-0.0904440963,0.0091902208,0.2580270446,-0.2344389308,0.5398831884,0.0203454819,-0.0160140874,0.0061968128,0.0201329766,0.0000000000,0.5214482558,-0.0000000000,0.0872664626,-0.0000000000,1.0000000000,1.0000000000,0.0000000000,0.0000000000,0.0000000000,0.0000000000
0.0200000000,0.2790996922,0.2436018757,0.5605004347,-0.0133421802,-0.0880450048,0.0091530814,0.2580270446,-0.2344389308,0.5398831884,0.0203454819,-0.0160140874,0.0061968128,0.0201329766,0.0000000000,0.5214482558,-0.0000000000,0.0872664626,-0.0000000000,1.0000000000,1.0000000000,0.0000000000,0.0000000000,0.0000000000,0.0000000000
0.0200000000,0.2788015484,0.2436177254,0.5600037121,-0.0130235261,-0.0856696394,0.0091480525,0.2580270446,-0.2344389308,0.5398831884,0.0203454819,-0.0160140874,0.0061968128,0.0201329766,0.0000000000,0.5214482558,-0.0000000000,0.0872664626,-0.0000000000,1.0000000000,1.0000000000,0.0000000000,0.0000000000,0.0000000000,0.0000000000
0.0200000000,0.2784896574,0.2436519950,0.5594851588,-0.0126689794,-0.0831920036,0.0091887689,0.2580270446,-0.2344389308,0.5398831884,0.0203454819,-0.0160140874,0.0061968128,0.0201329766,0.0000000000,0.5214482558,-0.0000000000,0.0872664626,-0.0000000000,1.0000000000,1.0000000000,0.0000000000,0.0000000000,0.0000000000,0.0000000000
0.0200000000,0.2781501061,0.2437103257,0.5589176184,-0.0122548900,-0.0804807879,0.0092899679,0.2580270446,-0.2344389308,0.5398831884,0.0203454819,-0.0160140874,0.0061968128,0.0201329766,0.0000000000,0.5214482558,-0.0000000000,0.0872664626,-0.0000000000,1.0000000000,1.0000000000,0.0000000000,0.0000000000,0.0000000000,0.0000000000
0.0200000000,0.2777848900,0.2437969404,0.5583010569,-0.0117737446,-0.0775328101,0.0094634427,0.2580270446,-0.2344389308,0.5398831884,0.0203454819,-0.0160140874,0.0061968128,0.0201329766,0.0000000000,0.5214482558,-0.0000000000,0.0872664626,-0.0000000000,1.0000000000,1.0000000000,0.0000000000,0.0000000000,0.0000000000,0.0000000000
0.0200000000,0.2774179634,0.2439083881,0.5576732310,-0.0112490129,-0.0745243634,0.0097025550,0.2580270446,-0.2344389308,0.5398831884,0.0203454819,-0.0160140874,0.0061968128,0.0201329766,0.0000000000,0.5214482558,-0.0000000000,0.0872664626,-0.0000000000,1.0000000000,1.0000000000,0.0000000000,0.0000000000,0.0000000000,0.0000000000
0.0200000000,0.2770859656,0.2440337706,0.5570942881,-0.0107274656,-0.0717396472,0.0099821836,0.2580270446,-0.2344389308,0.5398831884,0.0203454819,-0.0160140874,0.0061968128,0.0201329766,0.0000000000,0.5214482558,-0.0000000000,0.0872664626,-0.0000000000,1.0000000000,1.0000000000,0.0000000000,0.0000000000,0.0000000000,0.0000000000
0.0200000000,0.2768107137,0.2441605037,0.5566018318,-0.0102475798,-0.0693585342,0.0102715528,0.2580270446,-0.2344389308,0.5398831884,0.0203454819,-0.0160140874,0.0061968128,0.0201329766,0.0000000000,0.5214482558,-0.0000000000,0.0872664626,-0.0000000000,1.0000000000,1.0000000000,0.0000000000,0.0000000000,0.0000000000,0.0000000000
0.0200000000,0.2765782295,0.2442852783,0.5561741066,-0.0098033076,-0.0672796489,0.0105614366,0.2580270446,-0.2344389308,0.5398831884,0.0203454819,-0.0160140874,0.0061968128,0.0201329766,0.0000000000,0.5214482558,-0.0000000000,0.0872664626,-0.0000000000,1.0000000000,1.0000000000,0.0000000000,0.0000000000,0.0000000000,0.0000000000
0.0200000000,0.2763694252,0.2444113851,0.5557780418,-0.0093723405,-0.0653457876,0.0108599047,0.2580270446,-0.2344389308,0.5398831884,0.0203454819,-0.0160140874,0.0061968128,0.0201329766,0.0000000000,0.5214482558,-0.0000000000,0.0872664626,-0.0000000000,1.0000000000,1.0000000000,0.0000000000,0.0000000000,0.0000000000,0.0000000000
0.0200000000,0.2761723608,0.2445419720,0.5553920062,-0.0089383117,-0.0634533281,0.0111751410,0.2580270446,-0.2344389308,0.5398831884,0.0203454819,-0.0160140874,0.0061968128,0.0201329766,0.0000000000,0.5214482558,-0.0000000000,0.0872664626,-0.0000000000,1.0000000000,1.0000000000,0.0000000000,0.0000000000,0.0000000000,0.0000000000
0.0200000000,0.2759840522,0.2446778130,0.5550089592,-0.0084959567,-0.0615676307,0.0115099960,0.2580270446,-0.2344389308,0.5398831884,0.0203454819,-0.0160140874,0.0061968128,0.0201329766,0.0000000000,0.5214482558,-0.0000000000,0.0872664626,-0.0000000000,1.0000000000,1.0000000000,0.0000000000,0.0000000000,0.0000000000,0.0000000000
0.0200000000,0.2758051764,0.2448184136,0.5546271731,-0.0080445027,-0.0596787357,0.0118646960,0.2580270446,-0.2344389308,0.5398831884,0.0203454819,-0.0160140874,0.0061968128,0.0201329766,0.0000000000,0.5214482558,-0.0000000000,0.0872664626,-0.0000000000,1.0000000000,1.0000000000,0.0000000000,0.0000000000,0.0000000000,0.0000000000
0.0200000000,0.2756344832,0.2449637529,0.5542426180,-0.0075813339,-0.0577661615,0.0122401366,0.2580270446,-0.2344389308,0.5398831884,0.0203454819,-0.0160140874,0.0061968128,0.0201329766,0.0000000000,0.5214482558,-0.0000000000,0.0872664626,-0.0000000000,1.0000000000,1.0000000000,0.0000000000,0.0000000000,0.0000000000,0.0000000000
0.0200000000,0.2754680582,0.2451155149,0.5538445772,-0.0070973433,-0.0557761818,0.0126425489,0.2580270446,-0.2344389308,0.5398831884,0.0203454819,-0.0160140874,0.0061968128,0.0201329766,0.0000000000,0.5214482558,-0.0000000000,0.0872664626,-0.0000000000,1.0000000000,1.0000000000,0.0000000000,0.0000000000,0.0000000000,0.0000000000
0.0200000000,0.2753013693,0.2452755195,0.5534184672,-0.0065805512,-0.0536346944,0.0130801046,0.2580270446,-0.2344389308,0.5398831884,0.0203454819,-0.0160140874,0.0061968128,0.0201329766,0.0000000000,0.5214482558,-0.0000000000,0.0872664626,-0.0000000000,1.0000000000,1.0000000000,0.0000000000,0.0000000000,0.0000000000,0.0000000000
0.0200000000,0.2751350327,0.2454415358,0.5529548464,-0.0060271872,-0.0512898587,0.0135533377,0.2580270446,-0.2344389308,0.5398831884,0.0203454819,-0.0160140874,0.0061968128,0.0201329766,0.0000000000,0.5214482558,-0.0000000000,0.0872664626,-0.0000000000,1.0000000000,1.0000000000,0.0000000000,0.0000000000,0.0000000000,0.0000000000
0.0200000000,0.2749761986,0.2456024087,0.5524584619,-0.0054552772,-0.0487594961,0.0140401656,0.2580270446,-0.2344389308,0.5398831884,0.0203454819,-0.0160140874,0.0061968128,0.0201329766,0.0000000000,0.5214482558,-0.0000000000,0.0872664626,-0.0000000000,1.0000000000,1.0000000000,0.0000000000,0.0000000000,0.0000000000,0.0000000000
0.0200000000,0.2748293576,0.2457434801,0.5519380860,-0.0048920715,-0.0460858779,0.0145060592,0.2580270446,-0.2344389308,0.5398831884,0.0203454819,-0.0160140874,0.0061968128,0.0201329766,0.0000000000,0.5214482558,-0.0000000000,0.0872664626,-0.0000000000,1.0000000000,1.0000000000,0.0000000000,0.0000000000,0.0000000000,0.0000000000
0.0200000000,0.2746938748,0.2458471154,0.5513942555,-0.0043653344,-0.0432721021,0.0149097925,0.2580270446,-0.2344389308,0.5398831884,0.0203454819,-0.0160140874,0.0061968128,0.0201329766,0.0000000000,0.5214482558,-0.0000000000,0.0872664626,-0.0000000000,1.0000000000,1.0000000000,0.0000000000,0.0000000000,0.0000000000,0.0000000000
0.0200000000,0.2745650199,0.2458899039,0.5508303390,-0.0039152704,-0.0403405691,0.0151919572,0.2580270446,-0.2344389308,0.5398831884,0.0203454819,-0.0160140874,0.0061968128,0.0201329766,0.0000000000,0.5214482558,-0.0000000000,0.0872664626,-0.0000000000,1.0000000000,1.0000000000,0.0000000000,0.0000000000,0.0000000000,0.0000000000
0.0200000000,0.2744326421,0.2458371763,0.5502630509,-0.0036112571,-0.0373910057,0.0152555731,0.2580270446,-0.2344389308,0.5398831884,0.0203454819,-0.0160140874,0.0061968128,0.0201329766,0.0000000000,0.5214482558,-0.0000000000,0.0872664626,-0.0000000000,1.0000000000,1.0000000000,0.0000000000,0.0000000000,0.0000000000,0.0000000000
0.0200000000,0.2742760104,0.2456584849,0.5497230142,-0.0035300543,-0.0346088502,0.0149969892,0.2580270446,-0.2344389308,0.5398831884,0.0203454819,-0.0160140874,0.0061968128,0.0201329766,0.0000000000,0.5214482558,-0.0000000000,0.0872664626,-0.0000000000,1.0000000000,1.0000000000,0.0000000000,0.0000000000,0.0000000000,0.0000000000
0.0200000000,0.2740718050,0.2453514215,0.5492355963,-0.0037021896,-0.0321537951,0.0143774459,0.2580270446,-0.2344389308,0.5398831884,0.0203454819,-0.0160140874,0.0061968128,0.0201329766,0.0000000000,0.5214482558,-0.0000000000,0.0872664626,-0.0000000000,1.0000000000,1.0000000000,0.0000000000,0.0000000000,0.0000000000,0.0000000000
0.0200000000,0.2737988386,0.2449196832,0.5488229594,-0.0041461582,-0.0301655617,0.0133758650,0.2580270446,-0.2344389308,0.5398831884,0.0203454819,-0.0160140874,0.0061968128,0.0201329766,0.0000000000,0.5214482558,-0.0000000000,0.0872664626,-0.0000000000,1.0000000000,1.0000000000,0.0000000000,0.0000000000,0.0000000000,0.0000000000
0.0200000000,0.2734463522,0.2443776626,0.5485016199,-0.0048567056,-0.0287425640,0.0120077014,0.2580270446,-0.2344389308,0.5398831884,0.0203454819,-0.0160140874,0.0061968128,0.0201329766,0.0000000000,0.5214482558,-0.0000000000,0.0872664626,-0.0000000000,1.0000000000,1.0000000000,0.0000000000,0.0000000000,0.0000000000,0.0000000000
0.0200000000,0.2730196512,0.2437406179,0.5482839468,-0.0058192223,-0.0279446009,0.0103063017,0.2580270446,-0.2344389308,0.5398831884,0.0203454819,-0.0160140874,0.0061968128,0.0201329766,0.0000000000,0.5214482558,-0.0000000000,0.0872664626,-0.0000000000,1.0000000000,1.0000000000,0.0000000000,0.0000000000,0.0000000000,0.0000000000
0.0200000000,0.2725645834,0.2430398490,0.5481694493,-0.0069713581,-0.0277237005,0.0083825166,0.2580270446,-0.2344389308,0.5398831884,0.0203454819,-0.0160140874,0.0061968128,0.0201329766,0.0000000000,0.5214482558,-0.0000000000,0.0872664626,-0.0000000000,1.0000000000,1.0000000000,0.0000000000,0.0000000000,0.0000000000,0.0000000000
0.0200000000,0.2721608014,0.2423295055,0.5481400627,-0.0081901561,-0.0279078226,0.0064368943,0.2580270446,-0.2344389308,0.5398831884,0.0203454819,-0.0160140874,0.0061968128,0.0201329766,0.0000000000,0.5214482558,-0.0000000000,0.0872664626,-0.0000000000,1.0000000000,1.0000000000,0.0000000000,0.0000000000,0.0000000000,0.0000000000
0.0200000000,0.2718893507,0.2416663277,0.5481740101,-0.0093436368,-0.0283070561,0.0046782771,0.2580270446,-0.2344389308,0.5398831884,0.0203454819,-0.0160140874,0.0061968128,0.0201329766,0.0000000000,0.5214482558,-0.0000000000,0.0872664626,-0.0000000000,1.0000000000,1.0000000000,0.0000000000,0.0000000000,0.0000000000,0.0000000000
0.0200000000,0.2718058819,0.2410970085,0.5482382342,-0.0103142300,-0.0286955963,0.0032766689,0.2580270446,-0.2344389308,0.5398831884,0.0203454819,-0.0160140874,0.0061968128,0.0201329766,0.0000000000,0.5214482558,-0.0000000000,0.0872664626,-0.0000000000,1.0000000000,1.0000000000,0.0000000000,0.0000000000,0.0000000000,0.0000000000
0.0200000000,0.2719341172,0.2406521862,0.5482941443,-0.0110162520,-0.0288462144,0.0023418344,0.2580270446,-0.2344389308,0.5398831884,0.0203454819,-0.0160140874,0.0061968128,0.0201329766,0.0000000000,0.5214482558,-0.0000000000,0.0872664626,-0.0000000000,1.0000000000,1.0000000000,0.0000000000,0.0000000000,0.0000000000,0.0000000000
0.0200000000,0.2722451963,0.2403347816,0.5483057213,-0.0114276703,-0.0285915251,0.0018756669,0.2580270446,-0.2344389308,0.5398831884,0.0203454819,-0.0160140874,0.0061968128,0.0201329766,0.0000000000,0.5214482558,-0.0000000000,0.0872664626,-0.0000000000,1.0000000000,1.0000000000,0.0000000000,0.0000000000,0.0000000000,0.0000000000
0.0200000000,0.2726703895,0.2401241090,0.5482551993,-0.0115904476,-0.0278978697,0.0017834488,0.2580270446,-0.2344389308,0.5398831884,0.0203454819,-0.0160140874,0.0061968128,0.0201329766,0.0000000000,0.5214482558,-0.0000000000,0.0872664626,-0.0000000000,1.0000000000,1.0000000000,0.0000000000,0.0000000000,0.0000000000,0.0000000000
0.0200000000,0.2731488664,0.2400054554,0.5481357746,-0.0115432045,-0.0267844709,0.0019852111,0.2580270446,-0.2344389308,0.5398831884,0.0203454819,-0.0160140874,0.0061968128,0.0201329766,0.0000000000,0.5214482558,-0.0000000000,0.0872664626,-0.0000000000,1.0000000000,1.0000000000,0.0000000000,0.0000000000,0.0000000000,0.0000000000
0.0200000000,0.2736249447,0.2399589452,0.5479542727,-0.0113408042,-0.0253403366,0.0023861115,0.2580270446,-0.2344389308,0.5398831884,0.0203454819,-0.0160140874,0.0061968128,0.0201329766,0.0000000000,0.5214482558,-0.0000000000,0.0872664626,-0.0000000000,1.0000000000,1.0000000000,0.0000000000,0.0000000000,0.0000000000,0.0000000000
0.0200000000,0.2740607942,0.2399594769,0.5477288866,-0.0110486018,-0.0236997700,0.0028879794,0.2580270446,-0.2344389308,0.5398831884,0.0203454819,-0.0160140874,0.0061968128,0.0201329766,0.0000000000,0.5214482558,-0.0000000000,0.0872664626,-0.0000000000,0.9960403173,1.0000000000,0.0000000000,0.0000000000,0.0000000000,0.0000000000
0.0200000000,0.2744527979,0.2399710532,0.5474916903,-0.0107476597,-0.0220384186,0.0033883270,0.2580270446,-0.2344389308,0.5398831884,0.0203454819,-0.0160140874,0.0061968128,0.0201329766,0.0000000000,0.5214482558,-0.0000000000,0.0872664626,-0.0000000000,0.9380747392,1.0000000000,0.0000000000,0.0000000000,0.0000000000,0.0000000000
0.0200000000,0.2748289052,0.2399583449,0.5472744487,-0.0105073787,-0.0204986946,0.0038123568,0.2580270446,-0.2344389308,0.5398831884,0.0203454819,-0.0160140874,0.0061968128,0.0201329766,0.0000000000,0.5214482558,-0.0000000000,0.0872664626,-0.0000000000,0.8714080725,1.0000000000,0.0000000000,0.0000000000,0.0000000000,0.0000000000
0.0200000000,0.2752220413,0.2398925809,0.5471004819,-0.0103796015,-0.0191723704,0.0041093250,0.2580270446,-0.2344389308,0.5398831884,0.0203454819,-0.0160140874,0.0061968128,0.0201329766,0.0000000000,0.5214482558,-0.0000000000,0.0872664626,-0.0000000000,0.8047414059,1.0000000000,0.0000000000,0.0000000000,0.0000000000,0.0000000000
0.0200000000,0.2756588687,0.2397529503,0.5469837129,-0.0103988197,-0.0181062576,0.0042466907,0.2580270446,-0.2344389308,0.5398831884,0.0203454819,-0.0160140874,0.0061968128,0.0201329766,0.0000000000,0.5214482558,-0.0000000000,0.0872664626,-0.0000000000,0.7380747392,1.0000000000,0.0000000000,0.0000000000,0.0000000000,0.0000000000
0.0200000000,0.2761503993,0.2395258522,0.5469293685,-0.0105869371,-0.0173155533,0.0042004257,0.2580270446,-0.2344389308,0.5398831884,0.0203454819,-0.0160140874,0.0061968128,0.0201329766,0.0000000000,0.5214482558,-0.0000000000,0.0872664626,-0.0000000000,0.6714080725,1.0000000000,0.0000000000,0.0000000000,0.0000000000,0.0000000000
0.0200000000,0.2766771458,0.2392181317,0.5469255660,-0.0109303516,-0.0167544214,0.0039766046,0.2580270446,-0.2344389308,0.5398831884,0.0203454819,-0.0160140874,0.0061968128,0.0201329766,0.0000000000,0.5214482558,-0.0000000000,0.0872664626,-0.0000000000,0.6047414059,1.0000000000,0.0000000000,0.0000000000,0.0000000000,0.0000000000
0.0200000000,0.2771989335,0.2388579109,0.5469476039,-0.0113784337,-0.0163305828,0.0036184642,0.2580270446,-0.2344389308,0.5398831884,0.0203454819,-0.0160140874,0.0061968128,0.0201329766,0.0000000000,0.5214482558,-0.0000000000,0.0872664626,-0.0000000000,0.5380747392,1.0000000000,0.0000000000,0.0000000000,0.0000000000,0.0000000000
0.0200000000,0.2776786478,0.2384752452,0.5469733263,-0.0118790769,-0.0159643900,0.0031748242,0.2580270446,-0.2344389308,0.5398831884,0.0203454819,-0.0160140874,0.0061968128,0.0201329766,0.0000000000,0.5214482558,-0.0000000000,0.0872664626,-0.0000000000,0.4714080725,1.0000000000,0.0000000000,0.0000000000,0.0000000000,0.0000000000
0.0200000000,0.2780928197,0.2381046125,0.5469839846,-0.0123718300,-0.0155823141,0.0027139788,0.2580270446,-0.2344389308,0.5398831884,0.0203454819,-0.0160140874,0.0061968128,0.0201329766,0.0000000000,0.5214482558,-0.0000000000,0.0872664626,-0.0000000000,0.4047414059,1.0000000000,0.0000000000,0.0000000000,0.0000000000,0.0000000000
0.0200000000,0.2784391364,0.2377857255,0.5469669687,-0.0127864202,-0.0151234027,0.0023307949,0.2580270446,-0.2344389308,0.5398831884,0.0203454819,-0.0160140874,0.0061968128,0.0201329766,0.0000000000,0.5214482558,-0.0000000000,0.0872664626,-0.0000000000,0.3380747392,1.0000000000,0.0000000000,0.0000000000,0.0000000000,0.0000000000
0.0200000000,0.2787490267,0.2375558427,0.5469228006,-0.0130551972,-0.0145622383,0.0021359379,0.2580270446,-0.2344389308,0.5398831884,0.0203454819,-0.0160140874,0.0061968128,0.0201329766,0.0000000000,0.5214482558,-0.0000000000,0.0872664626,-0.0000000000,0.2714080725,1.0000000000,0.0000000000,0.0000000000,0.0000000000,0.0000000000
0.0200000000,0.2790693238,0.2374339670,0.5468655047,-0.0131438247,-0.0139278782,0.0022043791,0.2580270446,-0.2344389308,0.5398831884,0.0203454819,-0.0160140874,0.0061968128,0.0201329766,0.0000000000,0.5214482558,-0.0000000000,0.0872664626,-0.0000000000,0.2047414059,1.0000000000,0.0000000000,0.0000000000,0.0000000000,0.0000000000
0.0200000000,0.2794374196,0.2374352493,0.5468132685,-0.0130305228,-0.0132805674,0.0025925398,0.2580270446,-0.2344389308,0.5398831884,0.0203454819,-0.0160140874,0.0061968128,0.0201329766,0.0000000000,0.5214482558,-0.0000000000,0.0872664626,-0.0000000000,0.1380747392,1.0000000000,0.0000000000,0.0000000000,0.0000000000,0.0000000000
0.0200000000,0.2798737462,0.2375636545,0.5467870541,-0.0127186278,-0.0127112650,0.0033154864,0.2580270446,-0.2344389308,0.5398831884,0.0203454819,-0.0160140874,0.0061968128,0.0201329766,0.0000000000,0.5214482558,-0.0000000000,0.0872664626,-0.0000000000,0.0714080725,1.0000000000,0.0000000000,0.0000000000,0.0000000000,0.0000000000
0.0200000000,0.2803781805,0.2378131581,0.5468100443,-0.0122352768,-0.0123428697,0.0043465312,0.2580270446,-0.2344389308,0.5398831884,0.0203454819,-0.0160140874,0.0061968128,0.0201329766,0.0000000000,0.5214482558,-0.0000000000,0.0872664626,-0.0000000000,0.0089574645,1.0000000000,0.0000000000,0.0000000000,0.0000000000,0.0000000000
0.0200000000,0.2809226767,0.2381492576,0.5468981004,-0.0116548461,-0.0122856539,0.0055736808,0.2580270446,-0.2344389308,0.5398831884,0.0203454819,-0.0160140874,0.0061968128,0.0201329766,0.0000000000,0.5214482558,-0.0000000000,0.0872664626,-0.0000000000,0.0000000000,1.0000000000,0.0000000000,0.0000000000,0.0000000000,0.0000000000
0.0200000000,0.2814737044,0.2385236773,0.5470520758,-0.0110631911,-0.0125744441,0.0068569363,0.2580270446,-0.2344389308,0.5398831884,0.0203454819,-0.0160140874,0.0061968128,0.0201329766,0.0000000000,0.5214482558,-0.0000000000,0.0872664626,-0.0000000000,0.0000000000,1.0000000000,0.0000000000,0.0000000000,0.0000000000,0.0000000000
0.0200000000,0.2820147947,0.2389025470,0.5472729604,-0.0105180066,-0.0132289103,0.0081036133,0.2580270446,-0.2344389308,0.5398831884,0.0203454819,-0.0160140874,0.0061968128,0.0201329766,0.0000000000,0.5214482558,-0.0000000000,0.0872664626,-0.0000000000,0.0000000000,1.0000000000,0.0000000000,0.0000000000,0.0000000000,0.0000000000
0.0200000000,0.2825423470,0.2392597037,0.5475636797,-0.0100623421,-0.0142664471,0.0092488809,0.2580270446,-0.2344389308,0.5398831884,0.0203454819,-0.0160140874,0.0061968128,0.0201329766,0.0000000000,0.5214482558,-0.0000000000,0.0872664626,-0.0000000000,0.0000000000,1.0000000000,0.0000000000,0.0000000000,0.0000000000,0.0000000000
0.0200000000,0.2830561490,0.2395635292,0.5479391810,-0.0097552487,-0.0157654352,0.0102119809,0.2580270446,-0.2344389308,0.5398831884,0.0203454819,-0.0160140874,0.0061968128,0.0201329766,0.0000000000,0.5214482558,-0.0000000000,0.0872664626,-0.0000000000,0.0000000000,1.0000000000,0.0000000000,0.0000000000,0.0000000000,0.0000000000
0.0200000000,0.2835486636,0.2397715062,0.5484111984,-0.0096721759,-0.0177944943,0.0108833389,0.2580270446,-0.2344389308,0.5398831884,0.0203454819,-0.0160140874,0.0061968128,0.0201329766,0.0000000000,0.5214482558,-0.0000000000,0.0872664626,-0.0000000000,0.0000000000,1.0000000000,0.0000000000,0.0000000000,0.0000000000,0.0000000000
0.0200000000,0.2840035539,0.2398479805,0.5489677848,-0.0098626665,-0.0203054006,0.0111750073,0.2580270446,-0.2344389308,0.5398831884,0.0203454819,-0.0160140874,0.0061968128,0.0201329766,0.0000000000,0.5214482558,-0.0000000000,0.0872664626,-0.0000000000,0.0000000000,1.0000000000,0.0000000000,0.0000000000,0.0000000000,0.0000000000
0.0200000000,0.2844044404,0.2397639781,0.5495896827,-0.0103599095,-0.0232113914,0.0110183792,0.2580270446,-0.2344389308,0.5398831884,0.0203454819,-0.0160140874,0.0061968128,0.0201329766,0.0000000000,0.5214482558,-0.0000000000,0.0872664626,-0.0000000000,0.0000000000,1.0000000000,0.0000000000,0.0000000000,0.0000000000,0.0000000000
0.0200000000,0.2847500138,0.2395183631,0.5502496111,-0.0111441932,-0.0263672673,0.0104260505,0.2580270446,-0.2344389308,0.5398831884,0.0203454819,-0.0160140874,0.0061968128,0.0201329766,0.0000000000,0.5214482558,-0.0000000000,0.0872664626,-0.0000000000,0.0000000000,1.0000000000,0.0000000000,0.0000000000,0.0000000000,0.0000000000
0.0200000000,0.2850617538,0.2391455695,0.5509123722,-0.0121294391,-0.0295611070,0.0095153493,0.2580270446,-0.2344389308,0.5398831884,0.0203454819,-0.0160140874,0.0061968128,0.0201329766,0.0000000000,0.5214482558,-0.0000000000,0.0872664626,-0.0000000000,0.0000000000,1.0000000000,0.0000000000,0.0000000000,0.0000000000,0.0000000000
0.0200000000,0.2853927013,0.2387307097,0.5515421470,-0.0131438649,-0.0325448715,0.0085458245,0.2580270446,-0.2344389308,0.5398831884,0.0203454819,-0.0160140874,0.0061968128,0.0201329766,0.0000000000,0.5214482558,-0.0000000000,0.0872664626,-0.0000000000,0.0000000000,1.0000000000,0.0000000000,0.0000000000,0.0000000000,0.0000000000
0.0200000000,0.2858072360,0.2383581571,0.5521307471,-0.0140356583,-0.0352062313,0.0077700569,0.2580270446,-0.2344389308,0.5398831884,0.0203454819,-0.0160140874,0.0061968128,0.0201329766,0.0000000000,0.5214482558,-0.0000000000,0.0872664626,-0.0000000000,0.0000000000,1.0000000000,0.0000000000,0.0000000000,0.0000000000,0.0000000000
0.0200000000,0.2863701671,0.2380788961,0.5526935031,-0.0147225842,-0.0375552388,0.0073533152,0.2580270446,-0.2344389308,0.5398831884,0.0203454819,-0.0160140874,0.0061968128,0.0201329766,0.0000000000,0.5214482558,-0.0000000000,0.0872664626,-0.0000000000,0.0000000000,1.0000000000,0.0000000000,0.0000000000,0.0000000000,0.0000000000
0.0200000000,0.2871312168,0.2379143776,0.5532576191,-0.0151809143,-0.0396778467,0.0073748648,0.2580270446,-0.2344389308,0.5398831884,0.0203454819,-0.0160140874,0.0061968128,0.0201329766,0.0000000000,0.5214482558,-0.0000000000,0.0872664626,-0.0000000000,0.0000000000,1.0000000000,0.0000000000,0.0000000000,0.0000000000,0.0000000000
0.0200000000,0.2881297556,0.2378715150,0.5538511297,-0.0154112545,-0.0416698314,0.0078704691,0.2580270446,-0.2344389308,0.5398831884,0.0203454819,-0.0160140874,0.0061968128,0.0201329766,0.0000000000,0.5214482558,-0.0000000000,0.0872664626,-0.0000000000,0.0000000000,1.0000000000,0.0000000000,0.0000000000,0.0000000000,0.0000000000
0.0200000000,0.2893745393,0.2379367195,0.5544958436,-0.0154475743,-0.0436221986,0.0088043146,0.2580270446,-0.2344389308,0.5398831884,0.0203454819,-0.0160140874,0.0061968128,0.0201329766,0.0000000000,0.5214482558,-0.0000000000,0.0872664626,-0.0000000000,0.0000000000,1.0000000000,0.0000000000,0.0000000000,0.0000000000,0.0000000000
0.0200000000,0.2908419378,0.2380816951,0.5552012195,-0.0153473478,-0.0455949620,0.0100864578,0.2580270446,-0.2344389308,0.5398831884,0.0203454819,-0.0160140874,0.0061968128,0.0201329766,0.0000000000,0.5214482558,-0.0000000000,0.0872664626,-0.0000000000,0.0000000000,1.0000000000,0.0000000000,0.0000000000,0.0000000000,0.0000000000
0.0200000000,0.2925019618,0.2382830435,0.5559660703,-0.0151563009,-0.0476001345,0.0116395329,0.2580270446,-0.2344389308,0.5398831884,0.0203454819,-0.0160140874,0.0061968128,0.0201329766,0.0000000000,0.5214482558,-0.0000000000,0.0872664626,-0.0000000000,0.0000000000,1.0000000000,0.0000000000,0.0000000000,0.0000000000,0.0000000000
0.0200000000,0.2942890904,0.2385141383,0.5567704058,-0.0149213214,-0.0495979955,0.0133574425,0.2580270446,-0.2344389308,0.5398831884,0.0203454819,-0.0160140874,0.0061968128,0.0201329766,0.0000000000,0.5214482558,-0.0000000000,0.0872664626,-0.0000000000,0.0000000000,1.0000000000,0.0000000000,0.0000000000,0.0000000000,0.0000000000
0.0200000000,0.2961180135,0.2387474375,0.5575813784,-0.0146852362,-0.0515158315,0.0151200689,0.2580270446,-0.2344389308,0.5398831884,0.0203454819,-0.0160140874,0.0061968128,0.0201329766,0.0000000000,0.5214482558,-0.0000000000,0.0872664626,-0.0000000000,0.0000000000,1.0000000000,0.0000000000,0.0000000000,0.0000000000,0.0000000000
0.0200000000,0.2979055340,0.2389603362,0.5583669123,-0.0144815812,-0.0532937283,0.0168190260,0.2580270446,-0.2344389308,0.5398831884,0.0203454819,-0.0160140874,0.0061968128,0.0201329766,0.0000000000,0.5214482558,-0.0000000000,0.0872664626,-0.0000000000,0.0000000000,1.0000000000,0.0000000000,0.0000000000,0.0000000000,0.0000000000
0.0200000000,0.2995886356,0.2391414988,0.5591025970,-0.0143264526,-0.0548956874,0.0183851073,0.2580270446,-0.2344389308,0.5398831884,0.0203454819,-0.0160140874,0.0061968128,0.0201329766,0.0000000000,0.5214482558,-0.0000000000,0.0872664626,-0.0000000000,0.0000000000,1.0000000000,0.0000000000,0.0000000000,0.0000000000,0.0000000000
0.0200000000,0.3011167490,0.2392839116,0.5597643987,-0.0142332123,-0.0562889855,0.0197733285,0.2580270446,-0.2344389308,0.5398831884,0.0203454819,-0.0160140874,0.0061968128,0.0201329766,0.0000000000,0.5214482558,-0.0000000000,0.0872664626,-0.0000000000,0.0000000000,1.0000000000,0.0000000000,0.0000000000,0.0000000000,0.0000000000
0.0200000000,0.3024912133,0.2393868496,0.5603477402,-0.0142283474,-0.0575035277,0.0210025383,0.2580270446,-0.2344389308,0.5398831884,0.0203454819,-0.0160140874,0.0061968128,0.0201329766,0.0000000000,0.5214482558,-0.0000000000,0.0872664626,-0.0000000000,0.0000000000,1.0000000000,0.0000000000,0.0000000000,0.0000000000,0.0000000000
0.0200000000,0.3037870788,0.2394522286,0.5608775825,-0.0143538196,-0.0586370104,0.0221597563,0.2580270446,-0.2344389308,0.5398831884,0.0203454819,-0.0160140874,0.0061968128,0.0201329766,0.0000000000,0.5214482558,-0.0000000000,0.0872664626,-0.0000000000,0.0000000000,1.0000000000,0.0000000000,0.0000000000,0.0000000000,0.0000000000
0.0200000000,0.3051147796,0.2394847634,0.5614025061,-0.0145897125,-0.0597588400,0.0233212114,0.2580270446,-0.2344389308,0.5398831884,0.0203454819,-0.0160140874,0.0061968128,0.0201329766,0.0000000000,0.5214482558,-0.0000000000,0.0872664626,-0.0000000000,0.0000000000,1.0000000000,0.0000000000,0.0000000000,0.0000000000,0.0000000000
0.0200000000,0.3065190909,0.2394911422,0.5619524333,-0.0148516495,-0.0608395693,0.0244800179,0.2580270446,-0.2344389308,0.5398831884,0.0203454819,-0.0160140874,0.0061968128,0.0201329766,0.0000000000,0.5214482558,-0.0000000000,0.0872664626,-0.0000000000,0.0000000000,1.0000000000,0.0000000000,0.0000000000,0.0000000000,0.0000000000
0.0200000000,0.3079911200,0.2394717219,0.5625278744,-0.0150998911,-0.0618303952,0.0256062327,0.2580270446,-0.2344389308,0.5398831884,0.0203454819,-0.0160140874,0.0061968128,0.0201329766,0.0000000000,0.5214482558,-0.0000000000,0.0872664626,-0.0000000000,0.0000000000,1.0000000000,0.0000000000,0.0000000000,0.0000000000,0.0000000000
0.0200000000,0.3095048463,0.2394210142,0.5631137073,-0.0153562500,-0.0627086747,0.0266834117,0.2580270446,-0.2344389308,0.5398831884,0.0203454819,-0.0160140874,0.0061968128,0.0201329766,0.0000000000,0.5214482558,-0.0000000000,0.0872664626,-0.0000000000,0.0000000000,1.0000000000,0.0000000000,0.0000000000,0.0000000000,0.0000000000
0.0200000000,0.3110165113,0.2393333467,0.5636858951,-0.0156536446,-0.0634548615,0.0276895171,0.2580270446,-0.2344389308,0.5398831884,0.0203454819,-0.0160140874,0.0061968128,0.0201329766,0.0000000000,0.5214482558,-0.0000000000,0.0872664626,-0.0000000000,0.0000000000,1.0000000000,0.0000000000,0.0000000000,0.0000000000,0.0000000000
0.0200000000,0.3124474408,0.2392124951,0.5642119649,-0.0159932913,-0.0640431165,0.0285819185,0.2580270446,-0.2344389308,0.5398831884,0.0203454819,-0.0160140874,0.0061968128,0.0201329766,0.0000000000,0.5214482558,-0.0000000000,0.0872664626,-0.0000000000,0.0000000000,1.0000000000,0.0000000000,0.0000000000,0.0000000000,0.0000000000
0.0200000000,0.3137500416,0.2390667675,0.5646752685,-0.0163593328,-0.0644705510,0.0293395893,0.2580270446,-0.2344389308,0.5398831884,0.0203454819,-0.0160140874,0.0061968128,0.0201329766,0.0000000000,0.5214482558,-0.0000000000,0.0872664626,-0.0000000000,0.0000000000,1.0000000000,0.0000000000,0.0000000000,0.0000000000,0.0000000000
0.0200000000,0.3149376206,0.2389028995,0.5650835604,-0.0167418059,-0.0647647690,0.0299832156,0.2580270446,-0.2344389308,0.5398831884,0.0203454819,-0.0160140874,0.0061968128,0.0201329766,0.0000000000,0.5214482558,-0.0000000000,0.0872664626,-0.0000000000,0.0000000000,1.0000000000,0.0000000000,0.0000000000,0.0000000000,0.0000000000
0.0200000000,0.3160575881,0.2387259312,0.5654585520,-0.0171377208,-0.0649693671,0.0305566016,0.2580270446,-0.2344389308,0.5398831884,0.0203454819,-0.0160140874,0.0061968128,0.0201329766,0.0000000000,0.5214482558,-0.0000000000,0.0872664626,-0.0000000000,0.0000000000,1.0000000000,0.0000000000,0.0000000000,0.0000000000,0.0000000000
0.0200000000,0.3171387650,0.2385334746,0.5658101445,-0.0175531618,-0.0650940170,0.0310779734,0.2580270446,-0.2344389308,0.5398831884,0.0203454819,-0.0160140874,0.0061968128,0.0201329766,0.0000000000,0.5214482558,-0.0000000000,0.0872664626,-0.0000000000,0.0000000000,1.0000000000,0.0000000000,0.0000000000,0.0000000000,0.0000000000
0.0200000000,0.3181884898,0.2383221676,0.5661391055,-0.0179934623,-0.0651339120,0.0315476422,0.2580270446,-0.2344389308,0.5398831884,0.0203454819,-0.0160140874,0.0061968128,0.0201329766,0.0000000000,0.5214482558,-0.0000000000,0.0872664626,-0.0000000000,0.0000000000,1.0000000000,0.0000000000,0.0000000000,0.0000000000,0.0000000000
0.0200000000,0.3192139342,0.2380975251,0.5664518064,-0.0184521067,-0.0651117643,0.0319800206,0.2580270446,-0.2344389308,0.5398831884,0.0203454819,-0.0160140874,0.0061968128,0.0201329766,0.0000000000,0.5214482558,-0.0000000000,0.0872664626,-0.0000000000,0.0000000000,1.0000000000,0.0000000000,0.0000000000,0.0000000000,0.0000000000
0.0200000000,0.3202093524,0.2378686444,0.5667508620,-0.0189161004,-0.0650516722,0.0323857079,0.2580270446,-0.2344389308,0.5398831884,0.0203454819,-0.0160140874,0.0061968128,0.0201329766,0.0000000000,0.5214482558,-0.0000000000,0.0872664626,-0.0000000000,0.0000000000,1.0000000000,0.0000000000,0.0000000000,0.0000000000,0.0000000000
0.0200000000,0.3211408705,0.2376445995,0.5670262574,-0.0193679359,-0.0649596722,0.0327532894,0.2580270446,-0.2344389308,0.5398831884,0.0203454819,-0.0160140874,0.0061968128,0.0201329766,0.0000000000,0.5214482558,-0.0000000000,0.0872664626,-0.0000000000,0.0000000000,1.0000000000,0.0000000000,0.0000000000,0.0000000000,0.0000000000
0.0200000000,0.3219598264,0.2374326104,0.5672597395,-0.0197896041,-0.0648259010,0.0330567109,0.2580270446,-0.2344389308,0.5398831884,0.0203454819,-0.0160140874,0.0061968128,0.0201329766,0.0000000000,0.5214482558,-0.0000000000,0.0872664626,-0.0000000000,0.0000000000,1.0000000000,0.0000000000,0.0000000000,0.0000000000,0.0000000000
0.0200000000,0.3226712207,0.2372326377,0.5674528769,-0.0201795652,-0.0646531397,0.0332981439,0.2580270446,-0.2344389308,0.5398831884,0.0203454819,-0.0160140874,0.0061968128,0.0201329766,0.0000000000,0.5214482558,-0.0000000000,0.0872664626,-0.0000000000,0.0000000000,1.0000000000,0.0000000000,0.0000000000,0.0000000000,0.0000000000
0.0200000000,0.3233285517,0.2370388068,0.5676261039,-0.0205523406,-0.0644588146,0.0335078509,0.2580270446,-0.2344389308,0.5398831884,0.0203454819,-0.0160140874,0.0061968128,0.0201329766,0.0000000000,0.5214482558,-0.0000000000,0.0872664626,-0.0000000000,0.0000000000,1.0000000000,0.0000000000,0.0000000000,0.0000000000,0.0000000000
0.0200000000,0.3239683583,0.2368469691,0.5677933878,-0.0209193080,-0.0642548354,0.0337072610,0.2580270446,-0.2344389308,0.5398831884,0.0203454819,-0.0160140874,0.0061968128,0.0201329766,0.0000000000,0.5214482558,-0.0000000000,0.0872664626,-0.0000000000,0.0000000000,1.0000000000,0.0000000000,0.0000000000,0.0000000000,0.0000000000
0.0200000000,0.3246064714,0.2366548591,0.5679605110,-0.0212866651,-0.0640453227,0.0339053955,0.2580270446,-0.2344389308,0.5398831884,0.0203454819,-0.0160140874,0.0061968128,0.0201329766,0.0000000000,0.5214482558,-0.0000000000,0.0872664626,-0.0000000000,0.0000000000,1.0000000000,0.0000000000,0.0000000000,0.0000000000,0.0000000000
0.0200000000,0.3252598010,0.2364564503,0.5681311882,-0.0216653626,-0.0638210688,0.0341061350,0.2580270446,-0.2344389308,0.5398831884,0.0203454819,-0.0160140874,0.0061968128,0.0201329766,0.0000000000,0.5214482558,-0.0000000000,0.0872664626,-0.0000000000,0.0000000000,1.0000000000,0.0000000000,0.0000000000,0.0000000000,0.0000000000
0.0200000000,0.3259738506,0.2362332939,0.5683144381,-0.0220866994,-0.0635496027,0.0343153517,0.2580270446,-0.2344389308,0.5398831884,0.0203454819,-0.0160140874,0.0061968128,0.0201329766,0.0000000000,0.5214482558,-0.0000000000,0.0872664626,-0.0000000000,0.0000000000,1.0000000000,0.0000000000,0.0000000000,0.0000000000,0.0000000000
0.0200000000,0.3267950044,0.2359661728,0.5685198026,-0.0225842882,-0.0631978516,0.0345390610,0.2580270446,-0.2344389308,0.5398831884,0.0203454819,-0.0160140874,0.0061968128,0.0201329766,0.0000000000,0.5214482558,-0.0000000000,0.0872664626,-0.0000000000,0.0000000000,1.0000000000,0.0000000000,0.0000000000,0.0000000000,0.0000000000
0.0200000000,0.3277296876,0.2356518623,0.5687490178,-0.0231662636,-0.0627609114,0.0347792416,0.2580270446,-0.2344389308,0.5398831884,0.0203454819,-0.0160140874,0.0061968128,0.0201329766,0.0000000000,0.5214482558,-0.0000000000,0.0872664626,-0.0000000000,0.0000000000,1.0000000000,0.0000000000,0.0000000000,0.0000000000,0.0000000000
0.0200000000,0.3287366433,0.2353064341,0.5689939159,-0.0238072883,-0.0622659787,0.0350313914,0.2580270446,-0.2344389308,0.5398831884,0.0203454819,-0.0160140874,0.0061968128,0.0201329766,0.0000000000,0.5214482558,-0.0000000000,0.0872664626,-0.0000000000,0.0000000000,1.0000000000,0.0000000000,0.0000000000,0.0000000000,0.0000000000
0.0200000000,0.3297693035,0.2349470549,0.5692434144,-0.0244774432,-0.0617360127,0.0352876037,0.2580270446,-0.2344389308,0.5398831884,0.0203454819,-0.0160140874,0.0061968128,0.0201329766,0.0000000000,0.5214482558,-0.0000000000,0.0872664626,-0.0000000000,0.0000000000,1.0000000000,0.0000000000,0.0000000000,0.0000000000,0.0000000000
0.0200000000,0.3308045290,0.2345795694,0.5694897964,-0.0251626500,-0.0611701844,0.0355379995,0.2580270446,-0.2344389308,0.5398831884,0.0203454819,-0.0160140874,0.0061968128,0.0201329766,0.0000000000,0.5214482558,-0.0000000000,0.0872664626,-0.0000000000,0.0000000000,1.0000000000,0.0000000000,0.0000000000,0.0000000000,0.0000000000
0.0200000000,0.3318384431,0.2342038941,0.5697312499,-0.0258603656,-0.0605645492,0.0357779254,0.2580270446,-0.2344389308,0.5398831884,0.0203454819,-0.0160140874,0.0061968128,0.0201329766,0.0000000000,0.5214482558,-0.0000000000,0.0872664626,-0.0000000000,0.0000000000,1.0000000000,0.0000000000,0.0000000000,0.0000000000,0.0000000000
0.0200000000,0.3328681848,0.2338227482,0.5699685135,-0.0265665090,-0.0599279175,0.0360091018,0.2580270446,-0.2344389308,0.5398831884,0.0203454819,-0.0160140874,0.0061968128,0.0201329766,0.0000000000,0.5214482558,-0.0000000000,0.0872664626,-0.0000000000,0.0000000000,1.0000000000,0.0000000000,0.0000000000,0.0000000000,0.0000000000
0.0200000000,0.3338757185,0.2334458365,0.5702001661,-0.0272658197,-0.0592865246,0.0362321538,0.2580270446,-0.2344389308,0.5398831884,0.0203454819,-0.0160140874,0.0061968128,0.0201329766,0.0000000000,0.5214482558,-0.0000000000,0.0872664626,-0.0000000000,0.0000000000,1.0000000000,0.0000000000,0.0000000000,0.0000000000,0.0000000000
0.0200000000,0.3348019803,0.2330965757,0.5704142567,-0.0279184193,-0.0586909901,0.0364370022,0.2580270446,-0.2344389308,0.5398831884,0.0203454819,-0.0160140874,0.0061968128,0.0201329766,0.0000000000,0.5214482558,-0.0000000000,0.0872664626,-0.0000000000,0.0000000000,1.0000000000,0.0000000000,0.0000000000,0.0000000000,0.0000000000
0.0200000000,0.3355793183,0.2328002688,0.5705954814,-0.0284779590,-0.0581926170,0.0366078325,0.2580270446,-0.2344389308,0.5398831884,0.0203454819,-0.0160140874,0.0061968128,0.0201329766,0.0000000000,0.5214482558,-0.0000000000,0.0872664626,-0.0000000000,0.0000000000,1.0000000000,0.0000000000,0.0000000000,0.0000000000,0.0000000000
0.0200000000,0.3362140483,0.2325553615,0.5707449708,-0.0289433791,-0.0577880437,0.0367439975,0.2580270446,-0.2344389308,0.5398831884,0.0203454819,-0.0160140874,0.0061968128,0.0201329766,0.0000000000,0.5214482558,-0.0000000000,0.0872664626,-0.0000000000,0.0000000000,1.0000000000,0.0000000000,0.0000000000,0.0000000000,0.0000000000
0.0200000000,0.3367608174,0.2323426832,0.5708750540,-0.0293463659,-0.0574393190,0.0368569964,0.2580270446,-0.2344389308,0.5398831884,0.0203454819,-0.0160140874,0.0061968128,0.0201329766,0.0000000000,0.5214482558,-0.0000000000,0.0872664626,-0.0000000000,0.0000000000,1.0000000000,0.0000000000,0.0000000000,0.0000000000,0.0000000000
0.0200000000,0.3372755425,0.2321420519,0.5709985155,-0.0297234530,-0.0571083515,0.0369601210,0.2580270446,-0.2344389308,0.5398831884,0.0203454819,-0.0160140874,0.0061968128,0.0201329766,0.0000000000,0.5214482558,-0.0000000000,0.0872664626,-0.0000000000,0.0000000000,1.0000000000,0.0000000000,0.0000000000,0.0000000000,0.0000000000
0.0200000000,0.3377844312,0.2319437702,0.5711212098,-0.0300942855,-0.0567779501,0.0370609378,0.2580270446,-0.2344389308,0.5398831884,0.0203454819,-0.0160140874,0.0061968128,0.0201329766,0.0000000000,0.5214482558,-0.0000000000,0.0872664626,-0.0000000000,0.0000000000,1.0000000000,0.0000000000,0.0000000000,0.0000000000,0.0000000000
0.0200000000,0.3382932120,0.2317455551,0.5712443373,-0.0304647014,-0.0564450247,0.0371618175,0.2580270446,-0.2344389308,0.5398831884,0.0203454819,-0.0160140874,0.0061968128,0.0201329766,0.0000000000,0.5214482558,-0.0000000000,0.0872664626,-0.0000000000,0.0000000000,1.0000000000,0.0000000000,0.0000000000,0.0000000000,0.0000000000
0.0200000000,0.3388059427,0.2315458655,0.5713691474,-0.0308379202,-0.0561083928,0.0372636279,0.2580270446,-0.2344389308,0.5398831884,0.0203454819,-0.0160140874,0.0061968128,0.0201329766,0.0000000000,0.5214482558,-0.0000000000,0.0872664626,-0.0000000000,0.0000000000,1.0000000000,0.0000000000,0.0000000000,0.0000000000,0.0000000000
0.0200000000,0.3393423021,0.2313376545,0.5715017897,-0.0312270485,-0.0557608019,0.0373700456,0.2580270446,-0.2344389308,0.5398831884,0.0203454819,-0.0160140874,0.0061968128,0.0201329766,0.0000000000,0.5214482558,-0.0000000000,0.0872664626,-0.0000000000,0.0000000000,1.0000000000,0.0000000000,0.0000000000,0.0000000000,0.0000000000
0.0200000000,0.3399444363,0.2311057070,0.5716555603,-0.0316607258,-0.0553867431,0.0374889928,0.2580270446,-0.2344389308,0.5398831884,0.0203454819,-0.0160140874,0.0061968128,0.0201329766,0.0000000000,0.5214482558,-0.0000000000,0.0872664626,-0.0000000000,0.0000000000,1.0000000000,0.0000000000,0.0000000000,0.0000000000,0.0000000000
0.0200000000,0.3406565134,0.2308338291,0.5718444763,-0.0321710922,-0.0549699210,0.0376297794,0.2580270446,-0.2344389308,0.5398831884,0.0203454819,-0.0160140874,0.0061968128,0.0201329766,0.0000000000,0.5214482558,-0.0000000000,0.0872664626,-0.0000000000,0.0000000000,1.0000000000,0.0000000000,0.0000000000,0.0000000000,0.0000000000
0.0200000000,0.3414609764,0.2305278875,0.5720634802,-0.0327496999,-0.0545174833,0.0377903231,0.2580270446,-0.2344389308,0.5398831884,0.0203454819,-0.0160140874,0.0061968128,0.0201329766,0.0000000000,0.5214482558,-0.0000000000,0.0872664626,-0.0000000000,0.0000000000,1.0000000000,0.0000000000,0.0000000000,0.0000000000,0.0000000000
0.0200000000,0.3423018422,0.2302078969,0.5722968143,-0.0333597454,-0.0540571020,0.0379589075,0.2580270446,-0.2344389308,0.5398831884,0.0203454819,-0.0160140874,0.0061968128,0.0201329766,0.0000000000,0.5214482558,-0.0000000000,0.0872664626,-0.0000000000,0.0000000000,1.0000000000,0.0000000000,0.0000000000,0.0000000000,0.0000000000
0.0200000000,0.3431408690,0.2298876818,0.5725374552,-0.0339761564,-0.0536265188,0.0381241744,0.2580270446,-0.2344389308,0.5398831884,0.0203454819,-0.0160140874,0.0061968128,0.0201329766,0.0000000000,0.5214482558,-0.0000000000,0.0872664626,-0.0000000000,0.0000000000,1.0000000000,0.0000000000,0.0000000000,0.0000000000,0.0000000000
0.0200000000,0.3439561385,0.2295751194,0.5727858862,-0.0345857870,-0.0532700490,0.0382758213,0.2580270446,-0.2344389308,0.5398831884,0.0203454819,-0.0160140874,0.0061968128,0.0201329766,0.0000000000,0.5214482558,-0.0000000000,0.0872664626,-0.0000000000,0.0000000000,1.0000000000,0.0000000000,0.0000000000,0.0000000000,0.0000000000
0.0200000000,0.3447380235,0.2292738463,0.5730437959,-0.0351826483,-0.0530148831,0.0384081795,0.2580270446,-0.2344389308,0.5398831884,0.0203454819,-0.0160140874,0.0061968128,0.0201329766,0.0000000000,0.5214482558,-0.0000000000,0.0872664626,-0.0000000000,0.0000000000,1.0000000000,0.0000000000,0.0000000000,0.0000000000,0.0000000000
0.0200000000,0.3454956227,0.2289809858,0.5733094349,-0.0357688289,-0.0528341754,0.0385257080,0.2580270446,-0.2344389308,0.5398831884,0.0203454819,-0.0160140874,0.0061968128,0.0201329766,0.0000000000,0.5214482558,-0.0000000000,0.0872664626,-0.0000000000,0.0000000000,1.0000000000,0.0000000000,0.0000000000,0.0000000000,0.0000000000
0.0200000000,0.3462405482,0.2286926660,0.5735837262,-0.0363504237,-0.0527098571,0.0386330067,0.2580270446,-0.2344389308,0.5398831884,0.0203454819,-0.0160140874,0.0061968128,0.0201329766,0.0000000000,0.5214482558,-0.0000000000,0.0872664626,-0.0000000000,0.0000000000,1.0000000000,0.0000000000,0.0000000000,0.0000000000,0.0000000000
0.0200000000,0.3469717833,0.2284095917,0.5738761133,-0.0369316227,-0.0526916896,0.0387250404,0.2580270446,-0.2344389308,0.5398831884,0.0203454819,-0.0160140874,0.0061968128,0.0201329766,0.0000000000,0.5214482558,-0.0000000000,0.0872664626,-0.0000000000,0.0000000000,1.0000000000,0.0000000000,0.0000000000,0.0000000000,0.0000000000
0.0200000000,0.3476829137,0.2281344467,0.5741976763,-0.0375136846,-0.0528477716,0.0387931498,0.2580270446,-0.2344389308,0.5398831884,0.0203454819,-0.0160140874,0.0061968128,0.0201329766,0.0000000000,0.5214482558,-0.0000000000,0.0872664626,-0.0000000000,0.0000000000,1.0000000000,0.0000000000,0.0000000000,0.0000000000,0.0000000000
0.0200000000,0.3483695745,0.2278686002,0.5745499650,-0.0380942950,-0.0531942051,0.0388335381,0.2580270446,-0.2344389308,0.5398831884,0.0203454819,-0.0160140874,0.0061968128,0.0201329766,0.0000000000,0.5214482558,-0.0000000000,0.0872664626,-0.0000000000,0.0000000000,1.0000000000,0.0000000000,0.0000000000,0.0000000000,0.0000000000
0.0200000000,0.3490233440,0.2276123311,0.5749210411,-0.0386671981,-0.0536895322,0.0388444685,0.2580270446,-0.2344389308,0.5398831884,0.0203454819,-0.0160140874,0.0061968128,0.0201329766,0.0000000000,0.5214482558,-0.0000000000,0.0872664626,-0.0000000000,0.0000000000,1.0000000000,0.0000000000,0.0000000000,0.0000000000,0.0000000000
0.0200000000,0.3496214176,0.2273694243,0.5753030175,-0.0392241476,-0.0543433782,0.0388132950,0.2580270446,-0.2344389308,0.5398831884,0.0203454819,-0.0160140874,0.0061968128,0.0201329766,0.0000000000,0.5214482558,-0.0000000000,0.0872664626,-0.0000000000,0.0000000000,1.0000000000,0.0000000000,0.0000000000,0.0000000000,0.0000000000
0.0200000000,0.3501441439,0.2271441784,0.5756949535,-0.0397582123,-0.0551929876,0.0387268055,0.2580270446,-0.2344389308,0.5398831884,0.0203454819,-0.0160140874,0.0061968128,0.0201329766,0.0000000000,0.5214482558,-0.0000000000,0.0872664626,-0.0000000000,0.0000000000,1.0000000000,0.0000000000,0.0000000000,0.0000000000,0.0000000000
0.0200000000,0.3505983801,0.2269351937,0.5760948060,-0.0402688282,-0.0562144774,0.0385899683,0.2580270446,-0.2344389308,0.5398831884,0.0203454819,-0.0160140874,0.0061968128,0.0201329766,0.0000000000,0.5214482558,-0.0000000000,0.0872664626,-0.0000000000,0.0000000000,1.0000000000,0.0000000000,0.0000000000,0.0000000000,0.0000000000
0.0200000000,0.3509956942,0.2267399117,0.5764965417,-0.0407562892,-0.0573551747,0.0384139064,0.2580270446,-0.2344389308,0.5398831884,0.0203454819,-0.0160140874,0.0061968128,0.0201329766,0.0000000000,0.5214482558,-0.0000000000,0.0872664626,-0.0000000000,0.0000000000,1.0000000000,0.0000000000,0.0000000000,0.0000000000,0.0000000000
0.0200000000,0.3513234171,0.2265612394,0.5768916090,-0.0412141529,-0.0586025817,0.0381964613,0.2580270446,-0.2344389308,0.5398831884,0.0203454819,-0.0160140874,0.0061968128,0.0201329766,0.0000000000,0.5214482558,-0.0000000000,0.0872664626,-0.0000000000,0.0000000000,1.0000000000,0.0000000000,0.0000000000,0.0000000000,0.0000000000
0.0200000000,0.3515663201,0.2264028098,0.5772757399,-0.0416356980,-0.0599695778,0.0379305226,0.2580270446,-0.2344389308,0.5398831884,0.0203454819,-0.0160140874,0.0061968128,0.0201329766,0.0000000000,0.5214482558,-0.0000000000,0.0872664626,-0.0000000000,0.0000000000,1.0000000000,0.0000000000,0.0000000000,0.0000000000,0.0000000000
0.0200000000,0.3517361842,0.2262620126,0.5776503184,-0.0420239154,-0.0614381423,0.0376221997,0.2580270446,-0.2344389308,0.5398831884,0.0203454819,-0.0160140874,0.0061968128,0.0201329766,0.0000000000,0.5214482558,-0.0000000000,0.0872664626,-0.0000000000,0.0000000000,1.0000000000,0.0000000000,0.0000000000,0.0000000000,0.0000000000
0.0200000000,0.3518665922,0.2261307616,0.5780203188,-0.0423920749,-0.0629621493,0.0372896302,0.2580270446,-0.2344389308,0.5398831884,0.0203454819,-0.0160140874,0.0061968128,0.0201329766,0.0000000000,0.5214482558,-0.0000000000,0.0872664626,-0.0000000000,0.0000000000,1.0000000000,0.0000000000,0.0000000000,0.0000000000,0.0000000000
0.0200000000,0.3519790631,0.2260017437,0.5783929024,-0.0427553891,-0.0645327088,0.0369390724,0.2580270446,-0.2344389308,0.5398831884,0.0203454819,-0.0160140874,0.0061968128,0.0201329766,0.0000000000,0.5214482558,-0.0000000000,0.0872664626,-0.0000000000,0.0000000000,1.0000000000,0.0000000000,0.0000000000,0.0000000000,0.0000000000
0.0200000000,0.3520653147,0.2258700182,0.5787807733,-0.0431294586,-0.0662310142,0.0365455761,0.2580270446,-0.2344389308,0.5398831884,0.0203454819,-0.0160140874,0.0061968128,0.0201329766,0.0000000000,0.5214482558,-0.0000000000,0.0872664626,-0.0000000000,0.0000000000,1.0000000000,0.0000000000,0.0000000000,0.0000000000,0.0000000000
0.0200000000,0.3521064240,0.2257329292,0.5791962433,-0.0435246009,-0.0681568268,0.0360759700,0.2580270446,-0.2344389308,0.5398831884,0.0203454819,-0.0160140874,0.0061968128,0.0201329766,0.0000000000,0.5214482558,-0.0000000000,0.0872664626,-0.0000000000,0.0000000000,1.0000000000,0.0000000000,0.0000000000,0.0000000000,0.0000000000
0.0200000000,0.3520990456,0.2255901908,0.5796415601,-0.0439407467,-0.0703264424,0.0355239634,0.2580270446,-0.2344389308,0.5398831884,0.0203454819,-0.0160140874,0.0061968128,0.0201329766,0.0000000000,0.5214482558,-0.0000000000,0.0872664626,-0.0000000000,0.0000000000,1.0000000000,0.0000000000,0.0000000000,0.0000000000,0.0000000000
0.0200000000,0.3520594812,0.2254434383,0.5801074530,-0.0443694159,-0.0726592260,0.0349158030,0.2580270446,-0.2344389308,0.5398831884,0.0203454819,-0.0160140874,0.0061968128,0.0201329766,0.0000000000,0.5214482558,-0.0000000000,0.0872664626,-0.0000000000,0.0000000000,1.0000000000,0.0000000000,0.0000000000,0.0000000000,0.0000000000
0.0200000000,0.3519977565,0.2252914149,0.5805899630,-0.0448109193,-0.0751156141,0.0342631238,0.2580270446,-0.2344389308,0.5398831884,0.0203454819,-0.0160140874,0.0061968128,0.0201329766,0.0000000000,0.5214482558,-0.0000000000,0.0872664626,-0.0000000000,0.0000000000,1.0000000000,0.0000000000,0.0000000000,0.0000000000,0.0000000000
0.0200000000,0.3518966521,0.2251261342,0.5811041569,-0.0452862707,-0.0778066391,0.0335239785,0.2580270446,-0.2344389308,0.5398831884,0.0203454819,-0.0160140874,0.0061968128,0.0201329766,0.0000000000,0.5214482558,-0.0000000000,0.0872664626,-0.0000000000,0.0000000000,1.0000000000,0.0000000000,0.0000000000,0.0000000000,0.0000000000
0.0200000000,0.3517340626,0.2249400560,0.5816675145,-0.0458150398,-0.0808626780,0.0326495653,0.2580270446,-0.2344389308,0.5398831884,0.0203454819,-0.0160140874,0.0061968128,0.0201329766,0.0000000000,0.5214482558,-0.0000000000,0.0872664626,-0.0000000000,0.0000000000,1.0000000000,0.0000000000,0.0000000000,0.0000000000,0.0000000000
0.0200000000,0.3515101282,0.2247333481,0.5822798299,-0.0463946977,-0.0842795335,0.0316400591,0.2580270446,-0.2344389308,0.5398831884,0.0203454819,-0.0160140874,0.0061968128,0.0201329766,0.0000000000,0.5214482558,-0.0000000000,0.0872664626,-0.0000000000,0.0000000000,1.0000000000,0.0000000000,0.0000000000,0.0000000000,0.0000000000
0.0200000000,0.3512461700,0.2245136492,0.5829210995,-0.0470026504,-0.0879138185,0.0305452538,0.2580270446,-0.2344389308,0.5398831884,0.0203454819,-0.0160140874,0.0061968128,0.0201329766,0.0000000000,0.5214482558,-0.0000000000,0.0872664626,-0.0000000000,0.0000000000,1.0000000000,0.0000000000,0.0000000000,0.0000000000,0.0000000000
0.0200000000,0.3509560641,0.2242877095,0.5835680259,-0.0476183599,-0.0916247232,0.0294076379,0.2580270446,-0.2344389308,0.5398831884,0.0203454819,-0.0160140874,0.0061968128,0.0201329766,0.0000000000,0.5214482558,-0.0000000000,0.0872664626,-0.0000000000,0.0000000000,1.0000000000,0.0000000000,0.0000000000,0.0000000000,0.0000000000
0.0200000000,0.3506387171,0.2240579239,0.5842069734,-0.0482339129,-0.0953505116,0.0282395533,0.2580270446,-0.2344389308,0.5398831884,0.0203454819,-0.0160140874,0.0061968128,0.0201329766,0.0000000000,0.5214482558,-0.0000000000,0.0872664626,-0.0000000000,0.0000000000,1.0000000000,0.0000000000,0.0000000000,0.0000000000,0.0000000000
0.0200000000,0.3502967477,0.2238249607,0.5848369133,-0.0488485891,-0.0990811523,0.0270461820,0.2580270446,-0.2344389308,0.5398831884,0.0203454819,-0.0160140874,0.0061968128,0.0201329766,0.0000000000,0.5214482558,-0.0000000000,0.0872664626,-0.0000000000,0.0000000000,1.0000000000,0.0000000000,0.0000000000,0.0000000000,0.0000000000
0.0200000000,0.3499412601,0.2235902608,0.5854595189,-0.0494606599,-0.1028014861,0.0258415308,0.2580270446,-0.2344389308,0.5398831884,0.0203454819,-0.0160140874,0.0061968128,0.0201329766,0.0000000000,0.5214482558,-0.0000000000,0.0872664626,-0.0000000000,0.0000000000,1.0000000000,0.0000000000,0.0000000000,0.0000000000,0.0000000000
0.0200000000,0.3495859184,0.2233573152,0.5860680475,-0.0500615542,-0.1064504665,0.0246509012,0.2580270446,-0.2344389308,0.5398831884,0.0203454819,-0.0160140874,0.0061968128,0.0201329766,0.0000000000,0.5214482558,-0.0000000000,0.0872664626,-0.0000000000,0.0000000000,1.0000000000,0.0000000000,0.0000000000,0.0000000000,0.0000000000
0.0200000000,0.3492436767,0.2231329401,0.5866372564,-0.0506300058,-0.1098796509,0.0235152529,0.2580270446,-0.2344389308,0.5398831884,0.0203454819,-0.0160140874,0.0061968128,0.0201329766,0.0000000000,0.5214482558,-0.0000000000,0.0872664626,-0.0000000000,0.0000000000,1.0000000000,0.0000000000,0.0000000000,0.0000000000,0.0000000000
0.0200000000,0.3489207116,0.2229216856,0.5871484847,-0.0511525662,-0.1129875587,0.0224605087,0.2580270446,-0.2344389308,0.5398831884,0.0203454819,-0.0160140874,0.0061968128,0.0201329766,0.0000000000,0.5214482558,-0.0000000000,0.0872664626,-0.0000000000,0.0000000000,1.0000000000,0.0000000000,0.0000000000,0.0000000000,0.0000000000
0.0200000000,0.3486127149,0.2227203935,0.5876148303,-0.0516415627,-0.1158482363,0.0214691142,0.2580270446,-0.2344389308,0.5398831884,0.0203454819,-0.0160140874,0.0061968128,0.0201329766,0.0000000000,0.5214482558,-0.0000000000,0.0872664626,-0.0000000000,0.0000000000,1.0000000000,0.0000000000,0.0000000000,0.0000000000,0.0000000000
0.0200000000,0.3483127712,0.2225236016,0.5880593603,-0.0521157262,-0.1185881240,0.0205103411,0.2580270446,-0.2344389308,0.5398831884,0.0203454819,-0.0160140874,0.0061968128,0.0201329766,0.0000000000,0.5214482558,-0.0000000000,0.0872664626,-0.0000000000,0.0000000000,1.0000000000,0.0000000000,0.0000000000,0.0000000000,0.0000000000
0.0200000000,0.3480161089,0.2223276394,0.5884980933,-0.0525867354,-0.1212937643,0.0195625602,0.2580270519,-0.2344389223,0.5398831906,0.0203454969,-0.0160140943,0.0061968254,0.0201329766,0.0000000000,0.5214482558,-0.0000000000,0.0872664626,-0.0000000000,0.0000000000,1.0000000000,0.0000000000,0.0000000000,0.0000000000,0.0000000000
0.0200000000,0.3477215491,0.2221314242,0.5889355153,-0.0530571096,-0.1239884549,0.0186192671,0.2580269381,-0.2344390549,0.5398831556,0.0203452631,-0.0160139869,0.0061966280,0.0201329766,0.0000000000,0.5214482558,-0.0000000000,0.0872664626,-0.0000000000,0.0000000000,1.0000000000,0.0000000000,0.0000000000,0.0000000000,0.0000000000
0.0200000000,0.3474298701,0.2219354621,0.5893679844,-0.0535240208,-0.1266523331,0.0176837951,0.2580255133,-0.2344407142,0.5398827170,0.0203423367,-0.0160126431,0.0061941569,0.0201329766,0.0000000000,0.5214482558,-0.0000000000,0.0872664626,-0.0000000000,0.0000000000,1.0000000000,0.0000000000,0.0000000000,0.0000000000,0.0000000000
0.0200000000,0.3471425563,0.2217407804,0.5897884941,-0.0539830222,-0.1292481973,0.0167633241,0.2580205546,-0.2344464890,0.5398811906,0.0203321512,-0.0160079660,0.0061855564,0.0201329766,0.0000000000,0.5214482558,-0.0000000000,0.0872664626,-0.0000000000,0.0000000000,1.0000000000,0.0000000000,0.0000000000,0.0000000000,0.0000000000
0.0200000000,0.3468606273,0.2215479717,0.5901926049,-0.0544317482,-0.1317527691,0.0158625210,0.2580117406,-0.2344567534,0.5398784781,0.0203140464,-0.0159996534,0.0061702707,0.0201329766,0.0000000000,0.5214482558,-0.0000000000,0.0872664626,-0.0000000000,0.0000000000,1.0000000000,0.0000000000,0.0000000000,0.0000000000,0.0000000000
0.0200000000,0.3465833688,0.2213566388,0.5905829670,-0.0548724378,-0.1341808353,0.0149786323,0.2580027661,-0.2344672046,0.5398757168,0.0202956106,-0.0159911902,0.0061547080,0.0201329766,0.0000000000,0.5214482558,-0.0000000000,0.0872664626,-0.0000000000,0.0000000000,1.0000000000,0.0000000000,0.0000000000,0.0000000000,0.0000000000
0.0200000000,0.3463092304,0.2211657978,0.5909663629,-0.0553095371,-0.1365687696,0.0141045384,0.2579979139,-0.2344728550,0.5398742242,0.0202856426,-0.0159866149,0.0061462945,0.0201329766,0.0000000000,0.5214482558,-0.0000000000,0.0872664626,-0.0000000000,0.0000000000,1.0000000000,0.0000000000,0.0000000000,0.0000000000,0.0000000000
0.0200000000,0.3460367787,0.2209747431,0.5913483813,-0.0557461191,-0.1389462919,0.0132341396,0.2579966296,-0.2344743505,0.5398738292,0.0202830042,-0.0159854039,0.0061440677,0.0201329766,0.0000000000,0.5214482558,-0.0000000000,0.0872664626,-0.0000000000,0.0000000000,1.0000000000,0.0000000000,0.0000000000,0.0000000000,0.0000000000
0.0200000000,0.3457652543,0.2207831207,0.5917309126,-0.0561832393,-0.1413237402,0.0123647236,0.2579964748,-0.2344745305,0.5398737811,0.0202826862,-0.0159852554,0.0061438000,0.0201329766,0.0000000000,0.5214482558,-0.0000000000,0.0872664626,-0.0000000000,0.0000000000,1.0000000000,0.0000000000,0.0000000000,0.0000000000,0.0000000000
0.0200000000,0.3454919252,0.2205883911,0.5921177469,-0.0566262583,-0.1437248816,0.0114864412,0.2579964455,-0.2344745665,0.5398737749,0.0202826265,-0.0159852438,0.0061437453,0.0201329766,0.0000000000,0.5214482558,-0.0000000000,0.0872664626,-0.0000000000,0.0000000000,1.0000000000,0.0000000000,0.0000000000,0.0000000000,0.0000000000
0.0200000000,0.3452061920,0.2203806063,0.5925231994,-0.0570963153,-0.1462401180,0.0105614784,0.2579957789,-0.2344753861,0.5398736352,0.0202812691,-0.0159849889,0.0061424995,0.0201329766,0.0000000000,0.5214482558,-0.0000000000,0.0872664626,-0.0000000000,0.0000000000,1.0000000000,0.0000000000,0.0000000000,0.0000000000,0.0000000000
0.0200000000,0.3448850834,0.2201379887,0.5929787208,-0.0576390822,-0.1490665349,0.0095072195,0.2579919728,-0.2344800654,0.5398728371,0.0202735186,-0.0159835309,0.0061353874,0.0201329766,0.0000000000,0.5214482558,-0.0000000000,0.0872664626,-0.0000000000,0.0000000000,1.0000000000,0.0000000000,0.0000000000,0.0000000000,0.0000000000
0.0200000000,0.3445171169,0.2198496912,0.5935003808,-0.0582761936,-0.1523020088,0.0082822511,0.2579832063,-0.2344908447,0.5398709999,0.0202556636,-0.0159801760,0.0061190042,0.0201329766,0.0000000000,0.5214482558,-0.0000000000,0.0872664626,-0.0000000000,0.0000000000,1.0000000000,0.0000000000,0.0000000000,0.0000000000,0.0000000000
0.0200000000,0.3441181690,0.2195302439,0.5940672335,-0.0589755320,-0.1558114232,0.0069423578,0.2579725022,-0.2345040826,0.5398687787,0.0202337412,-0.0159762013,0.0060988520,0.0201329766,0.0000000000,0.5214482558,-0.0000000000,0.0872664626,-0.0000000000,0.0000000000,1.0000000000,0.0000000000,0.0000000000,0.0000000000,0.0000000000
0.0200000000,0.3437145715,0.2192025641,0.5946437328,-0.0596872687,-0.1593705302,0.0055780562,0.2579632989,-0.2345158836,0.5398669866,0.0202142369,-0.0159734446,0.0060807040,0.0201329766,0.0000000000,0.5214482558,-0.0000000000,0.0872664626,-0.0000000000,0.0000000000,1.0000000000,0.0000000000,0.0000000000,0.0000000000,0.0000000000
0.0200000000,0.3433365192,0.2188911711,0.5951874996,-0.0603575819,-0.1627160801,0.0042902671,0.2579547689,-0.2345277245,0.5398655770,0.0201947484,-0.0159723084,0.0060621116,0.0201329766,0.0000000000,0.5214482558,-0.0000000000,0.0872664626,-0.0000000000,0.0000000000,1.0000000000,0.0000000000,0.0000000000,0.0000000000,0.0000000000
0.0200000000,0.3430172048,0.2186212107,0.5956509389,-0.0609306721,-0.1655552331,0.0031866635,0.2579453960,-0.2345414159,0.5398642274,0.0201722746,-0.0159721800,0.0060403564,0.0201329766,0.0000000000,0.5214482558,-0.0000000000,0.0872664626,-0.0000000000,0.0000000000,1.0000000000,0.0000000000,0.0000000000,0.0000000000,0.0000000000
0.0200000000,0.3427614562,0.2183965963,0.5960258916,-0.0614006938,-0.1678430809,0.0022847578,0.2579376437,-0.2345537625,0.5398634957,0.0201521293,-0.0159742108,0.0060204444,0.0201329766,0.0000000000,0.5214482558,-0.0000000000,0.0872664626,-0.0000000000,0.0000000000,1.0000000000,0.0000000000,0.0000000000,0.0000000000,0.0000000000
0.0200000000,0.3425440586,0.2181989620,0.5963473809,-0.0618117800,-0.1698008247,0.0015054270,0.2579324236,-0.2345649332,0.5398640966,0.0201342258,-0.0159816578,0.0060016927,0.0201329766,0.0000000000,0.5214482558,-0.0000000000,0.0872664626,-0.0000000000,0.0000000000,1.0000000000,0.0000000000,0.0000000000,0.0000000000,0.0000000000
0.0200000000,0.3423418547,0.2180114004,0.5966482091,-0.0622023785,-0.1716320930,0.0007746995,0.2579281557,-0.2345774979,0.5398659016,0.0201143769,-0.0159950493,0.0059799428,0.0201329766,0.0000000000,0.5214482558,-0.0000000000,0.0872664626,-0.0000000000,0.0000000000,1.0000000000,0.0000000000,0.0000000000,0.0000000000,0.0000000000
0.0200000000,0.3421433157,0.2178256447,0.5969448431,-0.0625899571,-0.1734373100,0.0000551899,0.2579243099,-0.2345899927,0.5398679730,0.0200947090,-0.0160095905,0.0059581465,0.0201329766,0.0000000000,0.5214482558,-0.0000000000,0.0872664626,-0.0000000000,0.0000000000,1.0000000000,0.0000000000,0.0000000000,0.0000000000,0.0000000000
0.0200000000,0.3419457088,0.2176396383,0.5972414587,-0.0629779492,-0.1752407348,-0.0006628233,0.2579210749,-0.2346007124,0.5398697733,0.0200778443,-0.0160221519,0.0059393948,0.0201329766,0.0000000000,0.5214482558,-0.0000000000,0.0872664626,-0.0000000000,0.0000000000,1.0000000000,0.0000000000,0.0000000000,0.0000000000,0.0000000000
0.0200000000,0.3417483100,0.2174517734,0.5975399095,-0.0633689819,-0.1770520697,-0.0013844047,0.2579175242,-0.2346129762,0.5398719092,0.0200585983,-0.0160368480,0.0059178254,0.0201329766,0.0000000000,0.5214482558,-0.0000000000,0.0872664626,-0.0000000000,0.0000000000,1.0000000000,0.0000000000,0.0000000000,0.0000000000,0.0000000000
0.0200000000,0.3415493846,0.2172568021,0.5978454697,-0.0637728620,-0.1788994908,-0.0021240658,0.2579137944,-0.2346282212,0.5398750552,0.0200349486,-0.0160573577,0.0058906091,0.0201329766,0.0000000000,0.5214482558,-0.0000000000,0.0872664626,-0.0000000000,0.0000000000,1.0000000000,0.0000000000,0.0000000000,0.0000000000,0.0000000000
0.0200000000,0.3413462131,0.2170461015,0.5981667797,-0.0642057352,-0.1808289599,-0.0029053498,0.2579111544,-0.2346461782,0.5398800471,0.0200077930,-0.0160874056,0.0058575559,0.0201329766,0.0000000000,0.5214482558,-0.0000000000,0.0872664626,-0.0000000000,0.0000000000,1.0000000000,0.0000000000,0.0000000000,0.0000000000,0.0000000000
0.0200000000,0.3411370907,0.2168142054,0.5985093506,-0.0646778407,-0.1828694222,-0.0037429715,0.2579102160,-0.2346681419,0.5398878364,0.0199754342,-0.0161318483,0.0058158855,0.0201329766,0.0000000000,0.5214482558,-0.0000000000,0.0872664626,-0.0000000000,0.0000000000,1.0000000000,0.0000000000,0.0000000000,0.0000000000,0.0000000000
0.0200000000,0.3409230805,0.2165637712,0.5988705330,-0.0651840041,-0.1850058506,-0.0046291853,0.2579109151,-0.2346944548,0.5398985102,0.0199372177,-0.0161911752,0.0057650932,0.0201329766,0.0000000000,0.5214482558,-0.0000000000,0.0872664626,-0.0000000000,0.0000000000,1.0000000000,0.0000000000,0.0000000000,0.0000000000,0.0000000000
0.0200000000,0.3407076045,0.2163045680,0.5992404539,-0.0657057509,-0.1871848699,-0.0055368073,0.2579129239,-0.2347226222,0.5399108494,0.0198966187,-0.0162587879,0.0057101634,0.0201329766,0.0000000000,0.5214482558,-0.0000000000,0.0872664626,-0.0000000000,0.0000000000,1.0000000000,0.0000000000,0.0000000000,0.0000000000,0.0000000000
0.0200000000,0.3404931191,0.2160392547,0.5996157961,-0.0662376879,-0.1893859894,-0.0064566463,0.2579163027,-0.2347524577,0.5399247617,0.0198540528,-0.0163341916,0.0056512352,0.0201329766,0.0000000000,0.5214482558,-0.0000000000,0.0872664626,-0.0000000000,0.0000000000,1.0000000000,0.0000000000,0.0000000000,0.0000000000,0.0000000000
0.0200000000,0.3402814244,0.2157605706,0.6000022071,-0.0667924475,-0.1916317787,-0.0074034504,0.2579222411,-0.2347875061,0.5399423573,0.0198048157,-0.0164283759,0.0055806796,0.0201329766,0.0000000000,0.5214482558,-0.0000000000,0.0872664626,-0.0000000000,0.0000000000,1.0000000000,0.0000000000,0.0000000000,0.0000000000,0.0000000000
0.0200000000,0.3400740265,0.2154594160,0.6004070698,-0.0673863056,-0.1939532725,-0.0083962234,0.2579322568,-0.2348316170,0.5399661111,0.0197435239,-0.0165539932,0.0054904293,0.0201329766,0.0000000000,0.5214482558,-0.0000000000,0.0872664626,-0.0000000000,0.0000000000,1.0000000000,0.0000000000,0.0000000000,0.0000000000,0.0000000000
0.0200000000,0.3398735663,0.2151330779,0.6008318956,-0.0680239102,-0.1963516962,-0.0094374897,0.2579471394,-0.2348850201,0.5399966519,0.0196695924,-0.0167137832,0.0053800528,0.0201329766,0.0000000000,0.5214482558,-0.0000000000,0.0872664626,-0.0000000000,0.0000000000,1.0000000000,0.0000000000,0.0000000000,0.0000000000,0.0000000000
0.0200000000,0.3396878930,0.2147877033,0.6012688556,-0.0686928198,-0.1987737386,-0.0105032343,0.2579677304,-0.2349455504,0.5400338158,0.0195867284,-0.0169062254,0.0052531124,0.0201329766,0.0000000000,0.5214482558,-0.0000000000,0.0872664626,-0.0000000000,0.0000000000,1.0000000000,0.0000000000,0.0000000000,0.0000000000,0.0000000000
0.0200000000,0.3395308097,0.2144255286,0.6017114596,-0.0693865925,-0.2011599244,-0.0115714357,0.2579969945,-0.2350157421,0.5400806651,0.0194931426,-0.0171465101,0.0051023209,0.0201329766,0.0000000000,0.5214482558,-0.0000000000,0.0872664626,-0.0000000000,0.0000000000,1.0000000000,0.0000000000,0.0000000000,0.0000000000,0.0000000000
0.0200000000,0.3394176078,0.2140494830,0.6021516405,-0.0700979087,-0.2034406491,-0.0126159201,0.2580376860,-0.2350992235,0.5401401243,0.0193847357,-0.0174491417,0.0049184732,0.0201329766,0.0000000000,0.5214482558,-0.0000000000,0.0872664626,-0.0000000000,0.0000000000,1.0000000000,0.0000000000,0.0000000000,0.0000000000,0.0000000000
0.0200000000,0.3393621617,0.2136737165,0.6025714921,-0.0707999204,-0.2055038609,-0.0135858282,0.2580897196,-0.2351955473,0.5402108279,0.0192611321,-0.0178065818,0.0047019776,0.0201329766,0.0000000000,0.5214482558,-0.0000000000,0.0872664626,-0.0000000000,0.0000000000,1.0000000000,0.0000000000,0.0000000000,0.0000000000,0.0000000000
0.0200000000,0.3393842422,0.2133206801,0.6029447718,-0.0714503934,-0.2071871437,-0.0144046834,0.2581521853,-0.2353025599,0.5402891093,0.0191230347,-0.0181990546,0.0044566684,0.0201329766,0.0000000000,0.5214482558,-0.0000000000,0.0872664626,-0.0000000000,0.0000000000,1.0000000000,0.0000000000,0.0000000000,0.0000000000,0.0000000000
0.0200000000,0.3394933754,0.2130035256,0.6032607192,-0.0720266117,-0.2084223834,-0.0150323881,0.2582236328,-0.2354182559,0.5403707944,0.0189707048,-0.0186044138,0.0041862017,0.0201329766,0.0000000000,0.5214482558,-0.0000000000,0.0872664626,-0.0000000000,0.0000000000,1.0000000000,0.0000000000,0.0000000000,0.0000000000,0.0000000000
0.0200000000,0.3396931625,0.2127256529,0.6035216941,-0.0725247534,-0.2092145970,-0.0154599848,0.2583031447,-0.2355421668,0.5404526368,0.0188025538,-0.0190053934,0.0038907556,0.0201329766,0.0000000000,0.5214482558,-0.0000000000,0.0872664626,-0.0000000000,0.0000000000,1.0000000000,0.0000000000,0.0000000000,0.0000000000,0.0000000000
0.0200000000,0.3399896354,0.2124926801,0.6037273673,-0.0729367520,-0.2095508461,-0.0156702333,0.2583897223,-0.2356739195,0.5405307648,0.0186163738,-0.0193813778,0.0035700289,0.0201329766,0.0000000000,0.5214482558,-0.0000000000,0.0872664626,-0.0000000000,0.0000000000,1.0000000000,0.0000000000,0.0000000000,0.0000000000,0.0000000000
0.0200000000,0.3403787206,0.2123121039,0.6038775283,-0.0732525303,-0.2094398199,-0.0156529620,0.2584800773,-0.2358104283,0.5405990773,0.0184132821,-0.0197009330,0.0032305710,0.0201329766,0.0000000000,0.5214482558,-0.0000000000,0.0872664626,-0.0000000000,0.0000000000,1.0000000000,0.0000000000,0.0000000000,0.0000000000,0.0000000000
0.0200000000,0.3408445791,0.2121961064,0.6039713671,-0.0734556646,-0.2089129347,-0.0154012687,0.2585675975,-0.2359445554,0.5406476261,0.0181988967,-0.0199136016,0.0028888256,0.0201329766,0.0000000000,0.5214482558,-0.0000000000,0.0872664626,-0.0000000000,0.0000000000,1.0000000000,0.0000000000,0.0000000000,0.0000000000,0.0000000000
0.0200000000,0.3413558053,0.2121444014,0.6040193382,-0.0735503433,-0.2080845114,-0.0149553108,0.2586465955,-0.2360704112,0.5406705023,0.0179798495,-0.0199906181,0.0025596467,0.0201329766,0.0000000000,0.5214482558,-0.0000000000,0.0872664626,-0.0000000000,0.0000000000,1.0000000000,0.0000000000,0.0000000000,0.0000000000,0.0000000000
0.0200000000,0.3418979377,0.2121483357,0.6040342836,-0.0735519370,-0.2070428848,-0.0143547111,0.2587175067,-0.2361905027,0.5406683957,0.0177526327,-0.0199357912,0.0022372216,0.0201329766,0.0000000000,0.5214482558,-0.0000000000,0.0872664626,-0.0000000000,0.0000000000,1.0000000000,0.0000000000,0.0000000000,0.0000000000,0.0000000000
0.0200000000,0.3424805613,0.2122047622,0.6040244978,-0.0734660015,-0.2058059278,-0.0135999421,0.2587842583,-0.2363138062,0.5406412299,0.0175015652,-0.0197467616,0.0018978471,0.0201329766,0.0000000000,0.5214482558,-0.0000000000,0.0872664626,-0.0000000000,0.0000000000,1.0000000000,0.0000000000,0.0000000000,0.0000000000,0.0000000000
0.0200000000,0.3431261324,0.2123180180,0.6039952184,-0.0732868790,-0.2043515710,-0.0126610168,0.2588518068,-0.2364537704,0.5405840068,0.0171994355,-0.0193937883,0.0015043117,0.0201329766,0.0000000000,0.5214482558,-0.0000000000,0.0872664626,-0.0000000000,0.0000000000,1.0000000000,0.0000000000,0.0000000000,0.0000000000,0.0000000000
0.0200000000,0.3438534264,0.2124997639,0.6039473444,-0.0729980784,-0.2026465292,-0.0114953244,0.2589246578,-0.2366295896,0.5404816805,0.0168018350,-0.0187928318,0.0010014629,0.0201329766,0.0000000000,0.5214482558,-0.0000000000,0.0872664626,-0.0000000000,0.0000000000,1.0000000000,0.0000000000,0.0000000000,0.0000000000,0.0000000000
0.0200000000,0.3446235956,0.2127355942,0.6038836815,-0.0726250967,-0.2007822776,-0.0101725968,0.2590019790,-0.2368523597,0.5403242096,0.0162832548,-0.0178903655,0.0003591453,0.0201329766,0.0000000000,0.5214482558,-0.0000000000,0.0872664626,-0.0000000000,0.0000000000,1.0000000000,0.0000000000,0.0000000000,0.0000000000,0.0000000000
0.0200000000,0.3453601249,0.2129835504,0.6038081719,-0.0722337056,-0.1989301394,-0.0088572682,0.2590740466,-0.2371186463,0.5401128693,0.0156537785,-0.0167001161,-0.0004071244,0.0201329766,0.0000000000,0.5214482558,-0.0000000000,0.0872664626,-0.0000000000,0.0000000000,1.0000000000,0.0000000000,0.0000000000,0.0000000000,0.0000000000
0.0200000000,0.3460016227,0.2131965979,0.6037217704,-0.0718928723,-0.1972153661,-0.0077069523,0.2591215059,-0.2374176388,0.5398521485,0.0149412841,-0.0152600058,-0.0012558781,0.0201329766,0.0000000000,0.5214482558,-0.0000000000,0.0872664626,-0.0000000000,0.0000000000,1.0000000000,0.0000000000,0.0000000000,0.0000000000,0.0000000000
0.0200000000,0.3465297874,0.2133431956,0.6036222895,-0.0716462746,-0.1956602894,-0.0068013135,0.2591153656,-0.2377334579,0.5395461366,0.0141846989,-0.0136125932,-0.0021266404,0.0201329766,0.0000000000,0.5214482558,-0.0000000000,0.0872664626,-0.0000000000,0.0000000000,1.0000000000,0.0000000000,0.0000000000,0.0000000000,0.0000000000
0.0200000000,0.3469612087,0.2134208271,0.6035048584,-0.0714953285,-0.1942063789,-0.0061240352,0.2590084922,-0.2380466445,0.5391896572,0.0134274122,-0.0117627613,-0.0029412865,0.0201329766,0.0000000000,0.5214482558,-0.0000000000,0.0872664626,-0.0000000000,0.0000000000,1.0000000000,0.0000000000,0.0000000000,0.0000000000,0.0000000000
0.0200000000,0.3473353159,0.2134761189,0.6033679581,-0.0713724578,-0.1927734108,-0.0055407461,0.2587599600,-0.2383367234,0.5387760776,0.0127106661,-0.0097018238,-0.0036248463,0.0201329766,0.0000000000,0.5214482558,-0.0000000000,0.0872664626,-0.0000000000,0.0000000000,1.0000000000,0.0000000000,0.0000000000,0.0000000000,0.0000000000
0.0200000000,0.3476668129,0.2135752093,0.6032119382,-0.0711818843,-0.1913472315,-0.0049087840,0.2583470176,-0.2385894563,0.5382983172,0.0120587373,-0.0074040844,-0.0041310305,0.0201329766,0.0000000000,0.5214482558,-0.0000000000,0.0872664626,-0.0000000000,0.0000000000,1.0000000000,0.0000000000,0.0000000000,0.0000000000,0.0000000000
0.0200000000,0.3479372740,0.2137846046,0.6030351428,-0.0708251357,-0.1899743261,-0.0041215666,0.2577590751,-0.2387967784,0.5377477986,0.0114806062,-0.0048252118,-0.0044381465,0.0201329766,0.0000000000,0.5214482558,-0.0000000000,0.0872664626,-0.0000000000,0.0000000000,1.0000000000,0.0000000000,0.0000000000,0.0000000000,0.0000000000
0.0200000000,0.3481099017,0.2141601441,0.6028340997,-0.0702164851,-0.1887280214,-0.0031136371,0.2570105583,-0.2389600151,0.5371198141,0.0109646124,-0.0019229439,-0.0045636648,0.0201329766,0.0000000000,0.5214482558,-0.0000000000,0.0872664626,-0.0000000000,0.0000000000,1.0000000000,0.0000000000,0.0000000000,0.0000000000,0.0000000000
0.0200000000,0.3481356342,0.2147533600,0.6026018020,-0.0692718994,-0.1876870509,-0.0018413201,0.2561411768,-0.2390888487,0.5364087691,0.0104758931,0.0013675222,-0.0045645649,0.0201329766,0.0000000000,0.5214482558,-0.0000000000,0.0872664626,-0.0000000000,0.0000000000,1.0000000000,0.0000000000,0.0000000000,0.0000000000,0.0000000000
0.0200000000,0.3480054840,0.2155590814,0.6023366782,-0.0679911889,-0.1868555694,-0.0003272260,0.2552389122,-0.2392048815,0.5356250956,0.0099560202,0.0050529975,-0.0045540091,0.0201329766,0.0000000000,0.5214482558,-0.0000000000,0.0872664626,-0.0000000000,0.0000000000,1.0000000000,0.0000000000,0.0000000000,0.0000000000,0.0000000000
0.0200000000,0.3477484174,0.2165352254,0.6020426239,-0.0664320952,-0.1861746914,0.0013767500,0.2543922791,-0.2393279240,0.5347835491,0.0093526123,0.0091111764,-0.0046390181,0.0201329766,0.0000000000,0.5214482558,-0.0000000000,0.0872664626,-0.0000000000,0.0000000000,1.0000000000,0.0000000000,0.0000000000,0.0000000000,0.0000000000
0.0200000000,0.3474010295,0.2176304419,0.6017240854,-0.0646690222,-0.1855719071,0.0032109196,0.2536665801,-0.2394740209,0.5338930241,0.0086227039,0.0135315825,-0.0049031854,0.0201329766,0.0000000000,0.5214482558,-0.0000000000,0.0872664626,-0.0000000000,0.0302741252,1.0000000000,0.0000000000,0.0000000000,0.0000000000,0.0000000000
0.0200000000,0.3469917870,0.2187783980,0.6013837187,-0.0628021163,-0.1849847417,0.0050811252,0.2530865921,-0.2396594999,0.5329589804,0.0077344243,0.0182938545,-0.0054013484,0.0201329766,0.0000000000,0.5214482558,-0.0000000000,0.0872664626,-0.0000000000,0.0931566290,1.0000000000,0.0000000000,0.0000000000,0.0000000000,0.0000000000
0.0200000000,0.3465153525,0.2198891192,0.6010178082,-0.0609679024,-0.1843924573,0.0068153026,0.2526329130,-0.2399093753,0.5319883971,0.0066584264,0.0233410569,-0.0061731893,0.0201329766,0.0000000000,0.5214482558,-0.0000000000,0.0872664626,-0.0000000000,0.1598232957,1.0000000000,0.0000000000,0.0000000000,0.0000000000,0.0000000000
0.0200000000,0.3459463747,0.2208611202,0.6006259775,-0.0593250676,-0.1838353943,0.0081973356,0.2522322991,-0.2402388614,0.5310128147,0.0054211955,0.0284503226,-0.0071794859,0.0201329766,0.0000000000,0.5214482558,-0.0000000000,0.0872664626,-0.0000000000,0.2264899624,1.0000000000,0.0000000000,0.0000000000,0.0000000000,0.0000000000
0.0200000000,0.3452612350,0.2216284406,0.6002100722,-0.0579919520,-0.1833745067,0.0090869474,0.2518239744,-0.2406491838,0.5300711599,0.0040741588,0.0333693112,-0.0083531250,0.0201329766,0.0000000000,0.5214482558,-0.0000000000,0.0872664626,-0.0000000000,0.2931566290,1.0000000000,0.0000000000,0.0000000000,0.0000000000,0.0000000000
0.0200000000,0.3444321399,0.2221637805,0.5997638812,-0.0570458812,-0.1830594658,0.0094298835,0.2513761512,-0.2411430039,0.5291831656,0.0026395073,0.0379706616,-0.0096628798,0.0201329766,0.0000000000,0.5214482558,-0.0000000000,0.0872664626,-0.0000000000,0.3598232957,1.0000000000,0.0000000000,0.0000000000,0.0000000000,0.0000000000
0.0200000000,0.3434257348,0.2224777182,0.5992731636,-0.0565015981,-0.1829168911,0.0092389375,0.2508781545,-0.2417270026,0.5283428116,0.0011028582,0.0422825538,-0.0111182722,0.0201329766,0.0000000000,0.5214482558,-0.0000000000,0.0872664626,-0.0000000000,0.4264899624,1.0000000000,0.0000000000,0.0000000000,0.0000000000,0.0000000000
0.0200000000,0.3422039651,0.2225856973,0.5987244368,-0.0563279107,-0.1829616020,0.0085017658,0.2503422326,-0.2424087386,0.5275435245,-0.0005602996,0.0463501228,-0.0127497006,0.0201329766,0.0000000000,0.5214482558,-0.0000000000,0.0872664626,-0.0000000000,0.4931566290,1.0000000000,0.0000000000,0.0000000000,0.0000000000,0.0000000000
0.0200000000,0.3408052895,0.2225305307,0.5981356366,-0.0564098350,-0.1831594360,0.0072896820,0.2498130651,-0.2431587976,0.5267988119,-0.0023043611,0.0501273675,-0.0145167559,0.0201329766,0.0000000000,0.5214482558,-0.0000000000,0.0872664626,-0.0000000000,0.5598232957,1.0000000000,0.0000000000,0.0000000000,0.0000000000,0.0000000000
0.0200000000,0.3393201095,0.2223562580,0.5975423825,-0.0566538640,-0.1834595379,0.0057395534,0.2493360004,-0.2439276916,0.5261346381,-0.0040368188,0.0534981965,-0.0163252034,0.0201329766,0.0000000000,0.5214482558,-0.0000000000,0.0872664626,-0.0000000000,0.6264899624,1.0000000000,0.0000000000,0.0000000000,0.0000000000,0.0000000000
0.0200000000,0.3378366003,0.2221023846,0.5969754576,-0.0570006552,-0.1838171294,0.0040020351,0.2489404650,-0.2446710276,0.5255690804,-0.0056735022,0.0563785371,-0.0180837575,0.0201329766,0.0000000000,0.5214482558,-0.0000000000,0.0872664626,-0.0000000000,0.6931566290,1.0000000000,0.0000000000,0.0000000000,0.0000000000,0.0000000000
0.0200000000,0.3364120848,0.2218042826,0.5964509486,-0.0574044089,-0.1841966081,0.0022028846,0.2486355706,-0.2453629845,0.5251011070,-0.0071712540,0.0587769891,-0.0197391825,0.0201329766,0.0000000000,0.5214482558,-0.0000000000,0.0872664626,-0.0000000000,0.7598232957,1.0000000000,0.0000000000,0.0000000000,0.0000000000,0.0000000000
0.0200000000,0.3350634820,0.2214815622,0.5959702649,-0.0578394084,-0.1845793767,0.0004010865,0.2484210146,-0.2459975612,0.5247208726,-0.0085258766,0.0607452354,-0.0212819379,0.0201329766,0.0000000000,0.5214482558,-0.0000000000,0.0872664626,-0.0000000000,0.8264899624,1.0000000000,0.0000000000,0.0000000000,0.0000000000,0.0000000000
0.0200000000,0.3337480993,0.2211391712,0.5955138797,-0.0583027634,-0.1849668783,-0.0014230640,0.2482763329,-0.2465988017,0.5243995424,-0.0097961414,0.0624292301,-0.0227682554,0.0201329766,0.0000000000,0.5214482558,-0.0000000000,0.0872664626,-0.0000000000,0.8931566290,1.0000000000,0.0000000000,0.0000000000,0.0000000000,0.0000000000
0.0200000000,0.3323958984,0.2207700998,0.5950554281,-0.0588100663,-0.1853758247,-0.0033379177,0.2481833791,-0.2472003573,0.5241106584,-0.0110570994,0.0639639692,-0.0242775396,0.0201329766,0.0000000000,0.5214482558,-0.0000000000,0.0872664626,-0.0000000000,0.9597535074,1.0000000000,0.0000000000,0.0000000000,0.0000000000,0.0000000000
0.0200000000,0.3309624269,0.2203698584,0.5945801337,-0.0593735266,-0.1858202849,-0.0053870260,0.2481370581,-0.2478205437,0.5238429994,-0.0123483741,0.0654082241,-0.0258549286,0.0201329766,0.0000000000,0.5214482558,-0.0000000000,0.0872664626,-0.0000000000,0.9961740928,1.0000000000,0.0000000000,0.0000000000,0.0000000000,0.0000000000
0.0200000000,0.3294721584,0.2199515672,0.5940974480,-0.0599779755,-0.1862936467,-0.0075212656,0.2481392425,-0.2484464195,0.5236012958,-0.0136432886,0.0667370144,-0.0274688784,0.0201329766,0.0000000000,0.5214482558,-0.0000000000,0.0872664626,-0.0000000000,1.0000000000,1.0000000000,0.0000000000,0.0000000000,0.0000000000,0.0000000000
0.0200000000,0.3280066721,0.2195432444,0.5936345794,-0.0605807301,-0.1867701731,-0.0096148793,0.2481953524,-0.2490404462,0.5234011821,-0.0148635958,0.0678669536,-0.0290263971,0.0201329766,0.0000000000,0.5214482558,-0.0000000000,0.0872664626,-0.0000000000,1.0000000000,1.0000000000,0.0000000000,0.0000000000,0.0000000000,0.0000000000
0.0200000000,0.3266307810,0.2191660737,0.5932103723,-0.0611463920,-0.1872237788,-0.0115699566,0.2482935720,-0.2495792453,0.5232444744,-0.0159625001,0.0687815442,-0.0304624592,0.0201329766,0.0000000000,0.5214482558,-0.0000000000,0.0872664626,-0.0000000000,1.0000000000,1.0000000000,0.0000000000,0.0000000000,0.0000000000,0.0000000000
0.0200000000,0.3253752800,0.2188311632,0.5928316314,-0.0616547581,-0.1876389091,-0.0133372011,0.2484138986,-0.2500561831,0.5231235688,-0.0169285009,0.0695118310,-0.0317505214,0.0201329766,0.0000000000,0.5214482558,-0.0000000000,0.0872664626,-0.0000000000,1.0000000000,1.0000000000,0.0000000000,0.0000000000,0.0000000000,0.0000000000
0.0200000000,0.3242659518,0.2185482283,0.5925038605,-0.0620873026,-0.1880052536,-0.0148747802,0.2485418967,-0.2504644818,0.5230341543,-0.0177489815,0.0700734893,-0.0328658758,0.0201329766,0.0000000000,0.5214482558,-0.0000000000,0.0872664626,-0.0000000000,1.0000000000,1.0000000000,0.0000000000,0.0000000000,0.0000000000,0.0000000000
0.0200000000,0.3232921153,0.2183132509,0.5922215316,-0.0624470155,-0.1883252351,-0.0162002369,0.2486710549,-0.2508115064,0.5229701724,-0.0184401992,0.0704960852,-0.0338239354,0.0201329766,0.0000000000,0.5214482558,-0.0000000000,0.0872664626,-0.0000000000,1.0000000000,1.0000000000,0.0000000000,0.0000000000,0.0000000000,0.0000000000
0.0200000000,0.3223944970,0.2181069568,0.5919647446,-0.0627633319,-0.1886161276,-0.0174028829,0.2488019159,-0.2511233916,0.5229216429,-0.0190569553,0.0708349012,-0.0346918192,0.0201329766,0.0000000000,0.5214482558,-0.0000000000,0.0872664626,-0.0000000000,1.0000000000,1.0000000000,0.0000000000,0.0000000000,0.0000000000,0.0000000000
0.0200000000,0.3214795502,0.2179073697,0.5917050619,-0.0630778601,-0.1889116348,-0.0186037159,0.2489431124,-0.2514349277,0.5228800271,-0.0196702505,0.0711419809,-0.0355622650,0.0201329766,0.0000000000,0.5214482558,-0.0000000000,0.0872664626,-0.0000000000,1.0000000000,1.0000000000,0.0000000000,0.0000000000,0.0000000000,0.0000000000
0.0200000000,0.3204728558,0.2177065257,0.5914216444,-0.0634148538,-0.1892444408,-0.0198772502,0.2491083476,-0.2517675222,0.5228454129,-0.0203214689,0.0714246302,-0.0364952942,0.0201329766,0.0000000000,0.5214482558,-0.0000000000,0.0872664626,-0.0000000000,1.0000000000,1.0000000000,0.0000000000,0.0000000000,0.0000000000,0.0000000000
0.0200000000,0.3193367185,0.2175044686,0.5911050372,-0.0637828629,-0.1896317964,-0.0212521108,0.2493062771,-0.2521295691,0.5228200030,-0.0210257335,0.0716758821,-0.0375155845,0.0201329766,0.0000000000,0.5214482558,-0.0000000000,0.0872664626,-0.0000000000,1.0000000000,1.0000000000,0.0000000000,0.0000000000,0.0000000000,0.0000000000
0.0200000000,0.3180906387,0.2173085748,0.5907617747,-0.0641703324,-0.1900637503,-0.0226968462,0.2495313854,-0.2525133290,0.5228041013,-0.0217673527,0.0718914442,-0.0386008628,0.0201329766,0.0000000000,0.5214482558,-0.0000000000,0.0872664626,-0.0000000000,1.0000000000,1.0000000000,0.0000000000,0.0000000000,0.0000000000,0.0000000000
0.0200000000,0.3167879698,0.2171374782,0.5904066820,-0.0645440549,-0.1905151818,-0.0241287434,0.2497690343,-0.2528988684,0.5227985629,-0.0225063804,0.0720585539,-0.0396929317,0.0201329766,0.0000000000,0.5214482558,-0.0000000000,0.0872664626,-0.0000000000,1.0000000000,1.0000000000,0.0000000000,0.0000000000,0.0000000000,0.0000000000
0.0200000000,0.3154768413,0.2170044869,0.5900527278,-0.0648776572,-0.1909646549,-0.0254810481,0.2500058482,-0.2532700753,0.5228032557,-0.0232108553,0.0721702775,-0.0407440646,0.0201329766,0.0000000000,0.5214482558,-0.0000000000,0.0872664626,-0.0000000000,1.0000000000,1.0000000000,0.0000000000,0.0000000000,0.0000000000,0.0000000000
0.0200000000,0.3141796861,0.2169099096,0.5897057756,-0.0651648776,-0.1914015337,-0.0267363878,0.2502344404,-0.2536225773,0.5228156533,-0.0238732306,0.0722362077,-0.0417400871,0.0201329766,0.0000000000,0.5214482558,-0.0000000000,0.0872664626,-0.0000000000,1.0000000000,1.0000000000,0.0000000000,0.0000000000,0.0000000000,0.0000000000
0.0200000000,0.3129182528,0.2168561440,0.5893711020,-0.0653967987,-0.1918162110,-0.0278730527,0.2504458089,-0.2539518398,0.5228326209,-0.0244858481,0.0722682168,-0.0426655912,0.0201329766,0.0000000000,0.5214482558,-0.0000000000,0.0872664626,-0.0000000000,1.0000000000,1.0000000000,0.0000000000,0.0000000000,0.0000000000,0.0000000000
0.0200000000,0.3117107034,0.2168480625,0.5890527683,-0.0655621754,-0.1922019461,-0.0288662965,0.2506320106,-0.2542529466,0.5228521783,-0.0250397606,0.0722722296,-0.0435042501,0.0201329766,0.0000000000,0.5214482558,-0.0000000000,0.0872664626,-0.0000000000,1.0000000000,1.0000000000,0.0000000000,0.0000000000,0.0000000000,0.0000000000
0.0200000000,0.3105499712,0.2168850665,0.5887476022,-0.0656610703,-0.1925589397,-0.0297230479,0.2507925744,-0.2545282976,0.5228735460,-0.0255399575,0.0722519429,-0.0442616085,0.0201329766,0.0000000000,0.5214482558,-0.0000000000,0.0872664626,-0.0000000000,1.0000000000,1.0000000000,0.0000000000,0.0000000000,0.0000000000,0.0000000000
0.0200000000,0.3093819820,0.2169580363,0.5884399352,-0.0657157827,-0.1929002101,-0.0305039391,0.2509366889,-0.2547938993,0.5228961401,-0.0260175963,0.0722160536,-0.0449822959,0.0201329766,0.0000000000,0.5214482558,-0.0000000000,0.0872664626,-0.0000000000,1.0000000000,1.0000000000,0.0000000000,0.0000000000,0.0000000000,0.0000000000
0.0200000000,0.3081496197,0.2170709516,0.5881131357,-0.0657343608,-0.1932374715,-0.0312410533,0.2510677260,-0.2550619261,0.5229197512,-0.0264951570,0.0721679179,-0.0456972457,0.0201329766,0.0000000000,0.5214482558,-0.0000000000,0.0872664626,-0.0000000000,1.0000000000,1.0000000000,0.0000000000,0.0000000000,0.0000000000,0.0000000000
0.0200000000,0.3068197912,0.2172332979,0.5877574563,-0.0657121905,-0.1935736633,-0.0319363212,0.2511827676,-0.2553370813,0.5229437540,-0.0269806906,0.0721093856,-0.0464154529,0.0201329766,0.0000000000,0.5214482558,-0.0000000000,0.0872664626,-0.0000000000,1.0000000000,1.0000000000,0.0000000000,0.0000000000,0.0000000000,0.0000000000
0.0200000000,0.3053779737,0.2174522291,0.5873681085,-0.0656426590,-0.1939023247,-0.0325831576,0.2512748969,-0.2556207993,0.5229658614,-0.0274768742,0.0720490454,-0.0471364636,0.0201329766,0.0000000000,0.5214482558,-0.0000000000,0.0872664626,-0.0000000000,1.0000000000,1.0000000000,0.0000000000,0.0000000000,0.0000000000,0.0000000000
0.0200000000,0.3037926631,0.2177469022,0.5869327376,-0.0655072221,-0.1942070595,-0.0331579693,0.2513280644,-0.2559148294,0.5229816253,-0.0279864474,0.0720020753,-0.0478548964,0.0201329766,0.0000000000,0.5214482558,-0.0000000000,0.0872664626,-0.0000000000,1.0000000000,1.0000000000,0.0000000000,0.0000000000,0.0000000000,0.0000000000
0.0200000000,0.3020608521,0.2181249852,0.5864485638,-0.0652941426,-0.1944664293,-0.0336436362,0.2513320215,-0.2562158969,0.5229885049,-0.0285032346,0.0719762978,-0.0485570546,0.0201329766,0.0000000000,0.5214482558,-0.0000000000,0.0872664626,-0.0000000000,1.0000000000,1.0000000000,0.0000000000,0.0000000000,0.0000000000,0.0000000000
0.0200000000,0.3002168107,0.2185771809,0.5859245663,-0.0650029803,-0.1946551891,-0.0340363438,0.2512866492,-0.2565153277,0.5229867804,-0.0290118110,0.0719697032,-0.0492227705,0.0201329766,0.0000000000,0.5214482558,-0.0000000000,0.0872664626,-0.0000000000,1.0000000000,1.0000000000,0.0000000000,0.0000000000,0.0000000000,0.0000000000
0.0200000000,0.2982958875,0.2190913114,0.5853686210,-0.0646364406,-0.1947445355,-0.0343374989,0.2511935781,-0.2568045033,0.5229768402,-0.0294971635,0.0719807579,-0.0498333307,0.0201329766,0.0000000000,0.5214482558,-0.0000000000,0.0872664626,-0.0000000000,1.0000000000,1.0000000000,0.0000000000,0.0000000000,0.0000000000,0.0000000000
0.0200000000,0.2963175317,0.2196566868,0.5847832199,-0.0641995649,-0.1947066085,-0.0345559527,0.2510541334,-0.2570780068,0.5229584234,-0.0299503441,0.0720115390,-0.0503776549,0.0201329766,0.0000000000,0.5214482558,-0.0000000000,0.0872664626,-0.0000000000,1.0000000000,1.0000000000,0.0000000000,0.0000000000,0.0000000000,0.0000000000
0.0200000000,0.2942970076,0.2202640158,0.5841671971,-0.0636961640,-0.1945044252,-0.0346990613,0.2508691160,-0.2573296903,0.5229316606,-0.0303605269,0.0720616735,-0.0508423130,0.0201329766,0.0000000000,0.5214482558,-0.0000000000,0.0872664626,-0.0000000000,1.0000000000,1.0000000000,0.0000000000,0.0000000000,0.0000000000,0.0000000000
0.0200000000,0.2922771267,0.2208897748,0.5835346899,-0.0631428086,-0.1941377942,-0.0347934230,0.2506550035,-0.2575550768,0.5229016489,-0.0307196690,0.0721125581,-0.0512262684,0.0201329766,0.0000000000,0.5214482558,-0.0000000000,0.0872664626,-0.0000000000,1.0000000000,1.0000000000,0.0000000000,0.0000000000,0.0000000000,0.0000000000
0.0200000000,0.2902833942,0.2215173100,0.5828957033,-0.0625423951,-0.1936124637,-0.0348705957,0.2504300924,-0.2577523335,0.5228748560,-0.0310236230,0.0721390158,-0.0515348887,0.0201329766,0.0000000000,0.5214482558,-0.0000000000,0.0872664626,-0.0000000000,1.0000000000,1.0000000000,0.0000000000,0.0000000000,0.0000000000,0.0000000000
0.0200000000,0.2882862071,0.2221493338,0.5822400096,-0.0618661958,-0.1929028938,-0.0349676869,0.2502051166,-0.2579224482,0.5228568928,-0.0312719535,0.0721161912,-0.0517746517,0.0201329766,0.0000000000,0.5214482558,-0.0000000000,0.0872664626,-0.0000000000,1.0000000000,1.0000000000,0.0000000000,0.0000000000,0.0000000000,0.0000000000
0.0200000000,0.2862282591,0.2227967688,0.5815467790,-0.0610792123,-0.1919610063,-0.0351214111,0.2499866799,-0.2580678557,0.5228534979,-0.0314656648,0.0720161456,-0.0519519259,0.0201329766,0.0000000000,0.5214482558,-0.0000000000,0.0872664626,-0.0000000000,1.0000000000,1.0000000000,0.0000000000,0.0000000000,0.0000000000,0.0000000000
0.0200000000,0.2840824015,0.2234592209,0.5807983050,-0.0601835468,-0.1907217870,-0.0353465501,0.2497865122,-0.2581862206,0.5228745130,-0.0315950872,0.0717907971,-0.0520629750,0.0201329766,0.0000000000,0.5214482558,-0.0000000000,0.0872664626,-0.0000000000,1.0000000000,1.0000000000,0.0000000000,0.0000000000,0.0000000000,0.0000000000
0.0200000000,0.2818810006,0.2241179314,0.5800005620,-0.0592435134,-0.1891849687,-0.0356253284,0.2496214363,-0.2582753296,0.5229297117,-0.0316522691,0.0713952171,-0.0521082874,0.0201329766,0.0000000000,0.5214482558,-0.0000000000,0.0872664626,-0.0000000000,1.0000000000,1.0000000000,0.0000000000,0.0000000000,0.0000000000,0.0000000000
0.0200000000,0.2796470169,0.2247585364,0.5791576959,-0.0583066491,-0.1873509009,-0.0359469867,0.2495097429,-0.2583328033,0.5230300262,-0.0316284129,0.0707787833,-0.0520882302,0.0201329766,0.0000000000,0.5214482558,-0.0000000000,0.0872664626,-0.0000000000,1.0000000000,1.0000000000,0.0000000000,0.0000000000,0.0000000000,0.0000000000
0.0200000000,0.2773789314,0.2253753425,0.5782630912,-0.0573892595,-0.1851855238,-0.0363136374,0.2494711136,-0.2583561379,0.5231896257,-0.0315121881,0.0698737918,-0.0520015649,0.0201329766,0.0000000000,0.5214482558,-0.0000000000,0.0872664626,-0.0000000000,1.0000000000,1.0000000000,0.0000000000,0.0000000000,0.0000000000,0.0000000000
0.0200000000,0.2750725709,0.2259673327,0.5773088645,-0.0564923609,-0.1826465189,-0.0367252544,0.2495236332,-0.2583449386,0.5234233857,-0.0312951867,0.0686081565,-0.0518502693,0.0201329766,0.0000000000,0.5214482558,-0.0000000000,0.0872664626,-0.0000000000,1.0000000000,1.0000000000,0.0000000000,0.0000000000,0.0000000000,0.0000000000
0.0200000000,0.2727396774,0.2265316328,0.5762858874,-0.0556124694,-0.1796675066,-0.0371729378,0.2496945873,-0.2582985788,0.5237545136,-0.0309641603,0.0668695531,-0.0516369121,0.0201329766,0.0000000000,0.5214482558,-0.0000000000,0.0872664626,-0.0000000000,1.0000000000,1.0000000000,0.0000000000,0.0000000000,0.0000000000,0.0000000000
0.0200000000,0.2704166546,0.2270667665,0.5752063213,-0.0547423793,-0.1762683792,-0.0376376706,0.2499931101,-0.2582235450,0.5241905701,-0.0305274039,0.0646233710,-0.0513786216,0.0201329766,0.0000000000,0.5214482558,-0.0000000000,0.0872664626,-0.0000000000,1.0000000000,1.0000000000,0.0000000000,0.0000000000,0.0000000000,0.0000000000
0.0200000000,0.2681350383,0.2275745694,0.5740832430,-0.0538734263,-0.1724864644,-0.0380969237,0.2504196137,-0.2581273155,0.5247318488,-0.0299990612,0.0618713380,-0.0510939020,0.0201329766,0.0000000000,0.5214482558,-0.0000000000,0.0872664626,-0.0000000000,1.0000000000,1.0000000000,0.0000000000,0.0000000000,0.0000000000,0.0000000000
0.0200000000,0.2659173479,0.2280603138,0.5729246982,-0.0529943515,-0.1683485057,-0.0385241039,0.2509725571,-0.2580170446,0.5253775852,-0.0293931946,0.0586208852,-0.0508000778,0.0201329766,0.0000000000,0.5214482558,-0.0000000000,0.0872664626,-0.0000000000,1.0000000000,1.0000000000,0.0000000000,0.0000000000,0.0000000000,0.0000000000
0.0200000000,0.2637879406,0.2285297251,0.5717437615,-0.0520951958,-0.1639105143,-0.0388924886,0.2516401142,-0.2579004320,0.5261180457,-0.0287296675,0.0549237008,-0.0505145810,0.0201329766,0.0000000000,0.5214482558,-0.0000000000,0.0872664626,-0.0000000000,1.0000000000,1.0000000000,0.0000000000,0.0000000000,0.0000000000,0.0000000000
0.0200000000,0.2617862707,0.2289854620,0.5705588942,-0.0511692723,-0.1592494922,-0.0391719096,0.2524049037,-0.2577842202,0.5269370788,-0.0280303574,0.0508636234,-0.0502529622,0.0201329766,0.0000000000,0.5214482558,-0.0000000000,0.0872664626,-0.0000000000,1.0000000000,1.0000000000,0.0000000000,0.0000000000,0.0000000000,0.0000000000
0.0200000000,0.2599110982,0.2294338113,0.5693817495,-0.0502152044,-0.1544442073,-0.0393539115,0.2532341435,-0.2576716691,0.5278076678,-0.0273157408,0.0465739209,-0.0500182461,0.0201329766,0.0000000000,0.5214482558,-0.0000000000,0.0872664626,-0.0000000000,1.0000000000,1.0000000000,0.0000000000,0.0000000000,0.0000000000,0.0000000000
0.0200000000,0.2581291861,0.2298841254,0.5682026419,-0.0492284861,-0.1494843724,-0.0394371286,0.2541115855,-0.2575620144,0.5287195286,-0.0265894041,0.0421042284,-0.0498042865,0.0201329766,0.0000000000,0.5214482558,-0.0000000000,0.0872664626,-0.0000000000,1.0000000000,1.0000000000,0.0000000000,0.0000000000,0.0000000000,0.0000000000
0.0200000000,0.2564100287,0.2303428956,0.5670057613,-0.0482081754,-0.1443206077,-0.0394179355,0.2550317846,-0.2574526060,0.5296719485,-0.0258465466,0.0374576133,-0.0496019196,0.0201329766,0.0000000000,0.5214482558,-0.0000000000,0.0872664626,-0.0000000000,1.0000000000,1.0000000000,0.0000000000,0.0000000000,0.0000000000,0.0000000000
0.0200000000,0.2547437006,0.2308091414,0.5657869073,-0.0471658463,-0.1389464310,-0.0392964683,0.2559827405,-0.2573405810,0.5306569227,-0.0250862419,0.0326725125,-0.0494015676,0.0201329766,0.0000000000,0.5214482558,-0.0000000000,0.0872664626,-0.0000000000,1.0000000000,1.0000000000,0.0000000000,0.0000000000,0.0000000000,0.0000000000
0.0200000000,0.2531693514,0.2312690978,0.5645735895,-0.0461306107,-0.1334891602,-0.0390802792,0.2569296243,-0.2572252721,0.5316416510,-0.0243251672,0.0279068629,-0.0491980865,0.0201329766,0.0000000000,0.5214482558,-0.0000000000,0.0872664626,-0.0000000000,1.0000000000,1.0000000000,0.0000000000,0.0000000000,0.0000000000,0.0000000000
0.0200000000,0.2517528755,0.2316969717,0.5634288130,-0.0451477878,-0.1282484555,-0.0388129563,0.2578160103,-0.2571105784,0.5325692961,-0.0236005493,0.0234322405,-0.0489958176,0.0201329766,0.0000000000,0.5214482558,-0.0000000000,0.0872664626,-0.0000000000,1.0000000000,1.0000000000,0.0000000000,0.0000000000,0.0000000000,0.0000000000
0.0200000000,0.2505342738,0.2320741990,0.5623954554,-0.0442510911,-0.1234405023,-0.0385339508,0.2586068878,-0.2570001493,0.5334031458,-0.0229376851,0.0194209764,-0.0487998595,0.0201329766,0.0000000000,0.5214482558,-0.0000000000,0.0872664626,-0.0000000000,1.0000000000,1.0000000000,0.0000000000,0.0000000000,0.0000000000,0.0000000000
0.0200000000,0.2495048289,0.2323984623,0.5614756424,-0.0434437566,-0.1190956299,-0.0382646416,0.2593003275,-0.2568944813,0.5341404593,-0.0223378298,0.0158814834,-0.0486098848,0.0201329766,0.0000000000,0.5214482558,-0.0000000000,0.0872664626,-0.0000000000,1.0000000000,1.0000000000,0.0000000000,0.0000000000,0.0000000000,0.0000000000
0.0200000000,0.2486224367,0.2326794462,0.5606440632,-0.0427035918,-0.1151128760,-0.0380132301,0.2599171255,-0.2567918741,0.5348021102,-0.0217860229,0.0127103135,-0.0484223853,0.0201329766,0.0000000000,0.5214482558,-0.0000000000,0.0872664626,-0.0000000000,1.0000000000,1.0000000000,0.0000000000,0.0000000000,0.0000000000,0.0000000000
0.0200000000,0.2478554877,0.2329249299,0.5598762905,-0.0420101586,-0.1113855640,-0.0377815956,0.2604783786,-0.2566902862,0.5354089755,-0.0212672740,0.0098059215,-0.0482338520,0.0201329766,0.0000000000,0.5214482558,-0.0000000000,0.0872664626,-0.0000000000,1.0000000000,1.0000000000,0.0000000000,0.0000000000,0.0000000000,0.0000000000
0.0200000000,0.2471668154,0.2331446573,0.5591416330,-0.0413423048,-0.1077747211,-0.0375639726,0.2610103742,-0.2565870386,0.5359877495,-0.0207626662,0.0070402747,-0.0480399646,0.0201329766,0.0000000000,0.5214482558,-0.0000000000,0.0872664626,-0.0000000000,1.0000000000,1.0000000000,0.0000000000,0.0000000000,0.0000000000,0.0000000000
0.0200000000,0.2465247661,0.2333465490,0.5584072906,-0.0406788616,-0.1041240476,-0.0373521279,0.2615387701,-0.2564779593,0.5365656847,-0.0202506291,0.0042831747,-0.0478325700,0.0201329766,0.0000000000,0.5214482558,-0.0000000000,0.0872664626,-0.0000000000,1.0000000000,1.0000000000,0.0000000000,0.0000000000,0.0000000000,0.0000000000
0.0200000000,0.2459127164,0.2335338137,0.5576511614,-0.0400063230,-0.1003243066,-0.0371419974,0.2620807716,-0.2563595551,0.5371611746,-0.0197157545,0.0014475089,-0.0476048303,0.0201329766,0.0000000000,0.5214482558,-0.0000000000,0.0872664626,-0.0000000000,1.0000000000,1.0000000000,0.0000000000,0.0000000000,0.0000000000,0.0000000000
0.0200000000,0.2453440635,0.2337019218,0.5568910486,-0.0393387845,-0.0964658996,-0.0369415313,0.2626258641,-0.2562348194,0.5377612097,-0.0191704535,-0.0014033659,-0.0473642922,0.0201329766,0.0000000000,0.5214482558,-0.0000000000,0.0872664626,-0.0000000000,1.0000000000,1.0000000000,0.0000000000,0.0000000000,0.0000000000,0.0000000000
0.0200000000,0.2448622486,0.2338390240,0.5561878016,-0.0387209692,-0.0928585508,-0.0367711580,0.2631339093,-0.2561143010,0.5383186177,-0.0186577682,-0.0040438793,-0.0471349238,0.0201329766,0.0000000000,0.5214482558,-0.0000000000,0.0872664626,-0.0000000000,1.0000000000,1.0000000000,0.0000000000,0.0000000000,0.0000000000,0.0000000000
0.0200000000,0.2444761894,0.2339446805,0.5555721596,-0.0381739530,-0.0896692207,-0.0366375902,0.2635843429,-0.2560050813,0.5388093247,-0.0182018202,-0.0063606477,-0.0469321694,0.0201329766,0.0000000000,0.5214482558,-0.0000000000,0.0872664626,-0.0000000000,1.0000000000,1.0000000000,0.0000000000,0.0000000000,0.0000000000,0.0000000000
0.0200000000,0.2441652690,0.2340258062,0.5550306251,-0.0376875579,-0.0868389231,-0.0365341400,0.2639869476,-0.2559065007,0.5392440110,-0.0177953265,-0.0084058193,-0.0467544644,0.0201329766,0.0000000000,0.5214482558,-0.0000000000,0.0872664626,-0.0000000000,1.0000000000,1.0000000000,0.0000000000,0.0000000000,0.0000000000,0.0000000000
0.0200000000,0.2439135978,0.2340869734,0.5545477559,-0.0372511289,-0.0842939745,-0.0364555126,0.2643533430,-0.2558168070,0.5396351258,-0.0174285659,-0.0102390966,-0.0465982214,0.0201329766,0.0000000000,0.5214482558,-0.0000000000,0.0872664626,-0.0000000000,1.0000000000,1.0000000000,0.0000000000,0.0000000000,0.0000000000,0.0000000000
0.0200000000,0.2437089124,0.2341319239,0.5541109435,-0.0368554053,-0.0819734134,-0.0363968743,0.2646923726,-0.2557342973,0.5399924680,-0.0170933486,-0.0119075327,-0.0464597037,0.0201329766,0.0000000000,0.5214482558,-0.0000000000,0.0872664626,-0.0000000000,1.0000000000,1.0000000000,0.0000000000,0.0000000000,0.0000000000,0.0000000000
0.0200000000,0.2435377608,0.2341653380,0.5537067763,-0.0364897400,-0.0798121552,-0.0363513163,0.2650129141,-0.2556570228,0.5403260085,-0.0167811258,-0.0134587201,-0.0463346236,0.0201329766,0.0000000000,0.5214482558,-0.0000000000,0.0872664626,-0.0000000000,1.0000000000,1.0000000000,0.0000000000,0.0000000000,0.0000000000,0.0000000000
0.0200000000,0.2433887203,0.2341915633,0.5533249062,-0.0361448069,-0.0777603992,-0.0363127231,0.2653223557,-0.2555835834,0.5406434127,-0.0164856189,-0.0149286192,-0.0462204533,0.0201329766,0.0000000000,0.5214482558,-0.0000000000,0.0872664626,-0.0000000000,1.0000000000,1.0000000000,0.0000000000,0.0000000000,0.0000000000,0.0000000000
0.0200000000,0.2432620360,0.2342108963,0.5529664760,-0.0358208554,-0.0758246345,-0.0362808998,0.2656210341,-0.2555143633,0.5409438092,-0.0162080924,-0.0163124279,-0.0461187885,0.0201329766,0.0000000000,0.5214482558,-0.0000000000,0.0872664626,-0.0000000000,1.0000000000,1.0000000000,0.0000000000,0.0000000000,0.0000000000,0.0000000000
0.0200000000,0.2431562183,0.2342238218,0.5526298507,-0.0355165808,-0.0739969731,-0.0362552758,0.2659099044,-0.2554491093,0.5412283715,-0.0159474125,-0.0176159869,-0.0460289223,0.0201329766,0.0000000000,0.5214482558,-0.0000000000,0.0872664626,-0.0000000000,1.0000000000,1.0000000000,0.0000000000,0.0000000000,0.0000000000,0.0000000000
0.0200000000,0.2430633193,0.2342323927,0.5523036503,-0.0352236399,-0.0722194301,-0.0362322658,0.2661962482,-0.2553858294,0.5415059931,-0.0156955164,-0.0188817008,-0.0459462107,0.0201329766,0.0000000000,0.5214482558,-0.0000000000,0.0872664626,-0.0000000000,1.0000000000,1.0000000000,0.0000000000,0.0000000000,0.0000000000,0.0000000000
0.0200000000,0.2429759994,0.2342370062,0.5519629693,-0.0349255960,-0.0703591379,-0.0362062893,0.2665039625,-0.2553204075,0.5417982249,-0.0154360106,-0.0202059940,-0.0458661183,0.0201329766,0.0000000000,0.5214482558,-0.0000000000,0.0872664626,-0.0000000000,1.0000000000,1.0000000000,0.0000000000,0.0000000000,0.0000000000,0.0000000000
0.0200000000,0.2428918435,0.2342356047,0.5515775393,-0.0346027757,-0.0682507323,-0.0361722601,0.2668674489,-0.2552479802,0.5421326425,-0.0151497360,-0.0217079550,-0.0457870421,0.0201329766,0.0000000000,0.5214482558,-0.0000000000,0.0872664626,-0.0000000000,1.0000000000,1.0000000000,0.0000000000,0.0000000000,0.0000000000,0.0000000000
0.0200000000,0.2428131997,0.2342266557,0.5511376896,-0.0342486066,-0.0658395479,-0.0361282340,0.2673015049,-0.2551670534,0.5425187933,-0.0148314203,-0.0234247974,-0.0457114394,0.0201329766,0.0000000000,0.5214482558,-0.0000000000,0.0872664626,-0.0000000000,1.0000000000,1.0000000000,0.0000000000,0.0000000000,0.0000000000,0.0000000000
0.0200000000,0.2427453547,0.2342107555,0.5506607586,-0.0338732665,-0.0632181447,-0.0360754403,0.2677934471,-0.2550806335,0.5429419926,-0.0144938332,-0.0252859313,-0.0456459444,0.0201329766,0.0000000000,0.5214482558,-0.0000000000,0.0872664626,-0.0000000000,1.0000000000,1.0000000000,0.0000000000,0.0000000000,0.0000000000,0.0000000000
0.0200000000,0.2426942336,0.2341896455,0.5501759058,-0.0334943011,-0.0605440072,-0.0360166991,0.2683181863,-0.2549938024,0.5433768700,-0.0141575433,-0.0271743751,-0.0455987759,0.0201329766,0.0000000000,0.5214482558,-0.0000000000,0.0872664626,-0.0000000000,1.0000000000,1.0000000000,0.0000000000,0.0000000000,0.0000000000,0.0000000000
0.0200000000,0.2426641432,0.2341655340,0.5497124154,-0.0331297732,-0.0579763178,-0.0359550025,0.2688487216,-0.2549117257,0.5437975549,-0.0138428736,-0.0289733791,-0.0455768111,0.0201329766,0.0000000000,0.5214482558,-0.0000000000,0.0872664626,-0.0000000000,1.0000000000,1.0000000000,0.0000000000,0.0000000000,0.0000000000,0.0000000000
0.0200000000,0.2426515693,0.2341422578,0.5492961202,-0.0327955490,-0.0556593226,-0.0358944490,0.2693513919,-0.2548386875,0.5441796249,-0.0135654422,-0.0305818397,-0.0455785549,0.0201329766,0.0000000000,0.5214482558,-0.0000000000,0.0872664626,-0.0000000000,1.0000000000,1.0000000000,0.0000000000,0.0000000000,0.0000000000,0.0000000000
0.0200000000,0.2426521334,0.2341224393,0.5489401231,-0.0324998003,-0.0536676498,-0.0358377158,0.2698057147,-0.2547768162,0.5445100601,-0.0133323676,-0.0319495954,-0.0456005830,0.0201329766,0.0000000000,0.5214482558,-0.0000000000,0.0872664626,-0.0000000000,1.0000000000,1.0000000000,0.0000000000,0.0000000000,0.0000000000,0.0000000000
0.0200000000,0.2426617139,0.2341061458,0.5486350413,-0.0322369025,-0.0519519811,-0.0357841878,0.2702169788,-0.2547243797,0.5447964683,-0.0131363530,-0.0331145910,-0.0456380132,0.0201329766,0.0000000000,0.5214482558,-0.0000000000,0.0872664626,-0.0000000000,1.0000000000,1.0000000000,0.0000000000,0.0000000000,0.0000000000,0.0000000000
0.0200000000,0.2426769038,0.2340917770,0.5483537269,-0.0319893807,-0.0503647924,-0.0357293324,0.2706130757,-0.2546765450,0.5450629001,-0.0129593075,-0.0341818831,-0.0456865903,0.0201329766,0.0000000000,0.5214482558,-0.0000000000,0.0872664626,-0.0000000000,1.0000000000,1.0000000000,0.0000000000,0.0000000000,0.0000000000,0.0000000000
0.0200000000,0.2426986138,0.2340778959,0.5480666482,-0.0317358826,-0.0487434120,-0.0356637046,0.2710360640,-0.2546282555,0.5453365829,-0.0127846137,-0.0352587489,-0.0457508737,0.0201329766,0.0000000000,0.5214482558,-0.0000000000,0.0872664626,-0.0000000000,1.0000000000,1.0000000000,0.0000000000,0.0000000000,0.0000000000,0.0000000000
0.0200000000,0.2427294980,0.2340640456,0.5477571306,-0.0314625434,-0.0469948940,-0.0355796417,0.2715158270,-0.2545766388,0.5456334078,-0.0126042610,-0.0364012501,-0.0458381179,0.0201329766,0.0000000000,0.5214482558,-0.0000000000,0.0872664626,-0.0000000000,1.0000000000,1.0000000000,0.0000000000,0.0000000000,0.0000000000,0.0000000000
0.0200000000,0.2427701764,0.2340509823,0.5474258390,-0.0311682743,-0.0451225932,-0.0354751071,0.2720551086,-0.2545214930,0.5459527654,-0.0124192452,-0.0376016651,-0.0459506294,0.0201329766,0.0000000000,0.5214482558,-0.0000000000,0.0872664626,-0.0000000000,1.0000000000,1.0000000000,0.0000000000,0.0000000000,0.0000000000,0.0000000000
0.0200000000,0.2428199119,0.2340407892,0.5470812318,-0.0308567851,-0.0431735140,-0.0353490861,0.2726459239,-0.2544636668,0.5462863504,-0.0122349548,-0.0388210447,-0.0460893760,0.0201329766,0.0000000000,0.5214482558,-0.0000000000,0.0872664626,-0.0000000000,1.0000000000,1.0000000000,0.0000000000,0.0000000000,0.0000000000,0.0000000000
0.0200000000,0.2428784715,0.2340359717,0.5467294573,-0.0305290810,-0.0411818324,-0.0351982812,0.2732871987,-0.2544036733,0.5466280826,-0.0120564650,-0.0400256798,-0.0462586015,0.0201329766,0.0000000000,0.5214482558,-0.0000000000,0.0872664626,-0.0000000000,1.0000000000,1.0000000000,0.0000000000,0.0000000000,0.0000000000,0.0000000000
0.0200000000,0.2429484720,0.2340389866,0.5463626191,-0.0301741141,-0.0391033731,-0.0350112422,0.2740103224,-0.2543399284,0.5469852323,-0.0118845977,-0.0412207084,-0.0464753658,0.0201329766,0.0000000000,0.5214482558,-0.0000000000,0.0872664626,-0.0000000000,1.0000000000,1.0000000000,0.0000000000,0.0000000000,0.0000000000,0.0000000000
0.0200000000,0.2430321654,0.2340513078,0.5459649418,-0.0297758305,-0.0368505957,-0.0347759847,0.2748625040,-0.2542696659,0.5473722842,-0.0117171279,-0.0424318651,-0.0467627504,0.0201329766,0.0000000000,0.5214482558,-0.0000000000,0.0872664626,-0.0000000000,1.0000000000,1.0000000000,0.0000000000,0.0000000000,0.0000000000,0.0000000000
0.0200000000,0.2431287899,0.2340753536,0.5455343197,-0.0293288189,-0.0344124328,-0.0344862367,0.2758739704,-0.2541919308,0.5477898772,-0.0115599340,-0.0436246485,-0.0471436798,0.0201329766,0.0000000000,0.5214482558,-0.0000000000,0.0872664626,-0.0000000000,1.0000000000,1.0000000000,0.0000000000,0.0000000000,0.0000000000,0.0000000000
0.0200000000,0.2432324977,0.2341132143,0.5450868691,-0.0288450405,-0.0318802202,-0.0341480384,0.2770419438,-0.2541094595,0.5482200428,-0.0114289911,-0.0446968563,-0.0476349806,0.0201329766,0.0000000000,0.5214482558,-0.0000000000,0.0872664626,-0.0000000000,1.0000000000,1.0000000000,0.0000000000,0.0000000000,0.0000000000,0.0000000000
0.0200000000,0.2433337750,0.2341638537,0.5446446846,-0.0283478766,-0.0293795418,-0.0337803284,0.2783451568,-0.2540284397,0.5486380284,-0.0113456256,-0.0455291395,-0.0482502857,0.0201329766,0.0000000000,0.5214482558,-0.0000000000,0.0872664626,-0.0000000000,1.0000000000,1.0000000000,0.0000000000,0.0000000000,0.0000000000,0.0000000000
0.0200000000,0.2434188686,0.2342205490,0.5442333668,-0.0278747264,-0.0270566586,-0.0334202904,0.2797656352,-0.2539596060,0.5490113021,-0.0113445565,-0.0459577935,-0.0490205517,0.0201329766,0.0000000000,0.5214482558,-0.0000000000,0.0872664626,-0.0000000000,1.0000000000,1.0000000000,0.0000000000,0.0000000000,0.0000000000,0.0000000000
0.0200000000,0.2434756859,0.2342688278,0.5438767497,-0.0274729100,-0.0250463966,-0.0331221146,0.2812520284,-0.2539137061,0.5493076428,-0.0114512230,-0.0458602374,-0.0499490586,0.0201329766,0.0000000000,0.5214482558,-0.0000000000,0.0872664626,-0.0000000000,1.0000000000,1.0000000000,0.0000000000,0.0000000000,0.0000000000,0.0000000000
0.0200000000,0.2434988977,0.2342934665,0.5435919803,-0.0271828517,-0.0234437438,-0.0329339288,0.2827499241,-0.2538985258,0.5494968397,-0.0116838549,-0.0451343160,-0.0510284437,0.0201329766,0.0000000000,0.5214482558,-0.0000000000,0.0872664626,-0.0000000000,1.0000000000,1.0000000000,0.0000000000,0.0000000000,0.0000000000,0.0000000000
0.0200000000,0.2434913376,0.2342817967,0.5433892737,-0.0270319338,-0.0223021732,-0.0328886413,0.2841998609,-0.2539177888,0.5495495720,-0.0120528660,-0.0436952000,-0.0522368616,0.0201329766,0.0000000000,0.5214482558,-0.0000000000,0.0872664626,-0.0000000000,1.0000000000,1.0000000000,0.0000000000,0.0000000000,0.0000000000,0.0000000000
0.0200000000,0.2434654532,0.2342289064,0.5432697881,-0.0270235722,-0.0216218382,-0.0329896415,0.2855330862,-0.2539678083,0.5494426348,-0.0125516165,-0.0415085906,-0.0535233597,0.0201329766,0.0000000000,0.5214482558,-0.0000000000,0.0872664626,-0.0000000000,1.0000000000,1.0000000000,0.0000000000,0.0000000000,0.0000000000,0.0000000000
0.0200000000,0.2434439175,0.2341394872,0.5432283216,-0.0271360981,-0.0213644312,-0.0332070880,0.2866718488,-0.2540362352,0.5491498007,-0.0131611965,-0.0385420460,-0.0548112773,0.0201329766,0.0000000000,0.5214482558,-0.0000000000,0.0872664626,-0.0000000000,1.0000000000,1.0000000000,0.0000000000,0.0000000000,0.0000000000,0.0000000000
0.0200000000,0.2434508926,0.2340359926,0.5432348887,-0.0272982309,-0.0213568111,-0.0334572986,0.2876075111,-0.2541004658,0.5487003476,-0.0138259748,-0.0349760608,-0.0560231387,0.0201329766,0.0000000000,0.5214482558,-0.0000000000,0.0872664626,-0.0000000000,1.0000000000,1.0000000000,0.0000000000,0.0000000000,0.0000000000,0.0000000000
0.0200000000,0.2434990908,0.2339409622,0.5432627466,-0.0274461242,-0.0214488675,-0.0336662689,0.2883642255,-0.2541425184,0.5481419224,-0.0144916293,-0.0310458380,-0.0571084603,0.0201329766,0.0000000000,0.5214482558,-0.0000000000,0.0872664626,-0.0000000000,1.0000000000,1.0000000000,0.0000000000,0.0000000000,0.0000000000,0.0000000000
0.0200000000,0.2435901268,0.2338717664,0.5432957097,-0.0275377160,-0.0215528825,-0.0337850467,0.2889713641,-0.2541520269,0.5475264017,-0.0151122597,-0.0269996087,-0.0580361256,0.0201329766,0.0000000000,0.5214482558,-0.0000000000,0.0872664626,-0.0000000000,1.0000000000,1.0000000000,0.0000000000,0.0000000000,0.0000000000,0.0000000000
0.0200000000,0.2437153256,0.2338381044,0.5433284638,-0.0275567194,-0.0216445899,-0.0337951149,0.2894596750,-0.2541276080,0.5469047842,-0.0156555033,-0.0230762119,-0.0587968338,0.0201329766,0.0000000000,0.5214482558,-0.0000000000,0.0872664626,-0.0000000000,1.0000000000,1.0000000000,0.0000000000,0.0000000000,0.0000000000,0.0000000000
0.0200000000,0.2438593954,0.2338438460,0.5433658786,-0.0275074590,-0.0217580979,-0.0337010314,0.2898466116,-0.2540741524,0.5463242552,-0.0160967278,-0.0195098943,-0.0593865566,0.0201329766,0.0000000000,0.5214482558,-0.0000000000,0.0872664626,-0.0000000000,1.0000000000,1.0000000000,0.0000000000,0.0000000000,0.0000000000,0.0000000000
0.0200000000,0.2440027531,0.2338788839,0.5434178584,-0.0274228049,-0.0219555511,-0.0335454809,0.2901587957,-0.2540054646,0.5458055892,-0.0164478025,-0.0163774712,-0.0598445620,0.0201329766,0.0000000000,0.5214482558,-0.0000000000,0.0872664626,-0.0000000000,1.0000000000,1.0000000000,0.0000000000,0.0000000000,0.0000000000,0.0000000000
0.0200000000,0.2441349041,0.2339339836,0.5434938558,-0.0273298233,-0.0222926651,-0.0333621554,0.2904158550,-0.2539308707,0.5453439340,-0.0167314413,-0.0136262324,-0.0602103789,0.0201329766,0.0000000000,0.5214482558,-0.0000000000,0.0872664626,-0.0000000000,1.0000000000,1.0000000000,0.0000000000,0.0000000000,0.0000000000,0.0000000000
0.0200000000,0.2442532868,0.2340045620,0.5436025315,-0.0272438855,-0.0228177304,-0.0331676284,0.2906339271,-0.2538538421,0.5449197006,-0.0169717806,-0.0111285632,-0.0605172033,0.0201329766,0.0000000000,0.5214482558,-0.0000000000,0.0872664626,-0.0000000000,1.0000000000,1.0000000000,0.0000000000,0.0000000000,0.0000000000,0.0000000000
0.0200000000,0.2443582837,0.2340876263,0.5437506336,-0.0271749328,-0.0235673517,-0.0329716810,0.2908256834,-0.2537751733,0.5445083032,-0.0171920646,-0.0087344041,-0.0607928155,0.0201329766,0.0000000000,0.5214482558,-0.0000000000,0.0872664626,-0.0000000000,1.0000000000,1.0000000000,0.0000000000,0.0000000000,0.0000000000,0.0000000000
0.0200000000,0.2444440310,0.2341774030,0.5439431992,-0.0271387066,-0.0245715285,-0.0327944039,0.2909900665,-0.2536982997,0.5441003125,-0.0174045647,-0.0063937629,-0.0610498955,0.0201329766,0.0000000000,0.5214482558,-0.0000000000,0.0872664626,-0.0000000000,1.0000000000,1.0000000000,0.0000000000,0.0000000000,0.0000000000,0.0000000000
0.0200000000,0.2445035040,0.2342640258,0.5441720167,-0.0271475095,-0.0257875893,-0.0326602694,0.2911189715,-0.2536298972,0.5437041355,-0.0176117857,-0.0041619696,-0.0612902790,0.0201329766,0.0000000000,0.5214482558,-0.0000000000,0.0872664626,-0.0000000000,1.0000000000,1.0000000000,0.0000000000,0.0000000000,0.0000000000,0.0000000000
0.0200000000,0.2445342206,0.2343417781,0.5444331838,-0.0272083836,-0.0271948381,-0.0325825906,0.2912047232,-0.2535753232,0.5433195977,-0.0178212887,-0.0020459007,-0.0615182393,0.0201329766,0.0000000000,0.5214482558,-0.0000000000,0.0872664626,-0.0000000000,1.0000000000,1.0000000000,0.0000000000,0.0000000000,0.0000000000,0.0000000000
0.0200000000,0.2445372650,0.2344073342,0.5447257233,-0.0273252728,-0.0287871962,-0.0325677332,0.2912395708,-0.2535396165,0.5429378240,-0.0180477642,-0.0000027711,-0.0617420546,0.0201329766,0.0000000000,0.5214482558,-0.0000000000,0.0872664626,-0.0000000000,1.0000000000,1.0000000000,0.0000000000,0.0000000000,0.0000000000,0.0000000000
0.0200000000,0.2445154735,0.2344565585,0.5450379855,-0.0274942432,-0.0304990661,-0.0326178385,0.2912151294,-0.2535287423,0.5425607259,-0.0182989773,0.0019510639,-0.0619644757,0.0201329766,0.0000000000,0.5214482558,-0.0000000000,0.0872664626,-0.0000000000,1.0000000000,1.0000000000,0.0000000000,0.0000000000,0.0000000000,0.0000000000
0.0200000000,0.2444737847,0.2344846075,0.5453414926,-0.0276984054,-0.0321715772,-0.0327276305,0.2911202825,-0.2535507391,0.5422083811,-0.0185698151,0.0036933790,-0.0621799635,0.0201329766,0.0000000000,0.5214482558,-0.0000000000,0.0872664626,-0.0000000000,1.0000000000,1.0000000000,0.0000000000,0.0000000000,0.0000000000,0.0000000000
0.0200000000,0.2444243788,0.2344952623,0.5456102904,-0.0279059707,-0.0336568067,-0.0328677325,0.2909589071,-0.2536058125,0.5418921101,-0.0188510841,0.0051619469,-0.0623864639,0.0201329766,0.0000000000,0.5214482558,-0.0000000000,0.0872664626,-0.0000000000,1.0000000000,1.0000000000,0.0000000000,0.0000000000,0.0000000000,0.0000000000
0.0200000000,0.2443761699,0.2344943506,0.5458368666,-0.0280978906,-0.0349097403,-0.0330147837,0.2907286750,-0.2536952915,0.5416054134,-0.0191483966,0.0063856089,-0.0625901934,0.0201329766,0.0000000000,0.5214482558,-0.0000000000,0.0872664626,-0.0000000000,1.0000000000,1.0000000000,0.0000000000,0.0000000000,0.0000000000,0.0000000000
0.0200000000,0.2443336925,0.2344866861,0.5460218417,-0.0282650592,-0.0359319915,-0.0331546632,0.2904153704,-0.2538253900,0.5413350121,-0.0194786039,0.0074183924,-0.0628015727,0.0201329766,0.0000000000,0.5214482558,-0.0000000000,0.0872664626,-0.0000000000,1.0000000000,1.0000000000,0.0000000000,0.0000000000,0.0000000000,0.0000000000
0.0200000000,0.2442995155,0.2344766472,0.5461644879,-0.0283989854,-0.0367188024,-0.0332749789,0.2899933922,-0.2540073179,0.5410687094,-0.0198634576,0.0082960415,-0.0630313995,0.0201329766,0.0000000000,0.5214482558,-0.0000000000,0.0872664626,-0.0000000000,1.0000000000,1.0000000000,0.0000000000,0.0000000000,0.0000000000,0.0000000000
0.0200000000,0.2442768926,0.2344684541,0.5462564243,-0.0284858515,-0.0372238610,-0.0333591151,0.2894136858,-0.2542611692,0.5407980081,-0.0203308262,0.0090067553,-0.0632875663,0.0201329766,0.0000000000,0.5214482558,-0.0000000000,0.0872664626,-0.0000000000,1.0000000000,1.0000000000,0.0000000000,0.0000000000,0.0000000000,0.0000000000
0.0200000000,0.2442649732,0.2344638473,0.5463043758,-0.0285300144,-0.0374857242,-0.0334054089,0.2886731203,-0.2545806838,0.5405228180,-0.0208717170,0.0095526977,-0.0635534279,0.0201329766,0.0000000000,0.5214482558,-0.0000000000,0.0872664626,-0.0000000000,1.0000000000,1.0000000000,0.0000000000,0.0000000000,0.0000000000,0.0000000000
0.0200000000,0.2442602394,0.2344619881,0.5463234657,-0.0285468389,-0.0375892253,-0.0334246070,0.2878091633,-0.2549355710,0.5402500285,-0.0214431880,0.0099488247,-0.0637889149,0.0201329766,0.0000000000,0.5214482558,-0.0000000000,0.0872664626,-0.0000000000,1.0000000000,1.0000000000,0.0000000000,0.0000000000,0.0000000000,0.0000000000
0.0200000000,0.2442589834,0.2344614905,0.5463285876,-0.0285511199,-0.0376167760,-0.0334299498,0.2868783441,-0.2552826103,0.5399862027,-0.0219854205,0.0102326896,-0.0639416111,0.0201329766,0.0000000000,0.5214482558,-0.0000000000,0.0872664626,-0.0000000000,1.0000000000,1.0000000000,0.0000000000,0.0000000000,0.0000000000,0.0000000000
0.0200000000,0.2442588070,0.2344614191,0.5463293197,-0.0285516990,-0.0376206821,-0.0334307412,0.2859326239,-0.2555805145,0.5397327102,-0.0224431615,0.0104605248,-0.0639629322,0.0201329766,0.0000000000,0.5214482558,-0.0000000000,0.0872664626,-0.0000000000,1.0000000000,1.0000000000,0.0000000000,0.0000000000,0.0000000000,0.0000000000
0.0200000000,0.2442588048,0.2344614180,0.5463293294,-0.0285517054,-0.0376207323,-0.0334307529,0.2850069919,-0.2557934965,0.5394884164,-0.0227667572,0.0106784575,-0.0638034704,0.0201329766,0.0000000000,0.5214482558,-0.0000000000,0.0872664626,-0.0000000000,1.0000000000,1.0000000000,0.0000000000,0.0000000000,0.0000000000,0.0000000000
0.0200000000,0.2442588056,0.2344614184,0.5463293263,-0.0285517031,-0.0376207161,-0.0334307495,0.2841131006,-0.2559206671,0.5392543992,-0.0229549080,0.0108923558,-0.0634707915,0.0201329766,0.0000000000,0.5214482558,-0.0000000000,0.0872664626,-0.0000000000,1.0000000000,1.0000000000,0.0000000000,0.0000000000,0.0000000000,0.0000000000
0.0200000000,0.2442588056,0.2344614184,0.5463293263,-0.0285517031,-0.0376207161,-0.0334307495,0.2832510804,-0.2559778982,0.5390363557,-0.0230268617,0.0110699637,-0.0629973985,0.0201329766,0.0000000000,0.5214482558,-0.0000000000,0.0872664626,-0.0000000000,1.0000000000,1.0000000000,0.0000000000,0.0000000000,0.0000000000,0.0000000000
0.0200000000,0.2442588056,0.2344614184,0.5463293263,-0.0285517031,-0.0376207161,-0.0334307495,0.2824207875,-0.2559879805,0.5388427276,-0.0230110149,0.0111643414,-0.0624294757,0.0201329766,0.0000000000,0.5214482558,-0.0000000000,0.0872664626,-0.0000000000,1.0000000000,1.0000000000,0.0000000000,0.0000000000,0.0000000000,0.0000000000
0.0200000000,0.2442588056,0.2344614184,0.5463293263,-0.0285517031,-0.0376207161,-0.0334307495,0.2816271511,-0.2559755803,0.5386824776,-0.0229400301,0.0111316843,-0.0618214374,0.0201329766,0.0000000000,0.5214482558,-0.0000000000,0.0872664626,-0.0000000000,1.0000000000,1.0000000000,0.0000000000,0.0000000000,0.0000000000,0.0000000000
0.0200000000,0.2442588056,0.2344614184,0.5463293263,-0.0285517031,-0.0376207161,-0.0334307495,0.2808906895,-0.2559600914,0.5385679820,-0.0228394195,0.0109266064,-0.0612267403,0.0201329766,0.0000000000,0.5214482558,-0.0000000000,0.0872664626,-0.0000000000,1.0000000000,1.0000000000,0.0000000000,0.0000000000,0.0000000000,0.0000000000
0.0200000000,0.2442588056,0.2344614184,0.5463293263,-0.0285517031,-0.0376207161,-0.0334307495,0.2802299884,-0.2559487999,0.5385014654,-0.0227236880,0.0105553735,-0.0606759941,0.0201329766,0.0000000000,0.5214482558,-0.0000000000,0.0872664626,-0.0000000000,1.0000000000,1.0000000000,0.0000000000,0.0000000000,0.0000000000,0.0000000000
0.0200000000,0.2442588056,0.2344614184,0.5463293263,-0.0285517031,-0.0376207161,-0.0334307495,0.2796592551,-0.2559367417,0.5384817556,-0.0225895762,0.0100368268,-0.0601702874,0.0201329766,0.0000000000,0.5214482558,-0.0000000000,0.0872664626,-0.0000000000,1.0000000000,1.0000000000,0.0000000000,0.0000000000,0.0000000000,0.0000000000
0.0200000000,0.2442588056,0.2344614184,0.5463293263,-0.0285517031,-0.0376207161,-0.0334307495,0.2791828760,-0.2559146854,0.5385060318,-0.0224259399,0.0093877469,-0.0596937185,0.0201329766,0.0000000000,0.5214482558,-0.0000000000,0.0872664626,-0.0000000000,1.0000000000,1.0000000000,0.0000000000,0.0000000000,0.0000000000,0.0000000000
0.0200000000,0.2442588056,0.2344614184,0.5463293263,-0.0285517031,-0.0376207161,-0.0334307495,0.2787888876,-0.2558761678,0.5385696826,-0.0222235309,0.0086174188,-0.0592241093,0.0201329766,0.0000000000,0.5214482558,-0.0000000000,0.0872664626,-0.0000000000,1.0000000000,1.0000000000,0.0000000000,0.0000000000,0.0000000000,0.0000000000
0.0200000000,0.2442588056,0.2344614184,0.5463293263,-0.0285517031,-0.0376207161,-0.0334307495,0.2784513249,-0.2558239363,0.5386715052,-0.0219815733,0.0077025857,-0.0587464456,0.0201329766,0.0000000000,0.5214482558,-0.0000000000,0.0872664626,-0.0000000000,1.0000000000,1.0000000000,0.0000000000,0.0000000000,0.0000000000,0.0000000000
0.0200000000,0.2442588056,0.2344614184,0.5463293263,-0.0285517031,-0.0376207161,-0.0334307495,0.2781227350,-0.2557786832,0.5388066544,-0.0217255855,0.0066183326,-0.0582712422,0.0201329766,0.0000000000,0.5214482558,-0.0000000000,0.0872664626,-0.0000000000,1.0000000000,1.0000000000,0.0000000000,0.0000000000,0.0000000000,0.0000000000
0.0200000000,0.2442588056,0.2344614184,0.5463293263,-0.0285517031,-0.0376207161,-0.0334307495,0.2777644307,-0.2557692463,0.5389759361,-0.0214914625,0.0053197665,-0.0578316477,0.0201329766,0.0000000000,0.5214482558,-0.0000000000,0.0872664626,-0.0000000000,1.0000000000,1.0000000000,0.0000000000,0.0000000000,0.0000000000,0.0000000000
0.0200000000,0.2442588056,0.2344614184,0.5463293263,-0.0285517031,-0.0376207161,-0.0334307495,0.2773501082,-0.2558258190,0.5391861443,-0.0213154770,0.0037435551,-0.0574706306,0.0201329766,0.0000000000,0.5214482558,-0.0000000000,0.0872664626,-0.0000000000,1.0000000000,1.0000000000,0.0000000000,0.0000000000,0.0000000000,0.0000000000
0.0200000000,0.2442588056,0.2344614184,0.5463293263,-0.0285517031,-0.0376207161,-0.0334307495,0.2768706572,-0.2559700146,0.5394497276,-0.0212202181,0.0018143104,-0.0572223574,0.0201329766,0.0000000000,0.5214482558,-0.0000000000,0.0872664626,-0.0000000000,1.0000000000,1.0000000000,0.0000000000,0.0000000000,0.0000000000,0.0000000000
0.0200000000,0.2442588056,0.2344614184,0.5463293263,-0.0285517031,-0.0376207161,-0.0334307495,0.2763364833,-0.2562122083,0.5397959733,-0.0212017378,-0.0006147170,-0.0571010398,0.0201329766,0.0000000000,0.5214482558,-0.0000000000,0.0872664626,-0.0000000000,1.0000000000,1.0000000000,0.0000000000,0.0000000000,0.0000000000,0.0000000000
0.0200000000,0.2442588056,0.2344614184,0.5463293263,-0.0285517031,-0.0376207161,-0.0334307495,0.2757967841,-0.2565152134,0.5402504002,-0.0211942379,-0.0036310335,-0.0570460182,0.0201329766,0.0000000000,0.5214482558,-0.0000000000,0.0872664626,-0.0000000000,1.0000000000,1.0000000000,0.0000000000,0.0000000000,0.0000000000,0.0000000000
0.0200000000,0.2442588056,0.2344614184,0.5463293263,-0.0285517031,-0.0376207161,-0.0334307495,0.2753175311,-0.2568242598,0.5408452767,-0.0211032561,-0.0073437956,-0.0569654158,0.0201329766,0.0000000000,0.5214482558,-0.0000000000,0.0872664626,-0.0000000000,1.0000000000,1.0000000000,0.0000000000,0.0000000000,0.0000000000,0.0000000000
0.0200000000,0.2442588056,0.2344614184,0.5463293263,-0.0285517031,-0.0376207161,-0.0334307495,0.2749848535,-0.2570728763,0.5415973534,-0.0208331836,-0.0117592327,-0.0567672455,0.0201329766,0.0000000000,0.5214482558,-0.0000000000,0.0872664626,-0.0000000000,1.0000000000,1.0000000000,0.0000000000,0.0000000000,0.0000000000,0.0000000000
0.0200000000,0.2442588056,0.2344614184,0.5463293263,-0.0285517031,-0.0376207161,-0.0334307495,0.2748689950,-0.2572080422,0.5424600681,-0.0203551381,-0.0165555893,-0.0564185631,0.0201329766,0.0000000000,0.5214482558,-0.0000000000,0.0872664626,-0.0000000000,1.0000000000,1.0000000000,0.0000000000,0.0000000000,0.0000000000,0.0000000000
0.0200000000,0.2442588056,0.2344614184,0.5463293263,-0.0285517031,-0.0376207161,-0.0334307495,0.2750095960,-0.2572115989,0.5434178996,-0.0196643060,-0.0216072731,-0.0559205947,0.0201329766,0.0000000000,0.5214482558,-0.0000000000,0.0872664626,-0.0000000000,1.0000000000,1.0000000000,0.0000000000,0.0000000000,0.0000000000,0.0000000000
0.0200000000,0.2442588056,0.2344614184,0.5463293263,-0.0285517031,-0.0376207161,-0.0334307495,0.2753894734,-0.2571076445,0.5444828360,-0.0187886758,-0.0269904432,-0.0553073237,0.0201329766,0.0000000000,0.5214482558,-0.0000000000,0.0872664626,-0.0000000000,1.0000000000,1.0000000000,0.0000000000,0.0000000000,0.0000000000,0.0000000000
0.0200000000,0.2442588056,0.2344614184,0.5463293263,-0.0285517031,-0.0376207161,-0.0334307495,0.2760057194,-0.2569140572,0.5456530294,-0.0177605759,-0.0326884329,-0.0546201581,0.0201329766,0.0000000000,0.5214482558,-0.0000000000,0.0872664626,-0.0000000000,1.0000000000,1.0000000000,0.0000000000,0.0000000000,0.0000000000,0.0000000000
0.0200000000,0.2442588056,0.2344614184,0.5463293263,-0.0285517031,-0.0376207161,-0.0334307495,0.2768376879,-0.2566565255,0.5468946651,-0.0166433921,-0.0385267304,-0.0539247334,0.0201329766,0.0000000000,0.5214482558,-0.0000000000,0.0872664626,-0.0000000000,1.0000000000,1.0000000000,0.0000000000,0.0000000000,0.0000000000,0.0000000000
0.0200000000,0.2442588056,0.2344614184,0.5463293263,-0.0285517031,-0.0376207161,-0.0334307495,0.2778126357,-0.2563733697,0.5481360275,-0.0155327510,-0.0441823722,-0.0532965119,0.0201329766,0.0000000000,0.5214482558,-0.0000000000,0.0872664626,-0.0000000000,1.0000000000,1.0000000000,0.0000000000,0.0000000000,0.0000000000,0.0000000000
0.0200000000,0.2442588056,0.2344614184,0.5463293263,-0.0285517031,-0.0376207161,-0.0334307495,0.2788307544,-0.2561048887,0.5492808733,-0.0145356116,-0.0492369525,-0.0528060868,0.0201329766,0.0000000000,0.5214482558,-0.0000000000,0.0872664626,-0.0000000000,1.0000000000,1.0000000000,0.0000000000,0.0000000000,0.0000000000,0.0000000000
0.0200000000,0.2442588056,0.2344614184,0.5463293263,-0.0285517031,-0.0376207161,-0.0334307495,0.2797493292,-0.2558868781,0.5502407878,-0.0137323275,-0.0533763071,-0.0524712814,0.0201329766,0.0000000000,0.5214482558,-0.0000000000,0.0872664626,-0.0000000000,1.0000000000,1.0000000000,0.0000000000,0.0000000000,0.0000000000,0.0000000000
0.0200000000,0.2442588056,0.2344614184,0.5463293263,-0.0285517031,-0.0376207161,-0.0334307495,0.2806182001,-0.2557018559,0.5510980873,-0.0130459170,-0.0569959736,-0.0522397069,0.0201329766,0.0000000000,0.5214482558,-0.0000000000,0.0872664626,-0.0000000000,1.0000000000,1.0000000000,0.0000000000,0.0000000000,0.0000000000,0.0000000000
0.0200000000,0.2442588056,0.2344614184,0.5463293263,-0.0285517031,-0.0376207161,-0.0334307495,0.2814591861,-0.2555427875,0.5518921210,-0.0124410304,-0.0602869078,-0.0520879283,0.0201329766,0.0000000000,0.5214482558,-0.0000000000,0.0872664626,-0.0000000000,1.0000000000,1.0000000000,0.0000000000,0.0000000000,0.0000000000,0.0000000000
0.0200000000,0.2442588056,0.2344614184,0.5463293263,-0.0285517031,-0.0376207161,-0.0334307495,0.2822942765,-0.2554051250,0.5526507272,-0.0118952536,-0.0633753412,-0.0520060394,0.0201329766,0.0000000000,0.5214482558,-0.0000000000,0.0872664626,-0.0000000000,1.0000000000,1.0000000000,0.0000000000,0.0000000000,0.0000000000,0.0000000000
0.0200000000,0.2442588056,0.2344614184,0.5463293263,-0.0285517031,-0.0376207161,-0.0334307495,0.2831293609,-0.2552907173,0.5533770355,-0.0114097944,-0.0662716661,-0.0520007749,0.0201329766,0.0000000000,0.5214482558,-0.0000000000,0.0872664626,-0.0000000000,1.0000000000,1.0000000000,0.0000000000,0.0000000000,0.0000000000,0.0000000000
0.0200000000,0.2442588056,0.2344614184,0.5463293263,-0.0285517031,-0.0376207161,-0.0334307495,0.2839685827,-0.2551988536,0.5540796776,-0.0109778180,-0.0690179089,-0.0520683777,0.0201329766,0.0000000000,0.5214482558,-0.0000000000,0.0872664626,-0.0000000000,1.0000000000,1.0000000000,0.0000000000,0.0000000000,0.0000000000,0.0000000000
0.0200000000,0.2442588056,0.2344614184,0.5463293263,-0.0285517031,-0.0376207161,-0.0334307495,0.2848475603,-0.2551302012,0.5547833081,-0.0105908946,-0.0717016938,-0.0522251010,0.0201329766,0.0000000000,0.5214482558,-0.0000000000,0.0872664626,-0.0000000000,1.0000000000,0.9945868190,0.0000000000,0.0000000000,0.0000000000,0.0000000000
0.0200000000,0.2442588056,0.2344614184,0.5463293263,-0.0285517031,-0.0376207161,-0.0334307495,0.2858357596,-0.2550863084,0.5555369548,-0.0102329872,-0.0744951823,-0.0525036629,0.0201329766,0.0000000000,0.5214482558,-0.0000000000,0.0872664626,-0.0000000000,1.0000000000,0.9655929429,0.0000000000,0.0000000000,0.0000000000,0.0000000000
0.0200000000,0.2442588056,0.2344614184,0.5463293263,-0.0285517031,-0.0376207161,-0.0334307495,0.2870260143,-0.2550903582,0.5563783667,-0.0099335258,-0.0774719133,-0.0530131899,0.0201329766,0.0000000000,0.5214482558,-0.0000000000,0.0872664626,-0.0000000000,1.0000000000,0.9196681854,0.0000000000,0.0000000000,0.0000000000,0.0000000000
0.0200000000,0.2442588056,0.2344614184,0.5463293263,-0.0285517031,-0.0376207161,-0.0334307495,0.2884159389,-0.2551843711,0.5572491861,-0.0097933416,-0.0803053056,-0.0538826024,0.0201329766,0.0000000000,0.5214482558,-0.0000000000,0.0872664626,-0.0000000000,1.0000000000,0.8629662018,0.0000000000,0.0000000000,0.0000000000,0.0000000000
0.0200000000,0.2442588056,0.2344614184,0.5463293263,-0.0285517031,-0.0376207161,-0.0334307495,0.2898321040,-0.2553826287,0.5579944876,-0.0098983281,-0.0823851007,-0.0550884737,0.0201329766,0.0000000000,0.5214482558,-0.0000000000,0.0872664626,-0.0000000000,1.0000000000,0.8004215311,0.0000000000,0.0000000000,0.0000000000,0.0000000000
0.0200000000,0.2442588056,0.2344614184,0.5463293263,-0.0285517031,-0.0376207161,-0.0334307495,0.2912286191,-0.2556758530,0.5585722736,-0.0102521178,-0.0835515329,-0.0565927542,0.0201329766,0.0000000000,0.5214482558,-0.0000000000,0.0872664626,-0.0000000000,1.0000000000,0.7353608078,0.0000000000,0.0000000000,0.0000000000,0.0000000000
0.0200000000,0.2442588056,0.2344614184,0.5463293263,-0.0285517031,-0.0376207161,-0.0334307495,0.2926276084,-0.2560450241,0.5590027951,-0.0108173908,-0.0838875816,-0.0583572266,0.0201329766,0.0000000000,0.5214482558,-0.0000000000,0.0872664626,-0.0000000000,1.0000000000,0.6686941412,0.0000000000,0.0000000000,0.0000000000,0.0000000000
0.0200000000,0.2442588056,0.2344614184,0.5463293263,-0.0285517031,-0.0376207161,-0.0334307495,0.2940122984,-0.2564582354,0.5593014117,-0.0115330976,-0.0835037948,-0.0602855553,0.0201329766,0.0000000000,0.5214482558,-0.0000000000,0.0872664626,-0.0000000000,1.0000000000,0.6020274745,0.0000000000,0.0000000000,0.0000000000,0.0000000000
0.0200000000,0.2442588056,0.2344614184,0.5463293263,-0.0285517031,-0.0376207161,-0.0334307495,0.2953968374,-0.2568925115,0.5594931176,-0.0123528912,-0.0825196459,-0.0623222405,0.0201329766,0.0000000000,0.5214482558,-0.0000000000,0.0872664626,-0.0000000000,1.0000000000,0.5353608078,0.0000000000,0.0000000000,0.0000000000,0.0000000000
0.0200000000,0.2442588056,0.2344614184,0.5463293263,-0.0285517031,-0.0376207161,-0.0334307495,0.2968053355,-0.2573316599,0.5596241793,-0.0132254151,-0.0811493927,-0.0644261369,0.0201329766,0.0000000000,0.5214482558,-0.0000000000,0.0872664626,-0.0000000000,1.0000000000,0.4686941412,0.0000000000,0.0000000000,0.0000000000,0.0000000000
0.0200000000,0.2442588056,0.2344614184,0.5463293263,-0.0285517031,-0.0376207161,-0.0334307495,0.2982554698,-0.2577676758,0.5597262124,-0.0141197698,-0.0795353850,-0.0665777699,0.0201329766,0.0000000000,0.5214482558,-0.0000000000,0.0872664626,-0.0000000000,1.0000000000,0.4020274745,0.0000000000,0.0000000000,0.0000000000,0.0000000000
0.0200000000,0.2442588056,0.2344614184,0.5463293263,-0.0285517031,-0.0376207161,-0.0334307495,0.2997304978,-0.2581890409,0.5598170142,-0.0150024056,-0.0777966541,-0.0687277795,0.0201329766,0.0000000000,0.5214482558,-0.0000000000,0.0872664626,-0.0000000000,1.0000000000,0.3353608078,0.0000000000,0.0000000000,0.0000000000,0.0000000000
0.0200000000,0.2442588056,0.2344614184,0.5463293263,-0.0285517031,-0.0376207161,-0.0334307495,0.3011624954,-0.2585766822,0.5599035196,-0.0158264993,-0.0760750177,-0.0707708146,0.0201329766,0.0000000000,0.5214482558,-0.0000000000,0.0872664626,-0.0000000000,1.0000000000,0.2686941412,0.0000000000,0.0000000000,0.0000000000,0.0000000000
0.0200000000,0.2442588056,0.2344614184,0.5463293263,-0.0285517031,-0.0376207161,-0.0334307495,0.3024407278,-0.2589036405,0.5599838623,-0.0165331027,-0.0745410034,-0.0725495494,0.0201329766,0.0000000000,0.5214482558,-0.0000000000,0.0872664626,0.0000000000,1.0000000000,0.2020274745,0.0000000000,0.0000000000,0.0000000000,0.0000000000
0.0200000000,0.2442588056,0.2344614184,0.5463293263,-0.0285517031,-0.0376207161,-0.0334307495,0.3035495092,-0.2591739509,0.5600579358,-0.0171258084,-0.0732267440,-0.0740586626,0.0201329766,0.0000000000,0.5214482558,-0.0000000000,0.0872664626,-0.0000000000,1.0000000000,0.1353608078,0.0000000000,0.0000000000,0.0000000000,0.0000000000
0.0200000000,0.2442588056,0.2344614184,0.5463293263,-0.0285517031,-0.0376207161,-0.0334307495,0.3045396023,-0.2594066982,0.5601280222,-0.0176411901,-0.0720697054,-0.0753839506,0.0201329766,0.0000000000,0.5214482558,-0.0000000000,0.0872664626,0.0000000000,1.0000000000,0.0687142345,0.0000000000,0.0000000000,0.0000000000,0.0000000000
0.0200000000,0.2442588056,0.2344614184,0.5463293263,-0.0285517031,-0.0376207161,-0.0334307495,0.3054387425,-0.2596121873,0.5601956060,-0.0181012594,-0.0710411432,-0.0765696798,0.0201329766,0.0000000000,0.5214482558,-0.0000000000,0.0872664626,0.0000000000,1.0000000000,0.0106990945,0.0000000000,0.0000000000,0.0000000000,0.0000000000
0.0200000000,0.2442588056,0.2344614184,0.5463293263,-0.0285517031,-0.0376207161,-0.0334307495,0.3062369818,-0.2597896563,0.5602583399,-0.0185184967,-0.0701731935,-0.0775941765,0.0201329766,0.0000000000,0.5214482558,-0.0000000000,0.0872664626,-0.0000000000,1.0000000000,0.0000000000,0.0000000000,0.0000000000,0.0000000000,0.0000000000
0.0200000000,0.2442588056,0.2344614184,0.5463293263,-0.0285517031,-0.0376207161,-0.0334307495,0.3069303173,-0.2599417728,0.5603089107,-0.0189381599,-0.0695088456,-0.0784312876,0.0201329766,0.0000000000,0.5214482558,-0.0000000000,0.0872664626,-0.0000000000,1.0000000000,0.0000000000,0.0000000000,0.0000000000,0.0000000000,0.0000000000
0.0200000000,0.2442588056,0.2344614184,0.5463293263,-0.0285517031,-0.0376207161,-0.0334307495,0.3075709279,-0.2600840512,0.5603476578,-0.0193966105,-0.0689774261,-0.0791589882,0.0201329766,0.0000000000,0.5214482558,-0.0000000000,0.0872664626,-0.0000000000,1.0000000000,0.0000000000,0.0000000000,0.0000000000,0.0000000000,0.0000000000
0.0200000000,0.2442588056,0.2344614184,0.5463293263,-0.0285517031,-0.0376207161,-0.0334307495,0.3081960023,-0.2602218888,0.5603846849,-0.0198497676,-0.0684765256,-0.0798631273,0.0201329766,0.0000000000,0.5214482558,-0.0000000000,0.0872664626,-0.0000000000,1.0000000000,0.0000000000,0.0000000000,0.0000000000,0.0000000000,0.0000000000
0.0200000000,0.2442588056,0.2344614184,0.5463293263,-0.0285517031,-0.0376207161,-0.0334307495,0.3088193018,-0.2603532902,0.5604305915,-0.0202340755,-0.0679338991,-0.0805944694,0.0201329766,0.0000000000,0.5214482558,-0.0000000000,0.0872664626,-0.0000000000,1.0000000000,0.0000000000,0.0000000000,0.0000000000,0.0000000000,0.0000000000
0.0200000000,0.2442588056,0.2344614184,0.5463293263,-0.0285517031,-0.0376207161,-0.0334307495,0.3094457755,-0.2604780069,0.5604879810,-0.0205415758,-0.0673396974,-0.0813604535,0.0201329766,0.0000000000,0.5214482558,-0.0000000000,0.0872664626,-0.0000000000,1.0000000000,0.0000000000,0.0000000000,0.0000000000,0.0000000000,0.0000000000
0.0200000000,0.2442588056,0.2344614184,0.5463293263,-0.0285517031,-0.0376207161,-0.0334307495,0.3100833538,-0.2605980944,0.5605554458,-0.0208040894,-0.0667214233,-0.0821496886,0.0201329766,0.0000000000,0.5214482558,-0.0000000000,0.0872664626,-0.0000000000,1.0000000000,0.0000000000,0.0000000000,0.0000000000,0.0000000000,0.0000000000
0.0200000000,0.2442588056,0.2344614184,0.5463293263,-0.0285517031,-0.0376207161,-0.0334307495,0.3107372433,-0.2607155432,0.5606311955,-0.0210503848,-0.0661034899,-0.0829514096,0.0201329766,0.0000000000,0.5214482558,-0.0000000000,0.0872664626,-0.0000000000,1.0000000000,0.0000000000,0.0000000000,0.0000000000,0.0000000000,0.0000000000
0.0200000000,0.2442588056,0.2344614184,0.5463293263,-0.0285517031,-0.0376207161,-0.0334307495,0.3114053590,-0.2608311350,0.5607135268,-0.0212879654,-0.0654896237,-0.0837616748,0.0201329766,0.0000000000,0.5214482558,-0.0000000000,0.0872664626,-0.0000000000,1.0000000000,0.0000000000,0.0000000000,0.0000000000,0.0000000000,0.0000000000
0.0200000000,0.2442588056,0.2344614184,0.5463293263,-0.0285517031,-0.0376207161,-0.0334307495,0.3120811486,-0.2609456377,0.5607996184,-0.0215198982,-0.0648768635,-0.0845769792,0.0201329766,0.0000000000,0.5214482558,-0.0000000000,0.0872664626,-0.0000000000,1.0000000000,0.0000000000,0.0000000000,0.0000000000,0.0000000000,0.0000000000
0.0200000000,0.2442588056,0.2344614184,0.5463293263,-0.0285517031,-0.0376207161,-0.0334307495,0.3127603828,-0.2610597576,0.5608874727,-0.0217481982,-0.0642615530,-0.0853959660,0.0201329766,0.0000000000,0.5214482558,-0.0000000000,0.0872664626,-0.0000000000,1.0000000000,0.0000000000,0.0000000000,0.0000000000,0.0000000000,0.0000000000
0.0200000000,0.2442588056,0.2344614184,0.5463293263,-0.0285517031,-0.0376207161,-0.0334307495,0.3134582970,-0.2611757630,0.5609794794,-0.0219768741,-0.0636317406,-0.0862364068,0.0201329766,0.0000000000,0.5214482558,-0.0000000000,0.0872664626,0.0000000000,1.0000000000,0.0000000000,0.0000000000,0.0000000000,0.0000000000,0.0000000000
0.0200000000,0.2442588056,0.2344614184,0.5463293263,-0.0285517031,-0.0376207161,-0.0334307495,0.3142342857,-0.2613009088,0.5610873169,-0.0222177765,-0.0629510181,-0.0871626157,0.0201329766,0.0000000000,0.5214482558,0.0000000000,0.0872664626,0.0000000000,1.0000000000,0.0000000000,0.0000000000,0.0000000000,0.0000000000,0.0000000000
0.0200000000,0.2442588056,0.2344614184,0.5463293263,-0.0285517031,-0.0376207161,-0.0334307495,0.3151787813,-0.2614460120,0.5612291961,-0.0224875922,-0.0621640987,-0.0882725489,0.0201329766,0.0000000000,0.5214482558,-0.0000000000,0.0872664626,0.0000000000,1.0000000000,0.0000000000,0.0000000000,0.0000000000,0.0000000000,0.0000000000
0.0200000000,0.2442588056,0.2344614184,0.5463293263,-0.0285517031,-0.0376207161,-0.0334307495,0.3163345935,-0.2616156708,0.5614150606,-0.0227913227,-0.0612464707,-0.0896120688,0.0201329766,0.0000000000,0.5214482558,-0.0000000000,0.0872664626,-0.0000000000,1.0000000000,0.0000000000,0.0000000000,0.0000000000,0.0000000000,0.0000000000
0.0200000000,0.2442588056,0.2344614184,0.5463293263,-0.0285517031,-0.0376207161,-0.0334307495,0.3176180825,-0.2617980727,0.5616314311,-0.0231065874,-0.0602589978,-0.0910868320,0.0201329766,0.0000000000,0.5214482558,-0.0000000000,0.0872664626,-0.0000000000,1.0000000000,0.0000000000,0.0000000000,0.0000000000,0.0000000000,0.0000000000
0.0200000000,0.2442588056,0.2344614184,0.5463293263,-0.0285517031,-0.0376207161,-0.0334307495,0.3188273905,-0.2619647827,0.5618429826,-0.0233850468,-0.0593543712,-0.0924663798,0.0201329766,0.0000000000,0.5214482558,-0.0000000000,0.0872664626,-0.0000000000,1.0000000000,0.0000000000,0.0000000000,0.0000000000,0.0000000000,0.0000000000
0.0200000000,0.2442588056,0.2344614184,0.5463293263,-0.0285517031,-0.0376207161,-0.0334307495,0.3198284859,-0.2620975872,0.5620252095,-0.0235986465,-0.0586332474,-0.0935971784,0.0201329766,0.0000000000,0.5214482558,-0.0000000000,0.0872664626,-0.0000000000,1.0000000000,0.0000000000,0.0000000000,0.0000000000,0.0000000000,0.0000000000
0.0200000000,0.2442588056,0.2344614184,0.5463293263,-0.0285517031,-0.0376207161,-0.0334307495,0.3206428824,-0.2622006218,0.5621799816,-0.0237567876,-0.0580728332,-0.0945057501,0.0201329766,0.0000000000,0.5214482558,-0.0000000000,0.0872664626,-0.0000000000,1.0000000000,0.0000000000,0.0000000000,0.0000000000,0.0000000000,0.0000000000
0.0200000000,0.2442588056,0.2344614184,0.5463293263,-0.0285517031,-0.0376207161,-0.0334307495,0.3213598099,-0.2622880521,0.5623207349,-0.0238846549,-0.0575932251,-0.0952988224,0.0201329766,0.0000000000,0.5214482558,-0.0000000000,0.0872664626,-0.0000000000,1.0000000000,0.0000000000,0.0000000000,0.0000000000,0.0000000000,0.0000000000
0.0200000000,0.2442588056,0.2344614184,0.5463293263,-0.0285517031,-0.0376207161,-0.0334307495,0.3220491114,-0.2623708465,0.5624582236,-0.0240013920,-0.0571330293,-0.0960599323,0.0201329766,0.0000000000,0.5214482558,-0.0000000000,0.0872664626,-0.0000000000,1.0000000000,0.0000000000,0.0000000000,0.0000000000,0.0000000000,0.0000000000
0.0200000000,0.2442588056,0.2344614184,0.5463293263,-0.0285517031,-0.0376207161,-0.0334307495,0.3227352125,-0.2624524854,0.5625964379,-0.0241129846,-0.0566736791,-0.0968174140,0.0201329766,0.0000000000,0.5214482558,-0.0000000000,0.0872664626,-0.0000000000,1.0000000000,0.0000000000,0.0000000000,0.0000000000,0.0000000000,0.0000000000
0.0200000000,0.2442588056,0.2344614184,0.5463293263,-0.0285517031,-0.0376207161,-0.0334307495,0.3234199281,-0.2625321702,0.5627371148,-0.0242176246,-0.0562223464,-0.0975699300,0.0201329766,0.0000000000,0.5214482558,-0.0000000000,0.0872664626,-0.0000000000,1.0000000000,0.0000000000,0.0000000000,0.0000000000,0.0000000000,0.0000000000
0.0200000000,0.2442588056,0.2344614184,0.5463293263,-0.0285517031,-0.0376207161,-0.0334307495,0.3241014736,-0.2626080613,0.5628820744,-0.0243111477,-0.0557919206,-0.0983105544,0.0201329766,0.0000000000,0.5214482558,-0.0000000000,0.0872664626,-0.0000000000,1.0000000000,0.0000000000,0.0000000000,0.0000000000,0.0000000000,0.0000000000
0.0200000000,0.2442588056,0.2344614184,0.5463293263,-0.0285517031,-0.0376207161,-0.0334307495,0.3247790045,-0.2626792487,0.5630322192,-0.0243914604,-0.0553886318,-0.0990359265,0.0201329766,0.0000000000,0.5214482558,-0.0000000000,0.0872664626,-0.0000000000,1.0000000000,0.0000000000,0.0000000000,0.0000000000,0.0000000000,0.0000000000
0.0200000000,0.2442588056,0.2344614184,0.5463293263,-0.0285517031,-0.0376207161,-0.0334307495,0.3254534457,-0.2627467456,0.5631865329,-0.0244609181,-0.0550054706,-0.0997497744,0.0201329766,0.0000000000,0.5214482558,-0.0000000000,0.0872664626,-0.0000000000,1.0000000000,0.0000000000,0.0000000000,0.0000000000,0.0000000000,0.0000000000
0.0200000000,0.2442588056,0.2344614184,0.5463293263,-0.0285517031,-0.0376207161,-0.0334307495,0.3261266806,-0.2628124330,0.5633430585,-0.0245238071,-0.0546291659,-0.1004593211,0.0201329766,0.0000000000,0.5214482558,-0.0000000000,0.0872664626,-0.0000000000,1.0000000000,0.0000000000,0.0000000000,0.0000000000,0.0000000000,0.0000000000
0.0200000000,0.2442588056,0.2344614184,0.5463293263,-0.0285517031,-0.0376207161,-0.0334307495,0.3268019144,-0.2628777123,0.5635011751,-0.0245832323,-0.0542505290,-0.1011709924,0.0201329766,0.0000000000,0.5214482558,-0.0000000000,0.0872664626,-0.0000000000,1.0000000000,0.0000000000,0.0000000000,0.0000000000,0.0000000000,0.0000000000
0.0200000000,0.2442588056,0.2344614184,0.5463293263,-0.0285517031,-0.0376207161,-0.0334307495,0.3274881619,-0.2629430851,0.5636634211,-0.0246391336,-0.0538662652,-0.1018932335,0.0201329766,0.0000000000,0.5214482558,-0.0000000000,0.0872664626,-0.0000000000,1.0000000000,0.0000000000,0.0000000000,0.0000000000,0.0000000000,0.0000000000
0.0200000000,0.2442588056,0.2344614184,0.5463293263,-0.0285517031,-0.0376207161,-0.0334307495,0.3282032680,-0.2630090692,0.5638354250,-0.0246900206,-0.0534726944,-0.1026415790,0.0201329766,0.0000000000,0.5214482558,-0.0000000000,0.0872664626,-0.0000000000,1.0000000000,0.0000000000,0.0000000000,0.0000000000,0.0000000000,0.0000000000
0.0200000000,0.2442588056,0.2344614184,0.5463293263,-0.0285517031,-0.0376207161,-0.0334307495,0.3289632956,-0.2630760853,0.5640223711,-0.0247342421,-0.0530665278,-0.1034300394,0.0201329766,0.0000000000,0.5214482558,0.0000000000,0.0872664626,0.0000000000,1.0000000000,0.0000000000,0.0000000000,0.0000000000,0.0000000000,0.0000000000
0.0200000000,0.2442588056,0.2344614184,0.5463293263,-0.0285517031,-0.0376207161,-0.0334307495,0.3297704456,-0.2631441673,0.5642248610,-0.0247710594,-0.0526464089,-0.1042610822,0.0201329766,0.0000000000,0.5214482558,-0.0000000000,0.0872664626,0.0000000000,1.0000000000,0.0000000000,0.0000000000,0.0000000000,0.0000000000,0.0000000000
0.0200000000,0.2442588056,0.2344614184,0.5463293263,-0.0285517031,-0.0376207161,-0.0334307495,0.3306136646,-0.2632133752,0.5644389702,-0.0248019940,-0.0522105765,-0.1051265253,0.0201329766,0.0000000000,0.5214482558,-0.0000000000,0.0872664626,-0.0000000000,1.0000000000,0.0000000000,0.0000000000,0.0000000000,0.0000000000,0.0000000000
0.0200000000,0.2442588056,0.2344614184,0.5463293263,-0.0285517031,-0.0376207161,-0.0334307495,0.3315295779,-0.2632862719,0.5646740390,-0.0248269660,-0.0517366900,-0.1060636876,0.0201329766,0.0000000000,0.5214482558,-0.0000000000,0.0872664626,-0.0000000000,1.0000000000,0.0000000000,0.0000000000,0.0000000000,0.0000000000,0.0000000000
0.0200000000,0.2442588029,0.2344614186,0.5463293253,-0.0285517034,-0.0376207120,-0.0334307503,0.3326046909,-0.2633680075,0.5649535845,-0.0248434461,-0.0511797292,-0.1071579603,0.0201329766,0.0000000000,0.5214482558,0.0000000000,0.0872664626,0.0000000000,1.0000000000,0.0000000000,0.0000000000,0.0000000000,0.0000000000,0.0000000000
0.0200000000,0.2442588031,0.2344614183,0.5463293269,-0.0285517044,-0.0376207203,-0.0334307522,0.3339051330,-0.2634627861,0.5652954162,-0.0248488302,-0.0504989388,-0.1084768127,0.0201329766,0.0000000000,0.5214482558,0.0000000000,0.0872664626,0.0000000000,1.0000000000,0.0000000000,0.0000000000,0.0000000000,0.0000000000,0.0000000000
0.0200000000,0.2442598559,0.2344613443,0.5463296985,-0.0285515409,-0.0376221204,-0.0334304187,0.3354244880,-0.2635730245,0.5656927790,-0.0248473862,-0.0496631258,-0.1100268808,0.0201329766,0.0000000000,0.5214482558,-0.0000000000,0.0872664626,-0.0000000000,1.0000000000,0.0000000000,0.0000000000,0.0000000000,0.0000000000,0.0000000000
0.0200000000,0.2442690713,0.2344607930,0.5463324851,-0.0285498024,-0.0376320365,-0.0334268770,0.3370514589,-0.2636987795,0.5661057724,-0.0248567673,-0.0486680983,-0.1117214261,0.0201329766,0.0000000000,0.5214482558,-0.0000000000,0.0872664626,-0.0000000000,1.0000000000,0.0000000000,0.0000000000,0.0000000000,0.0000000000,0.0000000000
0.0200000000,0.2443083184,0.2344588389,0.5463426444,-0.0285412936,-0.0376657573,-0.0334093220,0.3387029075,-0.2638469143,0.5664953239,-0.0249077879,-0.0474670514,-0.1135148505,0.0201329766,0.0000000000,0.5214482558,-0.0000000000,0.0872664626,0.0000000000,1.0000000000,0.0000000000,0.0000000000,0.0000000000,0.0000000000,0.0000000000
0.0200000000,0.2444198037,0.2344542580,0.5463673855,-0.0285146495,-0.0377411162,-0.0333532444,0.3403065181,-0.2640306856,0.5668181254,-0.0250458751,-0.0459788000,-0.1153874306,0.0201329766,0.0000000000,0.5214482558,-0.0000000000,0.0872664626,-0.0000000000,1.0000000000,0.0000000000,0.0000000000,0.0000000000,0.0000000000,0.0000000000
0.0200000000,0.2446582516,0.2344455866,0.5464132019,-0.0284543687,-0.0378664977,-0.0332237538,0.3417968974,-0.2642664408,0.5670299472,-0.0253234617,-0.0441113768,-0.1173324676,0.0201329766,0.0000000000,0.5214482558,-0.0000000000,0.0872664626,-0.0000000000,1.0000000000,0.0000000000,0.0000000000,0.0000000000,0.0000000000,0.0000000000
0.0200000000,0.2450860211,0.2344286577,0.5464825407,-0.0283441204,-0.0380231537,-0.0329835710,0.3430993771,-0.2645732267,0.5670791129,-0.0258031005,-0.0417610341,-0.1193430208,0.0201329766,0.0000000000,0.5214482558,-0.0000000000,0.0872664626,-0.0000000000,1.0000000000,0.0000000000,0.0000000000,0.0000000000,0.0000000000,0.0000000000
0.0200000000,0.2456731621,0.2343986812,0.5465607119,-0.0281946681,-0.0381417847,-0.0326578498,0.3441932678,-0.2649374063,0.5669769327,-0.0264597434,-0.0390380578,-0.1213581245,0.0201329766,0.0000000000,0.5214482558,-0.0000000000,0.0872664626,-0.0000000000,1.0000000000,0.0000000000,0.0000000000,0.0000000000,0.0000000000,0.0000000000
0.0200000000,0.2463486848,0.2343523982,0.5466291607,-0.0280279242,-0.0381525381,-0.0322978420,0.3450813259,-0.2653323847,0.5667582220,-0.0272330805,-0.0361250694,-0.1232996041,0.0201329766,0.0000000000,0.5214482558,-0.0000000000,0.0872664626,-0.0000000000,1.0000000000,0.0000000000,0.0000000000,0.0000000000,0.0000000000,0.0000000000
0.0200000000,0.2470297217,0.2342906401,0.5466744125,-0.0278677921,-0.0380229466,-0.0319569418,0.3457911030,-0.2657266033,0.5664726675,-0.0280450030,-0.0332269657,-0.1250958375,0.0201329766,0.0000000000,0.5214482558,-0.0000000000,0.0872664626,-0.0000000000,1.0000000000,0.0000000000,0.0000000000,0.0000000000,0.0000000000,0.0000000000
0.0200000000,0.2476496904,0.2342177845,0.5466924483,-0.0277325392,-0.0377678761,-0.0316728920,0.3463600590,-0.2660927117,0.5661685401,-0.0288235360,-0.0305180682,-0.1266959100,0.0201329766,0.0000000000,0.5214482558,-0.0000000000,0.0872664626,-0.0000000000,1.0000000000,0.0000000000,0.0000000000,0.0000000000,0.0000000000,0.0000000000
0.0200000000,0.2481620553,0.2341387716,0.5466841569,-0.0276348266,-0.0374208870,-0.0314695510,0.3468135381,-0.2664093613,0.5658826564,-0.0295120818,-0.0281372440,-0.1280561375,0.0201329766,0.0000000000,0.5214482558,-0.0000000000,0.0872664626,-0.0000000000,1.0000000000,0.0000000000,0.0000000000,0.0000000000,0.0000000000,0.0000000000
0.0200000000,0.2485803952,0.2340580284,0.5466589428,-0.0275684260,-0.0370293121,-0.0313314040,0.3471965540,-0.2666824303,0.5656254352,-0.0301128792,-0.0260449983,-0.1292303386,0.0201329766,0.0000000000,0.5214482558,-0.0000000000,0.0872664626,-0.0000000000,1.0000000000,0.0000000000,0.0000000000,0.0000000000,0.0000000000,0.0000000000
0.0200000000,0.2489328546,0.2339774093,0.5466230863,-0.0275229192,-0.0366139194,-0.0312362530,0.3475399272,-0.2669257237,0.5653901565,-0.0306517548,-0.0241432661,-0.1302856434,0.0201329766,0.0000000000,0.5214482558,-0.0000000000,0.0872664626,0.0000000000,1.0000000000,0.0000000000,0.0000000000,0.0000000000,0.0000000000,0.0000000000
0.0200000000,0.2492417336,0.2338979601,0.5465799016,-0.0274895042,-0.0361814491,-0.0311666602,0.3478643724,-0.2671510050,0.5651676924,-0.0311531588,-0.0223432642,-0.1312756500,0.0201329766,0.0000000000,0.5214482558,-0.0000000000,0.0872664626,-0.0000000000,1.0000000000,0.0000000000,0.0000000000,0.0000000000,0.0000000000,0.0000000000
0.0200000000,0.2495184620,0.2338200219,0.5465304650,-0.0274634674,-0.0357319595,-0.0311138929,0.3481812558,-0.2673648380,0.5649522461,-0.0316313537,-0.0205930113,-0.1322304984,0.0201329766,0.0000000000,0.5214482558,-0.0000000000,0.0872664626,-0.0000000000,1.0000000000,0.0000000000,0.0000000000,0.0000000000,0.0000000000,0.0000000000
0.0200000000,0.2497727407,0.2337418797,0.5464730519,-0.0274422150,-0.0352507764,-0.0310737532,0.3485074059,-0.2675758140,0.5647354002,-0.0321052814,-0.0188149979,-0.1331929916,0.0201329766,0.0000000000,0.5214482558,-0.0000000000,0.0872664626,-0.0000000000,1.0000000000,0.0000000000,0.0000000000,0.0000000000,0.0000000000,0.0000000000
0.0200000000,0.2500209356,0.2336592768,0.5464029959,-0.0274218369,-0.0347026256,-0.0310417489,0.3488760235,-0.2678005460,0.5645007615,-0.0326115034,-0.0168556188,-0.1342473255,0.0201329766,0.0000000000,0.5214482558,-0.0000000000,0.0872664626,-0.0000000000,1.0000000000,0.0000000000,0.0000000000,0.0000000000,0.0000000000,0.0000000000
0.0200000000,0.2502674217,0.2335696907,0.5463139131,-0.0273994706,-0.0340497682,-0.0310175654,0.3493176869,-0.2680507628,0.5642350740,-0.0331768789,-0.0145839695,-0.1354628233,0.0201329766,0.0000000000,0.5214482558,-0.0000000000,0.0872664626,-0.0000000000,1.0000000000,0.0000000000,0.0000000000,0.0000000000,0.0000000000,0.0000000000
0.0200000000,0.2505025107,0.2334767617,0.5462051192,-0.0273727596,-0.0332945548,-0.0309998669,0.3498352540,-0.2683227275,0.5639405734,-0.0337941065,-0.0120076033,-0.1368341736,0.0201329766,0.0000000000,0.5214482558,-0.0000000000,0.0872664626,0.0000000000,1.0000000000,0.0000000000,0.0000000000,0.0000000000,0.0000000000,0.0000000000
0.0200000000,0.2507069409,0.2333902315,0.5460823148,-0.0273385720,-0.0324808012,-0.0309834378,0.3504072065,-0.2685998111,0.5636331130,-0.0344267965,-0.0092541915,-0.1382913898,0.0201329766,0.0000000000,0.5214482558,-0.0000000000,0.0872664626,-0.0000000000,1.0000000000,0.0000000000,0.0000000000,0.0000000000,0.0000000000,0.0000000000
0.0200000000,0.2508543567,0.2333245683,0.5459502633,-0.0272884766,-0.0316522338,-0.0309571944,0.3510247504,-0.2688659395,0.5633264353,-0.0350400695,-0.0064132446,-0.1397815425,0.0201329766,0.0000000000,0.5214482558,-0.0000000000,0.0872664626,-0.0000000000,1.0000000000,0.0000000000,0.0000000000,0.0000000000,0.0000000000,0.0000000000
0.0200000000,0.2509370964,0.2332884471,0.5458113998,-0.0272132159,-0.0308280564,-0.0309085318,0.3516927471,-0.2691170704,0.5630231848,-0.0356249973,-0.0034850849,-0.1413005574,0.0201329766,0.0000000000,0.5214482558,-0.0000000000,0.0872664626,-0.0000000000,1.0000000000,0.0000000000,0.0000000000,0.0000000000,0.0000000000,0.0000000000
0.0200000000,0.2509526094,0.2332879900,0.5456661975,-0.0271040178,-0.0300132778,-0.0308258304,0.3524151414,-0.2693490813,0.5627243851,-0.0361737789,-0.0004661204,-0.1428442230,0.0201329766,0.0000000000,0.5214482558,-0.0000000000,0.0872664626,-0.0000000000,1.0000000000,0.0000000000,0.0000000000,0.0000000000,0.0000000000,0.0000000000
0.0200000000,0.2509055028,0.2333260411,0.5455171426,-0.0269559718,-0.0292190827,-0.0307003558,0.3531735735,-0.2695513643,0.5624375117,-0.0366647655,0.0025657378,-0.1443639123,0.0201329766,0.0000000000,0.5214482558,-0.0000000000,0.0872664626,-0.0000000000,1.0000000000,0.0000000000,0.0000000000,0.0000000000,0.0000000000,0.0000000000
0.0200000000,0.2508087119,0.2334015111,0.5453695152,-0.0267692354,-0.0284663911,-0.0305272250,0.3539290498,-0.2697095938,0.5621753190,-0.0370676054,0.0054617628,-0.1457746412,0.0201329766,0.0000000000,0.5214482558,-0.0000000000,0.0872664626,-0.0000000000,1.0000000000,0.0000000000,0.0000000000,0.0000000000,0.0000000000,0.0000000000
0.0200000000,0.2506753321,0.2335142939,0.5452290973,-0.0265427364,-0.0277788864,-0.0302993199,0.3546341626,-0.2698049849,0.5619523726,-0.0373434344,0.0080446944,-0.1469704006,0.0201329766,0.0000000000,0.5214482558,-0.0000000000,0.0872664626,-0.0000000000,1.0000000000,0.0000000000,0.0000000000,0.0000000000,0.0000000000,0.0000000000
0.0200000000,0.2505197489,0.2336571742,0.5450943495,-0.0262807027,-0.0271386059,-0.0300215333,0.3552733014,-0.2698377860,0.5617644951,-0.0374962574,0.0103044860,-0.1479354262,0.0201329766,0.0000000000,0.5214482558,-0.0000000000,0.0872664626,-0.0000000000,1.0000000000,0.0000000000,0.0000000000,0.0000000000,0.0000000000,0.0000000000
0.0200000000,0.2503459294,0.2338281260,0.5449599435,-0.0259803881,-0.0265136149,-0.0296930277,0.3558422675,-0.2698053221,0.5616035093,-0.0375275995,0.0122720682,-0.1486645621,0.0201329766,0.0000000000,0.5214482558,-0.0000000000,0.0872664626,-0.0000000000,1.0000000000,0.0000000000,0.0000000000,0.0000000000,0.0000000000,0.0000000000
0.0200000000,0.2501566708,0.2340256349,0.5448213682,-0.0256393760,-0.0258771983,-0.0293130033,0.3563267861,-0.2697001443,0.5614631590,-0.0374303404,0.0139443711,-0.1491296708,0.0201329766,0.0000000000,0.5214482558,-0.0000000000,0.0872664626,-0.0000000000,1.0000000000,0.0000000000,0.0000000000,0.0000000000,0.0000000000,0.0000000000
0.0200000000,0.2499576527,0.2342443301,0.5446773795,-0.0252629197,-0.0252184601,-0.0288888023,0.3566977480,-0.2695142356,0.5613395646,-0.0371951926,0.0152741247,-0.1492823905,0.0201329766,0.0000000000,0.5214482558,-0.0000000000,0.0872664626,-0.0000000000,1.0000000000,0.0000000000,0.0000000000,0.0000000000,0.0000000000,0.0000000000
0.0200000000,0.2497588985,0.2344726790,0.5445299780,-0.0248671402,-0.0245412916,-0.0284400961,0.3568956146,-0.2692344746,0.5612299999,-0.0368042633,0.0161427897,-0.1490276436,0.0201329766,0.0000000000,0.5214482558,-0.0000000000,0.0872664626,-0.0000000000,1.0000000000,0.0000000000,0.0000000000,0.0000000000,0.0000000000,0.0000000000
0.0200000000,0.2495719998,0.2346933180,0.5443837988,-0.0244791743,-0.0238625763,-0.0280001732,0.3569010948,-0.2688755794,0.5611273497,-0.0362864445,0.0165486986,-0.1483787637,0.0201329766,0.0000000000,0.5214482558,-0.0000000000,0.0872664626,-0.0000000000,1.0000000000,0.0000000000,0.0000000000,0.0000000000,0.0000000000,0.0000000000
0.0200000000,0.2494057463,0.2348925900,0.5442429579,-0.0241210203,-0.0231986153,-0.0275957484,0.3567019490,-0.2684531234,0.5610249288,-0.0356708661,0.0165051012,-0.1473595081,0.0201329766,0.0000000000,0.5214482558,-0.0000000000,0.0872664626,-0.0000000000,1.0000000000,0.0000000000,0.0000000000,0.0000000000,0.0000000000,0.0000000000
0.0200000000,0.2492675106,0.2350588265,0.5441114141,-0.0238119846,-0.0225660097,-0.0272500346,0.3562941601,-0.2679862781,0.5609160471,-0.0349918812,0.0160451852,-0.1460112218,0.0201329766,0.0000000000,0.5214482558,-0.0000000000,0.0872664626,-0.0000000000,1.0000000000,0.0074459816,0.0000000000,0.0000000000,0.0000000000,0.0000000000
0.0200000000,0.2491649614,0.2351816817,0.5439924977,-0.0235686556,-0.0219779700,-0.0269827163,0.3556837173,-0.2674980345,0.5607954440,-0.0342886046,0.0152186703,-0.1443940257,0.0201329766,0.0000000000,0.5214482558,-0.0000000000,0.0872664626,0.0000000000,1.0000000000,0.0636326173,0.0000000000,0.0000000000,0.0000000000,0.0000000000
0.0200000000,0.2491136305,0.2352452846,0.5438903498,-0.0234141079,-0.0214472548,-0.0268205780,0.3548740150,-0.2670205284,0.5606589946,-0.0336144793,0.0140679335,-0.1425829148,0.0201329766,0.0000000000,0.5214482558,-0.0000000000,0.0872664626,-0.0000000000,1.0000000000,0.1302992840,0.0000000000,0.0000000000,0.0000000000,0.0000000000
0.0200000000,0.2491171277,0.2352504673,0.5438043692,-0.0233452872,-0.0209688403,-0.0267587236,0.3539255827,-0.2665863014,0.5605100149,-0.0330175511,0.0127179963,-0.1407141298,0.0201329766,0.0000000000,0.5214482558,-0.0000000000,0.0872664626,-0.0000000000,1.0000000000,0.1969659507,0.0000000000,0.0000000000,0.0000000000,0.0000000000
0.0200000000,0.2491745490,0.2352035748,0.5437332959,-0.0233513585,-0.0205369702,-0.0267826045,0.3528858364,-0.2662171679,0.5603531080,-0.0325293761,0.0112545871,-0.1388842490,0.0201329766,0.0000000000,0.5214482558,-0.0000000000,0.0872664626,-0.0000000000,1.0000000000,0.2636326173,0.0000000000,0.0000000000,0.0000000000,0.0000000000
0.0200000000,0.2492780938,0.2351184503,0.5436745803,-0.0234109515,-0.0201432413,-0.0268649852,0.3517991806,-0.2659249047,0.5601941005,-0.0321653543,0.0097456865,-0.1371638762,0.0201329766,0.0000000000,0.5214482558,-0.0000000000,0.0872664626,-0.0000000000,1.0000000000,0.3302992840,0.0000000000,0.0000000000,0.0000000000,0.0000000000
0.0200000000,0.2494142678,0.2350122666,0.5436254975,-0.0234993986,-0.0197817372,-0.0269752146,0.3507042126,-0.2657122584,0.5600391154,-0.0319264289,0.0082405607,-0.1355976732,0.0201329766,0.0000000000,0.5214482558,-0.0000000000,0.0872664626,-0.0000000000,1.0000000000,0.3969659507,0.0000000000,0.0000000000,0.0000000000,0.0000000000
0.0200000000,0.2495629277,0.2349033594,0.5435855822,-0.0235946511,-0.0194628628,-0.0270861504,0.3496315970,-0.2655818098,0.5598951439,-0.0318128091,0.0067643367,-0.1342198880,0.0201329766,0.0000000000,0.5214482558,0.0000000000,0.0872664626,0.0000000000,1.0000000000,0.4636326173,0.0000000000,0.0000000000,0.0000000000,0.0000000000
0.0200000000,0.2496961431,0.2348097753,0.5435542244,-0.0236778480,-0.0192008372,-0.0271776097,0.3485947420,-0.2655132771,0.5597674074,-0.0317886148,0.0053111626,-0.1329996545,0.0201329766,0.0000000000,0.5214482558,-0.0000000000,0.0872664626,0.0000000000,1.0000000000,0.5302992840,0.0000000000,0.0000000000,0.0000000000,0.0000000000
0.0200000000,0.2497944552,0.2347428294,0.5435319289,-0.0237380990,-0.0190111183,-0.0272393466,0.3476027615,-0.2654935764,0.5596603433,-0.0318300541,0.0038718300,-0.1319166335,0.0201329766,0.0000000000,0.5214482558,-0.0000000000,0.0872664626,-0.0000000000,1.0000000000,0.5969659507,0.0000000000,0.0000000000,0.0000000000,0.0000000000
0.0200000000,0.2498518625,0.2347048201,0.5435185478,-0.0237727300,-0.0188974784,-0.0272716063,0.3466645770,-0.2655114073,0.5595779855,-0.0319163966,0.0024389218,-0.1309542431,0.0201329766,0.0000000000,0.5214482558,-0.0000000000,0.0872664626,-0.0000000000,1.0000000000,0.6636326173,0.0000000000,0.0000000000,0.0000000000,0.0000000000
0.0200000000,0.2498765678,0.2346888960,0.5435124175,-0.0237874268,-0.0188460872,-0.0272837297,0.3457876491,-0.2655551850,0.5595235254,-0.0320269234,0.0010059652,-0.1300942951,0.0201329766,0.0000000000,0.5214482558,-0.0000000000,0.0872664626,-0.0000000000,1.0000000000,0.7302992840,0.0000000000,0.0000000000,0.0000000000,0.0000000000
0.0200000000,0.2498824665,0.2346851821,0.5435108441,-0.0237909026,-0.0188331058,-0.0272862245,0.3449855681,-0.2656149593,0.5595019321,-0.0321418830,-0.0004309401,-0.1293277401,0.0201329766,0.0000000000,0.5214482558,-0.0000000000,0.0872664626,-0.0000000000,1.0000000000,0.7969659507,0.0000000000,0.0000000000,0.0000000000,0.0000000000
0.0200000000,0.2498833253,0.2346846463,0.5435106051,-0.0237914094,-0.0188311521,-0.0272865597,0.3442518855,-0.2656803224,0.5595094668,-0.0322469049,-0.0018704349,-0.1286285432,0.0201329766,0.0000000000,0.5214482558,-0.0000000000,0.0872664626,-0.0000000000,1.0000000000,0.8636326173,0.0000000000,0.0000000000,0.0000000000,0.0000000000
0.0200000000,0.2498833613,0.2346846252,0.5435105948,-0.0237914285,-0.0188310682,-0.0272865701,0.3435822728,-0.2657466396,0.5595429290,-0.0323364244,-0.0033083816,-0.1279846603,0.0201329766,0.0000000000,0.5214482558,-0.0000000000,0.0872664626,-0.0000000000,1.0000000000,0.9302821609,0.0000000000,0.0000000000,0.0000000000,0.0000000000
0.0200000000,0.2498836355,0.2346845688,0.5435105162,-0.0237913876,-0.0188304537,-0.0272864218,0.3429743434,-0.2658111179,0.5595984836,-0.0324083947,-0.0047327061,-0.1273904410,0.0201329766,0.0000000000,0.5214482558,-0.0000000000,0.0872664626,-0.0000000000,1.0000000000,0.9896134298,0.0000000000,0.0000000000,0.0000000000,0.0000000000
0.0200000000,0.2498858808,0.2346840936,0.5435098736,-0.0237910755,-0.0188254233,-0.0272852356,0.3424294405,-0.2658710926,0.5596712605,-0.0324617741,-0.0061184433,-0.1268453754,0.0201329766,0.0000000000,0.5214482558,-0.0000000000,0.0872664626,-0.0000000000,1.0000000000,1.0000000000,0.0000000000,0.0000000000,0.0000000000,0.0000000000
0.0200000000,0.2498950640,0.2346821393,0.5435072281,-0.0237898040,-0.0188047522,-0.0272804009,0.3419565634,-0.2659235011,0.5597573170,-0.0324938755,-0.0074312975,-0.1263562129,0.0201329766,0.0000000000,0.5214482558,-0.0000000000,0.0872664626,-0.0000000000,1.0000000000,1.0000000000,0.0000000000,0.0000000000,0.0000000000,0.0000000000
0.0200000000,0.2499120244,0.2346783917,0.5435021226,-0.0237875163,-0.0187653495,-0.0272716802,0.3415371523,-0.2659693658,0.5598517043,-0.0325094177,-0.0086838082,-0.1259080587,0.0201329766,0.0000000000,0.5214482558,-0.0000000000,0.0872664626,0.0000000000,1.0000000000,1.0000000000,0.0000000000,0.0000000000,0.0000000000,0.0000000000
0.0200000000,0.2499326925,0.2346732219,0.5434949510,-0.0237850055,-0.0187120413,-0.0272619617,0.3411511611,-0.2660109368,0.5599531627,-0.0325126781,-0.0099088069,-0.1254841648,0.0201329766,0.0000000000,0.5214482558,0.0000000000,0.0872664626,0.0000000000,1.0000000000,1.0000000000,0.0000000000,0.0000000000,0.0000000000,0.0000000000
0.0200000000,0.2499547305,0.2346662525,0.5434850826,-0.0237830909,-0.0186428112,-0.0272538060,0.3407859070,-0.2660497749,0.5600624448,-0.0325058735,-0.0111338631,-0.1250728513,0.0201329766,0.0000000000,0.5214482558,-0.0000000000,0.0872664626,-0.0000000000,1.0000000000,1.0000000000,0.0000000000,0.0000000000,0.0000000000,0.0000000000
0.0200000000,0.2499800124,0.2346560421,0.5434706310,-0.0237823788,-0.0185458282,-0.0272478260,0.3404362173,-0.2660865398,0.5601797502,-0.0324901922,-0.0123692114,-0.1246693591,0.0201329766,0.0000000000,0.5214482558,-0.0000000000,0.0872664626,-0.0000000000,1.0000000000,1.0000000000,0.0000000000,0.0000000000,0.0000000000,0.0000000000
0.0200000000,0.2500108767,0.2346401288,0.5434484942,-0.0237843330,-0.0184020469,-0.0272458038,0.3400998011,-0.2661215207,0.5603041733,-0.0324666186,-0.0136146690,-0.1242724575,0.0201329766,0.0000000000,0.5214482558,0.0000000000,0.0872664626,0.0000000000,1.0000000000,1.0000000000,0.0000000000,0.0000000000,0.0000000000,0.0000000000
0.0200000000,0.2500471551,0.2346173073,0.5434170025,-0.0237896619,-0.0182023197,-0.0272498576,0.3397744223,-0.2661549111,0.5604344314,-0.0324365315,-0.0148677471,-0.1238808703,0.0201329766,0.0000000000,0.5214482558,-0.0000000000,0.0872664626,-0.0000000000,1.0000000000,1.0000000000,0.0000000000,0.0000000000,0.0000000000,0.0000000000
0.0200000000,0.2500888302,0.2345871113,0.5433752829,-0.0237979368,-0.0179421546,-0.0272610186,0.3394608954,-0.2661865390,0.5605712952,-0.0323992317,-0.0161308745,-0.1234945053,0.0201329766,0.0000000000,0.5214482558,-0.0000000000,0.0872664626,-0.0000000000,1.0000000000,1.0000000000,0.0000000000,0.0000000000,0.0000000000,0.0000000000
0.0200000000,0.2501349096,0.2345503309,0.5433244653,-0.0238084870,-0.0176288000,-0.0272792437,0.3391542620,-0.2662168497,0.5607160949,-0.0323543920,-0.0174205460,-0.1231079271,0.0201329766,0.0000000000,0.5214482558,-0.0000000000,0.0872664626,-0.0000000000,1.0000000000,1.0000000000,0.0000000000,0.0000000000,0.0000000000,0.0000000000
0.0200000000,0.2501837329,0.2345066232,0.5432647812,-0.0238223743,-0.0172646529,-0.0273069590,0.3388370507,-0.2662473212,0.5608753027,-0.0322996779,-0.0188029038,-0.1227004266,0.0201329766,0.0000000000,0.5214482558,-0.0000000000,0.0872664626,0.0000000000,1.0000000000,1.0000000000,0.0000000000,0.0000000000,0.0000000000,0.0000000000
0.0200000000,0.2502332592,0.2344495899,0.5431895174,-0.0238455747,-0.0168134999,-0.0273572819,0.3384716943,-0.2662805923,0.5610716137,-0.0322236238,-0.0204631533,-0.1222198644,0.0201329766,0.0000000000,0.5214482558,-0.0000000000,0.0872664626,-0.0000000000,1.0000000000,1.0000000000,0.0000000000,0.0000000000,0.0000000000,0.0000000000
0.0200000000,0.2502767453,0.2343746506,0.5430951281,-0.0238854935,-0.0162592026,-0.0274443096,0.3380386039,-0.2663175781,0.5613200141,-0.0321184068,-0.0225106665,-0.1216355889,0.0201329766,0.0000000000,0.5214482558,-0.0000000000,0.0872664626,-0.0000000000,1.0000000000,1.0000000000,0.0000000000,0.0000000000,0.0000000000,0.0000000000
0.0200000000,0.2502998974,0.2342818344,0.5429851652,-0.0239506156,-0.0156292442,-0.0275808204,0.3375449456,-0.2663567983,0.5616205564,-0.0319826446,-0.0249285485,-0.1209525074,0.0201329766,0.0000000000,0.5214482558,-0.0000000000,0.0872664626,-0.0000000000,1.0000000000,1.0000000000,0.0000000000,0.0000000000,0.0000000000,0.0000000000
0.0200000000,0.2502880438,0.2341767923,0.5428696629,-0.0240454946,-0.0149874189,-0.0277700776,0.3370207604,-0.2663948166,0.5619571899,-0.0318222780,-0.0275775512,-0.1202085197,0.0201329766,0.0000000000,0.5214482558,-0.0000000000,0.0872664626,-0.0000000000,1.0000000000,1.0000000000,0.0000000000,0.0000000000,0.0000000000,0.0000000000
0.0200000000,0.2502389895,0.2340695087,0.5427606397,-0.0241641409,-0.0144017773,-0.0279966217,0.3365076405,-0.2664275000,0.5623018714,-0.0316494739,-0.0302393105,-0.1194613640,0.0201329766,0.0000000000,0.5214482558,-0.0000000000,0.0872664626,-0.0000000000,1.0000000000,1.0000000000,0.0000000000,0.0000000000,0.0000000000,0.0000000000
0.0200000000,0.2501616075,0.2339715699,0.5426694218,-0.0242928821,-0.0139305042,-0.0282323861,0.3360480945,-0.2664507722,0.5626224703,-0.0314778526,-0.0326770557,-0.1187729642,0.0201329766,0.0000000000,0.5214482558,-0.0000000000,0.0872664626,0.0000000000,1.0000000000,1.0000000000,0.0000000000,0.0000000000,0.0000000000,0.0000000000
0.0200000000,0.2500701633,0.2338851376,0.5425952225,-0.0244217000,-0.0135614378,-0.0284609962,0.3356386726,-0.2664654592,0.5629148736,-0.0313102885,-0.0348814222,-0.1181445315,0.0201329766,0.0000000000,0.5214482558,-0.0000000000,0.0872664626,-0.0000000000,1.0000000000,1.0000000000,0.0000000000,0.0000000000,0.0000000000,0.0000000000
0.0200000000,0.2499670999,0.2338072889,0.5425343955,-0.0245514145,-0.0132728919,-0.0286856221,0.3352553340,-0.2664728587,0.5631924715,-0.0311392671,-0.0369668266,-0.1175430482,0.0201329766,0.0000000000,0.5214482558,-0.0000000000,0.0872664626,-0.0000000000,1.0000000000,1.0000000000,0.0000000000,0.0000000000,0.0000000000,0.0000000000
0.0200000000,0.2498506451,0.2337355288,0.5424848383,-0.0246850852,-0.0130540256,-0.0289124607,0.3348777470,-0.2664733676,0.5634678919,-0.0309571637,-0.0390339231,-0.1169379348,0.0201329766,0.0000000000,0.5214482558,-0.0000000000,0.0872664626,-0.0000000000,1.0000000000,1.0000000000,0.0000000000,0.0000000000,0.0000000000,0.0000000000
0.0200000000,0.2497199717,0.2336683204,0.5424450629,-0.0248243258,-0.0128969205,-0.0291450380,0.3344955912,-0.2664670189,0.5637470197,-0.0307603719,-0.0411299361,-0.1163136708,0.0201329766,0.0000000000,0.5214482558,-0.0000000000,0.0872664626,-0.0000000000,1.0000000000,1.0000000000,0.0000000000,0.0000000000,0.0000000000,0.0000000000
0.0200000000,0.2495721580,0.2336041038,0.5424141673,-0.0249720132,-0.0127980210,-0.0293889205,0.3340955622,-0.2664517995,0.5640352276,-0.0305414820,-0.0433067184,-0.1156484108,0.0201329766,0.0000000000,0.5214482558,-0.0000000000,0.0872664626,-0.0000000000,1.0000000000,1.0000000000,0.0000000000,0.0000000000,0.0000000000,0.0000000000
0.0200000000,0.2494054335,0.2335411913,0.5423908664,-0.0251306417,-0.0127509420,-0.0296487420,0.3336650602,-0.2664257002,0.5643368031,-0.0302943474,-0.0456085820,-0.1149216359,0.0201329766,0.0000000000,0.5214482558,-0.0000000000,0.0872664626,-0.0000000000,1.0000000000,1.0000000000,0.0000000000,0.0000000000,0.0000000000,0.0000000000
0.0200000000,0.2492191796,0.2334793966,0.5423753949,-0.0253009311,-0.0127571372,-0.0299255412,0.3331984549,-0.2663866654,0.5646522174,-0.0300151292,-0.0480473959,-0.1141231904,0.0201329766,0.0000000000,0.5214482558,-0.0000000000,0.0872664626,-0.0000000000,1.0000000000,1.0000000000,0.0000000000,0.0000000000,0.0000000000,0.0000000000
0.0200000000,0.2490162226,0.2334191873,0.5423678974,-0.0254810588,-0.0128157653,-0.0302161109,0.3326958689,-0.2663330337,0.5649775370,-0.0297034602,-0.0506024266,-0.1132530904,0.0201329766,0.0000000000,0.5214482558,-0.0000000000,0.0872664626,-0.0000000000,1.0000000000,1.0000000000,0.0000000000,0.0000000000,0.0000000000,0.0000000000
0.0200000000,0.2487994196,0.2333613817,0.5423688544,-0.0256688842,-0.0129278764,-0.0305165618,0.3321567433,-0.2662627006,0.5653079969,-0.0293585483,-0.0532518819,-0.1123104241,0.0201329766,0.0000000000,0.5214482558,-0.0000000000,0.0872664626,-0.0000000000,1.0000000000,1.0000000000,0.0000000000,0.0000000000,0.0000000000,0.0000000000
0.0200000000,0.2485693104,0.2333079777,0.5423801900,-0.0258622909,-0.0131038801,-0.0308228734,0.3315750566,-0.2661712630,0.5656374388,-0.0289756202,-0.0559892536,-0.1112854864,0.0201329766,0.0000000000,0.5214482558,-0.0000000000,0.0872664626,-0.0000000000,1.0000000000,1.0000000000,0.0000000000,0.0000000000,0.0000000000,0.0000000000
0.0200000000,0.2483288600,0.2332605709,0.5424018011,-0.0260574676,-0.0133416802,-0.0311288925,0.3309526413,-0.2660585842,0.5659581932,-0.0285588051,-0.0587995609,-0.1101860655,0.0201329766,0.0000000000,0.5214482558,-0.0000000000,0.0872664626,-0.0000000000,1.0000000000,1.0000000000,0.0000000000,0.0000000000,0.0000000000,0.0000000000
0.0200000000,0.2480778136,0.2332205964,0.5424348525,-0.0262530864,-0.0136478736,-0.0314320144,0.3302785403,-0.2659218905,0.5662657712,-0.0281055210,-0.0617070227,-0.1089987191,0.0201329766,0.0000000000,0.5214482558,-0.0000000000,0.0872664626,-0.0000000000,1.0000000000,1.0000000000,0.0000000000,0.0000000000,0.0000000000,0.0000000000
0.0200000000,0.2478133529,0.2331892684,0.5424813126,-0.0264498577,-0.0140347744,-0.0317325106,0.3295273089,-0.2657568227,0.5665611780,-0.0276079182,-0.0647631655,-0.1076866915,0.0201329766,0.0000000000,0.5214482558,-0.0000000000,0.0872664626,-0.0000000000,1.0000000000,1.0000000000,0.0000000000,0.0000000000,0.0000000000,0.0000000000
0.0200000000,0.2475322329,0.2331683217,0.5425432518,-0.0266478891,-0.0145154875,-0.0320298117,0.3286705788,-0.2655582690,0.5668470006,-0.0270567711,-0.0680061180,-0.1062069087,0.0201329766,0.0000000000,0.5214482558,-0.0000000000,0.0872664626,-0.0000000000,1.0000000000,1.0000000000,0.0000000000,0.0000000000,0.0000000000,0.0000000000
0.0200000000,0.2472321951,0.2331623525,0.5426229924,-0.0268422695,-0.0151043906,-0.0323161417,0.3276798919,-0.2653179458,0.5671177766,-0.0264421297,-0.0714339116,-0.1045158356,0.0201329766,0.0000000000,0.5214482558,-0.0000000000,0.0872664626,-0.0000000000,1.0000000000,1.0000000000,0.0000000000,0.0000000000,0.0000000000,0.0000000000
0.0200000000,0.2469196624,0.2331730885,0.5427166429,-0.0270245220,-0.0157768558,-0.0325805059,0.3265748289,-0.2650404386,0.5673651472,-0.0257770508,-0.0749468977,-0.1026495501,0.0201329766,0.0000000000,0.5214482558,-0.0000000000,0.0872664626,-0.0000000000,1.0000000000,1.0000000000,0.0000000000,0.0000000000,0.0000000000,0.0000000000
0.0200000000,0.2466016378,0.2332022701,0.5428208020,-0.0271861988,-0.0165108241,-0.0328117471,0.3253738010,-0.2647305870,0.5675796757,-0.0250745288,-0.0784514753,-0.1006446502,0.0201329766,0.0000000000,0.5214482558,-0.0000000000,0.0872664626,-0.0000000000,1.0000000000,1.0000000000,0.0000000000,0.0000000000,0.0000000000,0.0000000000
0.0200000000,0.2462853009,0.2332499423,0.5429315120,-0.0273211273,-0.0172810406,-0.0330022431,0.3241013024,-0.2643955573,0.5677554052,-0.0243490530,-0.0818617613,-0.0985463927,0.0201329766,0.0000000000,0.5214482558,-0.0000000000,0.0872664626,-0.0000000000,1.0000000000,1.0000000000,0.0000000000,0.0000000000,0.0000000000,0.0000000000
0.0200000000,0.2459755635,0.2333144401,0.5430445087,-0.0274266716,-0.0180616091,-0.0331499422,0.3227827046,-0.2640423499,0.5678911740,-0.0236121733,-0.0851173631,-0.0963969195,0.0201329766,0.0000000000,0.5214482558,-0.0000000000,0.0872664626,0.0000000000,1.0000000000,1.0000000000,0.0000000000,0.0000000000,0.0000000000,0.0000000000
0.0200000000,0.2456752215,0.2333951456,0.5431552270,-0.0274991569,-0.0188263742,-0.0332518305,0.3214356397,-0.2636741156,0.5679833576,-0.0228708888,-0.0881626968,-0.0942234680,0.0201329766,0.0000000000,0.5214482558,0.0000000000,0.0872664626,0.0000000000,1.0000000000,1.0000000000,0.0000000000,0.0000000000,0.0000000000,0.0000000000
0.0200000000,0.2453814967,0.2334884136,0.5432614679,-0.0275441188,-0.0195641909,-0.0333173439,0.3200695916,-0.2632935786,0.5680413812,-0.0221232734,-0.0910276510,-0.0920354535,0.0201329766,0.0000000000,0.5214482558,-0.0000000000,0.0872664626,0.0000000000,1.0000000000,1.0000000000,0.0000000000,0.0000000000,0.0000000000,0.0000000000
0.0200000000,0.2450896274,0.2335936764,0.5433627889,-0.0275642372,-0.0202749192,-0.0333511250,0.3186749350,-0.2628980530,0.5680698770,-0.0213604050,-0.0937540821,-0.0898151317,0.0201329766,0.0000000000,0.5214482558,-0.0000000000,0.0872664626,-0.0000000000,1.0000000000,1.0000000000,0.0000000000,0.0000000000,0.0000000000,0.0000000000
0.0200000000,0.2447947412,0.2337115946,0.5434590620,-0.0275604480,-0.0209602584,-0.0333552022,0.3172363212,-0.2624831407,0.5680709320,-0.0205716712,-0.0963799763,-0.0875373561,0.0201329766,0.0000000000,0.5214482558,-0.0000000000,0.0872664626,-0.0000000000,1.0000000000,1.0000000000,0.0000000000,0.0000000000,0.0000000000,0.0000000000
0.0200000000,0.2444942738,0.2338420095,0.5435500784,-0.0275339827,-0.0216201941,-0.0333316929,0.3157458411,-0.2620462845,0.5680466868,-0.0197496400,-0.0989280385,-0.0851885148,0.0201329766,0.0000000000,0.5214482558,-0.0000000000,0.0872664626,-0.0000000000,1.0000000000,1.0000000000,0.0000000000,0.0000000000,0.0000000000,0.0000000000
0.0200000000,0.2441862603,0.2339850888,0.5436342992,-0.0274843852,-0.0222473379,-0.0332806848,0.3141942833,-0.2615823377,0.5679960209,-0.0188846073,-0.1014062268,-0.0827504532,0.0201329766,0.0000000000,0.5214482558,-0.0000000000,0.0872664626,-0.0000000000,1.0000000000,1.0000000000,0.0000000000,0.0000000000,0.0000000000,0.0000000000
0.0200000000,0.2438696854,0.2341391618,0.5437112736,-0.0274144816,-0.0228392202,-0.0332065672,0.3125799027,-0.2610898097,0.5679232424,-0.0179701195,-0.1038351644,-0.0802164764,0.0201329766,0.0000000000,0.5214482558,-0.0000000000,0.0872664626,-0.0000000000,1.0000000000,1.0000000000,0.0000000000,0.0000000000,0.0000000000,0.0000000000
0.0200000000,0.2435403949,0.2343053477,0.5437801018,-0.0273235657,-0.0233927968,-0.0331093046,0.3108844036,-0.2605614991,0.5678277747,-0.0169916718,-0.1062391389,-0.0775552522,0.0201329766,0.0000000000,0.5214482558,-0.0000000000,0.0872664626,-0.0000000000,1.0000000000,1.0000000000,0.0000000000,0.0000000000,0.0000000000,0.0000000000
0.0200000000,0.2431906614,0.2344865939,0.5438392410,-0.0272089352,-0.0239032413,-0.0329869636,0.3090726021,-0.2599841055,0.5677067753,-0.0159240226,-0.1086573148,-0.0747083679,0.0201329766,0.0000000000,0.5214482558,-0.0000000000,0.0872664626,-0.0000000000,1.0000000000,1.0000000000,0.0000000000,0.0000000000,0.0000000000,0.0000000000
0.0200000000,0.2428149187,0.2346851449,0.5438864783,-0.0270675116,-0.0243607746,-0.0328373166,0.3071170787,-0.2593464200,0.5675576956,-0.0147443982,-0.1111112413,-0.0716302622,0.0201329766,0.0000000000,0.5214482558,-0.0000000000,0.0872664626,-0.0000000000,1.0000000000,1.0000000000,0.0000000000,0.0000000000,0.0000000000,0.0000000000
0.0200000000,0.2424180457,0.2348985949,0.5439176851,-0.0268981349,-0.0247400466,-0.0326599197,0.3050342275,-0.2586489012,0.5673794589,-0.0134522454,-0.1135535226,-0.0683409342,0.0201329766,0.0000000000,0.5214482558,-0.0000000000,0.0872664626,-0.0000000000,1.0000000000,1.0000000000,0.0000000000,0.0000000000,0.0000000000,0.0000000000
0.0200000000,0.2420195475,0.2351159714,0.5439329550,-0.0267104494,-0.0250311937,-0.0324658133,0.3029150402,-0.2579209176,0.5671860280,-0.0120937201,-0.1158937912,-0.0649815980,0.0201329766,0.0000000000,0.5214482558,-0.0000000000,0.0872664626,-0.0000000000,1.0000000000,1.0000000000,0.0000000000,0.0000000000,0.0000000000,0.0000000000
0.0200000000,0.2416345898,0.2353285097,0.5439323087,-0.0265124758,-0.0252267411,-0.0322640746,0.3008337047,-0.2571866719,0.5669872374,-0.0107105874,-0.1180617181,-0.0616665485,0.0201329766,0.0000000000,0.5214482558,-0.0000000000,0.0872664626,-0.0000000000,1.0000000000,1.0000000000,0.0000000000,0.0000000000,0.0000000000,0.0000000000
0.0200000000,0.2412772027,0.2355274665,0.5439167328,-0.0263134568,-0.0253253633,-0.0320651890,0.2988648086,-0.2564725762,0.5667931914,-0.0093511398,-0.1199991221,-0.0585125346,0.0201329766,0.0000000000,0.5214482558,-0.0000000000,0.0872664626,-0.0000000000,1.0000000000,1.0000000000,0.0000000000,0.0000000000,0.0000000000,0.0000000000
0.0200000000,0.2409564750,0.2357069819,0.5438875802,-0.0261203577,-0.0253304476,-0.0318768337,0.2970588144,-0.2557971198,0.5666102184,-0.0080530084,-0.1216755982,-0.0555971888,0.0201329766,0.0000000000,0.5214482558,-0.0000000000,0.0872664626,-0.0000000000,1.0000000000,1.0000000000,0.0000000000,0.0000000000,0.0000000000,0.0000000000
0.0200000000,0.2406707915,0.2358680652,0.5438461810,-0.0259335856,-0.0252506736,-0.0316984155,0.2954049516,-0.2551554883,0.5664363452,-0.0068139827,-0.1231155332,-0.0528966597,0.0201329766,0.0000000000,0.5214482558,-0.0000000000,0.0872664626,0.0000000000,1.0000000000,1.0000000000,0.0000000000,0.0000000000,0.0000000000,0.0000000000
0.0200000000,0.2404025176,0.2360212177,0.5437960144,-0.0257459386,-0.0251136973,-0.0315204741,0.2938040608,-0.2545149281,0.5662648550,-0.0055718033,-0.1244418746,-0.0502540435,0.0201329766,0.0000000000,0.5214482558,-0.0000000000,0.0872664626,-0.0000000000,1.0000000000,1.0000000000,0.0000000000,0.0000000000,0.0000000000,0.0000000000
0.0200000000,0.2401452559,0.2361709143,0.5437367201,-0.0255524405,-0.0249207101,-0.0313372619,0.2922069383,-0.2538556771,0.5660909504,-0.0042905586,-0.1257043790,-0.0475849326,0.0201329766,0.0000000000,0.5214482558,-0.0000000000,0.0872664626,-0.0000000000,1.0000000000,1.0000000000,0.0000000000,0.0000000000,0.0000000000,0.0000000000
0.0200000000,0.2399019291,0.2363155669,0.5436698265,-0.0253557011,-0.0246787424,-0.0311511009,0.2906301820,-0.2531861485,0.5659174833,-0.0029844730,-0.1268953658,-0.0449203222,0.0201329766,0.0000000000,0.5214482558,-0.0000000000,0.0872664626,-0.0000000000,1.0000000000,1.0000000000,0.0000000000,0.0000000000,0.0000000000,0.0000000000
0.0200000000,0.2396814841,0.2364493118,0.5436006557,-0.0251657241,-0.0244129760,-0.0309716970,0.2891426438,-0.2525402056,0.5657546420,-0.0017128153,-0.1279745016,-0.0423883042,0.0201329766,0.0000000000,0.5214482558,-0.0000000000,0.0872664626,-0.0000000000,1.0000000000,1.0000000000,0.0000000000,0.0000000000,0.0000000000,0.0000000000
0.0200000000,0.2395107769,0.2365561317,0.5435385089,-0.0250050797,-0.0241622135,-0.0308211173,0.2879205231,-0.2519946134,0.5656225926,-0.0006240965,-0.1288201119,-0.0402920359,0.0201329766,0.0000000000,0.5214482558,0.0000000000,0.0872664626,0.0000000000,1.0000000000,1.0000000000,0.0000000000,0.0000000000,0.0000000000,0.0000000000
0.0200000000,0.2393857754,0.2366382576,0.5434835480,-0.0248716155,-0.0239299157,-0.0306975799,0.2869444542,-0.2515422044,0.5655186878,0.0002912861,-0.1294579815,-0.0385984155,0.0201329766,0.0000000000,0.5214482558,-0.0000000000,0.0872664626,-0.0000000000,1.0000000000,1.0000000000,0.0000000000,0.0000000000,0.0000000000,0.0000000000
0.0200000000,0.2392918615,0.2367039058,0.5434329469,-0.0247557352,-0.0237075060,-0.0305914323,0.2861322794,-0.2511493367,0.5654327528,0.0010935030,-0.1299560643,-0.0371672407,0.0201329766,0.0000000000,0.5214482558,-0.0000000000,0.0872664626,-0.0000000000,1.0000000000,1.0000000000,0.0000000000,0.0000000000,0.0000000000,0.0000000000
0.0200000000,0.2392120021,0.2367621189,0.5433843909,-0.0246480906,-0.0234897308,-0.0304929735,0.2853957145,-0.2507831521,0.5653550595,0.0018446882,-0.1303889120,-0.0358552053,0.0201329766,0.0000000000,0.5214482558,-0.0000000000,0.0872664626,-0.0000000000,1.0000000000,1.0000000000,0.0000000000,0.0000000000,0.0000000000,0.0000000000
0.0200000000,0.2391355864,0.2368185556,0.5433362889,-0.0245426278,-0.0232725267,-0.0303960333,0.2846773139,-0.2504226064,0.5652797052,0.0025865827,-0.1308036918,-0.0345708447,0.0201329766,0.0000000000,0.5214482558,-0.0000000000,0.0872664626,-0.0000000000,1.0000000000,1.0000000000,0.0000000000,0.0000000000,0.0000000000,0.0000000000
0.0200000000,0.2390612025,0.2368744574,0.5432876573,-0.0244371553,-0.0230511427,-0.0302982704,0.2839594211,-0.2500590379,0.5652043739,0.0033344960,-0.1312120284,-0.0332809996,0.0201329766,0.0000000000,0.5214482558,-0.0000000000,0.0872664626,-0.0000000000,1.0000000000,1.0000000000,0.0000000000,0.0000000000,0.0000000000,0.0000000000
0.0200000000,0.2389923140,0.2369292173,0.5432371629,-0.0243300653,-0.0228168792,-0.0301980218,0.2832371098,-0.2496852218,0.5651278530,0.0040991194,-0.1316128747,-0.0319656186,0.0201329766,0.0000000000,0.5214482558,-0.0000000000,0.0872664626,-0.0000000000,1.0000000000,1.0000000000,0.0000000000,0.0000000000,0.0000000000,0.0000000000
0.0200000000,0.2389327265,0.2369820695,0.5431835076,-0.0242199533,-0.0225610587,-0.0300937254,0.2825071561,-0.2492943748,0.5650489567,0.0048899514,-0.1320033931,-0.0306068574,0.0201329766,0.0000000000,0.5214482558,-0.0000000000,0.0872664626,-0.0000000000,1.0000000000,1.0000000000,0.0000000000,0.0000000000,0.0000000000,0.0000000000
0.0200000000,0.2388824335,0.2370330126,0.5431267267,-0.0241068513,-0.0222838820,-0.0299854171,0.2817696521,-0.2488867847,0.5649678061,0.0057069725,-0.1323835738,-0.0292055476,0.0201329766,0.0000000000,0.5214482558,-0.0000000000,0.0872664626,-0.0000000000,1.0000000000,1.0000000000,0.0000000000,0.0000000000,0.0000000000,0.0000000000
0.0200000000,0.2388376678,0.2370828114,0.5430681388,-0.0239921499,-0.0219941304,-0.0298746696,0.2810277605,-0.2484693733,0.5648857124,0.0065409724,-0.1327562010,-0.0277798907,0.0201329766,0.0000000000,0.5214482558,-0.0000000000,0.0872664626,-0.0000000000,1.0000000000,1.0000000000,0.0000000000,0.0000000000,0.0000000000,0.0000000000
0.0200000000,0.2387958264,0.2371321413,0.5430086885,-0.0238766322,-0.0216980257,-0.0297622176,0.2802817350,-0.2480454568,0.5648031723,0.0073873379,-0.1331240226,-0.0263372450,0.0201329766,0.0000000000,0.5214482558,-0.0000000000,0.0872664626,-0.0000000000,1.0000000000,1.0000000000,0.0000000000,0.0000000000,0.0000000000,0.0000000000
0.0200000000,0.2387594826,0.2371810585,0.5429476741,-0.0237584963,-0.0213907749,-0.0296457691,0.2795215474,-0.2476059334,0.5647190054,0.0082612623,-0.1334917676,-0.0248493452,0.0201329766,0.0000000000,0.5214482558,-0.0000000000,0.0872664626,-0.0000000000,1.0000000000,1.0000000000,0.0000000000,0.0000000000,0.0000000000,0.0000000000
0.0200000000,0.2387357844,0.2372290981,0.5428830198,-0.0236338090,-0.0210581795,-0.0295202526,0.2787277707,-0.2471305207,0.5646301782,0.0091950594,-0.1338649153,-0.0232553054,0.0201329766,0.0000000000,0.5214482558,-0.0000000000,0.0872664626,-0.0000000000,1.0000000000,1.0000000000,0.0000000000,0.0000000000,0.0000000000,0.0000000000
0.0200000000,0.2387300497,0.2372758919,0.5428131894,-0.0234997032,-0.0206897019,-0.0293819417,0.2778859125,-0.2466044738,0.5645346601,0.0102132800,-0.1342472170,-0.0215109520,0.0201329766,0.0000000000,0.5214482558,-0.0000000000,0.0872664626,-0.0000000000,1.0000000000,1.0000000000,0.0000000000,0.0000000000,0.0000000000,0.0000000000
0.0200000000,0.2387416191,0.2373216311,0.5427382149,-0.0233561867,-0.0202857545,-0.0292308732,0.2769939865,-0.2460274469,0.5644325128,0.0113183223,-0.1346384311,-0.0196145185,0.0201329766,0.0000000000,0.5214482558,-0.0000000000,0.0872664626,-0.0000000000,1.0000000000,1.0000000000,0.0000000000,0.0000000000,0.0000000000,0.0000000000
0.0200000000,0.2387735175,0.2373670994,0.5426561781,-0.0231992188,-0.0198346013,-0.0290620712,0.2760218099,-0.2453749353,0.5643189041,0.0125507822,-0.1350437921,-0.0174873592,0.0201329766,0.0000000000,0.5214482558,-0.0000000000,0.0872664626,-0.0000000000,1.0000000000,1.0000000000,0.0000000000,0.0000000000,0.0000000000,0.0000000000
0.0200000000,0.2388345184,0.2374127339,0.5425639526,-0.0230218748,-0.0193157140,-0.0288666269,0.2749203850,-0.2446040022,0.5641869332,0.0139844962,-0.1354734472,-0.0149962580,0.0201329766,0.0000000000,0.5214482558,-0.0000000000,0.0872664626,-0.0000000000,1.0000000000,1.0000000000,0.0000000000,0.0000000000,0.0000000000,0.0000000000
0.0200000000,0.2389358562,0.2374568222,0.5424615991,-0.0228223630,-0.0187247780,-0.0286402885,0.2736689812,-0.2436881431,0.5640336609,0.0156655597,-0.1359227001,-0.0120668438,0.0201329766,0.0000000000,0.5214482558,-0.0000000000,0.0872664626,-0.0000000000,1.0000000000,1.0000000000,0.0000000000,0.0000000000,0.0000000000,0.0000000000
0.0200000000,0.2390803645,0.2374951517,0.5423572011,-0.0226130160,-0.0181044567,-0.0283945161,0.2723261707,-0.2426609757,0.5638665561,0.0175358740,-0.1363565872,-0.0088197370,0.0201329766,0.0000000000,0.5214482558,-0.0000000000,0.0872664626,-0.0000000000,1.0000000000,1.0000000000,0.0000000000,0.0000000000,0.0000000000,0.0000000000
0.0200000000,0.2392630519,0.2375233417,0.5422617984,-0.0224120947,-0.0175166233,-0.0281483063,0.2709830147,-0.2415832751,0.5636959772,0.0194858265,-0.1367292543,-0.0054594209,0.0201329766,0.0000000000,0.5214482558,0.0000000000,0.0872664626,0.0000000000,1.0000000000,1.0000000000,0.0000000000,0.0000000000,0.0000000000,0.0000000000
0.0200000000,0.2394771547,0.2375383347,0.5421841418,-0.0222346220,-0.0170113339,-0.0279178056,0.2696996849,-0.2404930229,0.5635254238,0.0214382070,-0.1369994379,-0.0021134540,0.0201329766,0.0000000000,0.5214482558,-0.0000000000,0.0872664626,-0.0000000000,1.0000000000,1.0000000000,0.0000000000,0.0000000000,0.0000000000,0.0000000000
0.0200000000,0.2397045028,0.2375432050,0.5421238997,-0.0220828050,-0.0165940387,-0.0277090498,0.2684795006,-0.2394105125,0.5633560043,0.0233650896,-0.1371749892,0.0011677162,0.0201329766,0.0000000000,0.5214482558,-0.0000000000,0.0872664626,-0.0000000000,1.0000000000,1.0000000000,0.0000000000,0.0000000000,0.0000000000,0.0000000000
0.0200000000,0.2399295865,0.2375402528,0.5420818019,-0.0219598584,-0.0162750739,-0.0275284623,0.2673297626,-0.2383555117,0.5631884069,0.0252353973,-0.1372587686,0.0043332286,0.0201329766,0.0000000000,0.5214482558,-0.0000000000,0.0872664626,-0.0000000000,1.0000000000,1.0000000000,0.0000000000,0.0000000000,0.0000000000,0.0000000000
0.0200000000,0.2401409634,0.2375312826,0.5420582627,-0.0218678309,-0.0160616091,-0.0273805229,0.2662474829,-0.2373359800,0.5630211989,0.0270360739,-0.1372519492,0.0073672067,0.0201329766,0.0000000000,0.5214482558,-0.0000000000,0.0872664626,-0.0000000000,1.0000000000,1.0000000000,0.0000000000,0.0000000000,0.0000000000,0.0000000000
0.0200000000,0.2403359828,0.2375169242,0.5420528516,-0.0218063501,-0.0159526463,-0.0272656020,0.2651968236,-0.2363260938,0.5628468335,0.0288101632,-0.1371497968,0.0103545225,0.0201329766,0.0000000000,0.5214482558,-0.0000000000,0.0872664626,-0.0000000000,1.0000000000,1.0000000000,0.0000000000,0.0000000000,0.0000000000,0.0000000000
0.0200000000,0.2405138400,0.2374956130,0.5420684894,-0.0217805887,-0.0159646002,-0.0271894252,0.2641066797,-0.2352639544,0.5626470258,0.0306574393,-0.1369145146,0.0134873987,0.0201329766,0.0000000000,0.5214482558,-0.0000000000,0.0872664626,-0.0000000000,1.0000000000,1.0000000000,0.0000000000,0.0000000000,0.0000000000,0.0000000000
0.0200000000,0.2406700645,0.2374670700,0.5421050537,-0.0217925911,-0.0160988668,-0.0271560148,0.2629336174,-0.2341206022,0.5624128832,0.0326339454,-0.1365295963,0.0168597144,0.0201329766,0.0000000000,0.5214482558,-0.0000000000,0.0872664626,-0.0000000000,1.0000000000,1.0000000000,0.0000000000,0.0000000000,0.0000000000,0.0000000000
0.0200000000,0.2407902706,0.2374310521,0.5421638502,-0.0218496373,-0.0163688140,-0.0271772834,0.2616928769,-0.2329205051,0.5621447441,0.0347025813,-0.1359789801,0.0204021447,0.0201329766,0.0000000000,0.5214482558,-0.0000000000,0.0872664626,-0.0000000000,1.0000000000,1.0000000000,0.0000000000,0.0000000000,0.0000000000,0.0000000000
0.0200000000,0.2408599283,0.2373880746,0.5422434339,-0.0219556248,-0.0167729383,-0.0272621567,0.2604506812,-0.2317330988,0.5618544767,0.0367477555,-0.1352735702,0.0239083250,0.0201329766,0.0000000000,0.5214482558,-0.0000000000,0.0872664626,-0.0000000000,1.0000000000,1.0000000000,0.0000000000,0.0000000000,0.0000000000,0.0000000000
0.0200000000,0.2408721961,0.2373386892,0.5423405362,-0.0221097751,-0.0172965229,-0.0274128876,0.2592719094,-0.2306216991,0.5615549940,0.0386597362,-0.1344386386,0.0271892214,0.0201329766,0.0000000000,0.5214482558,-0.0000000000,0.0872664626,-0.0000000000,1.0000000000,1.0000000000,0.0000000000,0.0000000000,0.0000000000,0.0000000000
0.0200000000,0.2408203059,0.2372813828,0.5424553373,-0.0223174391,-0.0179434979,-0.0276381162,0.2581812673,-0.2296099169,0.5612473789,0.0403896221,-0.1334696225,0.0301757141,0.0201329766,0.0000000000,0.5214482558,0.0000000000,0.0872664626,0.0000000000,1.0000000000,1.0000000000,0.0000000000,0.0000000000,0.0000000000,0.0000000000
0.0200000000,0.2407138186,0.2372156668,0.5425862977,-0.0225742458,-0.0187014207,-0.0279310609,0.2571446895,-0.2286617966,0.5609287225,0.0420011519,-0.1323790893,0.0329741568,0.0201329766,0.0000000000,0.5214482558,-0.0000000000,0.0872664626,-0.0000000000,1.0000000000,1.0000000000,0.0000000000,0.0000000000,0.0000000000,0.0000000000
0.0200000000,0.2405546680,0.2371412809,0.5427326886,-0.0228792792,-0.0195653654,-0.0282904157,0.2561559537,-0.2277680440,0.5606001112,0.0435102617,-0.1311804700,0.0356109676,0.0201329766,0.0000000000,0.5214482558,0.0000000000,0.0872664626,0.0000000000,1.0000000000,1.0000000000,0.0000000000,0.0000000000,0.0000000000,0.0000000000
0.0200000000,0.2403476482,0.2370598071,0.5428905231,-0.0232248256,-0.0205113912,-0.0287069066,0.2552365396,-0.2269446669,0.5602712341,0.0448907886,-0.1299165534,0.0380363056,0.0201329766,0.0000000000,0.5214482558,-0.0000000000,0.0872664626,-0.0000000000,1.0000000000,1.0000000000,0.0000000000,0.0000000000,0.0000000000,0.0000000000
0.0200000000,0.2401000098,0.2369733496,0.5430550482,-0.0236006955,-0.0215103428,-0.0291678802,0.2544042633,-0.2262045260,0.5599500522,0.0461205063,-0.1286244940,0.0402101706,0.0201329766,0.0000000000,0.5214482558,-0.0000000000,0.0872664626,0.0000000000,1.0000000000,1.0000000000,0.0000000000,0.0000000000,0.0000000000,0.0000000000
0.0200000000,0.2398108858,0.2368815938,0.5432257729,-0.0240074478,-0.0225597413,-0.0296743298,0.2536466396,-0.2255338361,0.5596291982,0.0472162302,-0.1272760997,0.0421728785,0.0201329766,0.0000000000,0.5214482558,0.0000000000,0.0872664626,0.0000000000,1.0000000000,1.0000000000,0.0000000000,0.0000000000,0.0000000000,0.0000000000
0.0200000000,0.2394837697,0.2367842447,0.5434031393,-0.0244446976,-0.0236600082,-0.0302243103,0.2529153352,-0.2248879116,0.5592934064,0.0482528376,-0.1258181744,0.0440578000,0.0201329766,0.0000000000,0.5214482558,-0.0000000000,0.0872664626,-0.0000000000,1.0000000000,1.0000000000,0.0000000000,0.0000000000,0.0000000000,0.0000000000
0.0200000000,0.2391191454,0.2366820585,0.5435849898,-0.0249094611,-0.0247986924,-0.0308144833,0.2521956000,-0.2242525724,0.5589348823,0.0492513530,-0.1242169727,0.0459060808,0.0201329766,0.0000000000,0.5214482558,-0.0000000000,0.0872664626,-0.0000000000,1.0000000000,1.0000000000,0.0000000000,0.0000000000,0.0000000000,0.0000000000
0.0200000000,0.2387256525,0.2365782743,0.5437646837,-0.0253875948,-0.0259357242,-0.0314277597,0.2514963160,-0.2236345058,0.5585559590,0.0501997443,-0.1224808151,0.0476961917,0.0201329766,0.0000000000,0.5214482558,-0.0000000000,0.0872664626,-0.0000000000,1.0000000000,1.0000000000,0.0000000000,0.0000000000,0.0000000000,0.0000000000
0.0200000000,0.2383227960,0.2364779974,0.5439328229,-0.0258549383,-0.0270120512,-0.0320336889,0.2508399096,-0.2230528364,0.5581682874,0.0510688962,-0.1206629879,0.0493704843,0.0201329766,0.0000000000,0.5214482558,-0.0000000000,0.0872664626,-0.0000000000,1.0000000000,1.0000000000,0.0000000000,0.0000000000,0.0000000000,0.0000000000
0.0200000000,0.2379358759,0.2363871520,0.5440777579,-0.0262814832,-0.0279548654,-0.0325949452,0.2502546090,-0.2225319994,0.5577841864,0.0518188850,-0.1188191582,0.0508553848,0.0201329766,0.0000000000,0.5214482558,-0.0000000000,0.0872664626,-0.0000000000,1.0000000000,1.0000000000,0.0000000000,0.0000000000,0.0000000000,0.0000000000
0.0200000000,0.2375684200,0.2363048807,0.5441999403,-0.0266675187,-0.0287651744,-0.0331113303,0.2497209668,-0.2220551061,0.5573946304,0.0524760241,-0.1169120144,0.0522009685,0.0201329766,0.0000000000,0.5214482558,-0.0000000000,0.0872664626,-0.0000000000,1.0000000000,1.0000000000,0.0000000000,0.0000000000,0.0000000000,0.0000000000
0.0200000000,0.2372101535,0.2362284079,0.5443010858,-0.0270234457,-0.0294560403,-0.0335976668,0.2492084271,-0.2215949311,0.5569728617,0.0530722878,-0.1148107040,0.0534849066,0.0201329766,0.0000000000,0.5214482558,0.0000000000,0.0872664626,0.0000000000,1.0000000000,1.0000000000,0.0000000000,0.0000000000,0.0000000000,0.0000000000
0.0200000000,0.2368546763,0.2361561350,0.5443816509,-0.0273550543,-0.0300320762,-0.0340626287,0.2486959444,-0.2211328701,0.5564933179,0.0536238806,-0.1123848824,0.0547580943,0.0201329766,0.0000000000,0.5214482558,-0.0000000000,0.0872664626,-0.0000000000,1.0000000000,1.0000000000,0.0000000000,0.0000000000,0.0000000000,0.0000000000
0.0200000000,0.2365090801,0.2360889909,0.5444400430,-0.0276563913,-0.0304819881,-0.0344983868,0.2481829837,-0.2206687843,0.5559410916,0.0541190229,-0.1095525715,0.0560163936,0.0201329766,0.0000000000,0.5214482558,-0.0000000000,0.0872664626,-0.0000000000,1.0000000000,1.0000000000,0.0000000000,0.0000000000,0.0000000000,0.0000000000
0.0200000000,0.2361990351,0.2360310432,0.5444705776,-0.0279047417,-0.0307660877,-0.0348747649,0.2476870362,-0.2202184322,0.5552977153,0.0545107977,-0.1062044371,0.0572041361,0.0201329766,0.0000000000,0.5214482558,-0.0000000000,0.0872664626,-0.0000000000,1.0000000000,1.0000000000,0.0000000000,0.0000000000,0.0000000000,0.0000000000
0.0200000000,0.2359441618,0.2359843079,0.5444772747,-0.0280912138,-0.0309000530,-0.0351749697,0.2472267875,-0.2197994970,0.5545744974,0.0547735008,-0.1023953247,0.0582683651,0.0201329766,0.0000000000,0.5214482558,-0.0000000000,0.0872664626,-0.0000000000,1.0000000000,1.0000000000,0.0000000000,0.0000000000,0.0000000000,0.0000000000
0.0200000000,0.2357566136,0.2359501669,0.5444663055,-0.0282131065,-0.0309140382,-0.0353898399,0.2468196977,-0.2194282930,0.5537756054,0.0548778221,-0.0981422467,0.0591579488,0.0201329766,0.0000000000,0.5214482558,-0.0000000000,0.0872664626,-0.0000000000,1.0000000000,1.0000000000,0.0000000000,0.0000000000,0.0000000000,0.0000000000
0.0200000000,0.2356356434,0.2359280719,0.5444482603,-0.0282807152,-0.0308659604,-0.0355254408,0.2464768023,-0.2191161306,0.5528988300,0.0547994849,-0.0934305297,0.0598358766,0.0201329766,0.0000000000,0.5214482558,-0.0000000000,0.0872664626,-0.0000000000,1.0000000000,1.0000000000,0.0000000000,0.0000000000,0.0000000000,0.0000000000
0.0200000000,0.2355702768,0.2359159560,0.5444333063,-0.0283116439,-0.0308137972,-0.0355980534,0.2462041800,-0.2188720213,0.5519360620,0.0545149121,-0.0882156365,0.0602720113,0.0201329766,0.0000000000,0.5214482558,-0.0000000000,0.0872664626,-0.0000000000,1.0000000000,1.0000000000,0.0000000000,0.0000000000,0.0000000000,0.0000000000
0.0200000000,0.2355466619,0.2359114611,0.5444265647,-0.0283211862,-0.0307886580,-0.0356244992,0.2460207468,-0.2187222982,0.5508920983,0.0539804867,-0.0825205939,0.0603888164,0.0201329766,0.0000000000,0.5214482558,-0.0000000000,0.0872664626,-0.0000000000,1.0000000000,1.0000000000,0.0000000000,0.0000000000,0.0000000000,0.0000000000
0.0200000000,0.2355401348,0.2359101901,0.5444245622,-0.0283236097,-0.0307811575,-0.0356319189,0.2459195791,-0.2186718403,0.5498413020,0.0532549263,-0.0767609141,0.0602012946,0.0201329766,0.0000000000,0.5214482558,-0.0000000000,0.0872664626,-0.0000000000,1.0000000000,1.0000000000,0.0000000000,0.0000000000,0.0000000000,0.0000000000
0.0200000000,0.2355391094,0.2359099865,0.5444242360,-0.0283239675,-0.0307799444,-0.0356331026,0.2458932424,-0.2187278269,0.5488658754,0.0524019118,-0.0713958335,0.0597232923,0.0201329766,0.0000000000,0.5214482558,-0.0000000000,0.0872664626,-0.0000000000,1.0000000000,1.0000000000,0.0000000000,0.0000000000,0.0000000000,0.0000000000
0.0200000000,0.2355390505,0.2359099746,0.5444242168,-0.0283239870,-0.0307798735,-0.0356331715,0.2459249809,-0.2188890034,0.5480333703,0.0514896310,-0.0668070128,0.0589933579,0.0201329766,0.0000000000,0.5214482558,-0.0000000000,0.0872664626,-0.0000000000,1.0000000000,1.0000000000,0.0000000000,0.0000000000,0.0000000000,0.0000000000
0.0200000000,0.2355390508,0.2359099747,0.5444242169,-0.0283239869,-0.0307798738,-0.0356331711,0.2459966163,-0.2191493037,0.5473798512,0.0505663608,-0.0632020887,0.0580544061,0.0201329766,0.0000000000,0.5214482558,-0.0000000000,0.0872664626,-0.0000000000,1.0000000000,1.0000000000,0.0000000000,0.0000000000,0.0000000000,0.0000000000
0.0200000000,0.2355390508,0.2359099747,0.5444242169,-0.0283239869,-0.0307798738,-0.0356331711,0.2461006228,-0.2195142631,0.5469347708,0.0496511538,-0.0607485313,0.0569135486,0.0201329766,0.0000000000,0.5214482558,-0.0000000000,0.0872664626,-0.0000000000,1.0000000000,1.0000000000,0.0000000000,0.0000000000,0.0000000000,0.0000000000
0.0200000000,0.2355390508,0.2359099747,0.5444242169,-0.0283239869,-0.0307798738,-0.0356331711,0.2462325760,-0.2199639805,0.5466501763,0.0487324495,-0.0591799720,0.0556082634,0.0201329766,0.0000000000,0.5214482558,-0.0000000000,0.0872664626,-0.0000000000,1.0000000000,1.0000000000,0.0000000000,0.0000000000,0.0000000000,0.0000000000
0.0200000000,0.2355390508,0.2359099747,0.5444242169,-0.0283239869,-0.0307798738,-0.0356331711,0.2463973024,-0.2204887779,0.5464901429,0.0477901628,-0.0582932688,0.0541474796,0.0201329766,0.0000000000,0.5214482558,-0.0000000000,0.0872664626,-0.0000000000,1.0000000000,1.0000000000,0.0000000000,0.0000000000,0.0000000000,0.0000000000
0.0200000000,0.2355390508,0.2359099747,0.5444242169,-0.0283239869,-0.0307798738,-0.0356331711,0.2465964311,-0.2210735900,0.5464120242,0.0468089384,-0.0578488170,0.0525513812,0.0201329766,0.0000000000,0.5214482558,-0.0000000000,0.0872664626,-0.0000000000,1.0000000000,1.0000000000,0.0000000000,0.0000000000,0.0000000000,0.0000000000
0.0200000000,0.2355390508,0.2359099747,0.5444242169,-0.0283239869,-0.0307798738,-0.0356331711,0.2468217094,-0.2216965516,0.5463726439,0.0457889195,-0.0576083270,0.0508620233,0.0201329766,0.0000000000,0.5214482558,0.0000000000,0.0872664626,0.0000000000,1.0000000000,1.0000000000,0.0000000000,0.0000000000,0.0000000000,0.0000000000
0.0200000000,0.2355390508,0.2359099747,0.5444242169,-0.0283239869,-0.0307798738,-0.0356331711,0.2470478857,-0.2223265388,0.5463306408,0.0447544063,-0.0573518211,0.0491556933,0.0201329766,0.0000000000,0.5214482558,-0.0000000000,0.0872664626,-0.0000000000,1.0000000000,1.0000000000,0.0000000000,0.0000000000,0.0000000000,0.0000000000
0.0200000000,0.2355390508,0.2359099747,0.5444242169,-0.0283239869,-0.0307798738,-0.0356331711,0.2472367839,-0.2229269981,0.5462589665,0.0437570614,-0.0569450707,0.0475350682,0.0201329766,0.0000000000,0.5214482558,-0.0000000000,0.0872664626,-0.0000000000,1.0000000000,1.0000000000,0.0000000000,0.0000000000,0.0000000000,0.0000000000
0.0200000000,0.2355390508,0.2359099747,0.5444242169,-0.0283239869,-0.0307798738,-0.0356331711,0.2473534548,-0.2234673213,0.5461472758,0.0428514473,-0.0563461210,0.0460929373,0.0201329766,0.0000000000,0.5214482558,-0.0000000000,0.0872664626,-0.0000000000,1.0000000000,1.0000000000,0.0000000000,0.0000000000,0.0000000000,0.0000000000
0.0200000000,0.2355390508,0.2359099747,0.5444242169,-0.0283239869,-0.0307798738,-0.0356331711,0.2473742809,-0.2239221865,0.5459969400,0.0420882482,-0.0555723764,0.0449058120,0.0201329766,0.0000000000,0.5214482558,-0.0000000000,0.0872664626,-0.0000000000,1.0000000000,1.0000000000,0.0000000000,0.0000000000,0.0000000000,0.0000000000
0.0200000000,0.2355390508,0.2359099747,0.5444242169,-0.0283239869,-0.0307798738,-0.0356331711,0.2472974284,-0.2242749010,0.5458180405,0.0415019425,-0.0546780384,0.0440173443,0.0201329766,0.0000000000,0.5214482558,-0.0000000000,0.0872664626,-0.0000000000,1.0000000000,1.0000000000,0.0000000000,0.0000000000,0.0000000000,0.0000000000
0.0200000000,0.2355390508,0.2359099747,0.5444242169,-0.0283239869,-0.0307798738,-0.0356331711,0.2471446765,-0.2245061419,0.5456252625,0.0411238770,-0.0537282715,0.0434615566,0.0201329766,0.0000000000,0.5214482558,-0.0000000000,0.0872664626,-0.0000000000,1.0000000000,1.0000000000,0.0000000000,0.0000000000,0.0000000000,0.0000000000
0.0200000000,0.2355390508,0.2359099747,0.5444242169,-0.0283239869,-0.0307798738,-0.0356331711,0.2469828049,-0.2246446211,0.5454360196,0.0408933660,-0.0527860425,0.0431288283,0.0201329766,0.0000000000,0.5214482558,-0.0000000000,0.0872664626,-0.0000000000,1.0000000000,1.0000000000,0.0000000000,0.0000000000,0.0000000000,0.0000000000
0.0200000000,0.2355390508,0.2359099747,0.5444242169,-0.0283239869,-0.0307798738,-0.0356331711,0.2468683408,-0.2247202009,0.5452591793,0.0407455038,-0.0518738314,0.0429115435,0.0201329766,0.0000000000,0.5214482558,-0.0000000000,0.0872664626,-0.0000000000,1.0000000000,1.0000000000,0.0000000000,0.0000000000,0.0000000000,0.0000000000
0.0200000000,0.2355390508,0.2359099747,0.5444242169,-0.0283239869,-0.0307798738,-0.0356331711,0.2468417460,-0.2247771797,0.5450965118,0.0405946843,-0.0509869690,0.0426780998,0.0201329766,0.0000000000,0.5214482558,-0.0000000000,0.0872664626,-0.0000000000,1.0000000000,1.0000000000,0.0000000000,0.0000000000,0.0000000000,0.0000000000
0.0200000000,0.2355390508,0.2359099747,0.5444242169,-0.0283239869,-0.0307798738,-0.0356331711,0.2469126007,-0.2248685729,0.5449419516,0.0403498112,-0.0500963366,0.0422967815,0.0201329766,0.0000000000,0.5214482558,-0.0000000000,0.0872664626,-0.0000000000,1.0000000000,1.0000000000,0.0000000000,0.0000000000,0.0000000000,0.0000000000
0.0200000000,0.2355390508,0.2359099747,0.5444242169,-0.0283239869,-0.0307798738,-0.0356331711,0.2470578137,-0.2250639989,0.5447794361,0.0399009833,-0.0491386590,0.0416182338,0.0201329766,0.0000000000,0.5214482558,-0.0000000000,0.0872664626,-0.0000000000,1.0000000000,1.0000000000,0.0000000000,0.0000000000,0.0000000000,0.0000000000
0.0200000000,0.2355390508,0.2359099747,0.5444242169,-0.0283239869,-0.0307798738,-0.0356331711,0.2472054789,-0.2253884896,0.5445911726,0.0392289074,-0.0480603322,0.0406311001,0.0201329766,0.0000000000,0.5214482558,-0.0000000000,0.0872664626,-0.0000000000,1.0000000000,1.0000000000,0.0000000000,0.0000000000,0.0000000000,0.0000000000
0.0200000000,0.2355390508,0.2359099747,0.5444242169,-0.0283239869,-0.0307798738,-0.0356331711,0.2472957008,-0.2258486097,0.5443634009,0.0383395565,-0.0468200397,0.0393592316,0.0201329766,0.0000000000,0.5214482558,-0.0000000000,0.0872664626,-0.0000000000,1.0000000000,1.0000000000,0.0000000000,0.0000000000,0.0000000000,0.0000000000
0.0200000000,0.2355390508,0.2359099747,0.5444242169,-0.0283239869,-0.0307798738,-0.0356331711,0.2472872212,-0.2264234177,0.5440910636,0.0372790455,-0.0454088177,0.0378792132,0.0201329766,0.0000000000,0.5214482558,-0.0000000000,0.0872664626,-0.0000000000,1.0000000000,1.0000000000,0.0000000000,0.0000000000,0.0000000000,0.0000000000
0.0200000000,0.2355390508,0.2359099747,0.5444242169,-0.0283239869,-0.0307798738,-0.0356331711,0.2471716683,-0.2270697407,0.5437811134,0.0361222367,-0.0438610240,0.0362989184,0.0201329766,0.0000000000,0.5214482558,-0.0000000000,0.0872664626,-0.0000000000,1.0000000000,1.0000000000,0.0000000000,0.0000000000,0.0000000000,0.0000000000
0.0200000000,0.2355390508,0.2359099747,0.5444242169,-0.0283239869,-0.0307798738,-0.0356331711,0.2469755354,-0.2277287768,0.5434526840,0.0349629824,-0.0422560686,0.0347410655,0.0201329766,0.0000000000,0.5214482558,-0.0000000000,0.0872664626,-0.0000000000,1.0000000000,1.0000000000,0.0000000000,0.0000000000,0.0000000000,0.0000000000
0.0200000000,0.2355390508,0.2359099747,0.5444242169,-0.0283239869,-0.0307798738,-0.0356331711,0.2467807524,-0.2283452030,0.5431369968,0.0338763799,-0.0407104431,0.0332841636,0.0201329766,0.0000000000,0.5214482558,-0.0000000000,0.0872664626,-0.0000000000,1.0000000000,1.0000000000,0.0000000000,0.0000000000,0.0000000000,0.0000000000
0.0200000000,0.2355390508,0.2359099747,0.5444242169,-0.0283239869,-0.0307798738,-0.0356331711,0.2466647168,-0.2288889901,0.5428583147,0.0328959122,-0.0393109424,0.0319497431,0.0201329766,0.0000000000,0.5214482558,0.0000000000,0.0872664626,0.0000000000,1.0000000000,1.0000000000,0.0000000000,0.0000000000,0.0000000000,0.0000000000
0.0200000000,0.2355390508,0.2359099747,0.5444242169,-0.0283239869,-0.0307798738,-0.0356331711,0.2466956566,-0.2293505524,0.5426343087,0.0320226738,-0.0381170802,0.0307167726,0.0201329766,0.0000000000,0.5214482558,-0.0000000000,0.0872664626,-0.0000000000,1.0000000000,1.0000000000,0.0000000000,0.0000000000,0.0000000000,0.0000000000
0.0200000000,0.2355390508,0.2359099747,0.5444242169,-0.0283239869,-0.0307798738,-0.0356331711,0.2469141590,-0.2297392526,0.5424743889,0.0312337453,-0.0371600234,0.0295378573,0.0201329766,0.0000000000,0.5214482558,-0.0000000000,0.0872664626,-0.0000000000,1.0000000000,1.0000000000,0.0000000000,0.0000000000,0.0000000000,0.0000000000
0.0200000000,0.2355390508,0.2359099747,0.5444242169,-0.0283239869,-0.0307798738,-0.0356331711,0.2473401294,-0.2300775807,0.5423890611,0.0304954078,-0.0364880398,0.0283513489,0.0201329766,0.0000000000,0.5214482558,0.0000000000,0.0872664626,0.0000000000,1.0000000000,1.0000000000,0.0000000000,0.0000000000,0.0000000000,0.0000000000
0.0200000000,0.2355390508,0.2359099747,0.5444242169,-0.0283239869,-0.0307798738,-0.0356331711,0.2478919547,-0.2304122860,0.5423645386,0.0297602459,-0.0360743823,0.0271046309,0.0201329766,0.0000000000,0.5214482558,-0.0000000000,0.0872664626,-0.0000000000,1.0000000000,1.0000000000,0.0000000000,0.0000000000,0.0000000000,0.0000000000
0.0200000000,0.2355390508,0.2359099747,0.5444242169,-0.0283239869,-0.0307798738,-0.0356331711,0.2484920841,-0.2307835493,0.5423937097,0.0289940602,-0.0359272754,0.0257602435,0.0201329766,0.0000000000,0.5214482558,-0.0000000000,0.0872664626,-0.0000000000,1.0000000000,1.0000000000,0.0000000000,0.0000000000,0.0000000000,0.0000000000
0.0200000000,0.2355390508,0.2359099747,0.5444242169,-0.0283239869,-0.0307798738,-0.0356331711,0.2490628727,-0.2312280456,0.5424678364,0.0281660611,-0.0360481802,0.0242884578,0.0201329766,0.0000000000,0.5214482558,-0.0000000000,0.0872664626,-0.0000000000,1.0000000000,1.0000000000,0.0000000000,0.0000000000,0.0000000000,0.0000000000
0.0200000000,0.2355390508,0.2359099747,0.5444242169,-0.0283239869,-0.0307798738,-0.0356331711,0.2495499411,-0.2317714958,0.5425770880,0.0272506902,-0.0364196515,0.0226671461,0.0201329766,0.0000000000,0.5214482558,0.0000000000,0.0872664626,0.0000000000,1.0000000000,1.0000000000,0.0000000000,0.0000000000,0.0000000000,0.0000000000
0.0200000000,0.2355390508,0.2359099747,0.5444242169,-0.0283239869,-0.0307798738,-0.0356331711,0.2499295622,-0.2324343567,0.5427130556,0.0262174433,-0.0370138262,0.0208643180,0.0201329766,0.0000000000,0.5214482558,-0.0000000000,0.0872664626,-0.0000000000,1.0000000000,1.0000000000,0.0000000000,0.0000000000,0.0000000000,0.0000000000
0.0200000000,0.2355390508,0.2359099747,0.5444242169,-0.0283239869,-0.0307798738,-0.0356331711,0.2502562322,-0.2331819063,0.5428631224,0.0250859909,-0.0377238568,0.0189135795,0.0201329766,0.0000000000,0.5214482558,-0.0000000000,0.0872664626,0.0000000000,1.0000000000,1.0000000000,0.0000000000,0.0000000000,0.0000000000,0.0000000000
0.0200000000,0.2355390508,0.2359099747,0.5444242169,-0.0283239869,-0.0307798738,-0.0356331711,0.2505977902,-0.2339772921,0.5430237344,0.0238819690,-0.0384830287,0.0168476177,0.0201329766,0.0000000000,0.5214482558,-0.0000000000,0.0872664626,-0.0000000000,1.0000000000,1.0000000000,0.0000000000,0.0000000000,0.0000000000,0.0000000000
0.0200000000,0.2355390508,0.2359099747,0.5444242169,-0.0283239869,-0.0307798738,-0.0356331711,0.2510272210,-0.2347761210,0.5431987248,0.0226482405,-0.0392599199,0.0147159233,0.0201329766,0.0000000000,0.5214482558,-0.0000000000,0.0872664626,-0.0000000000,1.0000000000,1.0000000000,0.0000000000,0.0000000000,0.0000000000,0.0000000000
0.0200000000,0.2355390508,0.2359099747,0.5444242169,-0.0283239869,-0.0307798738,-0.0356331711,0.2516035694,-0.2355370575,0.5434010314,0.0214373530,-0.0400806273,0.0125756965,0.0201329766,0.0000000000,0.5214482558,-0.0000000000,0.0872664626,-0.0000000000,1.0000000000,1.0000000000,0.0000000000,0.0000000000,0.0000000000,0.0000000000
0.0200000000,0.2355390508,0.2359099747,0.5444242169,-0.0283239869,-0.0307798738,-0.0356331711,0.2523841022,-0.2362203096,0.5436615575,0.0203146891,-0.0410684793,0.0104913244,0.0201329766,0.0000000000,0.5214482558,-0.0000000000,0.0872664626,-0.0000000000,1.0000000000,1.0000000000,0.0000000000,0.0000000000,0.0000000000,0.0000000000
0.0200000000,0.2355390508,0.2359099747,0.5444242169,-0.0283239869,-0.0307798738,-0.0356331711,0.2533385902,-0.2368270557,0.5440017371,0.0193103397,-0.0423535764,0.0084922406,0.0201329766,0.0000000000,0.5214482558,-0.0000000000,0.0872664626,-0.0000000000,1.0000000000,1.0000000000,0.0000000000,0.0000000000,0.0000000000,0.0000000000
0.0200000000,0.2355390508,0.2359099747,0.5444242169,-0.0283239869,-0.0307798738,-0.0356331711,0.2544305229,-0.2373682815,0.5444428609,0.0184399958,-0.0440705937,0.0065901949,0.0201329766,0.0000000000,0.5214482558,-0.0000000000,0.0872664626,-0.0000000000,1.0000000000,0.9999925126,0.0000000000,0.0000000000,0.0000000000,0.0000000000
0.0200000000,0.2355390508,0.2359099747,0.5444242169,-0.0283239869,-0.0307798738,-0.0356331711,0.2555967521,-0.2378663319,0.5449960550,0.0177031929,-0.0463199315,0.0047856158,0.0201329766,0.0000000000,0.5214482558,-0.0000000000,0.0872664626,-0.0000000000,1.0000000000,0.9552909557,0.0000000000,0.0000000000,0.0000000000,0.0000000000
0.0200000000,0.2355390508,0.2359099747,0.5444242169,-0.0283239869,-0.0307798738,-0.0356331711,0.2567523169,-0.2383478707,0.5456590382,0.0170897581,-0.0491494848,0.0030788742,0.0201329766,0.0000000000,0.5214482558,-0.0000000000,0.0872664626,-0.0000000000,1.0000000000,0.8886242890,0.0000000000,0.0000000000,0.0000000000,0.0000000000
0.0200000000,0.2355390508,0.2359099747,0.5444242169,-0.0283239869,-0.0307798738,-0.0356331711,0.2577783379,-0.2388408508,0.5464222125,0.0165937397,-0.0526001435,0.0014897961,0.0201329766,0.0000000000,0.5214482558,-0.0000000000,0.0872664626,-0.0000000000,1.0000000000,0.8219576223,0.0000000000,0.0000000000,0.0000000000,0.0000000000
0.0200000000,0.2355390508,0.2359099747,0.5444242169,-0.0283239869,-0.0307798738,-0.0356331711,0.2586099310,-0.2393625645,0.5472364827,0.0161732543,-0.0564617634,0.0000026597,0.0201329766,0.0000000000,0.5214482558,-0.0000000000,0.0872664626,-0.0000000000,1.0000000000,0.7552909557,0.0000000000,0.0000000000,0.0000000000,0.0000000000
0.0200000000,0.2355390508,0.2359099747,0.5444242169,-0.0283239869,-0.0307798738,-0.0356331711,0.2592275050,-0.2399221099,0.5480579231,0.0157849420,-0.0605189767,-0.0014097660,0.0201329766,0.0000000000,0.5214482558,-0.0000000000,0.0872664626,-0.0000000000,1.0000000000,0.6886242890,0.0000000000,0.0000000000,0.0000000000,0.0000000000
0.0200000000,0.2355390508,0.2359099747,0.5444242169,-0.0283239869,-0.0307798738,-0.0356331711,0.2596702495,-0.2405197146,0.5488397621,0.0153744920,-0.0644917473,-0.0027990389,0.0201329766,0.0000000000,0.5214482558,-0.0000000000,0.0872664626,-0.0000000000,1.0000000000,0.6219576223,0.0000000000,0.0000000000,0.0000000000,0.0000000000
0.0200000000,0.2355390508,0.2359099747,0.5444242169,-0.0283239869,-0.0307798738,-0.0356331711,0.2600181258,-0.2411443291,0.5495410488,0.0148947435,-0.0680946443,-0.0042177445,0.0201329766,0.0000000000,0.5214482558,-0.0000000000,0.0872664626,-0.0000000000,1.0000000000,0.5552909557,0.0000000000,0.0000000000,0.0000000000,0.0000000000
0.0200000000,0.2355390508,0.2359099747,0.5444242169,-0.0283239869,-0.0307798738,-0.0356331711,0.2603732719,-0.2417857472,0.5501307141,0.0142978686,-0.0710748787,-0.0057316226,0.0201329766,0.0000000000,0.5214482558,-0.0000000000,0.0872664626,-0.0000000000,1.0000000000,0.4886242890,0.0000000000,0.0000000000,0.0000000000,0.0000000000
0.0200000000,0.2355390508,0.2359099747,0.5444242169,-0.0283239869,-0.0307798738,-0.0356331711,0.2608209369,-0.2424497254,0.5506423089,0.0135702275,-0.0735450474,-0.0074005408,0.0201329766,0.0000000000,0.5214482558,-0.0000000000,0.0872664626,-0.0000000000,1.0000000000,0.4219576223,0.0000000000,0.0000000000,0.0000000000,0.0000000000
0.0200000000,0.2355390508,0.2359099747,0.5444242169,-0.0283239869,-0.0307798738,-0.0356331711,0.2614129753,-0.2431512609,0.5511075794,0.0126960149,-0.0756328412,-0.0092820398,0.0201329766,0.0000000000,0.5214482558,-0.0000000000,0.0872664626,-0.0000000000,1.0000000000,0.3552909557,0.0000000000,0.0000000000,0.0000000000,0.0000000000
0.0200000000,0.2355390508,0.2359099747,0.5444242169,-0.0283239869,-0.0307798738,-0.0356331711,0.2621718188,-0.2438899983,0.5515472786,0.0116853374,-0.0774264157,-0.0113815978,0.0201329766,0.0000000000,0.5214482558,-0.0000000000,0.0872664626,-0.0000000000,1.0000000000,0.2886242890,0.0000000000,0.0000000000,0.0000000000,0.0000000000
0.0200000000,0.2355390508,0.2359099747,0.5444242169,-0.0283239869,-0.0307798738,-0.0356331711,0.2630903613,-0.2446467751,0.5519672476,0.0105759549,-0.0789547193,-0.0136465180,0.0201329766,0.0000000000,0.5214482558,-0.0000000000,0.0872664626,-0.0000000000,1.0000000000,0.2219576223,0.0000000000,0.0000000000,0.0000000000,0.0000000000
0.0200000000,0.2355390508,0.2359099747,0.5444242169,-0.0283239869,-0.0307798738,-0.0356331711,0.2641320251,-0.2453817978,0.5523586133,0.0094341065,-0.0801916067,-0.0159604622,0.0201329766,0.0000000000,0.5214482558,-0.0000000000,0.0872664626,-0.0000000000,1.0000000000,0.1552909557,0.0000000000,0.0000000000,0.0000000000,0.0000000000
0.0200000000,0.2355390508,0.2359099747,0.5444242169,-0.0283239869,-0.0307798738,-0.0356331711,0.2652059134,-0.2460600892,0.5527171094,0.0083431449,-0.0811901445,-0.0181788987,0.0201329766,0.0000000000,0.5214482558,-0.0000000000,0.0872664626,-0.0000000000,1.0000000000,0.0886242890,0.0000000000,0.0000000000,0.0000000000,0.0000000000
0.0200000000,0.2355390508,0.2359099747,0.5444242169,-0.0283239869,-0.0307798738,-0.0356331711,0.2662822266,-0.2466769046,0.5530470604,0.0073232398,-0.0820015477,-0.0202667255,0.0201329766,0.0000000000,0.5214482558,-0.0000000000,0.0872664626,-0.0000000000,1.0000000000,0.0220648840,0.0000000000,0.0000000000,0.0000000000,0.0000000000
0.0200000000,0.2355390508,0.2359099747,0.5444242169,-0.0283239869,-0.0307798738,-0.0356331711,0.2674023937,-0.2472641450,0.5533704486,0.0063290100,-0.0827081125,-0.0223184101,0.0201329766,0.0000000000,0.5214482558,-0.0000000000,0.0872664626,-0.0000000000,1.0000000000,0.0000636369,0.0000000000,0.0000000000,0.0000000000,0.0000000000
0.0200000000,0.2355390508,0.2359099747,0.5444242169,-0.0283239869,-0.0307798738,-0.0356331711,0.2686306498,-0.2478578734,0.5537112006,0.0053043293,-0.0833756863,-0.0244548960,0.0201329766,0.0000000000,0.5214482558,-0.0000000000,0.0872664626,-0.0000000000,1.0000000000,0.0000000000,0.0000000000,0.0000000000,0.0000000000,0.0000000000
0.0200000000,0.2355390508,0.2359099747,0.5444242169,-0.0283239869,-0.0307798738,-0.0356331711,0.2699601026,-0.2484515965,0.5540686613,0.0042616462,-0.0840002314,-0.0266567866,0.0201329766,0.0000000000,0.5214482558,-0.0000000000,0.0872664626,-0.0000000000,1.0000000000,0.0000000000,0.0000000000,0.0000000000,0.0000000000,0.0000000000
0.0200000000,0.2355390508,0.2359099747,0.5444242169,-0.0283239869,-0.0307798738,-0.0356331711,0.2712654014,-0.2489993727,0.5544130617,0.0032902347,-0.0845415229,-0.0287405948,0.0201329766,0.0000000000,0.5214482558,-0.0000000000,0.0872664626,-0.0000000000,1.0000000000,0.0000000000,0.0000000000,0.0000000000,0.0000000000,0.0000000000
0.0200000000,0.2355390508,0.2359099747,0.5444242169,-0.0283239869,-0.0307798738,-0.0356331711,0.2724713729,-0.2494760219,0.5547258981,0.0024361908,-0.0849812328,-0.0306000721,0.0201329766,0.0000000000,0.5214482558,-0.0000000000,0.0872664626,-0.0000000000,1.0000000000,0.0000000000,0.0000000000,0.0000000000,0.0000000000,0.0000000000
0.0200000000,0.2355390508,0.2359099747,0.5444242169,-0.0283239869,-0.0307798738,-0.0356331711,0.2735815042,-0.2498933299,0.5550105583,0.0016817935,-0.0853422394,-0.0322631201,0.0201329766,0.0000000000,0.5214482558,-0.0000000000,0.0872664626,-0.0000000000,1.0000000000,0.0000000000,0.0000000000,0.0000000000,0.0000000000,0.0000000000
0.0200000000,0.2355390508,0.2359099747,0.5444242169,-0.0283239869,-0.0307798738,-0.0356331711,0.2746245430,-0.2502704691,0.5552768883,0.0009963220,-0.0856533673,-0.0337912492,0.0201329766,0.0000000000,0.5214482558,-0.0000000000,0.0872664626,-0.0000000000,1.0000000000,0.0000000000,0.0000000000,0.0000000000,0.0000000000,0.0000000000
0.0200000000,0.2355390508,0.2359099747,0.5444242169,-0.0283239869,-0.0307798738,-0.0356331711,0.2755938549,-0.2506024976,0.5555230299,0.0003864727,-0.0859164540,-0.0351683626,0.0201329766,0.0000000000,0.5214482558,-0.0000000000,0.0872664626,-0.0000000000,1.0000000000,0.0000000000,0.0000000000,0.0000000000,0.0000000000,0.0000000000
0.0200000000,0.2355390508,0.2359099747,0.5444242169,-0.0283239869,-0.0307798738,-0.0356331711,0.2764964542,-0.2508937005,0.5557511465,-0.0001548923,-0.0861394235,-0.0364090231,0.0201329766,0.0000000000,0.5214482558,-0.0000000000,0.0872664626,-0.0000000000,1.0000000000,0.0000000000,0.0000000000,0.0000000000,0.0000000000,0.0000000000
0.0200000000,0.2355390508,0.2359099747,0.5444242169,-0.0283239869,-0.0307798738,-0.0356331711,0.2773552625,-0.2511584168,0.5559678156,-0.0006514273,-0.0863355190,-0.0375606566,0.0201329766,0.0000000000,0.5214482558,-0.0000000000,0.0872664626,-0.0000000000,1.0000000000,0.0000000000,0.0000000000,0.0000000000,0.0000000000,0.0000000000
0.0200000000,0.2355390508,0.2359099747,0.5444242169,-0.0283239869,-0.0307798738,-0.0356331711,0.2781983359,-0.2514131094,0.5561810335,-0.0011297850,-0.0865178577,-0.0386791406,0.0201329766,0.0000000000,0.5214482558,-0.0000000000,0.0872664626,-0.0000000000,1.0000000000,0.0000000000,0.0000000000,0.0000000000,0.0000000000,0.0000000000
0.0200000000,0.2355390508,0.2359099747,0.5444242169,-0.0283239869,-0.0307798738,-0.0356331711,0.2790433071,-0.2516649596,0.5563950342,-0.0016025692,-0.0866894619,-0.0397926786,0.0201329766,0.0000000000,0.5214482558,-0.0000000000,0.0872664626,-0.0000000000,1.0000000000,0.0000000000,0.0000000000,0.0000000000,0.0000000000,0.0000000000
0.0200000000,0.2355390508,0.2359099747,0.5444242169,-0.0283239869,-0.0307798738,-0.0356331711,0.2799044344,-0.2519131758,0.5566114126,-0.0020721223,-0.0868422616,-0.0409093189,0.0201329766,0.0000000000,0.5214482558,-0.0000000000,0.0872664626,-0.0000000000,1.0000000000,0.0000000000,0.0000000000,0.0000000000,0.0000000000,0.0000000000
0.0200000000,0.2355390508,0.2359099747,0.5444242169,-0.0283239869,-0.0307798738,-0.0356331711,0.2807867856,-0.2521567864,0.5568308984,-0.0025376206,-0.0869730685,-0.0420308046,0.0201329766,0.0000000000,0.5214482558,-0.0000000000,0.0872664626,-0.0000000000,1.0000000000,0.0000000000,0.0000000000,0.0000000000,0.0000000000,0.0000000000
0.0200000000,0.2355390508,0.2359099747,0.5444242169,-0.0283239869,-0.0307798738,-0.0356331711,0.2816871755,-0.2523964566,0.5570532810,-0.0029990279,-0.0870837275,-0.0431565989,0.0201329766,0.0000000000,0.5214482558,-0.0000000000,0.0872664626,-0.0000000000,1.0000000000,0.0000000000,0.0000000000,0.0000000000,0.0000000000,0.0000000000
0.0200000000,0.2355390508,0.2359099747,0.5444242169,-0.0283239869,-0.0307798738,-0.0356331711,0.2825975364,-0.2526338672,0.5572778346,-0.0034566968,-0.0871795804,-0.0442849703,0.0201329766,0.0000000000,0.5214482558,-0.0000000000,0.0872664626,-0.0000000000,1.0000000000,0.0000000000,0.0000000000,0.0000000000,0.0000000000,0.0000000000
0.0200000000,0.2355390508,0.2359099747,0.5444242169,-0.0283239869,-0.0307798738,-0.0356331711,0.2835142213,-0.2528695868,0.5575038590,-0.0039112080,-0.0872612987,-0.0454144313,0.0201329766,0.0000000000,0.5214482558,-0.0000000000,0.0872664626,-0.0000000000,1.0000000000,0.0000000000,0.0000000000,0.0000000000,0.0000000000,0.0000000000
0.0200000000,0.2355390508,0.2359099747,0.5444242169,-0.0283239869,-0.0307798738,-0.0356331711,0.2844449661,-0.2531012750,0.5577304722,-0.0043646170,-0.0873156361,-0.0465434629,0.0201329766,0.0000000000,0.5214482558,-0.0000000000,0.0872664626,-0.0000000000,1.0000000000,0.0000000000,0.0000000000,0.0000000000,0.0000000000,0.0000000000
0.0200000000,0.2355390508,0.2359099747,0.5444242169,-0.0283239869,-0.0307798738,-0.0356331711,0.2853951504,-0.2533272548,0.5579576226,-0.0048181220,-0.0873355505,-0.0476704230,0.0201329766,0.0000000000,0.5214482558,-0.0000000000,0.0872664626,-0.0000000000,1.0000000000,0.0000000000,0.0000000000,0.0000000000,0.0000000000,0.0000000000
0.0200000000,0.2355390508,0.2359099747,0.5444242169,-0.0283239869,-0.0307798738,-0.0356331711,0.2863613560,-0.2535481507,0.5581854855,-0.0052716360,-0.0873259828,-0.0487940705,0.0201329766,0.0000000000,0.5214482558,-0.0000000000,0.0872664626,-0.0000000000,1.0000000000,0.0000000000,0.0000000000,0.0000000000,0.0000000000,0.0000000000
0.0200000000,0.2355390508,0.2359099747,0.5444242169,-0.0283239869,-0.0307798738,-0.0356331711,0.2873388505,-0.2537672579,0.5584153759,-0.0057250808,-0.0872989302,-0.0499203922,0.0201329766,0.0000000000,0.5214482558,-0.0000000000,0.0872664626,-0.0000000000,1.0000000000,0.0000000000,0.0000000000,0.0000000000,0.0000000000,0.0000000000
0.0200000000,0.2355390508,0.2359099747,0.5444242169,-0.0283239869,-0.0307798738,-0.0356331711,0.2883505372,-0.2539912978,0.5586529266,-0.0061875101,-0.0872529396,-0.0510831786,0.0201329766,0.0000000000,0.5214482558,-0.0000000000,0.0872664626,-0.0000000000,1.0000000000,0.0000000000,0.0000000000,0.0000000000,0.0000000000,0.0000000000
0.0200000000,0.2355390508,0.2359099747,0.5444242169,-0.0283239869,-0.0307798738,-0.0356331711,0.2894963982,-0.2542374920,0.5589168765,-0.0066953144,-0.0871522459,-0.0523943032,0.0201329766,0.0000000000,0.5214482558,-0.0000000000,0.0872664626,-0.0000000000,1.0000000000,0.0000000000,0.0000000000,0.0000000000,0.0000000000,0.0000000000
0.0200000000,0.2355390508,0.2359099747,0.5444242169,-0.0283239869,-0.0307798738,-0.0356331711,0.2908498882,-0.2545177637,0.5592217425,-0.0072725633,-0.0869648250,-0.0539348079,0.0201329766,0.0000000000,0.5214482558,-0.0000000000,0.0872664626,-0.0000000000,1.0000000000,0.0000000000,0.0000000000,0.0000000000,0.0000000000,0.0000000000
0.0200000000,0.2355390508,0.2359099747,0.5444242169,-0.0283239869,-0.0307798738,-0.0356331711,0.2924077333,-0.2548305339,0.5595652675,-0.0079150659,-0.0866684783,-0.0557022011,0.0201329766,0.0000000000,0.5214482558,-0.0000000000,0.0872664626,-0.0000000000,1.0000000000,0.0000000000,0.0000000000,0.0000000000,0.0000000000,0.0000000000
0.0200000000,0.2355390508,0.2359099747,0.5444242169,-0.0283239869,-0.0307798738,-0.0356331711,0.2940946651,-0.2551612786,0.5599270486,-0.0085947490,-0.0862458574,-0.0576150489,0.0201329766,0.0000000000,0.5214482558,-0.0000000000,0.0872664626,-0.0000000000,1.0000000000,0.0000000000,0.0000000000,0.0000000000,0.0000000000,0.0000000000
0.0200000000,0.2355390508,0.2359099747,0.5444242169,-0.0283239869,-0.0307798738,-0.0356331711,0.2958275283,-0.2554940206,0.5602840812,-0.0092828030,-0.0856855073,-0.0595821814,0.0201329766,0.0000000000,0.5214482558,-0.0000000000,0.0872664626,-0.0000000000,1.0000000000,0.0000000000,0.0000000000,0.0000000000,0.0000000000,0.0000000000
0.0200000000,0.2355390508,0.2359099747,0.5444242169,-0.0283239869,-0.0307798738,-0.0356331711,0.2975064860,-0.2558100221,0.5606122036,-0.0099451840,-0.0850061674,-0.0614910608,0.0201329766,0.0000000000,0.5214482558,-0.0000000000,0.0872664626,-0.0000000000,1.0000000000,0.0000000000,0.0000000000,0.0000000000,0.0000000000,0.0000000000
0.0200000000,0.2355390508,0.2359099747,0.5444242169,-0.0283239869,-0.0307798738,-0.0356331711,0.2990408230,-0.2560947724,0.5608990508,-0.0105497264,-0.0842830565,-0.0632380616,0.0201329766,0.0000000000,0.5214482558,-0.0000000000,0.0872664626,-0.0000000000,1.0000000000,0.0000000000,0.0000000000,0.0000000000,0.0000000000,0.0000000000
0.0200000000,0.2355390508,0.2359099747,0.5444242169,-0.0283239869,-0.0307798738,-0.0356331711,0.3004064664,-0.2563451557,0.5611414202,-0.0110905708,-0.0835484046,-0.0647956937,0.0201329766,0.0000000000,0.5214482558,-0.0000000000,0.0872664626,-0.0000000000,1.0000000000,0.0000000000,0.0000000000,0.0000000000,0.0000000000,0.0000000000
0.0200000000,0.2355390508,0.2359099747,0.5444242169,-0.0283239869,-0.0307798738,-0.0356331711,0.3016585555,-0.2565729014,0.5613518381,-0.0115894002,-0.0827944747,-0.0662294719,0.0201329766,0.0000000000,0.5214482558,-0.0000000000,0.0872664626,-0.0000000000,1.0000000000,0.0000000000,0.0000000000,0.0000000000,0.0000000000,0.0000000000
0.0200000000,0.2355390508,0.2359099747,0.5444242169,-0.0283239869,-0.0307798738,-0.0356331711,0.3028673327,-0.2567927023,0.5615433517,-0.0120740059,-0.0819861533,-0.0676253740,0.0201329766,0.0000000000,0.5214482558,-0.0000000000,0.0872664626,-0.0000000000,1.0000000000,0.0000000000,0.0000000000,0.0000000000,0.0000000000,0.0000000000
0.0200000000,0.2355390508,0.2359099747,0.5444242169,-0.0283239869,-0.0307798738,-0.0356331711,0.3040705965,-0.2570128265,0.5617183638,-0.0125628058,-0.0810802361,-0.0690333663,0.0201329766,0.0000000000,0.5214482558,-0.0000000000,0.0872664626,-0.0000000000,1.0000000000,0.0000000000,0.0000000000,0.0000000000,0.0000000000,0.0000000000
0.0200000000,0.2355390508,0.2359099747,0.5444242169,-0.0283239869,-0.0307798738,-0.0356331711,0.3052881280,-0.2572369549,0.5618815551,-0.0130682546,-0.0800849115,-0.0704707500,0.0201329766,0.0000000000,0.5214482558,-0.0000000000,0.0872664626,-0.0000000000,1.0000000000,0.0000000000,0.0000000000,0.0000000000,0.0000000000,0.0000000000
0.0200000000,0.2355390508,0.2359099747,0.5444242169,-0.0283239869,-0.0307798738,-0.0356331711,0.3065487441,-0.2574713801,0.5620325517,-0.0136281345,-0.0790117609,-0.0719571969,0.0201329766,0.0000000000,0.5214482558,-0.0000000000,0.0872664626,-0.0000000000,1.0000000000,0.0000000000,0.0000000000,0.0000000000,0.0000000000,0.0000000000
0.0200000000,0.2355390508,0.2359099747,0.5444242169,-0.0283239869,-0.0307798738,-0.0356331711,0.3078846557,-0.2577239241,0.5621672941,-0.0142927120,-0.0778697777,-0.0735154223,0.0201329766,0.0000000000,0.5214482558,-0.0000000000,0.0872664626,-0.0000000000,1.0000000000,0.0000000000,0.0000000000,0.0000000000,0.0000000000,0.0000000000
0.0200000000,0.2355390508,0.2359099747,0.5444242169,-0.0283239869,-0.0307798738,-0.0356331711,0.3093134045,-0.2579963145,0.5622885250,-0.0150558876,-0.0766339553,-0.0751739071,0.0201329766,0.0000000000,0.5214482558,-0.0000000000,0.0872664626,-0.0000000000,1.0000000000,0.0000000000,0.0000000000,0.0000000000,0.0000000000,0.0000000000
0.0200000000,0.2355390508,0.2359099747,0.5444242169,-0.0283239869,-0.0307798738,-0.0356331711,0.3107454677,-0.2582634052,0.5624046060,-0.0157745994,-0.0753016275,-0.0768662043,0.0201329766,0.0000000000,0.5214482558,-0.0000000000,0.0872664626,-0.0000000000,1.0000000000,0.0000000000,0.0000000000,0.0000000000,0.0000000000,0.0000000000
0.0200000000,0.2355390508,0.2359099747,0.5444242169,-0.0283239869,-0.0307798738,-0.0356331711,0.3120586601,-0.2584992206,0.5625185945,-0.0163534176,-0.0739857577,-0.0784500608,0.0201329766,0.0000000000,0.5214482558,-0.0000000000,0.0872664626,-0.0000000000,1.0000000000,0.0000000000,0.0000000000,0.0000000000,0.0000000000,0.0000000000
0.0200000000,0.2355390508,0.2359099747,0.5444242169,-0.0283239869,-0.0307798738,-0.0356331711,0.3131609965,-0.2586894344,0.5626212253,-0.0167854198,-0.0728330225,-0.0797926782,0.0201329766,0.0000000000,0.5214482558,-0.0000000000,0.0872664626,-0.0000000000,1.0000000000,0.0000000000,0.0000000000,0.0000000000,0.0000000000,0.0000000000
0.0200000000,0.2355390508,0.2359099747,0.5444242169,-0.0283239869,-0.0307798738,-0.0356331711,0.3141085409,-0.2588466084,0.5627149140,-0.0171244463,-0.0718274437,-0.0809470451,0.0201329766,0.0000000000,0.5214482558,-0.0000000000,0.0872664626,-0.0000000000,1.0000000000,0.0000000000,0.0000000000,0.0000000000,0.0000000000,0.0000000000
0.0200000000,0.2355390508,0.2359099747,0.5444242169,-0.0283239869,-0.0307798738,-0.0356331711,0.3149614506,-0.2589820649,0.5628045607,-0.0174067021,-0.0709270923,-0.0819792385,0.0201329766,0.0000000000,0.5214482558,-0.0000000000,0.0872664626,-0.0000000000,1.0000000000,0.0000000000,0.0000000000,0.0000000000,0.0000000000,0.0000000000
0.0200000000,0.2355390508,0.2359099747,0.5444242169,-0.0283239869,-0.0307798738,-0.0356331711,0.3157643773,-0.2591035001,0.5628947527,-0.0176544220,-0.0700987228,-0.0829389438,0.0201329766,0.0000000000,0.5214482558,-0.0000000000,0.0872664626,-0.0000000000,1.0000000000,0.0000000000,0.0000000000,0.0000000000,0.0000000000,0.0000000000
0.0200000000,0.2355390508,0.2359099747,0.5444242169,-0.0283239869,-0.0307798738,-0.0356331711,0.3165428171,-0.2592145151,0.5629888048,-0.0178751739,-0.0693195724,-0.0838553970,0.0201329766,0.0000000000,0.5214482558,-0.0000000000,0.0872664626,-0.0000000000,1.0000000000,0.0000000000,0.0000000000,0.0000000000,0.0000000000,0.0000000000
0.0200000000,0.2355390508,0.2359099747,0.5444242169,-0.0283239869,-0.0307798738,-0.0356331711,0.3173291602,-0.2593194428,0.5630914443,-0.0180786523,-0.0685638503,-0.0847643580,0.0201329766,0.0000000000,0.5214482558,-0.0000000000,0.0872664626,-0.0000000000,1.0000000000,0.0000000000,0.0000000000,0.0000000000,0.0000000000,0.0000000000
0.0200000000,0.2355390508,0.2359099747,0.5444242169,-0.0283239869,-0.0307798738,-0.0356331711,0.3181110808,-0.2594160021,0.5632017586,-0.0182601823,-0.0678466614,-0.0856498397,0.0201329766,0.0000000000,0.5214482558,-0.0000000000,0.0872664626,-0.0000000000,1.0000000000,0.0000000000,0.0000000000,0.0000000000,0.0000000000,0.0000000000
0.0200000000,0.2355390508,0.2359099747,0.5444242169,-0.0283239869,-0.0307798738,-0.0356331711,0.3188749435,-0.2595013201,0.5633191603,-0.0184141135,-0.0671883040,-0.0864928185,0.0201329766,0.0000000000,0.5214482558,-0.0000000000,0.0872664626,-0.0000000000,1.0000000000,0.0000000000,0.0000000000,0.0000000000,0.0000000000,0.0000000000
0.0200000000,0.2355390508,0.2359099747,0.5444242169,-0.0283239869,-0.0307798738,-0.0356331711,0.3196215286,-0.2595743446,0.5634445715,-0.0185382426,-0.0665934556,-0.0872912453,0.0201329766,0.0000000000,0.5214482558,-0.0000000000,0.0872664626,-0.0000000000,1.0000000000,0.0000000000,0.0000000000,0.0000000000,0.0000000000,0.0000000000
0.0200000000,0.2355390508,0.2359099747,0.5444242169,-0.0283239869,-0.0307798738,-0.0356331711,0.3203563517,-0.2596361288,0.5635786838,-0.0186350237,-0.0660560848,-0.0880517899,0.0201329766,0.0000000000,0.5214482558,-0.0000000000,0.0872664626,-0.0000000000,1.0000000000,0.0000000000,0.0000000000,0.0000000000,0.0000000000,0.0000000000
0.0200000000,0.2355390508,0.2359099747,0.5444242169,-0.0283239869,-0.0307798738,-0.0356331711,0.3210794651,-0.2596866685,0.5637214195,-0.0187047183,-0.0655762095,-0.0887743755,0.0201329766,0.0000000000,0.5214482558,-0.0000000000,0.0872664626,-0.0000000000,1.0000000000,0.0000000000,0.0000000000,0.0000000000,0.0000000000,0.0000000000
0.0200000000,0.2355390508,0.2359099747,0.5444242169,-0.0283239869,-0.0307798738,-0.0356331711,0.3217926466,-0.2597253077,0.5638736749,-0.0187460112,-0.0651556932,-0.0894587255,0.0201329766,0.0000000000,0.5214482558,-0.0000000000,0.0872664626,-0.0000000000,1.0000000000,0.0000000000,0.0000000000,0.0000000000,0.0000000000,0.0000000000
0.0200000000,0.2355390508,0.2359099747,0.5444242169,-0.0283239869,-0.0307798738,-0.0356331711,0.3224961871,-0.2597516694,0.5640358461,-0.0187582870,-0.0647964142,-0.0901039427,0.0201329766,0.0000000000,0.5214482558,-0.0000000000,0.0872664626,-0.0000000000,1.0000000000,0.0000000000,0.0000000000,0.0000000000,0.0000000000,0.0000000000
0.0200000000,0.2355390508,0.2359099747,0.5444242169,-0.0283239869,-0.0307798738,-0.0356331711,0.3231902720,-0.2597640786,0.5642092272,-0.0187379464,-0.0645055713,-0.0907060071,0.0201329766,0.0000000000,0.5214482558,-0.0000000000,0.0872664626,-0.0000000000,1.0000000000,0.0000000000,0.0000000000,0.0000000000,0.0000000000,0.0000000000
0.0200000000,0.2355390508,0.2359099747,0.5444242169,-0.0283239869,-0.0307798738,-0.0356331711,0.3238793393,-0.2597632405,0.5643941174,-0.0186866754,-0.0642765700,-0.0912704177,0.0201329766,0.0000000000,0.5214482558,-0.0000000000,0.0872664626,-0.0000000000,1.0000000000,0.0000000000,0.0000000000,0.0000000000,0.0000000000,0.0000000000
0.0200000000,0.2355390508,0.2359099747,0.5444242169,-0.0283239869,-0.0307798738,-0.0356331711,0.3245633194,-0.2597491185,0.5645905145,-0.0186046517,-0.0641097027,-0.0917969068,0.0201329766,0.0000000000,0.5214482558,-0.0000000000,0.0872664626,-0.0000000000,1.0000000000,0.0000000000,0.0000000000,0.0000000000,0.0000000000,0.0000000000
0.0200000000,0.2355390508,0.2359099747,0.5444242169,-0.0283239869,-0.0307798738,-0.0356331711,0.3252434471,-0.2597215925,0.5647985669,-0.0184917285,-0.0640035577,-0.0922864209,0.0201329766,0.0000000000,0.5214482558,-0.0000000000,0.0872664626,-0.0000000000,1.0000000000,0.0000000000,0.0000000000,0.0000000000,0.0000000000,0.0000000000
0.0200000000,0.2355390508,0.2359099747,0.5444242169,-0.0283239869,-0.0307798738,-0.0356331711,0.3259216662,-0.2596799768,0.5650191004,-0.0183464770,-0.0639589237,-0.0927390346,0.0201329766,0.0000000000,0.5214482558,-0.0000000000,0.0872664626,-0.0000000000,1.0000000000,0.0000000000,0.0000000000,0.0000000000,0.0000000000,0.0000000000
0.0200000000,0.2355390508,0.2359099747,0.5444242169,-0.0283239869,-0.0307798738,-0.0356331711,0.3265972193,-0.2596228781,0.5652530706,-0.0181660000,-0.0639825461,-0.0931505852,0.0201329766,0.0000000000,0.5214482558,-0.0000000000,0.0872664626,-0.0000000000,1.0000000000,0.0000000000,0.0000000000,0.0000000000,0.0000000000,0.0000000000
0.0200000000,0.2355390508,0.2359099747,0.5444242169,-0.0283239869,-0.0307798738,-0.0356331711,0.3272709417,-0.2595529098,0.5654982187,-0.0179561994,-0.0640604725,-0.0935287261,0.0201329766,0.0000000000,0.5214482558,-0.0000000000,0.0872664626,-0.0000000000,1.0000000000,0.0000000000,0.0000000000,0.0000000000,0.0000000000,0.0000000000
0.0200000000,0.2355390508,0.2359099747,0.5444242169,-0.0283239869,-0.0307798738,-0.0356331711,0.3279429421,-0.2594699526,0.5657545575,-0.0177170386,-0.0641925120,-0.0938733065,0.0201329766,0.0000000000,0.5214482558,-0.0000000000,0.0872664626,-0.0000000000,1.0000000000,0.0000000000,0.0000000000,0.0000000000,0.0000000000,0.0000000000
0.0200000000,0.2355390508,0.2359099747,0.5444242169,-0.0283239869,-0.0307798738,-0.0356331711,0.3286133070,-0.2593747102,0.5660215882,-0.0174501289,-0.0643758489,-0.0941861738,0.0201329766,0.0000000000,0.5214482558,-0.0000000000,0.0872664626,-0.0000000000,1.0000000000,0.0000000000,0.0000000000,0.0000000000,0.0000000000,0.0000000000
0.0200000000,0.2355390508,0.2359099747,0.5444242169,-0.0283239869,-0.0307798738,-0.0356331711,0.3292825232,-0.2592689903,0.5662978792,-0.0171591858,-0.0646018984,-0.0944726582,0.0201329766,0.0000000000,0.5214482558,-0.0000000000,0.0872664626,-0.0000000000,1.0000000000,0.0000000000,0.0000000000,0.0000000000,0.0000000000,0.0000000000
0.0200000000,0.2355390508,0.2359099747,0.5444242169,-0.0283239869,-0.0307798738,-0.0356331711,0.3299501288,-0.2591509933,0.5665846420,-0.0168404550,-0.0648781195,-0.0947279766,0.0201329766,0.0000000000,0.5214482558,-0.0000000000,0.0872664626,-0.0000000000,1.0000000000,0.0000000000,0.0000000000,0.0000000000,0.0000000000,0.0000000000
0.0200000000,0.2355390508,0.2359099747,0.5444242169,-0.0283239869,-0.0307798738,-0.0356331711,0.3306175866,-0.2590243813,0.5668796866,-0.0165016240,-0.0651898425,-0.0949623952,0.0201329766,0.0000000000,0.5214482558,-0.0000000000,0.0872664626,-0.0000000000,1.0000000000,0.0000000000,0.0000000000,0.0000000000,0.0000000000,0.0000000000
0.0200000000,0.2355390508,0.2359099747,0.5444242169,-0.0283239869,-0.0307798738,-0.0356331711,0.3312856847,-0.2588903086,0.5671823852,-0.0161449932,-0.0655321373,-0.0951795758,0.0201329766,0.0000000000,0.5214482558,-0.0000000000,0.0872664626,-0.0000000000,1.0000000000,0.0000000000,0.0000000000,0.0000000000,0.0000000000,0.0000000000
0.0200000000,0.2355390508,0.2359099747,0.5444242169,-0.0283239869,-0.0307798738,-0.0356331711,0.3319542800,-0.2587488026,0.5674927386,-0.0157707439,-0.0659051687,-0.0953794041,0.0201329766,0.0000000000,0.5214482558,-0.0000000000,0.0872664626,-0.0000000000,1.0000000000,0.0000000000,0.0000000000,0.0000000000,0.0000000000,0.0000000000
0.0200000000,0.2355390508,0.2359099747,0.5444242169,-0.0283239869,-0.0307798738,-0.0356331711,0.3326240427,-0.2586026404,0.5678092884,-0.0153842524,-0.0662997682,-0.0955692520,0.0201329766,0.0000000000,0.5214482558,0.0000000000,0.0872664626,0.0000000000,1.0000000000,0.0000000000,0.0000000000,0.0000000000,0.0000000000,0.0000000000
0.0200000000,0.2355390508,0.2359099747,0.5444242169,-0.0283239869,-0.0307798738,-0.0356331711,0.3332957539,-0.2584516974,0.5681324408,-0.0149848014,-0.0667166272,-0.0957497012,0.0201329766,0.0000000000,0.5214482558,-0.0000000000,0.0872664626,0.0000000000,1.0000000000,0.0000000000,0.0000000000,0.0000000000,0.0000000000,0.0000000000
0.0200000000,0.2355390508,0.2359099747,0.5444242169,-0.0283239869,-0.0307798738,-0.0356331711,0.3339682491,-0.2582974834,0.5684609268,-0.0145760415,-0.0671509014,-0.0959231100,0.0201329766,0.0000000000,0.5214482558,-0.0000000000,0.0872664626,-0.0000000000,1.0000000000,0.0000000000,0.0000000000,0.0000000000,0.0000000000,0.0000000000
0.0200000000,0.2355390508,0.2359099747,0.5444242169,-0.0283239869,-0.0307798738,-0.0356331711,0.3346406889,-0.2581421017,0.5687932899,-0.0141622425,-0.0675963859,-0.0960937973,0.0201329766,0.0000000000,0.5214482558,-0.0000000000,0.0872664626,0.0000000000,1.0000000000,0.0000000000,0.0000000000,0.0000000000,0.0000000000,0.0000000000
0.0200000000,0.2355390508,0.2359099747,0.5444242169,-0.0283239869,-0.0307798738,-0.0356331711,0.3353130998,-0.2579854567,0.5691295849,-0.0137432237,-0.0680532810,-0.0962615810,0.0201329766,0.0000000000,0.5214482558,-0.0000000000,0.0872664626,-0.0000000000,1.0000000000,0.0000000000,0.0000000000,0.0000000000,0.0000000000,0.0000000000
0.0200000000,0.2355390508,0.2359099747,0.5444242169,-0.0283239869,-0.0307798738,-0.0356331711,0.3359853292,-0.2578277521,0.5694701813,-0.0133192043,-0.0685237126,-0.0964263946,0.0201329766,0.0000000000,0.5214482558,-0.0000000000,0.0872664626,-0.0000000000,1.0000000000,0.0000000000,0.0000000000,0.0000000000,0.0000000000,0.0000000000
0.0200000000,0.2355390508,0.2359099747,0.5444242169,-0.0283239869,-0.0307798738,-0.0356331711,0.3366553479,-0.2576701417,0.5698139640,-0.0128924226,-0.0690059134,-0.0965892917,0.0201329766,0.0000000000,0.5214482558,-0.0000000000,0.0872664626,-0.0000000000,1.0000000000,0.0000000000,0.0000000000,0.0000000000,0.0000000000,0.0000000000
0.0200000000,0.2355390508,0.2359099747,0.5444242169,-0.0283239869,-0.0307798738,-0.0356331711,0.3373259153,-0.2575113933,0.5701627495,-0.0124602330,-0.0695037723,-0.0967493278,0.0201329766,0.0000000000,0.5214482558,-0.0000000000,0.0872664626,-0.0000000000,1.0000000000,0.0000000000,0.0000000000,0.0000000000,0.0000000000,0.0000000000
0.0200000000,0.2355390508,0.2359099747,0.5444242169,-0.0283239869,-0.0307798738,-0.0356331711,0.3380016168,-0.2573495911,0.5705204669,-0.0120176076,-0.0700284400,-0.0969048427,0.0201329766,0.0000000000,0.5214482558,-0.0000000000,0.0872664626,0.0000000000,1.0000000000,0.0000000000,0.0000000000,0.0000000000,0.0000000000,0.0000000000
0.0200000000,0.2355390508,0.2359099747,0.5444242169,-0.0283239869,-0.0307798738,-0.0356331711,0.3386798413,-0.2571856080,0.5708853121,-0.0115670377,-0.0705754414,-0.0970559892,0.0201329766,0.0000000000,0.5214482558,-0.0000000000,0.0872664626,-0.0000000000,1.0000000000,0.0000000000,0.0000000000,0.0000000000,0.0000000000,0.0000000000
0.0200000000,0.2355390508,0.2359099747,0.5444242169,-0.0283239869,-0.0307798738,-0.0356331711,0.3393779247,-0.2570132870,0.5712702611,-0.0110914606,-0.0711770554,-0.0972006174,0.0201329766,0.0000000000,0.5214482558,-0.0000000000,0.0872664626,-0.0000000000,1.0000000000,0.0000000000,0.0000000000,0.0000000000,0.0000000000,0.0000000000
0.0200000000,0.2355390508,0.2359099747,0.5444242169,-0.0283239869,-0.0307798738,-0.0356331711,0.3401122914,-0.2568268113,0.5716874509,-0.0105750733,-0.0718619604,-0.0973369086,0.0201329766,0.0000000000,0.5214482558,-0.0000000000,0.0872664626,-0.0000000000,1.0000000000,0.0000000000,0.0000000000,0.0000000000,0.0000000000,0.0000000000
0.0200000000,0.2355390508,0.2359099747,0.5444242169,-0.0283239869,-0.0307798738,-0.0356331711,0.3408924130,-0.2566223133,0.5721458879,-0.0100070569,-0.0726551124,-0.0974616513,0.0201329766,0.0000000000,0.5214482558,-0.0000000000,0.0872664626,-0.0000000000,1.0000000000,0.0000000000,0.0000000000,0.0000000000,0.0000000000,0.0000000000
0.0200000000,0.2355390508,0.2359099747,0.5444242169,-0.0283239869,-0.0307798738,-0.0356331711,0.3417615205,-0.2563839571,0.5726801975,-0.0093433574,-0.0736438266,-0.0975676928,0.0201329766,0.0000000000,0.5214482558,-0.0000000000,0.0872664626,-0.0000000000,1.0000000000,0.0000000000,0.0000000000,0.0000000000,0.0000000000,0.0000000000
0.0200000000,0.2355390508,0.2359099747,0.5444242169,-0.0283239869,-0.0307798738,-0.0356331711,0.3427371688,-0.2561015531,0.5733167807,-0.0085532513,-0.0749207491,-0.0976377233,0.0201329766,0.0000000000,0.5214482558,-0.0000000000,0.0872664626,-0.0000000000,1.0000000000,0.0000000000,0.0000000000,0.0000000000,0.0000000000,0.0000000000
0.0200000000,0.2355390508,0.2359099747,0.5444242169,-0.0283239869,-0.0307798738,-0.0356331711,0.3438499251,-0.2557580288,0.5740988915,-0.0075857871,-0.0766346797,-0.0976448277,0.0201329766,0.0000000000,0.5214482558,-0.0000000000,0.0872664626,-0.0000000000,1.0000000000,0.0000000000,0.0000000000,0.0000000000,0.0000000000,0.0000000000
0.0200000000,0.2355390508,0.2359099747,0.5444242169,-0.0283239869,-0.0307798738,-0.0356331711,0.3449862700,-0.2553816765,0.5749949505,-0.0065008562,-0.0788438816,-0.0975470624,0.0201329766,0.0000000000,0.5214482558,-0.0000000000,0.0872664626,-0.0000000000,1.0000000000,0.0000000000,0.0000000000,0.0000000000,0.0000000000,0.0000000000
0.0200000000,0.2355390508,0.2359099747,0.5444242169,-0.0283239869,-0.0307798738,-0.0356331711,0.3459950050,-0.2550377374,0.5758851805,-0.0054684325,-0.0812498822,-0.0973880315,0.0201329766,0.0000000000,0.5214482558,-0.0000000000,0.0872664626,-0.0000000000,1.0000000000,0.0000000000,0.0000000000,0.0000000000,0.0000000000,0.0000000000
0.0200000000,0.2355390508,0.2359099747,0.5444242169,-0.0283239869,-0.0307798738,-0.0356331711,0.3468057309,-0.2547705823,0.5766938943,-0.0045998237,-0.0836241324,-0.0972265044,0.0201329766,0.0000000000,0.5214482558,-0.0000000000,0.0872664626,-0.0000000000,1.0000000000,0.0000000000,0.0000000000,0.0000000000,0.0000000000,0.0000000000
0.0200000000,0.2355390508,0.2359099747,0.5444242169,-0.0283239869,-0.0307798738,-0.0356331711,0.3474044717,-0.2546067441,0.5773733540,-0.0039632214,-0.0857667903,-0.0971272987,0.0201329766,0.0000000000,0.5214482558,-0.0000000000,0.0872664626,-0.0000000000,1.0000000000,0.0000000000,0.0000000000,0.0000000000,0.0000000000,0.0000000000
0.0200000000,0.2355390508,0.2359099747,0.5444242169,-0.0283239869,-0.0307798738,-0.0356331711,0.3477727756,-0.2545663932,0.5778625875,-0.0036241720,-0.0874225823,-0.0971454042,0.0201329766,0.0000000000,0.5214482558,-0.0000000000,0.0872664626,-0.0000000000,1.0000000000,0.0000000000,0.0000000000,0.0000000000,0.0000000000,0.0000000000
0.0200000000,0.2355390417,0.2359099749,0.5444242112,-0.0283239866,-0.0307798450,-0.0356331743,0.3478873702,-0.2546632953,0.5780913296,-0.0036435484,-0.0882995059,-0.0973237571,0.0201329766,0.0000000000,0.5214482558,-0.0000000000,0.0872664626,-0.0000000000,1.0000000000,0.0000000000,0.0000000000,0.0000000000,0.0000000000,0.0000000000
0.0200000000,0.2355390146,0.2359099762,0.5444241915,-0.0283239822,-0.0307797439,-0.0356331808,0.3477831196,-0.2548776859,0.5780508323,-0.0039962949,-0.0882882756,-0.0976648603,0.0201329766,0.0000000000,0.5214482558,-0.0000000000,0.0872664626,-0.0000000000,1.0000000000,0.0000000000,0.0000000000,0.0000000000,0.0000000000,0.0000000000
0.0200000000,0.2355401464,0.2359099553,0.5444248945,-0.0283240115,-0.0307833168,-0.0356327756,0.3474887145,-0.2551870704,0.5777198981,-0.0046608143,-0.0872264453,-0.0981685697,0.0201329766,0.0000000000,0.5214482558,-0.0000000000,0.0872664626,-0.0000000000,1.0000000000,0.0000000000,0.0000000000,0.0000000000,0.0000000000,0.0000000000
0.0200000000,0.2355497566,0.2359096744,0.5444311936,-0.0283246956,-0.0308154565,-0.0356297192,0.3470964139,-0.2555386350,0.5771465764,-0.0055297704,-0.0851624830,-0.0988021519,0.0201329766,0.0000000000,0.5214482558,-0.0000000000,0.0872664626,-0.0000000000,1.0000000000,0.0000000000,0.0000000000,0.0000000000,0.0000000000,0.0000000000
0.0200000000,0.2355873734,0.2359080480,0.5444574445,-0.0283295407,-0.0309499249,-0.0356196700,0.3467329462,-0.2558877019,0.5764264760,-0.0064808621,-0.0823093214,-0.0995573854,0.0201329766,0.0000000000,0.5214482558,-0.0000000000,0.0872664626,-0.0000000000,1.0000000000,0.0293371036,0.0000000000,0.0000000000,0.0000000000,0.0000000000
0.0200000000,0.2356747907,0.2359022782,0.5445243653,-0.0283489286,-0.0312944566,-0.0356034604,0.3465481208,-0.2561973506,0.5757032270,-0.0073756134,-0.0790743642,-0.1004348147,0.0201329766,0.0000000000,0.5214482558,-0.0000000000,0.0872664626,-0.0000000000,1.0000000000,0.0933040017,0.0000000000,0.0000000000,0.0000000000,0.0000000000
0.0200000000,0.2357985201,0.2358908031,0.5446294988,-0.0283903213,-0.0318384650,-0.0355926234,0.3465893110,-0.2564675907,0.5750829941,-0.0081530003,-0.0758888472,-0.1014183858,0.0201329766,0.0000000000,0.5214482558,-0.0000000000,0.0872664626,-0.0000000000,1.0000000000,0.1537062935,0.0000000000,0.0000000000,0.0000000000,0.0000000000
0.0200000000,0.2359405122,0.2358734467,0.5447653485,-0.0284569561,-0.0325453034,-0.0355964237,0.3468630938,-0.2567205337,0.5745894154,-0.0088332023,-0.0728554249,-0.1025433903,0.0201329766,0.0000000000,0.5214482558,-0.0000000000,0.0872664626,-0.0000000000,1.0000000000,0.2119569856,0.0000000000,0.0000000000,0.0000000000,0.0000000000
0.0200000000,0.2360764282,0.2358529003,0.5449139610,-0.0285418341,-0.0333234670,-0.0356173221,0.3473366140,-0.2569660940,0.5742453318,-0.0094174714,-0.0701521300,-0.1037781152,0.0201329766,0.0000000000,0.5214482558,-0.0000000000,0.0872664626,-0.0000000000,1.0000000000,0.2672489203,0.0000000000,0.0000000000,0.0000000000,0.0000000000
0.0200000000,0.2362021607,0.2358304569,0.5450776195,-0.0286459841,-0.0341879270,-0.0356564716,0.3480456730,-0.2572483513,0.5740288035,-0.0099864726,-0.0675881140,-0.1052640733,0.0201329766,0.0000000000,0.5214482558,-0.0000000000,0.0872664626,-0.0000000000,1.0000000000,0.3260821449,0.0000000000,0.0000000000,0.0000000000,0.0000000000
0.0200000000,0.2362971948,0.2358102973,0.5452438973,-0.0287615607,-0.0350786412,-0.0357133367,0.3489948946,-0.2575973244,0.5739686349,-0.0105694968,-0.0652865543,-0.1070477622,0.0201329766,0.0000000000,0.5214482558,-0.0000000000,0.0872664626,-0.0000000000,1.0000000000,0.3909754695,0.0000000000,0.0000000000,0.0000000000,0.0000000000
0.0200000000,0.2363470940,0.2357962146,0.5453843146,-0.0288668159,-0.0358436929,-0.0357764880,0.3499777029,-0.2579756690,0.5740415661,-0.0111200423,-0.0635568243,-0.1088421103,0.0201329766,0.0000000000,0.5214482558,-0.0000000000,0.0872664626,-0.0000000000,1.0000000000,0.4569761557,0.0000000000,0.0000000000,0.0000000000,0.0000000000
0.0200000000,0.2363612656,0.2357864251,0.5454973331,-0.0289592996,-0.0364712361,-0.0358428176,0.3508831920,-0.2583691784,0.5742059478,-0.0116402938,-0.0624243156,-0.1105225211,0.0201329766,0.0000000000,0.5214482558,-0.0000000000,0.0872664626,-0.0000000000,1.0000000000,0.5235520647,0.0000000000,0.0000000000,0.0000000000,0.0000000000
0.0200000000,0.2363578891,0.2357775953,0.5455908055,-0.0290426320,-0.0369975930,-0.0359106817,0.3516316178,-0.2587635533,0.5744207484,-0.0121327645,-0.0618574157,-0.1119979223,0.0201329766,0.0000000000,0.5214482558,-0.0000000000,0.0872664626,-0.0000000000,1.0000000000,0.5902187313,0.0000000000,0.0000000000,0.0000000000,0.0000000000
0.0200000000,0.2363564966,0.2357674042,0.5456769751,-0.0291215850,-0.0374828664,-0.0359770105,0.3521752970,-0.2591485958,0.5746553175,-0.0126007818,-0.0618113234,-0.1132140230,0.0201329766,0.0000000000,0.5214482558,-0.0000000000,0.0872664626,-0.0000000000,1.0000000000,0.6568666822,0.0000000000,0.0000000000,0.0000000000,0.0000000000
0.0200000000,0.2363759696,0.2357567031,0.5457657390,-0.0291942860,-0.0379745704,-0.0360306257,0.3524569982,-0.2595027128,0.5748780777,-0.0130306276,-0.0622602141,-0.1140838625,0.0201329766,0.0000000000,0.5214482558,-0.0000000000,0.0872664626,-0.0000000000,1.0000000000,0.7223307918,0.0000000000,0.0000000000,0.0000000000,0.0000000000
0.0200000000,0.2364240151,0.2357496354,0.5458612906,-0.0292539235,-0.0384932328,-0.0360580851,0.3524916545,-0.2598149841,0.5750682375,-0.0134168579,-0.0630767087,-0.1146163643,0.0201329766,0.0000000000,0.5214482558,-0.0000000000,0.0872664626,-0.0000000000,1.0000000000,0.7859014501,0.0000000000,0.0000000000,0.0000000000,0.0000000000
0.0200000000,0.2365072959,0.2357506700,0.5459688745,-0.0292942499,-0.0390659578,-0.0360464747,0.3522770605,-0.2600931693,0.5752221578,-0.0137738102,-0.0642480455,-0.1148274731,0.0201329766,0.0000000000,0.5214482558,-0.0000000000,0.0872664626,-0.0000000000,1.0000000000,0.8491920707,0.0000000000,0.0000000000,0.0000000000,0.0000000000
0.0200000000,0.2366301672,0.2357633731,0.5460915490,-0.0293098286,-0.0397084622,-0.0359856572,0.3518141458,-0.2603456207,0.5753398331,-0.0141152356,-0.0657672292,-0.1147352003,0.0201329766,0.0000000000,0.5214482558,-0.0000000000,0.0872664626,-0.0000000000,1.0000000000,0.9138681490,0.0000000000,0.0000000000,0.0000000000,0.0000000000
0.0200000000,0.2367838954,0.2357879220,0.5462213881,-0.0292980924,-0.0403800632,-0.0358779165,0.3511626829,-0.2605665373,0.5754194474,-0.0144340205,-0.0674911335,-0.1143950960,0.0201329766,0.0000000000,0.5214482558,-0.0000000000,0.0872664626,-0.0000000000,1.0000000000,0.9791512612,0.0000000000,0.0000000000,0.0000000000,0.0000000000
0.0200000000,0.2369402215,0.2358240564,0.5463369877,-0.0292555179,-0.0409728391,-0.0357344969,0.3504523456,-0.2607300315,0.5754523152,-0.0146925195,-0.0691028999,-0.1139054084,0.0201329766,0.0000000000,0.5214482558,-0.0000000000,0.0872664626,-0.0000000000,1.0000000000,1.0000000000,0.0000000000,0.0000000000,0.0000000000,0.0000000000
0.0200000000,0.2370778812,0.2358781488,0.5464334650,-0.0291776193,-0.0414685777,-0.0355532674,0.3497416805,-0.2608373978,0.5754425267,-0.0148857065,-0.0705066396,-0.1133334958,0.0201329766,0.0000000000,0.5214482558,-0.0000000000,0.0872664626,-0.0000000000,1.0000000000,1.0000000000,0.0000000000,0.0000000000,0.0000000000,0.0000000000
0.0200000000,0.2371943796,0.2359643617,0.5465219703,-0.0290516442,-0.0419313300,-0.0353072018,0.3489742381,-0.2609037193,0.5753934431,-0.0150302100,-0.0718445313,-0.1126490187,0.0201329766,0.0000000000,0.5214482558,-0.0000000000,0.0872664626,-0.0000000000,1.0000000000,1.0000000000,0.0000000000,0.0000000000,0.0000000000,0.0000000000
0.0200000000,0.2372958359,0.2360936053,0.5466179087,-0.0288696482,-0.0424449547,-0.0349725775,0.3480751238,-0.2609500070,0.5753119798,-0.0151482873,-0.0733190358,-0.1118126490,0.0201329766,0.0000000000,0.5214482558,-0.0000000000,0.0872664626,-0.0000000000,1.0000000000,1.0000000000,0.0000000000,0.0000000000,0.0000000000,0.0000000000
0.0200000000,0.2373809923,0.2362724070,0.5467304609,-0.0286292523,-0.0430613531,-0.0345384049,0.3470060983,-0.2609869939,0.5752015336,-0.0152410176,-0.0750608941,-0.1108123457,0.0201329766,0.0000000000,0.5214482558,-0.0000000000,0.0872664626,-0.0000000000,1.0000000000,1.0000000000,0.0000000000,0.0000000000,0.0000000000,0.0000000000
0.0200000000,0.2374212008,0.2365144588,0.5468623240,-0.0283240468,-0.0438082322,-0.0339927737,0.3457479479,-0.2610107314,0.5750574954,-0.0152867641,-0.0771359471,-0.1096359845,0.0201329766,0.0000000000,0.5214482558,-0.0000000000,0.0872664626,-0.0000000000,1.0000000000,1.0000000000,0.0000000000,0.0000000000,0.0000000000,0.0000000000
0.0200000000,0.2373763745,0.2368224460,0.5470070937,-0.0279631614,-0.0446670266,-0.0333536076,0.3443368657,-0.2610153693,0.5748857285,-0.0152834372,-0.0794644760,-0.1083009899,0.0201329766,0.0000000000,0.5214482558,-0.0000000000,0.0872664626,-0.0000000000,1.0000000000,1.0000000000,0.0000000000,0.0000000000,0.0000000000,0.0000000000
0.0200000000,0.2372051145,0.2371958555,0.5471569341,-0.0275606877,-0.0456124287,-0.0326453761,0.3428145028,-0.2609972934,0.5746939584,-0.0152394700,-0.0819387060,-0.1068278413,0.0201329766,0.0000000000,0.5214482558,-0.0000000000,0.0872664626,-0.0000000000,1.0000000000,1.0000000000,0.0000000000,0.0000000000,0.0000000000,0.0000000000
0.0200000000,0.2368849266,0.2376208870,0.5473020467,-0.0271422258,-0.0465994539,-0.0319089516,0.3412403778,-0.2609569758,0.5744906986,-0.0151660073,-0.0844277102,-0.1052659169,0.0201329766,0.0000000000,0.5214482558,-0.0000000000,0.0872664626,-0.0000000000,1.0000000000,1.0000000000,0.0000000000,0.0000000000,0.0000000000,0.0000000000
0.0200000000,0.2364126566,0.2380781537,0.5474327920,-0.0267340463,-0.0475739235,-0.0311848185,0.3396633855,-0.2608980035,0.5742793776,-0.0150727607,-0.0868256121,-0.1036687633,0.0201329766,0.0000000000,0.5214482558,-0.0000000000,0.0872664626,-0.0000000000,1.0000000000,1.0000000000,0.0000000000,0.0000000000,0.0000000000,0.0000000000
0.0200000000,0.2357822652,0.2385555764,0.5475394627,-0.0263531510,-0.0484809301,-0.0304972465,0.3380954691,-0.2608249254,0.5740531606,-0.0149699099,-0.0890701115,-0.1020632967,0.0201329766,0.0000000000,0.5214482558,-0.0000000000,0.0872664626,-0.0000000000,1.0000000000,1.0000000000,0.0000000000,0.0000000000,0.0000000000,0.0000000000
0.0200000000,0.2350165120,0.2390468437,0.5476204166,-0.0259974391,-0.0492961494,-0.0298443631,0.3365174644,-0.2607443490,0.5738056660,-0.0148674276,-0.0911713800,-0.1004492792,0.0201329766,0.0000000000,0.5214482558,-0.0000000000,0.0872664626,-0.0000000000,1.0000000000,1.0000000000,0.0000000000,0.0000000000,0.0000000000,0.0000000000
0.0200000000,0.2341389535,0.2395419678,0.5476724977,-0.0256700783,-0.0499881680,-0.0292307111,0.3349386686,-0.2606626740,0.5735350273,-0.0147754873,-0.0930982278,-0.0988515726,0.0201329766,0.0000000000,0.5214482558,-0.0000000000,0.0872664626,-0.0000000000,1.0000000000,1.0000000000,0.0000000000,0.0000000000,0.0000000000,0.0000000000
0.0200000000,0.2332004528,0.2400188909,0.5476925609,-0.0253813633,-0.0505164300,-0.0286718885,0.3334126116,-0.2605884075,0.5732485578,-0.0147067807,-0.0947740442,-0.0973374073,0.0201329766,0.0000000000,0.5214482558,-0.0000000000,0.0872664626,-0.0000000000,1.0000000000,1.0000000000,0.0000000000,0.0000000000,0.0000000000,0.0000000000
0.0200000000,0.2322512877,0.2404570824,0.5476778427,-0.0251404711,-0.0508458348,-0.0281810526,0.3319952909,-0.2605292281,0.5729537817,-0.0146734736,-0.0961251032,-0.0959737432,0.0201329766,0.0000000000,0.5214482558,-0.0000000000,0.0872664626,-0.0000000000,1.0000000000,1.0000000000,0.0000000000,0.0000000000,0.0000000000,0.0000000000
0.0200000000,0.2313082762,0.2408512926,0.5476246427,-0.0249472941,-0.0509509240,-0.0277566962,0.3306996131,-0.2604899182,0.5726477314,-0.0146855824,-0.0971190703,-0.0947847763,0.0201329766,0.0000000000,0.5214482558,-0.0000000000,0.0872664626,-0.0000000000,1.0000000000,1.0000000000,0.0000000000,0.0000000000,0.0000000000,0.0000000000
0.0200000000,0.2303593464,0.2412155434,0.5475364372,-0.0247848350,-0.0508535134,-0.0273781940,0.3294812211,-0.2604690978,0.5723232298,-0.0147416063,-0.0978195159,-0.0937271072,0.0201329766,0.0000000000,0.5214482558,-0.0000000000,0.0872664626,-0.0000000000,1.0000000000,1.0000000000,0.0000000000,0.0000000000,0.0000000000,0.0000000000
0.0200000000,0.2294071230,0.2415504308,0.5474108543,-0.0246477689,-0.0505382607,-0.0270432804,0.3283356238,-0.2604700424,0.5719780360,-0.0148543891,-0.0982024483,-0.0927991326,0.0201329766,0.0000000000,0.5214482558,-0.0000000000,0.0872664626,-0.0000000000,1.0000000000,1.0000000000,0.0000000000,0.0000000000,0.0000000000,0.0000000000
0.0200000000,0.2284826504,0.2418449078,0.5472481929,-0.0245382023,-0.0499962573,-0.0267612963,0.3272953709,-0.2604996168,0.5716298885,-0.0150599864,-0.0981669638,-0.0920115823,0.0201329766,0.0000000000,0.5214482558,-0.0000000000,0.0872664626,-0.0000000000,1.0000000000,1.0000000000,0.0000000000,0.0000000000,0.0000000000,0.0000000000
0.0200000000,0.2276634170,0.2420753431,0.5470605585,-0.0244637035,-0.0492700710,-0.0265520822,0.3264412950,-0.2605625111,0.5713236414,-0.0153956764,-0.0975996423,-0.0913890921,0.0201329766,0.0000000000,0.5214482558,-0.0000000000,0.0872664626,-0.0000000000,1.0000000000,1.0000000000,0.0000000000,0.0000000000,0.0000000000,0.0000000000
0.0200000000,0.2270319791,0.2422212015,0.5468669955,-0.0244276312,-0.0484404727,-0.0264323252,0.3258580837,-0.2606508098,0.5710883593,-0.0158325880,-0.0965443511,-0.0909852874,0.0201329766,0.0000000000,0.5214482558,-0.0000000000,0.0872664626,-0.0000000000,1.0000000000,1.0000000000,0.0000000000,0.0000000000,0.0000000000,0.0000000000
0.0200000000,0.2265553100,0.2423010948,0.5466706914,-0.0244163153,-0.0475390296,-0.0263827425,0.3255031752,-0.2607476854,0.5708845428,-0.0162866053,-0.0952236753,-0.0908049658,0.0201329766,0.0000000000,0.5214482558,-0.0000000000,0.0872664626,-0.0000000000,1.0000000000,1.0000000000,0.0000000000,0.0000000000,0.0000000000,0.0000000000
0.0200000000,0.2262236732,0.2423215658,0.5464717365,-0.0244229316,-0.0465719744,-0.0263958610,0.3253726181,-0.2608418550,0.5706826490,-0.0166962944,-0.0937644521,-0.0908843929,0.0201329766,0.0000000000,0.5214482558,-0.0000000000,0.0872664626,0.0000000000,1.0000000000,1.0000000000,0.0000000000,0.0000000000,0.0000000000,0.0000000000
0.0200000000,0.2260496445,0.2422844073,0.5462775750,-0.0244442484,-0.0455803266,-0.0264638378,0.3254792578,-0.2609254218,0.5704817049,-0.0170319110,-0.0922291380,-0.0912346554,0.0201329766,0.0000000000,0.5214482558,-0.0000000000,0.0872664626,-0.0000000000,1.0000000000,1.0000000000,0.0000000000,0.0000000000,0.0000000000,0.0000000000
0.0200000000,0.2260447165,0.2421918039,0.5460932382,-0.0244781965,-0.0445953453,-0.0265727240,0.3258371953,-0.2609973848,0.5702969123,-0.0173128042,-0.0905501949,-0.0918371855,0.0201329766,0.0000000000,0.5214482558,-0.0000000000,0.0872664626,-0.0000000000,1.0000000000,1.0000000000,0.0000000000,0.0000000000,0.0000000000,0.0000000000
0.0200000000,0.2262187922,0.2420553379,0.5459348783,-0.0245155225,-0.0437071009,-0.0266932885,0.3264399087,-0.2610514477,0.5701538873,-0.0175427130,-0.0887338293,-0.0926351890,0.0201329766,0.0000000000,0.5214482558,-0.0000000000,0.0872664626,-0.0000000000,1.0000000000,1.0000000000,0.0000000000,0.0000000000,0.0000000000,0.0000000000
0.0200000000,0.2265165802,0.2419014517,0.5458056368,-0.0245426789,-0.0429467570,-0.0267955987,0.3271987668,-0.2610854305,0.5700487977,-0.0177254493,-0.0868489083,-0.0935296933,0.0201329766,0.0000000000,0.5214482558,-0.0000000000,0.0872664626,-0.0000000000,1.0000000000,1.0000000000,0.0000000000,0.0000000000,0.0000000000,0.0000000000
0.0200000000,0.2268843501,0.2417523847,0.5457064765,-0.0245498196,-0.0423318417,-0.0268590938,0.3280244996,-0.2610972483,0.5699716043,-0.0178572528,-0.0849903681,-0.0944332254,0.0201329766,0.0000000000,0.5214482558,-0.0000000000,0.0872664626,-0.0000000000,1.0000000000,1.0000000000,0.0000000000,0.0000000000,0.0000000000,0.0000000000
0.0200000000,0.2272620038,0.2416285592,0.5456366751,-0.0245320386,-0.0418731095,-0.0268709012,0.3288143887,-0.2610867240,0.5699108260,-0.0179365030,-0.0832809633,-0.0952495405,0.0201329766,0.0000000000,0.5214482558,-0.0000000000,0.0872664626,-0.0000000000,1.0000000000,1.0000000000,0.0000000000,0.0000000000,0.0000000000,0.0000000000
0.0200000000,0.2276025895,0.2415416922,0.5455919229,-0.0244896329,-0.0415592539,-0.0268296891,0.3294916539,-0.2610559011,0.5698547636,-0.0179681622,-0.0817992150,-0.0959119515,0.0201329766,0.0000000000,0.5214482558,-0.0000000000,0.0872664626,-0.0000000000,1.0000000000,1.0000000000,0.0000000000,0.0000000000,0.0000000000,0.0000000000
0.0200000000,0.2278779823,0.2414952285,0.5455645450,-0.0244244878,-0.0413560061,-0.0267413354,0.3300105262,-0.2610043334,0.5697908889,-0.0179571213,-0.0805652038,-0.0963795123,0.0201329766,0.0000000000,0.5214482558,-0.0000000000,0.0872664626,-0.0000000000,1.0000000000,1.0000000000,0.0000000000,0.0000000000,0.0000000000,0.0000000000
0.0200000000,0.2280892836,0.2414816690,0.5455441481,-0.0243403445,-0.0412066141,-0.0266184550,0.3303628015,-0.2609215531,0.5697120569,-0.0178931866,-0.0795612588,-0.0966244553,0.0201329766,0.0000000000,0.5214482558,-0.0000000000,0.0872664626,-0.0000000000,1.0000000000,1.0000000000,0.0000000000,0.0000000000,0.0000000000,0.0000000000
0.0200000000,0.2282351775,0.2414982920,0.5455234521,-0.0242366030,-0.0410719434,-0.0264651855,0.3305048224,-0.2607791796,0.5696157407,-0.0177327179,-0.0788634905,-0.0965430434,0.0201329766,0.0000000000,0.5214482558,-0.0000000000,0.0872664626,-0.0000000000,1.0000000000,1.0000000000,0.0000000000,0.0000000000,0.0000000000,0.0000000000
0.0200000000,0.2283131364,0.2415428708,0.5454931450,-0.0241108055,-0.0409018410,-0.0262842145,0.3303965985,-0.2605508042,0.5695039734,-0.0174335832,-0.0785642259,-0.0960355037,0.0201329766,0.0000000000,0.5214482558,-0.0000000000,0.0872664626,-0.0000000000,1.0000000000,1.0000000000,0.0000000000,0.0000000000,0.0000000000,0.0000000000
0.0200000000,0.2283176939,0.2416140684,0.5454376658,-0.0239555493,-0.0406125177,-0.0260748680,0.3300614178,-0.2602464558,0.5693854782,-0.0170061922,-0.0786591702,-0.0951417377,0.0201329766,0.0000000000,0.5214482558,-0.0000000000,0.0872664626,-0.0000000000,1.0000000000,1.0000000000,0.0000000000,0.0000000000,0.0000000000,0.0000000000
0.0200000000,0.2282495827,0.2416995854,0.5453416627,-0.0237781511,-0.0401179414,-0.0258594640,0.3296707915,-0.2599651501,0.5692916608,-0.0165850299,-0.0789555871,-0.0942326315,0.0201329766,0.0000000000,0.5214482558,-0.0000000000,0.0872664626,-0.0000000000,1.0000000000,1.0000000000,0.0000000000,0.0000000000,0.0000000000,0.0000000000
0.0200000000,0.2281489574,0.2417762433,0.5452154009,-0.0236058295,-0.0394627871,-0.0256727271,0.3293739447,-0.2597673448,0.5692419371,-0.0162601261,-0.0792652344,-0.0935758245,0.0201329766,0.0000000000,0.5214482558,-0.0000000000,0.0872664626,-0.0000000000,1.0000000000,1.0000000000,0.0000000000,0.0000000000,0.0000000000,0.0000000000
0.0200000000,0.2280518933,0.2418295829,0.5450760236,-0.0234590863,-0.0387315837,-0.0255341340,0.3291087938,-0.2595914804,0.5692314949,-0.0159481314,-0.0797070241,-0.0929713470,0.0201329766,0.0000000000,0.5214482558,-0.0000000000,0.0872664626,-0.0000000000,1.0000000000,1.0000000000,0.0000000000,0.0000000000,0.0000000000,0.0000000000
0.0200000000,0.2279798582,0.2418564657,0.5449348363,-0.0233420496,-0.0379812701,-0.0254428254,0.3287277853,-0.2593299921,0.5692459566,-0.0154949414,-0.0805170453,-0.0920418384,0.0201329766,0.0000000000,0.5214482558,-0.0000000000,0.0872664626,-0.0000000000,1.0000000000,1.0000000000,0.0000000000,0.0000000000,0.0000000000,0.0000000000
0.0200000000,0.2279374432,0.2418603647,0.5447908700,-0.0232459638,-0.0372056007,-0.0253874523,0.3281697059,-0.2589293072,0.5692867986,-0.0148152024,-0.0818286703,-0.0906102267,0.0201329766,0.0000000000,0.5214482558,-0.0000000000,0.0872664626,-0.0000000000,1.0000000000,1.0000000000,0.0000000000,0.0000000000,0.0000000000,0.0000000000
0.0200000000,0.2279238288,0.2418444804,0.5446405211,-0.0231628342,-0.0363849202,-0.0253596280,0.3275246989,-0.2584194292,0.5693856804,-0.0139216884,-0.0836025451,-0.0888302754,0.0201329766,0.0000000000,0.5214482558,-0.0000000000,0.0872664626,-0.0000000000,1.0000000000,1.0000000000,0.0000000000,0.0000000000,0.0000000000,0.0000000000
0.0200000000,0.2279342008,0.2418141530,0.5444918210,-0.0230925679,-0.0355651966,-0.0253531623,0.3269582552,-0.2578853956,0.5695660030,-0.0129140570,-0.0855988286,-0.0870608030,0.0201329766,0.0000000000,0.5214482558,-0.0000000000,0.0872664626,-0.0000000000,1.0000000000,1.0000000000,0.0000000000,0.0000000000,0.0000000000,0.0000000000
0.0200000000,0.2279637536,0.2417743046,0.5443592460,-0.0230409172,-0.0348278746,-0.0253657761,0.3265753707,-0.2573784893,0.5698283917,-0.0118829485,-0.0876271103,-0.0855122774,0.0201329766,0.0000000000,0.5214482558,-0.0000000000,0.0872664626,-0.0000000000,1.0000000000,1.0000000000,0.0000000000,0.0000000000,0.0000000000,0.0000000000
0.0200000000,0.2280012062,0.2417332369,0.5442563857,-0.0230104556,-0.0342513503,-0.0253907944,0.3264073289,-0.2569239311,0.5701408936,-0.0109202619,-0.0895101017,-0.0842603783,0.0201329766,0.0000000000,0.5214482558,-0.0000000000,0.0872664626,-0.0000000000,1.0000000000,1.0000000000,0.0000000000,0.0000000000,0.0000000000,0.0000000000
0.0200000000,0.2280340037,0.2416993933,0.5441896728,-0.0229984523,-0.0338748792,-0.0254187960,0.3264341029,-0.2565401822,0.5704491892,-0.0101058653,-0.0910368638,-0.0833378312,0.0201329766,0.0000000000,0.5214482558,-0.0000000000,0.0872664626,-0.0000000000,1.0000000000,1.0000000000,0.0000000000,0.0000000000,0.0000000000,0.0000000000
0.0200000000,0.2280557033,0.2416766605,0.5441546795,-0.0229981924,-0.0336760649,-0.0254424192,0.3266061126,-0.2562610448,0.5706759850,-0.0095309344,-0.0918987223,-0.0828143835,0.0201329766,0.0000000000,0.5214482558,-0.0000000000,0.0872664626,-0.0000000000,1.0000000000,1.0000000000,0.0000000000,0.0000000000,0.0000000000,0.0000000000
0.0200000000,0.2280686634,0.2416625360,0.5441366465,-0.0230011629,-0.0335730663,-0.0254591651,0.3268168209,-0.2561010819,0.5707567328,-0.0092373342,-0.0919462298,-0.0826606956,0.0201329766,0.0000000000,0.5214482558,-0.0000000000,0.0872664626,-0.0000000000,1.0000000000,1.0000000000,0.0000000000,0.0000000000,0.0000000000,0.0000000000
0.0200000000,0.2280749663,0.2416554626,0.5441285761,-0.0230034840,-0.0335268117,-0.0254681224,0.3269593140,-0.2560733044,0.5706324358,-0.0092682372,-0.0910685064,-0.0828344033,0.0201329766,0.0000000000,0.5214482558,-0.0000000000,0.0872664626,-0.0000000000,1.0000000000,1.0000000000,0.0000000000,0.0000000000,0.0000000000,0.0000000000
0.0200000000,0.2280770081,0.2416531403,0.5441260434,-0.0230043494,-0.0335122749,-0.0254711362,0.3269374549,-0.2561787329,0.5702675310,-0.0096381355,-0.0892563922,-0.0832638679,0.0201329766,0.0000000000,0.5214482558,-0.0000000000,0.0872664626,-0.0000000000,1.0000000000,1.0000000000,0.0000000000,0.0000000000,0.0000000000,0.0000000000
0.0200000000,0.2280773156,0.2416527892,0.5441256650,-0.0230044843,-0.0335101023,-0.0254715948,0.3266947663,-0.2564131748,0.5696535032,-0.0103428418,-0.0865634973,-0.0838904626,0.0201329766,0.0000000000,0.5214482558,-0.0000000000,0.0872664626,-0.0000000000,1.0000000000,1.0000000000,0.0000000000,0.0000000000,0.0000000000,0.0000000000
0.0200000000,0.2280773188,0.2416527855,0.5441256610,-0.0230044858,-0.0335100792,-0.0254715996,0.3262296711,-0.2567745684,0.5688083091,-0.0113721137,-0.0830739680,-0.0846995735,0.0201329766,0.0000000000,0.5214482558,-0.0000000000,0.0872664626,-0.0000000000,1.0000000000,1.0000000000,0.0000000000,0.0000000000,0.0000000000,0.0000000000
0.0200000000,0.2280773184,0.2416527860,0.5441256616,-0.0230044856,-0.0335100823,-0.0254715990,0.3256312824,-0.2572363372,0.5678178935,-0.0126437075,-0.0790577587,-0.0856757727,0.0201329766,0.0000000000,0.5214482558,-0.0000000000,0.0872664626,-0.0000000000,1.0000000000,1.0000000000,0.0000000000,0.0000000000,0.0000000000,0.0000000000
0.0200000000,0.2280773184,0.2416527860,0.5441256616,-0.0230044856,-0.0335100823,-0.0254715990,0.3249764031,-0.2577792984,0.5667559446,-0.0140924791,-0.0747490122,-0.0868126619,0.0201329766,0.0000000000,0.5214482558,-0.0000000000,0.0872664626,-0.0000000000,1.0000000000,1.0000000000,0.0000000000,0.0000000000,0.0000000000,0.0000000000
0.0200000000,0.2280773184,0.2416527860,0.5441256616,-0.0230044856,-0.0335100823,-0.0254715990,0.3243333995,-0.2583701191,0.5657092912,-0.0156203987,-0.0704717809,-0.0880558625,0.0201329766,0.0000000000,0.5214482558,-0.0000000000,0.0872664626,-0.0000000000,1.0000000000,1.0000000000,0.0000000000,0.0000000000,0.0000000000,0.0000000000
0.0200000000,0.2280773184,0.2416527860,0.5441256616,-0.0230044856,-0.0335100823,-0.0254715990,0.3237515929,-0.2589568161,0.5647767025,-0.0170881800,-0.0666526727,-0.0892829063,0.0201329766,0.0000000000,0.5214482558,-0.0000000000,0.0872664626,-0.0000000000,1.0000000000,1.0000000000,0.0000000000,0.0000000000,0.0000000000,0.0000000000
0.0200000000,0.2280773184,0.2416527860,0.5441256616,-0.0230044856,-0.0335100823,-0.0254715990,0.3232540039,-0.2594743837,0.5640555677,-0.0183307601,-0.0637625103,-0.0903166008,0.0201329766,0.0000000000,0.5214482558,-0.0000000000,0.0872664626,-0.0000000000,1.0000000000,1.0000000000,0.0000000000,0.0000000000,0.0000000000,0.0000000000
0.0200000000,0.2280773184,0.2416527860,0.5441256616,-0.0230044856,-0.0335100823,-0.0254715990,0.3228108435,-0.2598989409,0.5635447517,-0.0193017482,-0.0618564189,-0.0910773808,0.0201329766,0.0000000000,0.5214482558,-0.0000000000,0.0872664626,-0.0000000000,1.0000000000,1.0000000000,0.0000000000,0.0000000000,0.0000000000,0.0000000000
0.0200000000,0.2280773184,0.2416527860,0.5441256616,-0.0230044856,-0.0335100823,-0.0254715990,0.3223839609,-0.2602289154,0.5632205307,-0.0200019487,-0.0608886989,-0.0915416334,0.0201329766,0.0000000000,0.5214482558,-0.0000000000,0.0872664626,-0.0000000000,1.0000000000,1.0000000000,0.0000000000,0.0000000000,0.0000000000,0.0000000000
0.0200000000,0.2280773184,0.2416527860,0.5441256616,-0.0230044856,-0.0335100823,-0.0254715990,0.3219367957,-0.2604693912,0.5630545347,-0.0204438429,-0.0607936818,-0.0917080619,0.0201329766,0.0000000000,0.5214482558,-0.0000000000,0.0872664626,-0.0000000000,1.0000000000,1.0000000000,0.0000000000,0.0000000000,0.0000000000,0.0000000000
0.0200000000,0.2280773184,0.2416527860,0.5441256616,-0.0230044856,-0.0335100823,-0.0254715990,0.3214406627,-0.2606207916,0.5630304461,-0.0206290905,-0.0615564578,-0.0915641636,0.0201329766,0.0000000000,0.5214482558,-0.0000000000,0.0872664626,-0.0000000000,1.0000000000,1.0000000000,0.0000000000,0.0000000000,0.0000000000,0.0000000000
0.0200000000,0.2280773184,0.2416527860,0.5441256616,-0.0230044856,-0.0335100823,-0.0254715990,0.3208772335,-0.2606796011,0.5631390578,-0.0205619857,-0.0631671723,-0.0910852659,0.0201329766,0.0000000000,0.5214482558,-0.0000000000,0.0872664626,-0.0000000000,1.0000000000,1.0000000000,0.0000000000,0.0000000000,0.0000000000,0.0000000000
0.0200000000,0.2280773184,0.2416527860,0.5441256616,-0.0230044856,-0.0335100823,-0.0254715990,0.3202691224,-0.2606639058,0.5633404494,-0.0203140501,-0.0653576682,-0.0903456374,0.0201329766,0.0000000000,0.5214482558,-0.0000000000,0.0872664626,-0.0000000000,1.0000000000,1.0000000000,0.0000000000,0.0000000000,0.0000000000,0.0000000000
0.0200000000,0.2280773184,0.2416527860,0.5441256616,-0.0230044856,-0.0335100823,-0.0254715990,0.3196531277,-0.2605891730,0.5635998928,-0.0199427892,-0.0678657373,-0.0894315689,0.0201329766,0.0000000000,0.5214482558,-0.0000000000,0.0872664626,-0.0000000000,1.0000000000,1.0000000000,0.0000000000,0.0000000000,0.0000000000,0.0000000000
0.0200000000,0.2280773184,0.2416527860,0.5441256616,-0.0230044856,-0.0335100823,-0.0254715990,0.3190603015,-0.2604738771,0.5638843171,-0.0195024992,-0.0704550951,-0.0884338381,0.0201329766,0.0000000000,0.5214482558,-0.0000000000,0.0872664626,-0.0000000000,1.0000000000,1.0000000000,0.0000000000,0.0000000000,0.0000000000,0.0000000000
0.0200000000,0.2280773184,0.2416527860,0.5441256616,-0.0230044856,-0.0335100823,-0.0254715990,0.3184990694,-0.2603313179,0.5641746867,-0.0190255301,-0.0730092319,-0.0874025341,0.0201329766,0.0000000000,0.5214482558,-0.0000000000,0.0872664626,-0.0000000000,1.0000000000,1.0000000000,0.0000000000,0.0000000000,0.0000000000,0.0000000000
0.0200000000,0.2280773184,0.2416527860,0.5441256616,-0.0230044856,-0.0335100823,-0.0254715990,0.3179627301,-0.2601682122,0.5644644436,-0.0185241514,-0.0755063381,-0.0863508849,0.0201329766,0.0000000000,0.5214482558,-0.0000000000,0.0872664626,-0.0000000000,1.0000000000,1.0000000000,0.0000000000,0.0000000000,0.0000000000,0.0000000000
0.0200000000,0.2280773184,0.2416527860,0.5441256616,-0.0230044856,-0.0335100823,-0.0254715990,0.3174430475,-0.2599927834,0.5647502970,-0.0180104532,-0.0779445880,-0.0852918822,0.0201329766,0.0000000000,0.5214482558,-0.0000000000,0.0872664626,-0.0000000000,1.0000000000,1.0000000000,0.0000000000,0.0000000000,0.0000000000,0.0000000000
0.0200000000,0.2280773184,0.2416527860,0.5441256616,-0.0230044856,-0.0335100823,-0.0254715990,0.3169416366,-0.2598099634,0.5650272668,-0.0174947576,-0.0802950172,-0.0842411544,0.0201329766,0.0000000000,0.5214482558,-0.0000000000,0.0872664626,-0.0000000000,1.0000000000,1.0000000000,0.0000000000,0.0000000000,0.0000000000,0.0000000000
0.0200000000,0.2280773184,0.2416527860,0.5441256616,-0.0230044856,-0.0335100823,-0.0254715990,0.3164596581,-0.2596222090,0.5652925402,-0.0169824596,-0.0825413053,-0.0832068906,0.0201329766,0.0000000000,0.5214482558,-0.0000000000,0.0872664626,-0.0000000000,1.0000000000,1.0000000000,0.0000000000,0.0000000000,0.0000000000,0.0000000000
0.0200000000,0.2280773184,0.2416527860,0.5441256616,-0.0230044856,-0.0335100823,-0.0254715990,0.3159869421,-0.2594268342,0.5655508606,-0.0164647834,-0.0847280719,-0.0821707560,0.0201329766,0.0000000000,0.5214482558,-0.0000000000,0.0872664626,-0.0000000000,1.0000000000,1.0000000000,0.0000000000,0.0000000000,0.0000000000,0.0000000000
0.0200000000,0.2280773184,0.2416527860,0.5441256616,-0.0230044856,-0.0335100823,-0.0254715990,0.3154883464,-0.2592078065,0.5658184209,-0.0159026451,-0.0870061750,-0.0810546272,0.0201329766,0.0000000000,0.5214482558,-0.0000000000,0.0872664626,-0.0000000000,1.0000000000,1.0000000000,0.0000000000,0.0000000000,0.0000000000,0.0000000000
0.0200000000,0.2280773184,0.2416527860,0.5441256616,-0.0230044856,-0.0335100823,-0.0254715990,0.3149301269,-0.2589486713,0.5661091865,-0.0152580886,-0.0895106783,-0.0797824473,0.0201329766,0.0000000000,0.5214482558,-0.0000000000,0.0872664626,-0.0000000000,1.0000000000,1.0000000000,0.0000000000,0.0000000000,0.0000000000,0.0000000000
0.0200000000,0.2280773184,0.2416527860,0.5441256616,-0.0230044856,-0.0335100823,-0.0254715990,0.3143108289,-0.2586480623,0.5664202895,-0.0145303064,-0.0922268270,-0.0783525081,0.0201329766,0.0000000000,0.5214482558,-0.0000000000,0.0872664626,-0.0000000000,1.0000000000,1.0000000000,0.0000000000,0.0000000000,0.0000000000,0.0000000000
0.0200000000,0.2280773184,0.2416527860,0.5441256616,-0.0230044856,-0.0335100823,-0.0254715990,0.3136660621,-0.2583240999,0.5667304248,-0.0137641645,-0.0949749797,-0.0768515914,0.0201329766,0.0000000000,0.5214482558,-0.0000000000,0.0872664626,-0.0000000000,1.0000000000,1.0000000000,0.0000000000,0.0000000000,0.0000000000,0.0000000000
0.0200000000,0.2280773184,0.2416527860,0.5441256616,-0.0230044856,-0.0335100823,-0.0254715990,0.3130326078,-0.2579944785,0.5670178639,-0.0130049162,-0.0975734007,-0.0753657952,0.0201329766,0.0000000000,0.5214482558,-0.0000000000,0.0872664626,-0.0000000000,1.0000000000,1.0000000000,0.0000000000,0.0000000000,0.0000000000,0.0000000000
0.0200000000,0.2280773184,0.2416527860,0.5441256616,-0.0230044856,-0.0335100823,-0.0254715990,0.3124022233,-0.2576522059,0.5672815281,-0.0122423561,-0.1000325259,-0.0738719120,0.0201329766,0.0000000000,0.5214482558,-0.0000000000,0.0872664626,-0.0000000000,1.0000000000,1.0000000000,0.0000000000,0.0000000000,0.0000000000,0.0000000000
0.0200000000,0.2280773184,0.2416527860,0.5441256616,-0.0230044856,-0.0335100823,-0.0254715990,0.3117197334,-0.2572666297,0.5675391987,-0.0114125006,-0.1025454117,-0.0722401874,0.0201329766,0.0000000000,0.5214482558,-0.0000000000,0.0872664626,-0.0000000000,1.0000000000,1.0000000000,0.0000000000,0.0000000000,0.0000000000,0.0000000000
0.0200000000,0.2280773184,0.2416527860,0.5441256616,-0.0230044856,-0.0335100823,-0.0254715990,0.3109234748,-0.2568005147,0.5677978362,-0.0104475985,-0.1052562162,-0.0703272793,0.0201329766,0.0000000000,0.5214482558,-0.0000000000,0.0872664626,-0.0000000000,1.0000000000,1.0000000000,0.0000000000,0.0000000000,0.0000000000,0.0000000000
0.0200000000,0.2280773184,0.2416527860,0.5441256616,-0.0230044856,-0.0335100823,-0.0254715990,0.3099650994,-0.2562252963,0.5680476032,-0.0093041145,-0.1081921515,-0.0680320928,0.0201329766,0.0000000000,0.5214482558,-0.0000000000,0.0872664626,-0.0000000000,1.0000000000,1.0000000000,0.0000000000,0.0000000000,0.0000000000,0.0000000000
0.0200000000,0.2280773184,0.2416527860,0.5441256616,-0.0230044856,-0.0335100823,-0.0254715990,0.3088191067,-0.2555296921,0.5682570742,-0.0079793028,-0.1112212245,-0.0653260003,0.0201329766,0.0000000000,0.5214482558,-0.0000000000,0.0872664626,-0.0000000000,1.0000000000,1.0000000000,0.0000000000,0.0000000000,0.0000000000,0.0000000000
0.0200000000,0.2280773184,0.2416527860,0.5441256616,-0.0230044856,-0.0335100823,-0.0254715990,0.3075008848,-0.2547349101,0.5683710111,-0.0065376320,-0.1140108646,-0.0623032812,0.0201329766,0.0000000000,0.5214482558,-0.0000000000,0.0872664626,-0.0000000000,1.0000000000,1.0000000000,0.0000000000,0.0000000000,0.0000000000,0.0000000000
0.0200000000,0.2280773184,0.2416527860,0.5441256616,-0.0230044856,-0.0335100823,-0.0254715990,0.3060812850,-0.2539020969,0.5683594249,-0.0050919893,-0.1162680083,-0.0591836120,0.0201329766,0.0000000000,0.5214482558,-0.0000000000,0.0872664626,-0.0000000000,1.0000000000,1.0000000000,0.0000000000,0.0000000000,0.0000000000,0.0000000000
0.0200000000,0.2280773184,0.2416527860,0.5441256616,-0.0230044856,-0.0335100823,-0.0254715990,0.3046009743,-0.2530763839,0.5682056335,-0.0037207356,-0.1178273948,-0.0561144378,0.0201329766,0.0000000000,0.5214482558,-0.0000000000,0.0872664626,-0.0000000000,1.0000000000,1.0000000000,0.0000000000,0.0000000000,0.0000000000,0.0000000000
0.0200000000,0.2280773184,0.2416527860,0.5441256616,-0.0230044856,-0.0335100823,-0.0254715990,0.3030904262,-0.2522938168,0.5679129384,-0.0024761699,-0.1186508535,-0.0532021982,0.0201329766,0.0000000000,0.5214482558,-0.0000000000,0.0872664626,-0.0000000000,1.0000000000,1.0000000000,0.0000000000,0.0000000000,0.0000000000,0.0000000000
0.0200000000,0.2280773184,0.2416527860,0.5441256616,-0.0230044856,-0.0335100823,-0.0254715990,0.3015764065,-0.2515824337,0.5674956141,-0.0013936677,-0.1187684792,-0.0505254826,0.0201329766,0.0000000000,0.5214482558,-0.0000000000,0.0872664626,-0.0000000000,1.0000000000,1.0000000000,0.0000000000,0.0000000000,0.0000000000,0.0000000000
0.0200000000,0.2280773184,0.2416527860,0.5441256616,-0.0230044856,-0.0335100823,-0.0254715990,0.3000729089,-0.2509579796,0.5669718441,-0.0004879272,-0.1182549279,-0.0481214682,0.0201329766,0.0000000000,0.5214482558,-0.0000000000,0.0872664626,-0.0000000000,1.0000000000,1.0000000000,0.0000000000,0.0000000000,0.0000000000,0.0000000000
0.0200000000,0.2280773145,0.2416527845,0.5441256656,-0.0230044931,-0.0335101055,-0.0254716070,0.2985856244,-0.2504076797,0.5663825281,0.0002827761,-0.1173196750,-0.0459441722,0.0201329766,0.0000000000,0.5214482558,-0.0000000000,0.0872664626,-0.0000000000,1.0000000000,1.0000000000,0.0000000000,0.0000000000,0.0000000000,0.0000000000
0.0200000000,0.2280773718,0.2416528067,0.5441256049,-0.0230043816,-0.0335097597,-0.0254714886,0.2971313433,-0.2499226871,0.5657606436,0.0009461305,-0.1161148606,-0.0439697897,0.0201329766,0.0000000000,0.5214482558,-0.0000000000,0.0872664626,-0.0000000000,1.0000000000,1.0000000000,0.0000000000,0.0000000000,0.0000000000,0.0000000000
0.0200000000,0.2280784811,0.2416532338,0.5441244745,-0.0230022630,-0.0335033194,-0.0254692233,0.2957275322,-0.2494901710,0.5651390146,0.0015350134,-0.1147931379,-0.0421658304,0.0201329766,0.0000000000,0.5214482558,-0.0000000000,0.0872664626,-0.0000000000,1.0000000000,1.0000000000,0.0000000000,0.0000000000,0.0000000000,0.0000000000
0.0200000000,0.2280852536,0.2416558161,0.5441178599,-0.0229895974,-0.0334655672,-0.0254555867,0.2943918605,-0.2490950470,0.5645509780,0.0020860455,-0.1135118994,-0.0404944023,0.0201329766,0.0000000000,0.5214482558,-0.0000000000,0.0872664626,-0.0000000000,1.0000000000,1.0000000000,0.0000000000,0.0000000000,0.0000000000,0.0000000000
0.0200000000,0.2281075284,0.2416640662,0.5440975254,-0.0229494677,-0.0333491564,-0.0254119819,0.2931447223,-0.2487195067,0.5640339730,0.0026420664,-0.1124487163,-0.0389113478,0.0201329766,0.0000000000,0.5214482558,-0.0000000000,0.0872664626,-0.0000000000,1.0000000000,1.0000000000,0.0000000000,0.0000000000,0.0000000000,0.0000000000
0.0200000000,0.2281491505,0.2416785109,0.5440629437,-0.0228787910,-0.0331502042,-0.0253344401,0.2919722083,-0.2483395520,0.5636013430,0.0032483147,-0.1117014977,-0.0373423442,0.0201329766,0.0000000000,0.5214482558,-0.0000000000,0.0872664626,-0.0000000000,1.0000000000,1.0000000000,0.0000000000,0.0000000000,0.0000000000,0.0000000000
0.0200000000,0.2282092851,0.2416966850,0.5440194415,-0.0227862510,-0.0328977937,-0.0252319479,0.2908499812,-0.2479294383,0.5632614973,0.0039526630,-0.1113547224,-0.0357032477,0.0201329766,0.0000000000,0.5214482558,-0.0000000000,0.0872664626,-0.0000000000,1.0000000000,1.0000000000,0.0000000000,0.0000000000,0.0000000000,0.0000000000
0.0200000000,0.2282865098,0.2417147386,0.5439731553,-0.0226837379,-0.0326254801,-0.0251175851,0.2897494544,-0.2474607302,0.5630232850,0.0048092594,-0.1114983150,-0.0339007909,0.0201329766,0.0000000000,0.5214482558,-0.0000000000,0.0872664626,-0.0000000000,1.0000000000,1.0000000000,0.0000000000,0.0000000000,0.0000000000,0.0000000000
0.0200000000,0.2283807074,0.2417290523,0.5439283893,-0.0225806869,-0.0323565042,-0.0250021550,0.2886563102,-0.2469083638,0.5629024230,0.0058689584,-0.1122370983,-0.0318584865,0.0201329766,0.0000000000,0.5214482558,-0.0000000000,0.0872664626,-0.0000000000,1.0000000000,1.0000000000,0.0000000000,0.0000000000,0.0000000000,0.0000000000
0.0200000000,0.2284868916,0.2417364099,0.5438902351,-0.0224886960,-0.0321197302,-0.0248989452,0.2875924928,-0.2462668872,0.5629145120,0.0071442208,-0.1136260858,-0.0295748114,0.0201329766,0.0000000000,0.5214482558,-0.0000000000,0.0872664626,-0.0000000000,1.0000000000,1.0000000000,0.0000000000,0.0000000000,0.0000000000,0.0000000000
0.0200000000,0.2285929441,0.2417359892,0.5438628086,-0.0224179298,-0.0319407789,-0.0248195856,0.2865921956,-0.2455653326,0.5630400926,0.0085706276,-0.1155177957,-0.0271547527,0.0201329766,0.0000000000,0.5214482558,-0.0000000000,0.0872664626,-0.0000000000,1.0000000000,1.0000000000,0.0000000000,0.0000000000,0.0000000000,0.0000000000
0.0200000000,0.2286901880,0.2417269362,0.5438494008,-0.0223763718,-0.0318399537,-0.0247732087,0.2856684993,-0.2448130773,0.5632680104,0.0101215405,-0.1178388789,-0.0246358789,0.0201329766,0.0000000000,0.5214482558,-0.0000000000,0.0872664626,-0.0000000000,1.0000000000,1.0000000000,0.0000000000,0.0000000000,0.0000000000,0.0000000000
0.0200000000,0.2287748779,0.2417088005,0.5438515518,-0.0223677085,-0.0318268017,-0.0247639936,0.2848044178,-0.2439986077,0.5635922420,0.0118122929,-0.1205815835,-0.0219812614,0.0201329766,0.0000000000,0.5214482558,-0.0000000000,0.0872664626,-0.0000000000,1.0000000000,1.0000000000,0.0000000000,0.0000000000,0.0000000000,0.0000000000
0.0200000000,0.2288467548,0.2416820852,0.5438692712,-0.0223912446,-0.0319016488,-0.0247908936,0.2839667022,-0.2430901233,0.5640179070,0.0136995326,-0.1238159444,-0.0190894832,0.0201329766,0.0000000000,0.5214482558,-0.0000000000,0.0872664626,-0.0000000000,1.0000000000,1.0000000000,0.0000000000,0.0000000000,0.0000000000,0.0000000000
0.0200000000,0.2289051742,0.2416484266,0.5439023993,-0.0224444619,-0.0320640716,-0.0248503140,0.2831198506,-0.2420343997,0.5645664050,0.0158813788,-0.1276980705,-0.0158010270,0.0201329766,0.0000000000,0.5214482558,-0.0000000000,0.0872664626,-0.0000000000,1.0000000000,1.0000000000,0.0000000000,0.0000000000,0.0000000000,0.0000000000
0.0200000000,0.2289478532,0.2416109543,0.5439493867,-0.0225220569,-0.0323065227,-0.0249354579,0.2822528287,-0.2408114441,0.5652432327,0.0183929855,-0.1322655610,-0.0120625609,0.0201329766,0.0000000000,0.5214482558,-0.0000000000,0.0872664626,-0.0000000000,1.0000000000,1.0000000000,0.0000000000,0.0000000000,0.0000000000,0.0000000000
0.0200000000,0.2289690561,0.2415723720,0.5440101991,-0.0226222234,-0.0326306439,-0.0250434543,0.2813771345,-0.2394092066,0.5660560944,0.0212504440,-0.1375391914,-0.0078553945,0.0201329766,0.0000000000,0.5214482558,-0.0000000000,0.0872664626,-0.0000000000,1.0000000000,1.0000000000,0.0000000000,0.0000000000,0.0000000000,0.0000000000
0.0200000000,0.2289649192,0.2415354877,0.5440834039,-0.0227410548,-0.0330299233,-0.0251692963,0.2805101539,-0.2378271242,0.5670043166,0.0244444388,-0.1434879618,-0.0031954441,0.0201329766,0.0000000000,0.5214482558,-0.0000000000,0.0872664626,-0.0000000000,1.0000000000,1.0000000000,0.0000000000,0.0000000000,0.0000000000,0.0000000000
0.0200000000,0.2289343164,0.2415034247,0.5441657477,-0.0228714666,-0.0334871525,-0.0253045885,0.2796701299,-0.2360649784,0.5680842680,0.0279600572,-0.1500640617,0.0018998532,0.0201329766,0.0000000000,0.5214482558,-0.0000000000,0.0872664626,-0.0000000000,1.0000000000,1.0000000000,0.0000000000,0.0000000000,0.0000000000,0.0000000000
0.0200000000,0.2288776517,0.2414807188,0.5442513456,-0.0230012971,-0.0339703343,-0.0254353405,0.2788855857,-0.2341346710,0.5692817430,0.0317512200,-0.1571518642,0.0073748389,0.0201329766,0.0000000000,0.5214482558,-0.0000000000,0.0872664626,-0.0000000000,1.0000000000,1.0000000000,0.0000000000,0.0000000000,0.0000000000,0.0000000000
0.0200000000,0.2288002491,0.2414695794,0.5443340264,-0.0231196773,-0.0344442794,-0.0255499049,0.2781755421,-0.2320886244,0.5705572702,0.0357082281,-0.1645172492,0.0130746418,0.0201329766,0.0000000000,0.5214482558,-0.0000000000,0.0872664626,-0.0000000000,1.0000000000,1.0000000000,0.0000000000,0.0000000000,0.0000000000,0.0000000000
0.0200000000,0.2287056484,0.2414700990,0.5444107195,-0.0232225129,-0.0348911945,-0.0256442469,0.2775553362,-0.2299528379,0.5718876311,0.0397664153,-0.1720174276,0.0189191978,0.0201329766,0.0000000000,0.5214482558,-0.0000000000,0.0872664626,-0.0000000000,1.0000000000,1.0000000000,0.0000000000,0.0000000000,0.0000000000,0.0000000000
0.0200000000,0.2285987258,0.2414798326,0.5444802002,-0.0233107137,-0.0353029028,-0.0257204064,0.2770332401,-0.2277489670,0.5732515648,0.0438720044,-0.1795291908,0.0248453245,0.0201329766,0.0000000000,0.5214482558,-0.0000000000,0.0872664626,-0.0000000000,1.0000000000,1.0000000000,0.0000000000,0.0000000000,0.0000000000,0.0000000000
0.0200000000,0.2284854426,0.2414952890,0.5445411306,-0.0233862976,-0.0356702596,-0.0257822120,0.2766224365,-0.2255128232,0.5746169717,0.0479431430,-0.1868691564,0.0307509453,0.0201329766,0.0000000000,0.5214482558,-0.0000000000,0.0872664626,-0.0000000000,1.0000000000,1.0000000000,0.0000000000,0.0000000000,0.0000000000,0.0000000000
0.0200000000,0.2283715969,0.2415116473,0.5445923721,-0.0234536542,-0.0359851594,-0.0258369358,0.2763403108,-0.2233070296,0.5759349170,0.0518512873,-0.1937666756,0.0364641987,0.0201329766,0.0000000000,0.5214482558,-0.0000000000,0.0872664626,-0.0000000000,1.0000000000,1.0000000000,0.0000000000,0.0000000000,0.0000000000,0.0000000000
0.0200000000,0.2282595611,0.2415230149,0.5446365033,-0.0235232778,-0.0362605727,-0.0258985173,0.2761725562,-0.2211835048,0.5771746220,0.0555179619,-0.2000875271,0.0418646331,0.0201329766,0.0000000000,0.5214482558,-0.0000000000,0.0872664626,-0.0000000000,1.0000000000,1.0000000000,0.0000000000,0.0000000000,0.0000000000,0.0000000000
0.0200000000,0.2281486415,0.2415232170,0.5446767108,-0.0236080613,-0.0365136522,-0.0259837640,0.2761124248,-0.2191712683,0.5783168763,0.0588978657,-0.2057482671,0.0468858860,0.0201329766,0.0000000000,0.5214482558,-0.0000000000,0.0872664626,-0.0000000000,1.0000000000,1.0000000000,0.0000000000,0.0000000000,0.0000000000,0.0000000000
0.0200000000,0.2280365308,0.2415056215,0.5447167114,-0.0237227844,-0.0367648197,-0.0261118874,0.2761499447,-0.2172904226,0.5793509568,0.0619668886,-0.2107139035,0.0514866658,0.0201329766,0.0000000000,0.5214482558,-0.0000000000,0.0872664626,-0.0000000000,1.0000000000,1.0000000000,0.0000000000,0.0000000000,0.0000000000,0.0000000000
0.0200000000,0.2279186589,0.2414612934,0.5447610758,-0.0238876979,-0.0370395641,-0.0263094834,0.2762746482,-0.2155709370,0.5802655220,0.0646910355,-0.2149504992,0.0556015382,0.0201329766,0.0000000000,0.5214482558,-0.0000000000,0.0872664626,-0.0000000000,1.0000000000,1.0000000000,0.0000000000,0.0000000000,0.0000000000,0.0000000000
0.0200000000,0.2277861754,0.2413765521,0.5448166594,-0.0241345629,-0.0373765706,-0.0266183581,0.2764715460,-0.2140522941,0.5810522242,0.0670322083,-0.2184498789,0.0591453777,0.0201329766,0.0000000000,0.5214482558,-0.0000000000,0.0872664626,-0.0000000000,1.0000000000,1.0000000000,0.0000000000,0.0000000000,0.0000000000,0.0000000000
0.0200000000,0.2276302968,0.2412432327,0.5448890504,-0.0244850633,-0.0378078994,-0.0270664706,0.2767096587,-0.2127305622,0.5817367276,0.0690369578,-0.2213929991,0.0621569887,0.0201329766,0.0000000000,0.5214482558,-0.0000000000,0.0872664626,-0.0000000000,1.0000000000,1.0000000000,0.0000000000,0.0000000000,0.0000000000,0.0000000000
0.0200000000,0.2274401827,0.2410489340,0.5449848827,-0.0249695440,-0.0383718336,-0.0276937999,0.2769626915,-0.2116087398,0.5823436625,0.0707402910,-0.2239514841,0.0646541710,0.0201329766,0.0000000000,0.5214482558,-0.0000000000,0.0872664626,-0.0000000000,1.0000000000,1.0000000000,0.0000000000,0.0000000000,0.0000000000,0.0000000000
0.0200000000,0.2272087798,0.2407806045,0.5451106792,-0.0256174840,-0.0391053236,-0.0285395286,0.2772009321,-0.2106885047,0.5829009341,0.0721823450,-0.2263177983,0.0666610764,0.0201329766,0.0000000000,0.5214482558,-0.0000000000,0.0872664626,-0.0000000000,1.0000000000,1.0000000000,0.0000000000,0.0000000000,0.0000000000,0.0000000000
0.0200000000,0.2269465589,0.2404319496,0.5452689631,-0.0264359508,-0.0400189890,-0.0296136323,0.2773946499,-0.2099813057,0.5834211420,0.0733790280,-0.2286050873,0.0681762430,0.0201329766,0.0000000000,0.5214482558,-0.0000000000,0.0872664626,-0.0000000000,1.0000000000,1.0000000000,0.0000000000,0.0000000000,0.0000000000,0.0000000000
0.0200000000,0.2266996126,0.2400221130,0.5454496397,-0.0273637005,-0.0410461496,-0.0308364844,0.2775242788,-0.2094969892,0.5838840139,0.0743145106,-0.2307364750,0.0691906726,0.0201329766,0.0000000000,0.5214482558,-0.0000000000,0.0872664626,-0.0000000000,1.0000000000,1.0000000000,0.0000000000,0.0000000000,0.0000000000,0.0000000000
0.0200000000,0.2265208940,0.2395951053,0.5456321598,-0.0282873183,-0.0420637878,-0.0320594081,0.2776032138,-0.2091937751,0.5842591957,0.0750030214,-0.2325210564,0.0697942855,0.0201329766,0.0000000000,0.5214482558,-0.0000000000,0.0872664626,-0.0000000000,1.0000000000,1.0000000000,0.0000000000,0.0000000000,0.0000000000,0.0000000000
0.0200000000,0.2264418504,0.2391784250,0.5458034140,-0.0291354393,-0.0429957137,-0.0331913404,0.2776527957,-0.2090411887,0.5845185468,0.0754435931,-0.2337725080,0.0700432266,0.0201329766,0.0000000000,0.5214482558,-0.0000000000,0.0872664626,-0.0000000000,1.0000000000,1.0000000000,0.0000000000,0.0000000000,0.0000000000,0.0000000000
0.0200000000,0.2264695190,0.2387860403,0.5459571397,-0.0298758334,-0.0438082028,-0.0341922449,0.2776962384,-0.2090120656,0.5846446521,0.0756394913,-0.2343598318,0.0699847569,0.0201329766,0.0000000000,0.5214482558,-0.0000000000,0.0872664626,-0.0000000000,1.0000000000,1.0000000000,0.0000000000,0.0000000000,0.0000000000,0.0000000000
0.0200000000,0.2266008862,0.2384285566,0.5460890646,-0.0304886357,-0.0444795010,-0.0350370066,0.2777529435,-0.2090961574,0.5846160655,0.0755745729,-0.2341404213,0.0696266258,0.0201329766,0.0000000000,0.5214482558,-0.0000000000,0.0872664626,-0.0000000000,1.0000000000,1.0000000000,0.0000000000,0.0000000000,0.0000000000,0.0000000000
0.0200000000,0.2268251720,0.2381190193,0.5461946754,-0.0309542042,-0.0449875759,-0.0356990248,0.2778362070,-0.2092937639,0.5844086000,0.0752227527,-0.2329678895,0.0689542224,0.0201329766,0.0000000000,0.5214482558,-0.0000000000,0.0872664626,-0.0000000000,1.0000000000,1.0000000000,0.0000000000,0.0000000000,0.0000000000,0.0000000000
0.0200000000,0.2271039611,0.2378603681,0.5462759239,-0.0312885468,-0.0453511882,-0.0361957940,0.2779440738,-0.2095800126,0.5840482468,0.0746351313,-0.2309750609,0.0680305044,0.0201329766,0.0000000000,0.5214482558,-0.0000000000,0.0872664626,-0.0000000000,1.0000000000,1.0000000000,0.0000000000,0.0000000000,0.0000000000,0.0000000000
0.0200000000,0.2273988080,0.2376577197,0.5463339138,-0.0315035789,-0.0455852004,-0.0365395635,0.2780684847,-0.2099253665,0.5835736157,0.0738809396,-0.2283685673,0.0669363277,0.0201329766,0.0000000000,0.5214482558,-0.0000000000,0.0872664626,-0.0000000000,1.0000000000,1.0000000000,0.0000000000,0.0000000000,0.0000000000,0.0000000000
0.0200000000,0.2276767755,0.2375112449,0.5463712229,-0.0316179315,-0.0457116977,-0.0367515752,0.2781991137,-0.2102946428,0.5830365128,0.0730471526,-0.2254270248,0.0657702789,0.0201329766,0.0000000000,0.5214482558,-0.0000000000,0.0872664626,-0.0000000000,1.0000000000,1.0000000000,0.0000000000,0.0000000000,0.0000000000,0.0000000000
0.0200000000,0.2279243469,0.2374111648,0.5463928292,-0.0316587700,-0.0457609343,-0.0368655801,0.2783299772,-0.2106661204,0.5824735969,0.0721908891,-0.2223472853,0.0645938987,0.0201329766,0.0000000000,0.5214482558,-0.0000000000,0.0872664626,-0.0000000000,1.0000000000,1.0000000000,0.0000000000,0.0000000000,0.0000000000,0.0000000000
0.0200000000,0.2281449232,0.2373406414,0.5464051753,-0.0316573274,-0.0457664612,-0.0369221741,0.2784610391,-0.2110378341,0.5818944108,0.0713220552,-0.2191800272,0.0634130772,0.0201329766,0.0000000000,0.5214482558,-0.0000000000,0.0872664626,-0.0000000000,1.0000000000,1.0000000000,0.0000000000,0.0000000000,0.0000000000,0.0000000000
0.0200000000,0.2283473309,0.2372858628,0.5464130030,-0.0316356262,-0.0457513717,-0.0369506668,0.2785937692,-0.2114143719,0.5812979412,0.0704337872,-0.2159192416,0.0622150337,0.0201329766,0.0000000000,0.5214482558,-0.0000000000,0.0872664626,-0.0000000000,1.0000000000,1.0000000000,0.0000000000,0.0000000000,0.0000000000,0.0000000000
0.0200000000,0.2285358541,0.2372416992,0.5464179709,-0.0316013426,-0.0457235248,-0.0369611932,0.2787293815,-0.2117980451,0.5806827731,0.0695216153,-0.2125564670,0.0609927569,0.0201329766,0.0000000000,0.5214482558,-0.0000000000,0.0872664626,-0.0000000000,1.0000000000,1.0000000000,0.0000000000,0.0000000000,0.0000000000,0.0000000000
0.0200000000,0.2287135760,0.2372042495,0.5464213889,-0.0315604207,-0.0456891863,-0.0369615952,0.2788698701,-0.2121937730,0.5800423255,0.0685734342,-0.2090553466,0.0597315255,0.0201329766,0.0000000000,0.5214482558,-0.0000000000,0.0872664626,-0.0000000000,1.0000000000,1.0000000000,0.0000000000,0.0000000000,0.0000000000,0.0000000000
0.0200000000,0.2288796642,0.2371719737,0.5464239938,-0.0315163923,-0.0456526210,-0.0369563764,0.2790188108,-0.2126121926,0.5793587080,0.0675606659,-0.2053186183,0.0583996035,0.0201329766,0.0000000000,0.5214482558,-0.0000000000,0.0872664626,-0.0000000000,1.0000000000,1.0000000000,0.0000000000,0.0000000000,0.0000000000,0.0000000000
0.0200000000,0.2290324447,0.2371447719,0.5464259943,-0.0314704544,-0.0456155603,-0.0369469037,0.2791790199,-0.2130597976,0.5786203022,0.0664650158,-0.2012822037,0.0569764137,0.0201329766,0.0000000000,0.5214482558,-0.0000000000,0.0872664626,-0.0000000000,1.0000000000,1.0000000000,0.0000000000,0.0000000000,0.0000000000,0.0000000000
0.0200000000,0.2291751220,0.2371211604,0.5464276123,-0.0314236257,-0.0455784858,-0.0369347633,0.2793480187,-0.2135268782,0.5778448650,0.0653131717,-0.1970409670,0.0554892110,0.0201329766,0.0000000000,0.5214482558,-0.0000000000,0.0872664626,-0.0000000000,1.0000000000,1.0000000000,0.0000000000,0.0000000000,0.0000000000,0.0000000000
0.0200000000,0.2293081225,0.2371005876,0.5464289006,-0.0313766396,-0.0455416506,-0.0369210246,0.2795239837,-0.2140060342,0.5770451950,0.0641248231,-0.1926634315,0.0539588076,0.0201329766,0.0000000000,0.5214482558,-0.0000000000,0.0872664626,-0.0000000000,1.0000000000,1.0000000000,0.0000000000,0.0000000000,0.0000000000,0.0000000000
0.0200000000,0.2294289723,0.2370835124,0.5464297762,-0.0313299045,-0.0455054314,-0.0369061471,0.2797063169,-0.2144956065,0.5762236624,0.0629039475,-0.1881624158,0.0523895857,0.0201329766,0.0000000000,0.5214482558,-0.0000000000,0.0872664626,-0.0000000000,1.0000000000,1.0000000000,0.0000000000,0.0000000000,0.0000000000,0.0000000000
0.0200000000,0.2295351882,0.2370702119,0.5464302283,-0.0312845304,-0.0454707838,-0.0368905954,0.2798957216,-0.2149960846,0.5753791051,0.0616485297,-0.1835308863,0.0507791419,0.0201329766,0.0000000000,0.5214482558,-0.0000000000,0.0872664626,-0.0000000000,1.0000000000,1.0000000000,0.0000000000,0.0000000000,0.0000000000,0.0000000000
0.0200000000,0.2296253030,0.2370598741,0.5464304729,-0.0312439404,-0.0454400162,-0.0368757008,0.2800957177,-0.2155134681,0.5745017121,0.0603413841,-0.1787135192,0.0491080722,0.0201329766,0.0000000000,0.5214482558,-0.0000000000,0.0872664626,-0.0000000000,1.0000000000,1.0000000000,0.0000000000,0.0000000000,0.0000000000,0.0000000000
0.0200000000,0.2297021694,0.2370509419,0.5464307870,-0.0312102792,-0.0454143703,-0.0368623773,0.2803128842,-0.2160664203,0.5735609012,0.0589317286,-0.1735425511,0.0473195180,0.0201329766,0.0000000000,0.5214482558,-0.0000000000,0.0872664626,-0.0000000000,1.0000000000,1.0000000000,0.0000000000,0.0000000000,0.0000000000,0.0000000000
0.0200000000,0.2297701088,0.2370424207,0.5464313143,-0.0311828025,-0.0453933107,-0.0368507661,0.2805566098,-0.2166768825,0.5725186446,0.0573595036,-0.1678074230,0.0453422245,0.0201329766,0.0000000000,0.5214482558,-0.0000000000,0.0872664626,-0.0000000000,1.0000000000,1.0000000000,0.0000000000,0.0000000000,0.0000000000,0.0000000000
0.0200000000,0.2298309100,0.2370341629,0.5464320608,-0.0311599156,-0.0453759524,-0.0368413754,0.2808326219,-0.2173488237,0.5713654662,0.0556189237,-0.1614505181,0.0431492847,0.0201329766,0.0000000000,0.5214482558,-0.0000000000,0.0872664626,-0.0000000000,1.0000000000,1.0000000000,0.0000000000,0.0000000000,0.0000000000,0.0000000000
0.0200000000,0.2298785702,0.2370273153,0.5464328409,-0.0311425591,-0.0453631534,-0.0368352322,0.2811442090,-0.2180728478,0.5701116610,0.0537488444,-0.1545209581,0.0407426596,0.0201329766,0.0000000000,0.5214482558,-0.0000000000,0.0872664626,-0.0000000000,1.0000000000,1.0000000000,0.0000000000,0.0000000000,0.0000000000,0.0000000000
0.0200000000,0.2299052598,0.2370233470,0.5464333568,-0.0311329238,-0.0453562512,-0.0368324085,0.2814881530,-0.2188365500,0.5687747845,0.0517944297,-0.1471145629,0.0381440142,0.0201329766,0.0000000000,0.5214482558,-0.0000000000,0.0872664626,-0.0000000000,1.0000000000,1.0000000000,0.0000000000,0.0000000000,0.0000000000,0.0000000000
0.0200000000,0.2299155965,0.2370217873,0.5464335709,-0.0311291975,-0.0453536216,-0.0368314334,0.2818422981,-0.2196090798,0.5674146596,0.0498300760,-0.1395703070,0.0354747406,0.0201329766,0.0000000000,0.5214482558,-0.0000000000,0.0872664626,-0.0000000000,1.0000000000,1.0000000000,0.0000000000,0.0000000000,0.0000000000,0.0000000000
0.0200000000,0.2299178796,0.2370214407,0.5464336195,-0.0311283749,-0.0453530448,-0.0368312291,0.2821855126,-0.2203508898,0.5661050514,0.0479450478,-0.1322998776,0.0328879408,0.0201329766,0.0000000000,0.5214482558,-0.0000000000,0.0872664626,-0.0000000000,1.0000000000,1.0000000000,0.0000000000,0.0000000000,0.0000000000,0.0000000000
0.0200000000,0.2299180786,0.2370214104,0.5464336238,-0.0311283031,-0.0453529945,-0.0368312115,0.2825089284,-0.2210363754,0.5648914049,0.0461994052,-0.1255530822,0.0304760723,0.0201329766,0.0000000000,0.5214482558,-0.0000000000,0.0872664626,-0.0000000000,1.0000000000,1.0000000000,0.0000000000,0.0000000000,0.0000000000,0.0000000000
0.0200000000,0.2299180771,0.2370214107,0.5464336238,-0.0311283037,-0.0453529949,-0.0368312117,0.2828143293,-0.2216628033,0.5637776650,0.0446018725,-0.1193498390,0.0282461868,0.0201329766,0.0000000000,0.5214482558,-0.0000000000,0.0872664626,-0.0000000000,1.0000000000,1.0000000000,0.0000000000,0.0000000000,0.0000000000,0.0000000000
0.0200000000,0.2299180771,0.2370214107,0.5464336238,-0.0311283037,-0.0453529949,-0.0368312117,0.2831009395,-0.2222367287,0.5627563375,0.0431288427,-0.1136514144,0.0261911703,0.0201329766,0.0000000000,0.5214482558,-0.0000000000,0.0872664626,-0.0000000000,1.0000000000,1.0000000000,0.0000000000,0.0000000000,0.0000000000,0.0000000000
0.0200000000,0.2299180771,0.2370214107,0.5464336238,-0.0311283037,-0.0453529949,-0.0368312117,0.2833708635,-0.2227716293,0.5618086025,0.0417354359,-0.1083550560,0.0242826014,0.0201329766,0.0000000000,0.5214482558,-0.0000000000,0.0872664626,-0.0000000000,1.0000000000,1.0000000000,0.0000000000,0.0000000000,0.0000000000,0.0000000000
0.0200000000,0.2299180771,0.2370214107,0.5464336238,-0.0311283037,-0.0453529949,-0.0368312117,0.2836309757,-0.2232761026,0.5609187448,0.0404015458,-0.1033707016,0.0224863575,0.0201329766,0.0000000000,0.5214482558,-0.0000000000,0.0872664626,-0.0000000000,1.0000000000,1.0000000000,0.0000000000,0.0000000000,0.0000000000,0.0000000000
0.0200000000,0.2299180771,0.2370214107,0.5464336238,-0.0311283037,-0.0453529949,-0.0368312117,0.2838857024,-0.2237550265,0.5600763320,0.0391278554,-0.0986401610,0.0207722965,0.0201329766,0.0000000000,0.5214482558,-0.0000000000,0.0872664626,-0.0000000000,1.0000000000,1.0000000000,0.0000000000,0.0000000000,0.0000000000,0.0000000000
0.0200000000,0.2299180771,0.2370214107,0.5464336238,-0.0311283037,-0.0453529949,-0.0368312117,0.2841337554,-0.2242074914,0.5592825887,0.0379276666,-0.0941732274,0.0191373016,0.0201329766,0.0000000000,0.5214482558,-0.0000000000,0.0872664626,-0.0000000000,1.0000000000,1.0000000000,0.0000000000,0.0000000000,0.0000000000,0.0000000000
0.0200000000,0.2299180771,0.2370214107,0.5464336238,-0.0311283037,-0.0453529949,-0.0368312117,0.2843717810,-0.2246296446,0.5585447363,0.0368159379,-0.0900130310,0.0175949354,0.0201329766,0.0000000000,0.5214482558,-0.0000000000,0.0872664626,-0.0000000000,1.0000000000,1.0000000000,0.0000000000,0.0000000000,0.0000000000,0.0000000000
0.0200000000,0.2299180771,0.2370214107,0.5464336238,-0.0311283037,-0.0453529949,-0.0368312117,0.2845975479,-0.2250199986,0.5578661817,0.0357986768,-0.0861804293,0.0161528273,0.0201329766,0.0000000000,0.5214482558,-0.0000000000,0.0872664626,-0.0000000000,1.0000000000,1.0000000000,0.0000000000,0.0000000000,0.0000000000,0.0000000000
0.0200000000,0.2299180771,0.2370214107,0.5464336238,-0.0311283037,-0.0453529949,-0.0368312117,0.2848104756,-0.2253775566,0.5572503340,0.0348801263,-0.0826947148,0.0148164591,0.0201329766,0.0000000000,0.5214482558,-0.0000000000,0.0872664626,-0.0000000000,1.0000000000,1.0000000000,0.0000000000,0.0000000000,0.0000000000,0.0000000000
0.0200000000,0.2299180771,0.2370214107,0.5464336238,-0.0311283037,-0.0453529949,-0.0368312117,0.2850127484,-0.2257054987,0.5566948166,0.0340530187,-0.0795412825,0.0135772440,0.0201329766,0.0000000000,0.5214482558,-0.0000000000,0.0872664626,-0.0000000000,1.0000000000,1.0000000000,0.0000000000,0.0000000000,0.0000000000,0.0000000000
0.0200000000,0.2299180771,0.2370214107,0.5464336238,-0.0311283037,-0.0453529949,-0.0368312117,0.2852038419,-0.2259998903,0.5562106792,0.0333317852,-0.0767799212,0.0124501783,0.0201329766,0.0000000000,0.5214482558,-0.0000000000,0.0872664626,-0.0000000000,1.0000000000,1.0000000000,0.0000000000,0.0000000000,0.0000000000,0.0000000000
0.0200000000,0.2299180771,0.2370214107,0.5464336238,-0.0311283037,-0.0453529949,-0.0368312117,0.2853754984,-0.2262428572,0.5558307734,0.0327707612,-0.0745950281,0.0114972130,0.0201329766,0.0000000000,0.5214482558,-0.0000000000,0.0872664626,-0.0000000000,1.0000000000,1.0000000000,0.0000000000,0.0000000000,0.0000000000,0.0000000000
0.0200000000,0.2299180771,0.2370214107,0.5464336238,-0.0311283037,-0.0453529949,-0.0368312117,0.2855205280,-0.2264222663,0.5555730824,0.0324041786,-0.0730904106,0.0107604936,0.0201329766,0.0000000000,0.5214482558,-0.0000000000,0.0872664626,-0.0000000000,1.0000000000,1.0000000000,0.0000000000,0.0000000000,0.0000000000,0.0000000000
0.0200000000,0.2299180771,0.2370214107,0.5464336238,-0.0311283037,-0.0453529949,-0.0368312117,0.2856349968,-0.2265295144,0.5554513309,0.0322561422,-0.0723435377,0.0102698374,0.0201329766,0.0000000000,0.5214482558,-0.0000000000,0.0872664626,-0.0000000000,1.0000000000,1.0000000000,0.0000000000,0.0000000000,0.0000000000,0.0000000000
0.0200000000,0.2299180771,0.2370214107,0.5464336238,-0.0311283037,-0.0453529949,-0.0368312117,0.2857193156,-0.2265628010,0.5554696694,0.0323316378,-0.0723758028,0.0100317508,0.0201329766,0.0000000000,0.5214482558,-0.0000000000,0.0872664626,-0.0000000000,1.0000000000,1.0000000000,0.0000000000,0.0000000000,0.0000000000,0.0000000000
0.0200000000,0.2299180771,0.2370214107,0.5464336238,-0.0311283037,-0.0453529949,-0.0368312117,0.2857753745,-0.2265209293,0.5556359462,0.0326367048,-0.0732264654,0.0100512600,0.0201329766,0.0000000000,0.5214482558,-0.0000000000,0.0872664626,-0.0000000000,1.0000000000,0.9498059581,0.0000000000,0.0000000000,0.0000000000,0.0000000000
0.0200000000,0.2299180771,0.2370214107,0.5464336238,-0.0311283037,-0.0453529949,-0.0368312117,0.2858073382,-0.2264092414,0.5559565238,0.0331656733,-0.0749247548,0.0103155866,0.0201329766,0.0000000000,0.5214482558,-0.0000000000,0.0872664626,-0.0000000000,1.0000000000,0.8831392914,0.0000000000,0.0000000000,0.0000000000,0.0000000000
0.0200000000,0.2299180771,0.2370214107,0.5464336238,-0.0311283037,-0.0453529949,-0.0368312117,0.2858238313,-0.2262618124,0.5563933318,0.0338362129,-0.0772599773,0.0107240703,0.0201329766,0.0000000000,0.5214482558,-0.0000000000,0.0872664626,-0.0000000000,1.0000000000,0.8164726247,0.0000000000,0.0000000000,0.0000000000,0.0000000000
0.0200000000,0.2299180771,0.2370214107,0.5464336238,-0.0311283037,-0.0453529949,-0.0368312117,0.2858324333,-0.2261309898,0.5568876334,0.0345241683,-0.0799148284,0.0111279105,0.0201329766,0.0000000000,0.5214482558,-0.0000000000,0.0872664626,-0.0000000000,1.0000000000,0.7498059581,0.0000000000,0.0000000000,0.0000000000,0.0000000000
0.0200000000,0.2299180771,0.2370214107,0.5464336238,-0.0311283037,-0.0453529949,-0.0368312117,0.2858423480,-0.2260825402,0.5573660285,0.0350751288,-0.0824941624,0.0113416248,0.0201329766,0.0000000000,0.5214482558,-0.0000000000,0.0872664626,-0.0000000000,1.0000000000,0.6831392914,0.0000000000,0.0000000000,0.0000000000,0.0000000000
0.0200000000,0.2299180771,0.2370214107,0.5464336238,-0.0311283037,-0.0453529949,-0.0368312117,0.2858640419,-0.2261800915,0.5577732849,0.0353522893,-0.0846993119,0.0111917715,0.0201329766,0.0000000000,0.5214482558,-0.0000000000,0.0872664626,-0.0000000000,1.0000000000,0.6164726247,0.0000000000,0.0000000000,0.0000000000,0.0000000000
0.0200000000,0.2299180771,0.2370214107,0.5464336238,-0.0311283037,-0.0453529949,-0.0368312117,0.2859089945,-0.2264622564,0.5580980958,0.0352887670,-0.0864621535,0.0105781324,0.0201329766,0.0000000000,0.5214482558,-0.0000000000,0.0872664626,-0.0000000000,1.0000000000,0.5498059581,0.0000000000,0.0000000000,0.0000000000,0.0000000000
0.0200000000,0.2299180771,0.2370214107,0.5464336238,-0.0311283037,-0.0453529949,-0.0368312117,0.2859857185,-0.2269058799,0.5583782842,0.0349446751,-0.0879709369,0.0095610403,0.0201329766,0.0000000000,0.5214482558,-0.0000000000,0.0872664626,-0.0000000000,1.0000000000,0.4831392914,0.0000000000,0.0000000000,0.0000000000,0.0000000000
0.0200000000,0.2299180771,0.2370214107,0.5464336238,-0.0311283037,-0.0453529949,-0.0368312117,0.2861073479,-0.2274799793,0.5586572767,0.0343923638,-0.0894359100,0.0082175094,0.0201329766,0.0000000000,0.5214482558,-0.0000000000,0.0872664626,-0.0000000000,1.0000000000,0.4164726247,0.0000000000,0.0000000000,0.0000000000,0.0000000000
0.0200000000,0.2299180771,0.2370214107,0.5464336238,-0.0311283037,-0.0453529949,-0.0368312117,0.2862923007,-0.2281398140,0.5589790658,0.0337214548,-0.0910608260,0.0066518957,0.0201329766,0.0000000000,0.5214482558,-0.0000000000,0.0872664626,-0.0000000000,1.0000000000,0.3498059581,0.0000000000,0.0000000000,0.0000000000,0.0000000000
0.0200000000,0.2299180771,0.2370214107,0.5464336238,-0.0311283037,-0.0453529949,-0.0368312117,0.2865706995,-0.2288372635,0.5593843814,0.0330187921,-0.0930160701,0.0049660573,0.0201329766,0.0000000000,0.5214482558,-0.0000000000,0.0872664626,-0.0000000000,1.0000000000,0.2831392914,0.0000000000,0.0000000000,0.0000000000,0.0000000000
0.0200000000,0.2299180771,0.2370214107,0.5464336238,-0.0311283037,-0.0453529949,-0.0368312117,0.2869843419,-0.2295301598,0.5599027152,0.0323498072,-0.0953967767,0.0032346612,0.0201329766,0.0000000000,0.5214482558,-0.0000000000,0.0872664626,-0.0000000000,1.0000000000,0.2164726247,0.0000000000,0.0000000000,0.0000000000,0.0000000000
0.0200000000,0.2299180771,0.2370214107,0.5464336238,-0.0311283037,-0.0453529949,-0.0368312117,0.2875569762,-0.2302073373,0.5605287818,0.0317187264,-0.0981376257,0.0014612995,0.0201329766,0.0000000000,0.5214482558,-0.0000000000,0.0872664626,-0.0000000000,1.0000000000,0.1498059581,0.0000000000,0.0000000000,0.0000000000,0.0000000000
0.0200000000,0.2299180771,0.2370214107,0.5464336238,-0.0311283037,-0.0453529949,-0.0368312117,0.2883184084,-0.2308943597,0.5612505892,0.0310714692,-0.1011321546,-0.0004404786,0.0201329766,0.0000000000,0.5214482558,-0.0000000000,0.0872664626,-0.0000000000,1.0000000000,0.0831392914,0.0000000000,0.0000000000,0.0000000000,0.0000000000
0.0200000000,0.2299180771,0.2370214107,0.5464336238,-0.0311283037,-0.0453529949,-0.0368312117,0.2892869345,-0.2316538569,0.5620423098,0.0302977371,-0.1042159542,-0.0026366822,0.0201329766,0.0000000000,0.5214482558,-0.0000000000,0.0872664626,-0.0000000000,1.0000000000,0.0166009710,0.0000000000,0.0000000000,0.0000000000,0.0000000000
0.0200000000,0.2299180771,0.2370214107,0.5464336238,-0.0311283037,-0.0453529949,-0.0368312117,0.2904646787,-0.2325904872,0.5628642690,0.0292259483,-0.1071733829,-0.0053805033,0.0201329766,0.0000000000,0.5214482558,-0.0000000000,0.0872664626,-0.0000000000,1.0000000000,0.0000000000,0.0000000000,0.0000000000,0.0000000000,0.0000000000
0.0200000000,0.2299180771,0.2370214107,0.5464336238,-0.0311283037,-0.0453529949,-0.0368312117,0.2918091591,-0.2338243793,0.5636564416,0.0276657911,-0.1097390432,-0.0089341701,0.0201329766,0.0000000000,0.5214482558,-0.0000000000,0.0872664626,-0.0000000000,1.0000000000,0.0000000000,0.0000000000,0.0000000000,0.0000000000,0.0000000000
0.0200000000,0.2299180771,0.2370214107,0.5464336238,-0.0311283037,-0.0453529949,-0.0368312117,0.2932291626,-0.2353781308,0.5643644245,0.0255850935,-0.1117331623,-0.0133009487,0.0201329766,0.0000000000,0.5214482558,-0.0000000000,0.0872664626,-0.0000000000,1.0000000000,0.0000000000,0.0000000000,0.0000000000,0.0000000000,0.0000000000
0.0200000000,0.2299180771,0.2370214107,0.5464336238,-0.0311283037,-0.0453529949,-0.0368312117,0.2946662603,-0.2372290015,0.5649512222,0.0230098636,-0.1130233799,-0.0183968451,0.0201329766,0.0000000000,0.5214482558,-0.0000000000,0.0872664626,-0.0000000000,1.0000000000,0.0000000000,0.0000000000,0.0000000000,0.0000000000,0.0000000000
0.0200000000,0.2299180771,0.2370214107,0.5464336238,-0.0311283037,-0.0453529949,-0.0368312117,0.2961125998,-0.2393176602,0.5654107424,0.0200179862,-0.1135706342,-0.0240816899,0.0201329766,0.0000000000,0.5214482558,-0.0000000000,0.0872664626,-0.0000000000,1.0000000000,0.0000000000,0.0000000000,0.0000000000,0.0000000000,0.0000000000
0.0200000000,0.2299180771,0.2370214107,0.5464336238,-0.0311283037,-0.0453529949,-0.0368312117,0.2976224808,-0.2415817556,0.5657613046,0.0166864162,-0.1133762371,-0.0302473517,0.0201329766,0.0000000000,0.5214482558,-0.0000000000,0.0872664626,-0.0000000000,1.0000000000,0.0000000000,0.0000000000,0.0000000000,0.0000000000,0.0000000000
0.0200000000,0.2299180771,0.2370214107,0.5464336238,-0.0311283037,-0.0453529949,-0.0368312117,0.2992812910,-0.2439376410,0.5660398010,0.0131275665,-0.1124896009,-0.0367557264,0.0201329766,0.0000000000,0.5214482558,-0.0000000000,0.0872664626,-0.0000000000,1.0000000000,0.0000000000,0.0000000000,0.0000000000,0.0000000000,0.0000000000
0.0200000000,0.2299180771,0.2370214107,0.5464336238,-0.0311283037,-0.0453529949,-0.0368312117,0.3011212603,-0.2462810870,0.5662928488,0.0095182420,-0.1110886704,-0.0433837712,0.0201329766,0.0000000000,0.5214482558,-0.0000000000,0.0872664626,-0.0000000000,1.0000000000,0.0000000000,0.0000000000,0.0000000000,0.0000000000,0.0000000000
0.0200000000,0.2299180771,0.2370214107,0.5464336238,-0.0311283037,-0.0453529949,-0.0368312117,0.3031375464,-0.2485213852,0.5665492437,0.0060056911,-0.1093185815,-0.0499070826,0.0201329766,0.0000000000,0.5214482558,-0.0000000000,0.0872664626,-0.0000000000,1.0000000000,0.0000000000,0.0000000000,0.0000000000,0.0000000000,0.0000000000
0.0200000000,0.2299180771,0.2370214107,0.5464336238,-0.0311283037,-0.0453529949,-0.0368312117,0.3052825837,-0.2505872243,0.5668262211,0.0026696322,-0.1073465073,-0.0560695763,0.0201329766,0.0000000000,0.5214482558,-0.0000000000,0.0872664626,-0.0000000000,1.0000000000,0.0000000000,0.0000000000,0.0000000000,0.0000000000,0.0000000000
0.0200000000,0.2299180771,0.2370214107,0.5464336238,-0.0311283037,-0.0453529949,-0.0368312117,0.3074858057,-0.2524425654,0.5671275697,-0.0005949853,-0.1053447407,-0.0615477151,0.0201329766,0.0000000000,0.5214482558,-0.0000000000,0.0872664626,-0.0000000000,1.0000000000,0.0000000000,0.0000000000,0.0000000000,0.0000000000,0.0000000000
0.0200000000,0.2299180771,0.2370214107,0.5464336238,-0.0311283037,-0.0453529949,-0.0368312117,0.3096646378,-0.2540914142,0.5674467252,-0.0039606930,-0.1034757842,-0.0661049365,0.0201329766,0.0000000000,0.5214482558,-0.0000000000,0.0872664626,-0.0000000000,1.0000000000,0.0000000000,0.0000000000,0.0000000000,0.0000000000,0.0000000000
0.0200000000,0.2299180771,0.2370214107,0.5464336238,-0.0311283037,-0.0453529949,-0.0368312117,0.3117571149,-0.2555450329,0.5677778881,-0.0072054398,-0.1018055121,-0.0699670739,0.0201329766,0.0000000000,0.5214482558,-0.0000000000,0.0872664626,-0.0000000000,1.0000000000,0.0000000000,0.0000000000,0.0000000000,0.0000000000,0.0000000000
0.0200000000,0.2299180771,0.2370214107,0.5464336238,-0.0311283037,-0.0453529949,-0.0368312117,0.3137244038,-0.2567752909,0.5681179457,-0.0099047846,-0.1003411809,-0.0734353756,0.0201329766,0.0000000000,0.5214482558,-0.0000000000,0.0872664626,-0.0000000000,1.0000000000,0.0000000000,0.0000000000,0.0000000000,0.0000000000,0.0000000000
0.0200000000,0.2299180771,0.2370214107,0.5464336238,-0.0311283037,-0.0453529949,-0.0368312117,0.3155444289,-0.2577836315,0.5684625542,-0.0118941058,-0.0990731013,-0.0766590981,0.0201329766,0.0000000000,0.5214482558,-0.0000000000,0.0872664626,-0.0000000000,1.0000000000,0.0000000000,0.0000000000,0.0000000000,0.0000000000,0.0000000000
0.0200000000,0.2299180771,0.2370214107,0.5464336238,-0.0311283037,-0.0453529949,-0.0368312117,0.3171850636,-0.2585982785,0.5687994247,-0.0133205410,-0.0980066390,-0.0795634499,0.0201329766,0.0000000000,0.5214482558,-0.0000000000,0.0872664626,-0.0000000000,1.0000000000,0.0000000000,0.0000000000,0.0000000000,0.0000000000,0.0000000000
0.0200000000,0.2299180771,0.2370214107,0.5464336238,-0.0311283037,-0.0453529949,-0.0368312117,0.3185824965,-0.2592414960,0.5691052088,-0.0143754699,-0.0971604999,-0.0819906276,0.0201329766,0.0000000000,0.5214482558,-0.0000000000,0.0872664626,-0.0000000000,1.0000000000,0.0000000000,0.0000000000,0.0000000000,0.0000000000,0.0000000000
0.0200000000,0.2299180771,0.2370214107,0.5464336238,-0.0311283037,-0.0453529949,-0.0368312117,0.3197213189,-0.2597400741,0.5693674280,-0.0151716834,-0.0965180504,-0.0839222298,0.0201329766,0.0000000000,0.5214482558,-0.0000000000,0.0872664626,-0.0000000000,1.0000000000,0.0000000000,0.0000000000,0.0000000000,0.0000000000,0.0000000000
0.0200000000,0.2299180771,0.2370214107,0.5464336238,-0.0311283037,-0.0453529949,-0.0368312117,0.3206480881,-0.2601270712,0.5695908553,-0.0157777594,-0.0960340280,-0.0854548617,0.0201329766,0.0000000000,0.5214482558,-0.0000000000,0.0872664626,-0.0000000000,1.0000000000,0.0000000000,0.0000000000,0.0000000000,0.0000000000,0.0000000000
0.0200000000,0.2299180771,0.2370214107,0.5464336238,-0.0311283037,-0.0453529949,-0.0368312117,0.3214621659,-0.2604552236,0.5697936924,-0.0162817547,-0.0956304315,-0.0867778140,0.0201329766,0.0000000000,0.5214482558,-0.0000000000,0.0872664626,-0.0000000000,1.0000000000,0.0000000000,0.0000000000,0.0000000000,0.0000000000,0.0000000000
0.0200000000,0.2299180771,0.2370214107,0.5464336238,-0.0311283037,-0.0453529949,-0.0368312117,0.3222383296,-0.2607626736,0.5699911541,-0.0167457808,-0.0952541495,-0.0880301419,0.0201329766,0.0000000000,0.5214482558,-0.0000000000,0.0872664626,-0.0000000000,1.0000000000,0.0000000000,0.0000000000,0.0000000000,0.0000000000,0.0000000000
0.0200000000,0.2299180771,0.2370214107,0.5464336238,-0.0311283037,-0.0453529949,-0.0368312117,0.3229962182,-0.2610581398,0.5701898328,-0.0171842026,-0.0949065091,-0.0892425393,0.0201329766,0.0000000000,0.5214482558,-0.0000000000,0.0872664626,-0.0000000000,1.0000000000,0.0000000000,0.0000000000,0.0000000000,0.0000000000,0.0000000000
0.0200000000,0.2299180771,0.2370214107,0.5464336238,-0.0311283037,-0.0453529949,-0.0368312117,0.3237294307,-0.2613370025,0.5703913192,-0.0175891862,-0.0946091398,-0.0903972764,0.0201329766,0.0000000000,0.5214482558,-0.0000000000,0.0872664626,-0.0000000000,1.0000000000,0.0000000000,0.0000000000,0.0000000000,0.0000000000,0.0000000000
0.0200000000,0.2299180771,0.2370214107,0.5464336238,-0.0311283037,-0.0453529949,-0.0368312117,0.3244365429,-0.2615983122,0.5705955952,-0.0179593297,-0.0943654376,-0.0914908509,0.0201329766,0.0000000000,0.5214482558,-0.0000000000,0.0872664626,-0.0000000000,1.0000000000,0.0000000000,0.0000000000,0.0000000000,0.0000000000,0.0000000000
0.0200000000,0.2299180771,0.2370214107,0.5464336238,-0.0311283037,-0.0453529949,-0.0368312117,0.3251272035,-0.2618483706,0.5708019744,-0.0183059871,-0.0941542634,-0.0925461288,0.0201329766,0.0000000000,0.5214482558,-0.0000000000,0.0872664626,-0.0000000000,1.0000000000,0.0000000000,0.0000000000,0.0000000000,0.0000000000,0.0000000000
0.0200000000,0.2299180771,0.2370214107,0.5464336238,-0.0311283037,-0.0453529949,-0.0368312117,0.3258146198,-0.2620947926,0.5710108697,-0.0186424082,-0.0939533879,-0.0935913357,0.0201329766,0.0000000000,0.5214482558,-0.0000000000,0.0872664626,-0.0000000000,1.0000000000,0.0000000000,0.0000000000,0.0000000000,0.0000000000,0.0000000000
0.0200000000,0.2299180771,0.2370214107,0.5464336238,-0.0311283037,-0.0453529949,-0.0368312117,0.3265170274,-0.2623439581,0.5712283154,-0.0189769834,-0.0937598110,-0.0946535476,0.0201329766,0.0000000000,0.5214482558,-0.0000000000,0.0872664626,-0.0000000000,1.0000000000,0.0000000000,0.0000000000,0.0000000000,0.0000000000,0.0000000000
0.0200000000,0.2299180771,0.2370214107,0.5464336238,-0.0311283037,-0.0453529949,-0.0368312117,0.3272556868,-0.2626011436,0.5714645280,-0.0193137102,-0.0935851400,-0.0957582635,0.0201329766,0.0000000000,0.5214482558,-0.0000000000,0.0872664626,-0.0000000000,1.0000000000,0.0000000000,0.0000000000,0.0000000000,0.0000000000,0.0000000000
0.0200000000,0.2299180771,0.2370214107,0.5464336238,-0.0311283037,-0.0453529949,-0.0368312117,0.3280443300,-0.2628695382,0.5717264922,-0.0196544299,-0.0934378457,-0.0969213923,0.0201329766,0.0000000000,0.5214482558,-0.0000000000,0.0872664626,-0.0000000000,1.0000000000,0.0000000000,0.0000000000,0.0000000000,0.0000000000,0.0000000000
0.0200000000,0.2299180771,0.2370214107,0.5464336238,-0.0311283037,-0.0453529949,-0.0368312117,0.3288832841,-0.2631499891,0.5720144238,-0.0200000873,-0.0933164585,-0.0981450997,0.0201329766,0.0000000000,0.5214482558,-0.0000000000,0.0872664626,-0.0000000000,1.0000000000,0.0000000000,0.0000000000,0.0000000000,0.0000000000,0.0000000000
0.0200000000,0.2299180771,0.2370214107,0.5464336238,-0.0311283037,-0.0453529949,-0.0368312117,0.3297933173,-0.2634510859,0.5723380712,-0.0203593965,-0.0932278882,-0.0994621183,0.0201329766,0.0000000000,0.5214482558,-0.0000000000,0.0872664626,-0.0000000000,1.0000000000,0.0000000000,0.0000000000,0.0000000000,0.0000000000,0.0000000000
0.0200000000,0.2299180771,0.2370214107,0.5464336238,-0.0311283037,-0.0453529949,-0.0368312117,0.3308361456,-0.2637941801,0.5727288564,-0.0207507026,-0.0932073682,-0.1009591482,0.0201329766,0.0000000000,0.5214482558,-0.0000000000,0.0872664626,-0.0000000000,1.0000000000,0.0000000000,0.0000000000,0.0000000000,0.0000000000,0.0000000000
0.0200000000,0.2299180771,0.2370214107,0.5464336238,-0.0311283037,-0.0453529949,-0.0368312117,0.3320167189,-0.2641809994,0.5731958243,-0.0211704573,-0.0932830102,-0.1026399309,0.0201329766,0.0000000000,0.5214482558,-0.0000000000,0.0872664626,-0.0000000000,1.0000000000,0.0000000000,0.0000000000,0.0000000000,0.0000000000,0.0000000000
0.0200000000,0.2299180771,0.2370214107,0.5464336238,-0.0311283037,-0.0453529949,-0.0368312117,0.3332654108,-0.2645883965,0.5737147873,-0.0215914747,-0.0934621660,-0.1044024288,0.0201329766,0.0000000000,0.5214482558,-0.0000000000,0.0872664626,-0.0000000000,1.0000000000,0.0000000000,0.0000000000,0.0000000000,0.0000000000,0.0000000000
0.0200000000,0.2299180771,0.2370214107,0.5464336238,-0.0311283037,-0.0453529949,-0.0368312117,0.3344891338,-0.2649862079,0.5742467562,-0.0219834763,-0.0937291818,-0.1061154352,0.0201329766,0.0000000000,0.5214482558,-0.0000000000,0.0872664626,-0.0000000000,1.0000000000,0.0000000000,0.0000000000,0.0000000000,0.0000000000,0.0000000000
0.0200000000,0.2299180771,0.2370214107,0.5464336238,-0.0311283037,-0.0453529949,-0.0368312117,0.3356398727,-0.2653595228,0.5747650977,-0.0223359078,-0.0940467697,-0.1077166769,0.0201329766,0.0000000000,0.5214482558,-0.0000000000,0.0872664626,-0.0000000000,1.0000000000,0.0000000000,0.0000000000,0.0000000000,0.0000000000,0.0000000000
0.0200000000,0.2299180771,0.2370214107,0.5464336238,-0.0311283037,-0.0453529949,-0.0368312117,0.3367284582,-0.2657108325,0.5752524312,-0.0226634611,-0.0943091642,-0.1092335917,0.0201329766,0.0000000000,0.5214482558,-0.0000000000,0.0872664626,-0.0000000000,1.0000000000,0.0000000000,0.0000000000,0.0000000000,0.0000000000,0.0000000000
0.0200000000,0.2299180771,0.2370214107,0.5464336238,-0.0311283037,-0.0453529949,-0.0368312117,0.3377742330,-0.2660437669,0.5756760437,-0.0229924894,-0.0943182665,-0.1107141437,0.0201329766,0.0000000000,0.5214482558,-0.0000000000,0.0872664626,-0.0000000000,1.0000000000,0.0000000000,0.0000000000,0.0000000000,0.0000000000,0.0000000000
0.0200000000,0.2299180771,0.2370214107,0.5464336238,-0.0311283037,-0.0453529949,-0.0368312117,0.3387551450,-0.2663527846,0.5759707367,-0.0233526674,-0.0937997803,-0.1121653428,0.0201329766,0.0000000000,0.5214482558,-0.0000000000,0.0872664626,-0.0000000000,1.0000000000,0.0000000000,0.0000000000,0.0000000000,0.0000000000,0.0000000000
0.0200000000,0.2299180771,0.2370214107,0.5464336238,-0.0311283037,-0.0453529949,-0.0368312117,0.3396300371,-0.2666387150,0.5760685283,-0.0237842613,-0.0925049866,-0.1135897877,0.0201329766,0.0000000000,0.5214482558,-0.0000000000,0.0872664626,-0.0000000000,1.0000000000,0.0000000000,0.0000000000,0.0000000000,0.0000000000,0.0000000000
0.0200000000,0.2299180771,0.2370214107,0.5464336238,-0.0311283037,-0.0453529949,-0.0368312117,0.3403611921,-0.2669228943,0.5759302355,-0.0243426780,-0.0903184482,-0.1150180466,0.0201329766,0.0000000000,0.5214482558,-0.0000000000,0.0872664626,-0.0000000000,1.0000000000,0.0000000000,0.0000000000,0.0000000000,0.0000000000,0.0000000000
0.0200000000,0.2299180771,0.2370214107,0.5464336238,-0.0311283037,-0.0453529949,-0.0368312117,0.3409242283,-0.2672412993,0.5755883608,-0.0250659050,-0.0874485868,-0.1164779872,0.0201329766,0.0000000000,0.5214482558,-0.0000000000,0.0872664626,-0.0000000000,1.0000000000,0.0000000000,0.0000000000,0.0000000000,0.0000000000,0.0000000000
0.0200000000,0.2299180771,0.2370214107,0.5464336238,-0.0311283037,-0.0453529949,-0.0368312117,0.3413143932,-0.2676104075,0.5751367597,-0.0259278392,-0.0843682446,-0.1179363115,0.0201329766,0.0000000000,0.5214482558,-0.0000000000,0.0872664626,-0.0000000000,1.0000000000,0.0000000000,0.0000000000,0.0000000000,0.0000000000,0.0000000000
0.0200000000,0.2299180771,0.2370214107,0.5464336238,-0.0311283037,-0.0453529949,-0.0368312117,0.3415172335,-0.2680325460,0.5746435279,-0.0268949531,-0.0814421824,-0.1193361400,0.0201329766,0.0000000000,0.5214482558,-0.0000000000,0.0872664626,-0.0000000000,1.0000000000,0.0000000000,0.0000000000,0.0000000000,0.0000000000,0.0000000000
0.0200000000,0.2299180771,0.2370214107,0.5464336238,-0.0311283037,-0.0453529949,-0.0368312117,0.3415302210,-0.2685060770,0.5741510110,-0.0279420733,-0.0788821295,-0.1206416424,0.0201329766,0.0000000000,0.5214482558,-0.0000000000,0.0872664626,-0.0000000000,1.0000000000,0.0000000000,0.0000000000,0.0000000000,0.0000000000,0.0000000000
0.0200000000,0.2299180771,0.2370214107,0.5464336238,-0.0311283037,-0.0453529949,-0.0368312117,0.3413500094,-0.2690302409,0.5736812490,-0.0290565189,-0.0767996832,-0.1218315822,0.0201329766,0.0000000000,0.5214482558,-0.0000000000,0.0872664626,-0.0000000000,1.0000000000,0.0000000000,0.0000000000,0.0000000000,0.0000000000,0.0000000000
0.0200000000,0.2299180771,0.2370214107,0.5464336238,-0.0311283037,-0.0453529949,-0.0368312117,0.3409784723,-0.2695911283,0.5732546758,-0.0302047539,-0.0752919178,-0.1228649876,0.0201329766,0.0000000000,0.5214482558,-0.0000000000,0.0872664626,-0.0000000000,1.0000000000,0.0000000000,0.0000000000,0.0000000000,0.0000000000,0.0000000000
0.0200000000,0.2299180771,0.2370214107,0.5464336238,-0.0311283037,-0.0453529949,-0.0368312117,0.3404442071,-0.2701562982,0.5728908314,-0.0313237092,-0.0744041432,-0.1236924964,0.0201329766,0.0000000000,0.5214482558,-0.0000000000,0.0872664626,-0.0000000000,1.0000000000,0.0000000000,0.0000000000,0.0000000000,0.0000000000,0.0000000000
0.0200000000,0.2299180771,0.2370214107,0.5464336238,-0.0311283037,-0.0453529949,-0.0368312117,0.3397733670,-0.2706874844,0.5726117394,-0.0323389076,-0.0742003194,-0.1242484517,0.0201329766,0.0000000000,0.5214482558,-0.0000000000,0.0872664626,-0.0000000000,1.0000000000,0.0000000000,0.0000000000,0.0000000000,0.0000000000,0.0000000000
0.0200000000,0.2299180771,0.2370214107,0.5464336238,-0.0311283037,-0.0453529949,-0.0368312117,0.3390131226,-0.2711349233,0.5724390466,-0.0331575981,-0.0747057432,-0.1244660671,0.0201329766,0.0000000000,0.5214482558,-0.0000000000,0.0872664626,-0.0000000000,1.0000000000,0.0000000000,0.0000000000,0.0000000000,0.0000000000,0.0000000000
0.0200000000,0.2299180771,0.2370214107,0.5464336238,-0.0311283037,-0.0453529949,-0.0368312117,0.3382360033,-0.2714251162,0.5724023880,-0.0336438856,-0.0759456953,-0.1242514136,0.0201329766,0.0000000000,0.5214482558,-0.0000000000,0.0872664626,-0.0000000000,1.0000000000,0.0000000000,0.0000000000,0.0000000000,0.0000000000,0.0000000000
0.0200000000,0.2299180771,0.2370214107,0.5464336238,-0.0311283037,-0.0453529949,-0.0368312117,0.3375304314,-0.2714805373,0.5725231394,-0.0336598218,-0.0778800992,-0.1235255542,0.0201329766,0.0000000000,0.5214482558,-0.0000000000,0.0872664626,-0.0000000000,1.0000000000,0.0000000000,0.0000000000,0.0000000000,0.0000000000,0.0000000000
0.0200000000,0.2299180771,0.2370214107,0.5464336238,-0.0311283037,-0.0453529949,-0.0368312117,0.3369377989,-0.2712827716,0.5727846946,-0.0331844283,-0.0803583031,-0.1223081759,0.0201329766,0.0000000000,0.5214482558,-0.0000000000,0.0872664626,-0.0000000000,1.0000000000,0.0000000000,0.0000000000,0.0000000000,0.0000000000,0.0000000000
0.0200000000,0.2299180771,0.2370214107,0.5464336238,-0.0311283037,-0.0453529949,-0.0368312117,0.3364490650,-0.2708321450,0.5731648405,-0.0322298201,-0.0832927969,-0.1206091702,0.0201329766,0.0000000000,0.5214482558,-0.0000000000,0.0872664626,-0.0000000000,1.0000000000,0.0000000000,0.0000000000,0.0000000000,0.0000000000,0.0000000000
0.0200000000,0.2299180771,0.2370214107,0.5464336238,-0.0311283037,-0.0453529949,-0.0368312117,0.3360089736,-0.2701584386,0.5736284150,-0.0308676079,-0.0866122972,-0.1184556059,0.0201329766,0.0000000000,0.5214482558,-0.0000000000,0.0872664626,-0.0000000000,1.0000000000,0.0000000000,0.0000000000,0.0000000000,0.0000000000,0.0000000000
0.0200000000,0.2299180750,0.2370214118,0.5464336237,-0.0311283030,-0.0453529953,-0.0368312100,0.3355298361,-0.2693096636,0.5741321059,-0.0292211615,-0.0902744984,-0.1158677172,0.0201329766,0.0000000000,0.5214482558,-0.0000000000,0.0872664626,-0.0000000000,1.0000000000,0.0000000000,0.0000000000,0.0000000000,0.0000000000,0.0000000000
0.0200000000,0.2299180932,0.2370214054,0.5464336234,-0.0311283024,-0.0453529871,-0.0368312162,0.3349165354,-0.2683654084,0.5746263736,-0.0274840091,-0.0942291177,-0.1129108078,0.0201329766,0.0000000000,0.5214482558,-0.0000000000,0.0872664626,-0.0000000000,1.0000000000,0.0000000000,0.0000000000,0.0000000000,0.0000000000,0.0000000000
0.0200000000,0.2299195297,0.2370206122,0.5464336798,-0.0311287877,-0.0453527298,-0.0368324022,0.3341284316,-0.2674162467,0.5750808597,-0.0258157210,-0.0983894932,-0.1097479280,0.0201329766,0.0000000000,0.5214482558,-0.0000000000,0.0872664626,-0.0000000000,1.0000000000,0.0000000000,0.0000000000,0.0000000000,0.0000000000,0.0000000000
0.0200000000,0.2299303743,0.2370139047,0.5464343140,-0.0311338251,-0.0453518793,-0.0368431041,0.3331685349,-0.2665362774,0.5754880875,-0.0242936317,-0.1026745126,-0.1065738303,0.0201329766,0.0000000000,0.5214482558,-0.0000000000,0.0872664626,-0.0000000000,1.0000000000,0.0000000000,0.0000000000,0.0000000000,0.0000000000,0.0000000000
0.0200000000,0.2299703159,0.2369861390,0.5464376919,-0.0311584222,-0.0453542725,-0.0368899094,0.3320918010,-0.2657961067,0.5758576571,-0.0229696595,-0.1069753107,-0.1036287487,0.0201329766,0.0000000000,0.5214482558,-0.0000000000,0.0872664626,-0.0000000000,1.0000000000,0.0394984061,0.0000000000,0.0000000000,0.0000000000,0.0000000000
0.0200000000,0.2300683015,0.2369084598,0.5464501614,-0.0312386087,-0.0453825888,-0.0370278365,0.3309915965,-0.2652698502,0.5762047488,-0.0219184907,-0.1111462570,-0.1011809873,0.0201329766,0.0000000000,0.5214482558,-0.0000000000,0.0872664626,-0.0000000000,1.0000000000,0.1048713116,0.0000000000,0.0000000000,0.0000000000,0.0000000000
0.0200000000,0.2302392528,0.2367552455,0.5464829366,-0.0314179755,-0.0454914896,-0.0373121536,0.3299706556,-0.2650026444,0.5765400557,-0.0212010458,-0.1150212964,-0.0994280159,0.0201329766,0.0000000000,0.5214482558,-0.0000000000,0.0872664626,-0.0000000000,1.0000000000,0.1715379783,0.0000000000,0.0000000000,0.0000000000,0.0000000000
0.0200000000,0.2304635914,0.2365341535,0.5465447280,-0.0317023176,-0.0457356869,-0.0377378842,0.3290748475,-0.2649663190,0.5768633079,-0.0207932194,-0.1185154651,-0.0983434227,0.0201329766,0.0000000000,0.5214482558,-0.0000000000,0.0872664626,-0.0000000000,1.0000000000,0.2382046449,0.0000000000,0.0000000000,0.0000000000,0.0000000000
0.0200000000,0.2307097770,0.2362686138,0.5466418507,-0.0320746243,-0.0461612849,-0.0382708442,0.3283029843,-0.2651240069,0.5771674980,-0.0206573946,-0.1216074891,-0.0978402566,0.0201329766,0.0000000000,0.5214482558,-0.0000000000,0.0872664626,-0.0000000000,1.0000000000,0.3048713116,0.0000000000,0.0000000000,0.0000000000,0.0000000000
0.0200000000,0.2309388808,0.2359911382,0.5467762702,-0.0325027329,-0.0467937575,-0.0388594551,0.3276157239,-0.2654284826,0.5774482737,-0.0207349155,-0.1243677554,-0.0977711810,0.0201329766,0.0000000000,0.5214482558,-0.0000000000,0.0872664626,-0.0000000000,1.0000000000,0.3715379783,0.0000000000,0.0000000000,0.0000000000,0.0000000000
0.0200000000,0.2311112410,0.2357355525,0.5469472063,-0.0329506699,-0.0476446210,-0.0394488395,0.3269597586,-0.2658373731,0.5777033640,-0.0209691264,-0.1269023573,-0.0979869523,0.0201329766,0.0000000000,0.5214482558,-0.0000000000,0.0872664626,-0.0000000000,1.0000000000,0.4382046449,0.0000000000,0.0000000000,0.0000000000,0.0000000000
0.0200000000,0.2312002869,0.2355312918,0.5471459008,-0.0333772208,-0.0486778965,-0.0399826879,0.3262948796,-0.2663016368,0.5779302204,-0.0212968313,-0.1292877472,-0.0983359264,0.0201329766,0.0000000000,0.5214482558,-0.0000000000,0.0872664626,-0.0000000000,1.0000000000,0.5048713116,0.0000000000,0.0000000000,0.0000000000,0.0000000000
0.0200000000,0.2312087112,0.2353900845,0.5473561078,-0.0337498499,-0.0498058025,-0.0404242879,0.3256111013,-0.2667703202,0.5781287782,-0.0216542577,-0.1315511996,-0.0986896428,0.0201329766,0.0000000000,0.5214482558,-0.0000000000,0.0872664626,-0.0000000000,1.0000000000,0.5715379783,0.0000000000,0.0000000000,0.0000000000,0.0000000000
0.0200000000,0.2311456985,0.2353156200,0.5475654196,-0.0340488938,-0.0509585045,-0.0407532803,0.3249075462,-0.2672086158,0.5782993508,-0.0219973022,-0.1337012976,-0.0989662839,0.0201329766,0.0000000000,0.5214482558,-0.0000000000,0.0872664626,-0.0000000000,1.0000000000,0.6382046449,0.0000000000,0.0000000000,0.0000000000,0.0000000000
0.0200000000,0.2310287117,0.2353005194,0.5477655308,-0.0342716846,-0.0520846860,-0.0409717773,0.3241823732,-0.2675947434,0.5784461661,-0.0222947171,-0.1357672613,-0.0991117424,0.0201329766,0.0000000000,0.5214482558,-0.0000000000,0.0872664626,-0.0000000000,1.0000000000,0.7048713116,0.0000000000,0.0000000000,0.0000000000,0.0000000000
0.0200000000,0.2308804215,0.2353312969,0.5479490720,-0.0344235294,-0.0531358182,-0.0410933070,0.3234378453,-0.2679114517,0.5785740310,-0.0225207400,-0.1377723083,-0.0990860351,0.0201329766,0.0000000000,0.5214482558,-0.0000000000,0.0872664626,-0.0000000000,1.0000000000,0.7715379783,0.0000000000,0.0000000000,0.0000000000,0.0000000000
0.0200000000,0.2307263891,0.2353909009,0.5481084490,-0.0345137107,-0.0540606996,-0.0411381172,0.3226897140,-0.2681465417,0.5786868503,-0.0226581363,-0.1397073590,-0.0988738229,0.0201329766,0.0000000000,0.5214482558,-0.0000000000,0.0872664626,-0.0000000000,1.0000000000,0.8382046449,0.0000000000,0.0000000000,0.0000000000,0.0000000000
0.0200000000,0.2305815527,0.2354651235,0.5482434455,-0.0345576480,-0.0548518751,-0.0411301920,0.3219491305,-0.2683054399,0.5787890898,-0.0227106039,-0.1415733936,-0.0984964342,0.0201329766,0.0000000000,0.5214482558,-0.0000000000,0.0872664626,-0.0000000000,1.0000000000,0.9048713116,0.0000000000,0.0000000000,0.0000000000,0.0000000000
0.0200000000,0.2304493027,0.2355473312,0.5483583638,-0.0345678528,-0.0555311930,-0.0410848467,0.3212067052,-0.2683937853,0.5788849000,-0.0226792830,-0.1434107618,-0.0979573718,0.0201329766,0.0000000000,0.5214482558,-0.0000000000,0.0872664626,-0.0000000000,1.0000000000,0.9714408186,0.0000000000,0.0000000000,0.0000000000,0.0000000000
0.0200000000,0.2303288054,0.2356336391,0.5484595180,-0.0345560291,-0.0561331196,-0.0410144743,0.3204399055,-0.2684152033,0.5789789788,-0.0225609805,-0.1452880588,-0.0972432050,0.0201329766,0.0000000000,0.5214482558,-0.0000000000,0.0872664626,-0.0000000000,1.0000000000,0.9987004737,0.0000000000,0.0000000000,0.0000000000,0.0000000000
0.0200000000,0.2302208038,0.2357210175,0.5485514108,-0.0345303296,-0.0566818890,-0.0409275882,0.3196186006,-0.2683619729,0.5790758383,-0.0223371095,-0.1472883543,-0.0963076791,0.0201329766,0.0000000000,0.5214482558,-0.0000000000,0.0872664626,-0.0000000000,1.0000000000,1.0000000000,0.0000000000,0.0000000000,0.0000000000,0.0000000000
0.0200000000,0.2301282801,0.2358060318,0.5486368987,-0.0344970481,-0.0571919361,-0.0408316644,0.3187105516,-0.2682183788,0.5791801476,-0.0219784164,-0.1494989376,-0.0950843198,0.0201329766,0.0000000000,0.5214482558,-0.0000000000,0.0872664626,-0.0000000000,1.0000000000,1.0000000000,0.0000000000,0.0000000000,0.0000000000,0.0000000000
0.0200000000,0.2300525775,0.2358864769,0.5487168009,-0.0344594846,-0.0576669135,-0.0407317783,0.3177072606,-0.2679776212,0.5792943677,-0.0214716821,-0.1519454559,-0.0935500262,0.0201329766,0.0000000000,0.5214482558,-0.0000000000,0.0872664626,-0.0000000000,1.0000000000,1.0000000000,0.0000000000,0.0000000000,0.0000000000,0.0000000000
0.0200000000,0.2299945571,0.2359606783,0.5487894177,-0.0344184197,-0.0580968829,-0.0406309192,0.3166232140,-0.2676380221,0.5794182497,-0.0208142832,-0.1545935425,-0.0917162785,0.0201329766,0.0000000000,0.5214482558,-0.0000000000,0.0872664626,-0.0000000000,1.0000000000,1.0000000000,0.0000000000,0.0000000000,0.0000000000,0.0000000000
0.0200000000,0.2299539605,0.2360261417,0.5488521338,-0.0343757253,-0.0584670299,-0.0405344580,0.3155082453,-0.2672175701,0.5795477960,-0.0200362060,-0.1573199473,-0.0896735138,0.0201329766,0.0000000000,0.5214482558,-0.0000000000,0.0872664626,-0.0000000000,1.0000000000,1.0000000000,0.0000000000,0.0000000000,0.0000000000,0.0000000000
0.0200000000,0.2299305639,0.2360790581,0.5489019812,-0.0343350882,-0.0587604190,-0.0404507336,0.3144382287,-0.2667493319,0.5796756886,-0.0191938844,-0.1599373555,-0.0875707973,0.0201329766,0.0000000000,0.5214482558,-0.0000000000,0.0872664626,-0.0000000000,1.0000000000,1.0000000000,0.0000000000,0.0000000000,0.0000000000,0.0000000000
0.0200000000,0.2299214337,0.2361186389,0.5489389831,-0.0342991072,-0.0589776459,-0.0403837769,0.3134622196,-0.2662658892,0.5797967715,-0.0183398700,-0.1623259364,-0.0855293238,0.0201329766,0.0000000000,0.5214482558,-0.0000000000,0.0872664626,-0.0000000000,1.0000000000,1.0000000000,0.0000000000,0.0000000000,0.0000000000,0.0000000000
0.0200000000,0.2299208109,0.2361488892,0.5489666439,-0.0342670734,-0.0591397154,-0.0403291357,0.3125617372,-0.2657777472,0.5799127295,-0.0174848606,-0.1645320674,-0.0835551138,0.0201329766,0.0000000000,0.5214482558,-0.0000000000,0.0872664626,-0.0000000000,1.0000000000,1.0000000000,0.0000000000,0.0000000000,0.0000000000,0.0000000000
0.0200000000,0.2299253575,0.2361727362,0.5489868064,-0.0342377588,-0.0592575551,-0.0402823816,0.3117111057,-0.2652817522,0.5800259552,-0.0166200375,-0.1666194129,-0.0816163357,0.0201329766,0.0000000000,0.5214482558,-0.0000000000,0.0872664626,-0.0000000000,1.0000000000,1.0000000000,0.0000000000,0.0000000000,0.0000000000,0.0000000000
0.0200000000,0.2299339101,0.2361926830,0.5490010701,-0.0342091839,-0.0593403096,-0.0402387539,0.3108943171,-0.2647756091,0.5801378684,-0.0157394341,-0.1686270523,-0.0796925072,0.0201329766,0.0000000000,0.5214482558,-0.0000000000,0.0872664626,-0.0000000000,1.0000000000,1.0000000000,0.0000000000,0.0000000000,0.0000000000,0.0000000000
0.0200000000,0.2299461007,0.2362112982,0.5490116930,-0.0341789768,-0.0594010201,-0.0401935101,0.3101035241,-0.2642606282,0.5802491673,-0.0148430244,-0.1705743785,-0.0777794670,0.0201329766,0.0000000000,0.5214482558,-0.0000000000,0.0872664626,-0.0000000000,1.0000000000,1.0000000000,0.0000000000,0.0000000000,0.0000000000,0.0000000000
0.0200000000,0.2299599638,0.2362292440,0.5490201982,-0.0341478676,-0.0594490336,-0.0401473697,0.3093369709,-0.2637392954,0.5803603319,-0.0139338205,-0.1724678911,-0.0758808934,0.0201329766,0.0000000000,0.5214482558,-0.0000000000,0.0872664626,-0.0000000000,1.0000000000,1.0000000000,0.0000000000,0.0000000000,0.0000000000,0.0000000000
0.0200000000,0.2299738626,0.2362456242,0.5490260037,-0.0341175074,-0.0594815270,-0.0401034530,0.3085961859,-0.2632128477,0.5804715492,-0.0130145196,-0.1743062821,-0.0740000270,0.0201329766,0.0000000000,0.5214482558,-0.0000000000,0.0872664626,-0.0000000000,1.0000000000,1.0000000000,0.0000000000,0.0000000000,0.0000000000,0.0000000000
0.0200000000,0.2299894842,0.2362617845,0.5490280515,-0.0340839302,-0.0594924888,-0.0400571794,0.3078791277,-0.2626814823,0.5805828593,-0.0120854630,-0.1760944296,-0.0721351431,0.0201329766,0.0000000000,0.5214482558,-0.0000000000,0.0872664626,-0.0000000000,1.0000000000,1.0000000000,0.0000000000,0.0000000000,0.0000000000,0.0000000000
0.0200000000,0.2300092750,0.2362803833,0.5490265542,-0.0340415147,-0.0594831232,-0.0400010320,0.3071754968,-0.2621442619,0.5806946451,-0.0111434075,-0.1778535685,-0.0702749892,0.0201329766,0.0000000000,0.5214482558,-0.0000000000,0.0872664626,-0.0000000000,1.0000000000,1.0000000000,0.0000000000,0.0000000000,0.0000000000,0.0000000000
0.0200000000,0.2300322292,0.2363014777,0.5490222539,-0.0339910880,-0.0594580037,-0.0399359912,0.3064725115,-0.2615945824,0.5808073156,-0.0101774499,-0.1796095659,-0.0683929971,0.0201329766,0.0000000000,0.5214482558,-0.0000000000,0.0872664626,-0.0000000000,1.0000000000,1.0000000000,0.0000000000,0.0000000000,0.0000000000,0.0000000000
0.0200000000,0.2300554300,0.2363235184,0.5490146775,-0.0339363353,-0.0594149470,-0.0398673184,0.3057605903,-0.2610226088,0.5809211942,-0.0091733477,-0.1813815774,-0.0664576953,0.0201329766,0.0000000000,0.5214482558,-0.0000000000,0.0872664626,-0.0000000000,1.0000000000,1.0000000000,0.0000000000,0.0000000000,0.0000000000,0.0000000000
0.0200000000,0.2300788825,0.2363471209,0.5490028719,-0.0338756182,-0.0593486309,-0.0397930527,0.3050385619,-0.2604284282,0.5810364728,-0.0081306460,-0.1831716351,-0.0644682982,0.0201329766,0.0000000000,0.5214482558,-0.0000000000,0.0872664626,-0.0000000000,1.0000000000,1.0000000000,0.0000000000,0.0000000000,0.0000000000,0.0000000000
0.0200000000,0.2301040808,0.2363739901,0.5489863842,-0.0338050079,-0.0592564857,-0.0397080709,0.3043087073,-0.2598171440,0.5811530637,-0.0070559251,-0.1849743112,-0.0624390126,0.0201329766,0.0000000000,0.5214482558,-0.0000000000,0.0872664626,-0.0000000000,1.0000000000,1.0000000000,0.0000000000,0.0000000000,0.0000000000,0.0000000000
0.0200000000,0.2301318395,0.2364056848,0.5489649505,-0.0337211799,-0.0591373029,-0.0396082274,0.3035708107,-0.2591901586,0.5812707881,-0.0059510066,-0.1867884273,-0.0603730319,0.0201329766,0.0000000000,0.5214482558,-0.0000000000,0.0872664626,-0.0000000000,1.0000000000,1.0000000000,0.0000000000,0.0000000000,0.0000000000,0.0000000000
0.0200000000,0.2301611874,0.2364430058,0.5489380012,-0.0336227973,-0.0589884233,-0.0394920821,0.3028196923,-0.2585402827,0.5813894355,-0.0048061102,-0.1886218009,-0.0582491113,0.0201329766,0.0000000000,0.5214482558,-0.0000000000,0.0872664626,-0.0000000000,1.0000000000,1.0000000000,0.0000000000,0.0000000000,0.0000000000,0.0000000000
0.0200000000,0.2301901048,0.2364848529,0.5489061522,-0.0335133862,-0.0588133424,-0.0393635237,0.3020506526,-0.2578621678,0.5815091522,-0.0036132697,-0.1904826369,-0.0560508119,0.0201329766,0.0000000000,0.5214482558,-0.0000000000,0.0872664626,-0.0000000000,1.0000000000,1.0000000000,0.0000000000,0.0000000000,0.0000000000,0.0000000000
0.0200000000,0.2302186314,0.2365311796,0.5488696753,-0.0333935262,-0.0586131660,-0.0392224249,0.3012512901,-0.2571485439,0.5816312712,-0.0023592699,-0.1923976827,-0.0537504751,0.0201329766,0.0000000000,0.5214482558,-0.0000000000,0.0872664626,-0.0000000000,1.0000000000,1.0000000000,0.0000000000,0.0000000000,0.0000000000,0.0000000000
0.0200000000,0.2302485518,0.2365866872,0.5488247855,-0.0332519413,-0.0583669079,-0.0390547332,0.3003774248,-0.2563627773,0.5817588903,-0.0009852865,-0.1944564830,-0.0512248621,0.0201329766,0.0000000000,0.5214482558,-0.0000000000,0.0872664626,-0.0000000000,1.0000000000,1.0000000000,0.0000000000,0.0000000000,0.0000000000,0.0000000000
0.0200000000,0.2302816397,0.2366585883,0.5487653053,-0.0330713785,-0.0580407517,-0.0388394872,0.2993686641,-0.2554534985,0.5818954628,0.0005925090,-0.1967735856,-0.0483045004,0.0201329766,0.0000000000,0.5214482558,-0.0000000000,0.0872664626,-0.0000000000,1.0000000000,1.0000000000,0.0000000000,0.0000000000,0.0000000000,0.0000000000
0.0200000000,0.2303180949,0.2367532184,0.5486858272,-0.0328374015,-0.0576054366,-0.0385590766,0.2981915249,-0.2543961388,0.5820388544,0.0024171514,-0.1993832352,-0.0449092937,0.0201329766,0.0000000000,0.5214482558,-0.0000000000,0.0872664626,-0.0000000000,1.0000000000,1.0000000000,0.0000000000,0.0000000000,0.0000000000,0.0000000000
0.0200000000,0.2303554492,0.2368718968,0.5485855304,-0.0325485328,-0.0570571906,-0.0382114236,0.2968817989,-0.2532322070,0.5821771276,0.0044257629,-0.2021506719,-0.0411747201,0.0201329766,0.0000000000,0.5214482558,-0.0000000000,0.0872664626,-0.0000000000,1.0000000000,1.0000000000,0.0000000000,0.0000000000,0.0000000000,0.0000000000
0.0200000000,0.2303905431,0.2370092236,0.5484691700,-0.0322187367,-0.0564224972,-0.0378132786,0.2955145970,-0.2520356049,0.5822992521,0.0065032714,-0.2048862822,-0.0373418749,0.0201329766,0.0000000000,0.5214482558,-0.0000000000,0.0872664626,-0.0000000000,1.0000000000,1.0000000000,0.0000000000,0.0000000000,0.0000000000,0.0000000000
0.0200000000,0.2304206518,0.2371568206,0.5483435259,-0.0318681424,-0.0557385641,-0.0373890726,0.2941648793,-0.2508756263,0.5823974280,0.0085377979,-0.2074273765,-0.0336363335,0.0201329766,0.0000000000,0.5214482558,-0.0000000000,0.0872664626,-0.0000000000,1.0000000000,1.0000000000,0.0000000000,0.0000000000,0.0000000000,0.0000000000
0.0200000000,0.2304438735,0.2373056204,0.5482158351,-0.0315179037,-0.0550448626,-0.0369646392,0.2928958806,-0.2498073291,0.5824675203,0.0104360273,-0.2096579789,-0.0302360404,0.0201329766,0.0000000000,0.5214482558,-0.0000000000,0.0872664626,-0.0000000000,1.0000000000,1.0000000000,0.0000000000,0.0000000000,0.0000000000,0.0000000000
0.0200000000,0.2304598511,0.2374528206,0.5480882346,-0.0311743418,-0.0543529966,-0.0365477894,0.2917159356,-0.2488361372,0.5825096848,0.0121824366,-0.2115745159,-0.0271551970,0.0201329766,0.0000000000,0.5214482558,-0.0000000000,0.0872664626,-0.0000000000,1.0000000000,1.0000000000,0.0000000000,0.0000000000,0.0000000000,0.0000000000
0.0200000000,0.2304694233,0.2376045018,0.5479554603,-0.0308230573,-0.0536343740,-0.0361213062,0.2905608208,-0.2479096398,0.5825277486,0.0138613710,-0.2132996767,-0.0242162179,0.0201329766,0.0000000000,0.5214482558,-0.0000000000,0.0872664626,-0.0000000000,1.0000000000,1.0000000000,0.0000000000,0.0000000000,0.0000000000,0.0000000000
0.0200000000,0.2304728524,0.2377675002,0.5478115115,-0.0304480985,-0.0528565679,-0.0356662202,0.2893688472,-0.2469826793,0.5825231602,0.0155509331,-0.2149323749,-0.0212651504,0.0201329766,0.0000000000,0.5214482558,-0.0000000000,0.0872664626,-0.0000000000,1.0000000000,1.0000000000,0.0000000000,0.0000000000,0.0000000000,0.0000000000
0.0200000000,0.2304697235,0.2379445019,0.5476537012,-0.0300431718,-0.0520051147,-0.0351751753,0.2881167452,-0.2460405585,0.5824945872,0.0172775658,-0.2164961896,-0.0182505469,0.0201329766,0.0000000000,0.5214482558,-0.0000000000,0.0872664626,-0.0000000000,1.0000000000,1.0000000000,0.0000000000,0.0000000000,0.0000000000,0.0000000000
0.0200000000,0.2304596604,0.2381357808,0.5474810843,-0.0296072034,-0.0510748753,-0.0346472594,0.2867950706,-0.2450766960,0.5824414217,0.0190534626,-0.2179966166,-0.0151501095,0.0201329766,0.0000000000,0.5214482558,-0.0000000000,0.0872664626,-0.0000000000,1.0000000000,1.0000000000,0.0000000000,0.0000000000,0.0000000000,0.0000000000
0.0200000000,0.2304408511,0.2383436017,0.5472902366,-0.0291346276,-0.0500476061,-0.0340766546,0.2853830865,-0.2440810574,0.5823576605,0.0208958791,-0.2194250853,-0.0119270540,0.0201329766,0.0000000000,0.5214482558,-0.0000000000,0.0872664626,-0.0000000000,1.0000000000,1.0000000000,0.0000000000,0.0000000000,0.0000000000,0.0000000000
0.0200000000,0.2304108773,0.2385700175,0.5470776788,-0.0286204027,-0.0489048851,-0.0334584096,0.2838587360,-0.2430460477,0.5822363575,0.0228259926,-0.2207644467,-0.0085564206,0.0201329766,0.0000000000,0.5214482558,-0.0000000000,0.0872664626,-0.0000000000,1.0000000000,1.0000000000,0.0000000000,0.0000000000,0.0000000000,0.0000000000
0.0200000000,0.2303680623,0.2388141063,0.5468428634,-0.0280661754,-0.0476439552,-0.0327954735,0.2822140029,-0.2419719982,0.5820752426,0.0248652977,-0.2219954367,-0.0050530376,0.0201329766,0.0000000000,0.5214482558,-0.0000000000,0.0872664626,-0.0000000000,1.0000000000,1.0000000000,0.0000000000,0.0000000000,0.0000000000,0.0000000000
0.0200000000,0.2303106327,0.2390738041,0.5465860492,-0.0274761408,-0.0462663781,-0.0320938609,0.2804516815,-0.2408653829,0.5818709467,0.0270230637,-0.2230771895,-0.0014556086,0.0201329766,0.0000000000,0.5214482558,-0.0000000000,0.0872664626,-0.0000000000,1.0000000000,1.0000000000,0.0000000000,0.0000000000,0.0000000000,0.0000000000
0.0200000000,0.2302389426,0.2393422494,0.5463125437,-0.0268652739,-0.0448005195,-0.0313718318,0.2786125565,-0.2397508987,0.5816252118,0.0292550093,-0.2239563777,0.0021476454,0.0201329766,0.0000000000,0.5214482558,-0.0000000000,0.0872664626,-0.0000000000,1.0000000000,1.0000000000,0.0000000000,0.0000000000,0.0000000000,0.0000000000
0.0200000000,0.2301540636,0.2396101396,0.5460295865,-0.0262537641,-0.0432850134,-0.0306539043,0.2767513013,-0.2386612978,0.5813381531,0.0314755874,-0.2245698059,0.0056633612,0.0201329766,0.0000000000,0.5214482558,-0.0000000000,0.0872664626,-0.0000000000,1.0000000000,1.0000000000,0.0000000000,0.0000000000,0.0000000000,0.0000000000
0.0200000000,0.2300561633,0.2398729381,0.5457394120,-0.0256505062,-0.0417316430,-0.0299518094,0.2748795287,-0.2376047862,0.5810055672,0.0336420819,-0.2248897438,0.0090886123,0.0201329766,0.0000000000,0.5214482558,-0.0000000000,0.0872664626,-0.0000000000,1.0000000000,1.0000000000,0.0000000000,0.0000000000,0.0000000000,0.0000000000
0.0200000000,0.2299436979,0.2401331183,0.5454373699,-0.0250482707,-0.0401153297,-0.0292587473,0.2729560990,-0.2365586196,0.5806186338,0.0357884155,-0.2249162466,0.0125113239,0.0201329766,0.0000000000,0.5214482558,-0.0000000000,0.0872664626,-0.0000000000,1.0000000000,1.0000000000,0.0000000000,0.0000000000,0.0000000000,0.0000000000
0.0200000000,0.2298130513,0.2403944095,0.5451159348,-0.0244364187,-0.0383956954,-0.0285648938,0.2709211479,-0.2354931000,0.5801566834,0.0379643317,-0.2245972196,0.0160389062,0.0201329766,0.0000000000,0.5214482558,-0.0000000000,0.0872664626,-0.0000000000,1.0000000000,1.0000000000,0.0000000000,0.0000000000,0.0000000000,0.0000000000
0.0200000000,0.2296618883,0.2406574317,0.5447705381,-0.0238110928,-0.0365479610,-0.0278682210,0.2687234438,-0.2343825810,0.5795966504,0.0402124328,-0.2238466791,0.0197606360,0.0201329766,0.0000000000,0.5214482558,-0.0000000000,0.0872664626,-0.0000000000,1.0000000000,1.0000000000,0.0000000000,0.0000000000,0.0000000000,0.0000000000
0.0200000000,0.2294914882,0.2409130049,0.5444060201,-0.0231903451,-0.0345974223,-0.0271918750,0.2663516310,-0.2332204353,0.5789145351,0.0425308405,-0.2225226227,0.0236955681,0.0201329766,0.0000000000,0.5214482558,-0.0000000000,0.0872664626,-0.0000000000,1.0000000000,1.0000000000,0.0000000000,0.0000000000,0.0000000000,0.0000000000
0.0200000000,0.2293117755,0.2411416975,0.5440440964,-0.0226187684,-0.0326595896,-0.0265855547,0.2638830662,-0.2320345018,0.5781147781,0.0448510714,-0.2205449086,0.0277295053,0.0201329766,0.0000000000,0.5214482558,-0.0000000000,0.0872664626,-0.0000000000,1.0000000000,1.0000000000,0.0000000000,0.0000000000,0.0000000000,0.0000000000
0.0200000000,0.2291362132,0.2413289085,0.5437100980,-0.0221346709,-0.0308698301,-0.0260870587,0.2614203207,-0.2308539942,0.5772295374,0.0471090813,-0.2179721078,0.0317348954,0.0201329766,0.0000000000,0.5214482558,-0.0000000000,0.0872664626,-0.0000000000,1.0000000000,1.0000000000,0.0000000000,0.0000000000,0.0000000000,0.0000000000
0.0200000000,0.2289741757,0.2414666854,0.5434228428,-0.0217623247,-0.0293293934,-0.0257182663,0.2590126556,-0.2296769595,0.5762739421,0.0492871962,-0.2148371596,0.0356947752,0.0201329766,0.0000000000,0.5214482558,-0.0000000000,0.0872664626,-0.0000000000,1.0000000000,1.0000000000,0.0000000000,0.0000000000,0.0000000000,0.0000000000
0.0200000000,0.2288289128,0.2415549799,0.5431936546,-0.0215098183,-0.0281004349,-0.0254828607,0.2566602037,-0.2284733179,0.5752531281,0.0514217653,-0.2111666392,0.0396890749,0.0201329766,0.0000000000,0.5214482558,-0.0000000000,0.0872664626,-0.0000000000,1.0000000000,1.0000000000,0.0000000000,0.0000000000,0.0000000000,0.0000000000
0.0200000000,0.2286986310,0.2415964977,0.5430351661,-0.0213839858,-0.0272537960,-0.0253817962,0.2543469379,-0.2271917435,0.5741683295,0.0535805844,-0.2069747554,0.0438615788,0.0201329766,0.0000000000,0.5214482558,-0.0000000000,0.0872664626,-0.0000000000,1.0000000000,1.0000000000,0.0000000000,0.0000000000,0.0000000000,0.0000000000
0.0200000000,0.2285755935,0.2415990853,0.5429558273,-0.0213824597,-0.0268390744,-0.0254055220,0.2520554253,-0.2257779684,0.5730347693,0.0558519015,-0.2023478677,0.0483649714,0.0201329766,0.0000000000,0.5214482558,-0.0000000000,0.0872664626,-0.0000000000,1.0000000000,1.0000000000,0.0000000000,0.0000000000,0.0000000000,0.0000000000
0.0200000000,0.2284492313,0.2415734811,0.5429504052,-0.0214883151,-0.0268311439,-0.0255328822,0.2497610858,-0.2241977375,0.5718781975,0.0583194818,-0.1974356479,0.0533037611,0.0201329766,0.0000000000,0.5214482558,-0.0000000000,0.0872664626,-0.0000000000,1.0000000000,1.0000000000,0.0000000000,0.0000000000,0.0000000000,0.0000000000
0.0200000000,0.2283130199,0.2415250492,0.5430107398,-0.0216892452,-0.0271872490,-0.0257514031,0.2474509899,-0.2224311107,0.5707290952,0.0610457816,-0.1924048188,0.0587434908,0.0201329766,0.0000000000,0.5214482558,-0.0000000000,0.0872664626,-0.0000000000,1.0000000000,1.0000000000,0.0000000000,0.0000000000,0.0000000000,0.0000000000
0.0200000000,0.2281707995,0.2414556839,0.5431192950,-0.0219663858,-0.0278100766,-0.0260457744,0.2451570864,-0.2205117133,0.5696400357,0.0640186692,-0.1875248395,0.0645925334,0.0201329766,0.0000000000,0.5214482558,-0.0000000000,0.0872664626,-0.0000000000,1.0000000000,1.0000000000,0.0000000000,0.0000000000,0.0000000000,0.0000000000
0.0200000000,0.2280411228,0.2413635223,0.5432485035,-0.0222921940,-0.0285432073,-0.0263956895,0.2429759727,-0.2185404998,0.5686863585,0.0671130597,-0.1831766801,0.0705600324,0.0201329766,0.0000000000,0.5214482558,-0.0000000000,0.0872664626,-0.0000000000,1.0000000000,1.0000000000,0.0000000000,0.0000000000,0.0000000000,0.0000000000
0.0200000000,0.2279499006,0.2412471011,0.5433628390,-0.0226284324,-0.0291843580,-0.0267719597,0.2410098914,-0.2166544440,0.5679200704,0.0701303693,-0.1796411093,0.0762532722,0.0201329766,0.0000000000,0.5214482558,-0.0000000000,0.0872664626,-0.0000000000,1.0000000000,1.0000000000,0.0000000000,0.0000000000,0.0000000000,0.0000000000
0.0200000000,0.2279101515,0.2411066435,0.5434382231,-0.0229489405,-0.0295971819,-0.0271553208,0.2392810143,-0.2149259259,0.5673294964,0.0729506062,-0.1768928525,0.0814704311,0.0201329766,0.0000000000,0.5214482558,-0.0000000000,0.0872664626,-0.0000000000,1.0000000000,1.0000000000,0.0000000000,0.0000000000,0.0000000000,0.0000000000
0.0200000000,0.2279234769,0.2409401167,0.5434613674,-0.0232450378,-0.0297071754,-0.0275443715,0.2377750222,-0.2133696454,0.5668840771,0.0755309462,-0.1748060507,0.0861751987,0.0201329766,0.0000000000,0.5214482558,-0.0000000000,0.0872664626,-0.0000000000,1.0000000000,1.0000000000,0.0000000000,0.0000000000,0.0000000000,0.0000000000
0.0200000000,0.2279797059,0.2407443226,0.5434247618,-0.0235199985,-0.0294741633,-0.0279506931,0.2364536267,-0.2119641196,0.5665451616,0.0778859350,-0.1732054000,0.0904341240,0.0201329766,0.0000000000,0.5214482558,-0.0000000000,0.0872664626,-0.0000000000,1.0000000000,1.0000000000,0.0000000000,0.0000000000,0.0000000000,0.0000000000
0.0200000000,0.2280607387,0.2405114949,0.5433162161,-0.0237844538,-0.0288334369,-0.0283998767,0.2352821911,-0.2106761450,0.5662817187,0.0800501923,-0.1719443673,0.0943438479,0.0201329766,0.0000000000,0.5214482558,-0.0000000000,0.0872664626,-0.0000000000,1.0000000000,1.0000000000,0.0000000000,0.0000000000,0.0000000000,0.0000000000
0.0200000000,0.2281380503,0.2402402820,0.5431309363,-0.0240492642,-0.0277641633,-0.0289121867,0.2342318146,-0.2094688627,0.5660688247,0.0820699970,-0.1708995694,0.0980042239,0.0201329766,0.0000000000,0.5214482558,-0.0000000000,0.0872664626,-0.0000000000,1.0000000000,1.0000000000,0.0000000000,0.0000000000,0.0000000000,0.0000000000
0.0200000000,0.2281828201,0.2399498319,0.5428895189,-0.0243123322,-0.0263879805,-0.0294702373,0.2333006598,-0.2083347427,0.5658929805,0.0839514475,-0.1700026518,0.1014226783,0.0201329766,0.0000000000,0.5214482558,-0.0000000000,0.0872664626,-0.0000000000,1.0000000000,1.0000000000,0.0000000000,0.0000000000,0.0000000000,0.0000000000
0.0200000000,0.2281757298,0.2396710809,0.5426273182,-0.0245600029,-0.0249071944,-0.0300287733,0.2325207672,-0.2073024975,0.5657536027,0.0856405708,-0.1692525176,0.1044988670,0.0201329766,0.0000000000,0.5214482558,-0.0000000000,0.0872664626,-0.0000000000,1.0000000000,1.0000000000,0.0000000000,0.0000000000,0.0000000000,0.0000000000
0.0200000000,0.2281169035,0.2394349624,0.5423866890,-0.0247758916,-0.0235587356,-0.0305324993,0.2319186151,-0.2064006666,0.5656547589,0.0870862259,-0.1686778262,0.1071407827,0.0201329766,0.0000000000,0.5214482558,-0.0000000000,0.0872664626,-0.0000000000,1.0000000000,1.0000000000,0.0000000000,0.0000000000,0.0000000000,0.0000000000
0.0200000000,0.2280269897,0.2392629216,0.5422037126,-0.0249449551,-0.0225396878,-0.0309321982,0.2315053527,-0.2056414607,0.5656069387,0.0882691331,-0.1683443684,0.1093121913,0.0201329766,0.0000000000,0.5214482558,-0.0000000000,0.0872664626,-0.0000000000,1.0000000000,1.0000000000,0.0000000000,0.0000000000,0.0000000000,0.0000000000
0.0200000000,0.2279403532,0.2391548718,0.5420893013,-0.0250614888,-0.0219039536,-0.0312088419,0.2312567583,-0.2050042781,0.5656232486,0.0892392977,-0.1683342356,0.1110821305,0.0201329766,0.0000000000,0.5214482558,-0.0000000000,0.0872664626,-0.0000000000,1.0000000000,1.0000000000,0.0000000000,0.0000000000,0.0000000000,0.0000000000
0.0200000000,0.2278786360,0.2390945036,0.5420282037,-0.0251318999,-0.0215632296,-0.0313777650,0.2311318917,-0.2044554307,0.5657127063,0.0900751876,-0.1687060399,0.1125608932,0.0201329766,0.0000000000,0.5214482558,-0.0000000000,0.0872664626,-0.0000000000,1.0000000000,1.0000000000,0.0000000000,0.0000000000,0.0000000000,0.0000000000
0.0200000000,0.2278457210,0.2390669730,0.5420023014,-0.0251659292,-0.0214173211,-0.0314613899,0.2311060187,-0.2039759620,0.5658833971,0.0908254235,-0.1695095100,0.1138115240,0.0201329766,0.0000000000,0.5214482558,-0.0000000000,0.0872664626,-0.0000000000,1.0000000000,1.0000000000,0.0000000000,0.0000000000,0.0000000000,0.0000000000
0.0200000000,0.2278334766,0.2390577242,0.5419943205,-0.0251777677,-0.0213716252,-0.0314915774,0.2311572113,-0.2035546377,0.5661295469,0.0915139651,-0.1707181218,0.1148753412,0.0201329766,0.0000000000,0.5214482558,-0.0000000000,0.0872664626,-0.0000000000,1.0000000000,1.0000000000,0.0000000000,0.0000000000,0.0000000000,0.0000000000
0.0200000000,0.2278309734,0.2390559628,0.5419929316,-0.0251800564,-0.0213634934,-0.0314977037,0.2312665088,-0.2031974461,0.5664201183,0.0921171812,-0.1721696831,0.1157476373,0.0201329766,0.0000000000,0.5214482558,-0.0000000000,0.0872664626,-0.0000000000,1.0000000000,1.0000000000,0.0000000000,0.0000000000,0.0000000000,0.0000000000
0.0200000000,0.2278307760,0.2390558317,0.5419928377,-0.0251802263,-0.0213629263,-0.0314981893,0.2314068624,-0.2029246635,0.5666835686,0.0925622234,-0.1734858787,0.1163906987,0.0201329766,0.0000000000,0.5214482558,-0.0000000000,0.0872664626,-0.0000000000,1.0000000000,1.0000000000,0.0000000000,0.0000000000,0.0000000000,0.0000000000
0.0200000000,0.2278307770,0.2390558327,0.5419928389,-0.0251802249,-0.0213629322,-0.0314981869,0.2315511716,-0.2027533538,0.5668461001,0.0927797678,-0.1742751999,0.1167742069,0.0201329766,0.0000000000,0.5214482558,-0.0000000000,0.0872664626,-0.0000000000,1.0000000000,1.0000000000,0.0000000000,0.0000000000,0.0000000000,0.0000000000
0.0200000000,0.2278307781,0.2390558335,0.5419928394,-0.0251802239,-0.0213629355,-0.0314981841,0.2316826972,-0.2026960701,0.5668542513,0.0927186269,-0.1742531556,0.1168730457,0.0201329766,0.0000000000,0.5214482558,-0.0000000000,0.0872664626,-0.0000000000,1.0000000000,1.0000000000,0.0000000000,0.0000000000,0.0000000000,0.0000000000
0.0200000000,0.2278307781,0.2390558335,0.5419928394,-0.0251802239,-0.0213629355,-0.0314981841,0.2317945193,-0.2027526901,0.5666825972,0.0923630537,-0.1732818911,0.1166879990,0.0201329766,0.0000000000,0.5214482558,-0.0000000000,0.0872664626,-0.0000000000,1.0000000000,1.0000000000,0.0000000000,0.0000000000,0.0000000000,0.0000000000
0.0200000000,0.2278307781,0.2390558335,0.5419928394,-0.0251802239,-0.0213629355,-0.0314981841,0.2318858274,-0.2029179087,0.5663234776,0.0917161259,-0.1713170825,0.1162287469,0.0201329766,0.0000000000,0.5214482558,-0.0000000000,0.0872664626,-0.0000000000,1.0000000000,1.0000000000,0.0000000000,0.0000000000,0.0000000000,0.0000000000
0.0200000000,0.2278307781,0.2390558335,0.5419928394,-0.0251802239,-0.0213629355,-0.0314981841,0.2319592748,-0.2031647647,0.5658183138,0.0908505723,-0.1685769376,0.1155599201,0.0201329766,0.0000000000,0.5214482558,-0.0000000000,0.0872664626,-0.0000000000,1.0000000000,1.0000000000,0.0000000000,0.0000000000,0.0000000000,0.0000000000
0.0200000000,0.2278307781,0.2390558335,0.5419928394,-0.0251802239,-0.0213629355,-0.0314981841,0.2320185567,-0.2034550415,0.5652372149,0.0898776183,-0.1654344518,0.1147772923,0.0201329766,0.0000000000,0.5214482558,-0.0000000000,0.0872664626,-0.0000000000,1.0000000000,1.0000000000,0.0000000000,0.0000000000,0.0000000000,0.0000000000
0.0200000000,0.2278307781,0.2390558335,0.5419928394,-0.0251802239,-0.0213629355,-0.0314981841,0.2320672467,-0.2037695080,0.5646157585,0.0888521103,-0.1620782724,0.1139279915,0.0201329766,0.0000000000,0.5214482558,-0.0000000000,0.0872664626,-0.0000000000,1.0000000000,1.0000000000,0.0000000000,0.0000000000,0.0000000000,0.0000000000
0.0200000000,0.2278307781,0.2390558335,0.5419928394,-0.0251802239,-0.0213629355,-0.0314981841,0.2321098327,-0.2041104074,0.5639473362,0.0877613489,-0.1584705704,0.1130023838,0.0201329766,0.0000000000,0.5214482558,-0.0000000000,0.0872664626,-0.0000000000,1.0000000000,1.0000000000,0.0000000000,0.0000000000,0.0000000000,0.0000000000
0.0200000000,0.2278307791,0.2390558369,0.5419928399,-0.0251802194,-0.0213629400,-0.0314981740,0.2321503649,-0.2044909572,0.5632045428,0.0865602730,-0.1544619663,0.1119610546,0.0201329766,0.0000000000,0.5214482558,-0.0000000000,0.0872664626,-0.0000000000,1.0000000000,1.0000000000,0.0000000000,0.0000000000,0.0000000000,0.0000000000
0.0200000000,0.2278307287,0.2390556516,0.5419928122,-0.0251804628,-0.0213626974,-0.0314987247,0.2321920907,-0.2049099153,0.5623897225,0.0852503622,-0.1500631904,0.1108034355,0.0201329766,0.0000000000,0.5214482558,-0.0000000000,0.0872664626,-0.0000000000,1.0000000000,1.0000000000,0.0000000000,0.0000000000,0.0000000000,0.0000000000
0.0200000000,0.2278303307,0.2390541968,0.5419925951,-0.0251823737,-0.0213607962,-0.0315030514,0.2322367055,-0.2053553045,0.5615277608,0.0838682055,-0.1454070902,0.1095597488,0.0201329766,0.0000000000,0.5214482558,-0.0000000000,0.0872664626,-0.0000000000,1.0000000000,1.0000000000,0.0000000000,0.0000000000,0.0000000000,0.0000000000
0.0200000000,0.2278291051,0.2390496458,0.5419919101,-0.0251883446,-0.0213548201,-0.0315165619,0.2322851253,-0.2058201808,0.5606331195,0.0824352917,-0.1405708504,0.1082472417,0.0201329766,0.0000000000,0.5214482558,-0.0000000000,0.0872664626,-0.0000000000,1.0000000000,1.0000000000,0.0000000000,0.0000000000,0.0000000000,0.0000000000
0.0200000000,0.2278271617,0.2390413799,0.5419905787,-0.0251990870,-0.0213435476,-0.0315407413,0.2323376898,-0.2062980591,0.5597178084,0.0809706957,-0.1356185998,0.1068825023,0.0201329766,0.0000000000,0.5214482558,-0.0000000000,0.0872664626,-0.0000000000,1.0000000000,1.0000000000,0.0000000000,0.0000000000,0.0000000000,0.0000000000
0.0200000000,0.2278258655,0.2390299602,0.5419883126,-0.0252134159,-0.0213259217,-0.0315723936,0.2323949468,-0.2067827181,0.5587938271,0.0794934984,-0.1306144767,0.1054812550,0.0201329766,0.0000000000,0.5214482558,-0.0000000000,0.0872664626,-0.0000000000,1.0000000000,1.0000000000,0.0000000000,0.0000000000,0.0000000000,0.0000000000
0.0200000000,0.2278265691,0.2390147565,0.5419845633,-0.0252315455,-0.0212988684,-0.0316115590,0.2324568141,-0.2072705359,0.5578689732,0.0780152486,-0.1256006361,0.1040536988,0.0201329766,0.0000000000,0.5214482558,-0.0000000000,0.0872664626,-0.0000000000,1.0000000000,1.0000000000,0.0000000000,0.0000000000,0.0000000000,0.0000000000
0.0200000000,0.2278289650,0.2389954489,0.5419793305,-0.0252538659,-0.0212620780,-0.0316595836,0.2325233332,-0.2077621861,0.5569409653,0.0765317864,-0.1205648628,0.1025986782,0.0201329766,0.0000000000,0.5214482558,-0.0000000000,0.0872664626,-0.0000000000,1.0000000000,1.0000000000,0.0000000000,0.0000000000,0.0000000000,0.0000000000
0.0200000000,0.2278322935,0.2389724349,0.5419726658,-0.0252800986,-0.0212160436,-0.0317160587,0.2325970657,-0.2082664976,0.5559931040,0.0750132681,-0.1154165063,0.1010905617,0.0201329766,0.0000000000,0.5214482558,-0.0000000000,0.0872664626,-0.0000000000,1.0000000000,1.0000000000,0.0000000000,0.0000000000,0.0000000000,0.0000000000
0.0200000000,0.2278361894,0.2389440213,0.5419636456,-0.0253123265,-0.0211554293,-0.0317850462,0.2326827431,-0.2088020503,0.5549945217,0.0734017899,-0.1099883113,0.0994755617,0.0201329766,0.0000000000,0.5214482558,-0.0000000000,0.0872664626,-0.0000000000,1.0000000000,1.0000000000,0.0000000000,0.0000000000,0.0000000000,0.0000000000
0.0200000000,0.2278406615,0.2389069869,0.5419508181,-0.0253539706,-0.0210710391,-0.0318745701,0.2327865467,-0.2093876775,0.5539147456,0.0716390228,-0.1041142608,0.0976963915,0.0201329766,0.0000000000,0.5214482558,-0.0000000000,0.0872664626,-0.0000000000,1.0000000000,1.0000000000,0.0000000000,0.0000000000,0.0000000000,0.0000000000
0.0200000000,0.2278454954,0.2388616179,0.5419340285,-0.0254043306,-0.0209618968,-0.0319842854,0.2329116088,-0.2100251036,0.5527516660,0.0697181354,-0.0977812979,0.0957435465,0.0201329766,0.0000000000,0.5214482558,-0.0000000000,0.0872664626,-0.0000000000,1.0000000000,1.0000000000,0.0000000000,0.0000000000,0.0000000000,0.0000000000
0.0200000000,0.2278504520,0.2388078017,0.5419127216,-0.0254640614,-0.0208259745,-0.0321132778,0.2330608502,-0.2107164933,0.5515052342,0.0676327231,-0.0909879902,0.0936075535,0.0201329766,0.0000000000,0.5214482558,-0.0000000000,0.0872664626,-0.0000000000,1.0000000000,0.9787886931,0.0000000000,0.0000000000,0.0000000000,0.0000000000
0.0200000000,0.2278555370,0.2387420567,0.5418849717,-0.0255380112,-0.0206530787,-0.0322681254,0.2332406347,-0.2114739187,0.5501608575,0.0653472998,-0.0836535558,0.0912485580,0.0201329766,0.0000000000,0.5214482558,-0.0000000000,0.0872664626,-0.0000000000,1.0000000000,0.9186338001,0.0000000000,0.0000000000,0.0000000000,0.0000000000
0.0200000000,0.2278603092,0.2386636314,0.5418502082,-0.0256273283,-0.0204403039,-0.0324504355,0.2334526750,-0.2122887291,0.5487377929,0.0628907780,-0.0758802192,0.0886857802,0.0201329766,0.0000000000,0.5214482558,-0.0000000000,0.0872664626,-0.0000000000,1.0000000000,0.8519671334,0.0000000000,0.0000000000,0.0000000000,0.0000000000
0.0200000000,0.2278631302,0.2385760531,0.5418095074,-0.0257276784,-0.0201942182,-0.0326535146,0.2336943060,-0.2131230404,0.5473052107,0.0603836038,-0.0680409933,0.0860242329,0.0201329766,0.0000000000,0.5214482558,-0.0000000000,0.0872664626,-0.0000000000,1.0000000000,0.7853004668,0.0000000000,0.0000000000,0.0000000000,0.0000000000
0.0200000000,0.2278623845,0.2384843954,0.5417647923,-0.0258328478,-0.0199261963,-0.0328673413,0.2339571307,-0.2139369675,0.5459338544,0.0579539059,-0.0605204465,0.0833831687,0.0201329766,0.0000000000,0.5214482558,-0.0000000000,0.0872664626,-0.0000000000,1.0000000000,0.7186338001,0.0000000000,0.0000000000,0.0000000000,0.0000000000
0.0200000000,0.2278577728,0.2383925221,0.5417179956,-0.0259381072,-0.0196473218,-0.0330838071,0.2342303707,-0.2147115633,0.5446524801,0.0556622885,-0.0534775506,0.0808265181,0.0201329766,0.0000000000,0.5214482558,-0.0000000000,0.0872664626,-0.0000000000,1.0000000000,0.6519671334,0.0000000000,0.0000000000,0.0000000000,0.0000000000
0.0200000000,0.2278488168,0.2383038030,0.5416706677,-0.0260393267,-0.0193665775,-0.0332959217,0.2345046456,-0.2154279878,0.5434903239,0.0535694511,-0.0470739467,0.0784182094,0.0201329766,0.0000000000,0.5214482558,-0.0000000000,0.0872664626,-0.0000000000,1.0000000000,0.5853004668,0.0000000000,0.0000000000,0.0000000000,0.0000000000
0.0200000000,0.2278350818,0.2382203883,0.5416237456,-0.0261339197,-0.0190894609,-0.0334992518,0.2347730581,-0.2160737057,0.5424679227,0.0517168991,-0.0414242741,0.0762044826,0.0201329766,0.0000000000,0.5214482558,-0.0000000000,0.0872664626,-0.0000000000,1.0000000000,0.5186338001,0.0000000000,0.0000000000,0.0000000000,0.0000000000
0.0200000000,0.2278171159,0.2381419759,0.5415773813,-0.0262223120,-0.0188167099,-0.0336941594,0.2350351060,-0.2166570893,0.5415680338,0.0500758271,-0.0364369533,0.0741663897,0.0201329766,0.0000000000,0.5214482558,-0.0000000000,0.0872664626,-0.0000000000,1.0000000000,0.4519671334,0.0000000000,0.0000000000,0.0000000000,0.0000000000
0.0200000000,0.2277964769,0.2380663733,0.5415312391,-0.0263072317,-0.0185459732,-0.0338845789,0.2352968450,-0.2172069412,0.5407375002,0.0485497489,-0.0318231744,0.0722190276,0.0201329766,0.0000000000,0.5214482558,-0.0000000000,0.0872664626,-0.0000000000,1.0000000000,0.3853004668,0.0000000000,0.0000000000,0.0000000000,0.0000000000
0.0200000000,0.2277735628,0.2379925403,0.5414850174,-0.0263900232,-0.0182754199,-0.0340725293,0.2355642041,-0.2177382712,0.5399539686,0.0470918453,-0.0274606752,0.0703175915,0.0201329766,0.0000000000,0.5214482558,-0.0000000000,0.0872664626,-0.0000000000,1.0000000000,0.3186338001,0.0000000000,0.0000000000,0.0000000000,0.0000000000
0.0200000000,0.2277479190,0.2379205894,0.5414385954,-0.0264706253,-0.0180044988,-0.0342579769,0.2358398740,-0.2182514482,0.5392222084,0.0457043483,-0.0233752015,0.0684623741,0.0201329766,0.0000000000,0.5214482558,-0.0000000000,0.0872664626,-0.0000000000,1.0000000000,0.2519671334,0.0000000000,0.0000000000,0.0000000000,0.0000000000
0.0200000000,0.2277197943,0.2378503439,0.5413920016,-0.0265492653,-0.0177333106,-0.0344411587,0.2361231716,-0.2187487370,0.5385365589,0.0443788046,-0.0195364508,0.0666481784,0.0201329766,0.0000000000,0.5214482558,-0.0000000000,0.0872664626,-0.0000000000,1.0000000000,0.1853004668,0.0000000000,0.0000000000,0.0000000000,0.0000000000
0.0200000000,0.2276897795,0.2377816451,0.5413454291,-0.0266261097,-0.0174627985,-0.0346221220,0.2364131691,-0.2192343197,0.5378849292,0.0430978422,-0.0158790736,0.0648630280,0.0201329766,0.0000000000,0.5214482558,-0.0000000000,0.0872664626,-0.0000000000,1.0000000000,0.1186338001,0.0000000000,0.0000000000,0.0000000000,0.0000000000
0.0200000000,0.2276575091,0.2377154452,0.5412992725,-0.0267000660,-0.0171953147,-0.0347990216,0.2367112053,-0.2197077685,0.5372718046,0.0418654195,-0.0124273521,0.0631096155,0.0201329766,0.0000000000,0.5214482558,-0.0000000000,0.0872664626,-0.0000000000,1.0000000000,0.0520077943,0.0000000000,0.0000000000,0.0000000000,0.0000000000
0.0200000000,0.2276219725,0.2376530809,0.5412538646,-0.0267696518,-0.0169330384,-0.0349694972,0.2370192537,-0.2201650958,0.5367131685,0.0407014583,-0.0092681073,0.0614027884,0.0201329766,0.0000000000,0.5214482558,-0.0000000000,0.0872664626,-0.0000000000,1.0000000000,0.0066232939,0.0000000000,0.0000000000,0.0000000000,0.0000000000
0.0200000000,0.2275830111,0.2375946738,0.5412092290,-0.0268347874,-0.0166761663,-0.0351333382,0.2373372112,-0.2206062737,0.5362104625,0.0396072518,-0.0064095032,0.0597446620,0.0201329766,0.0000000000,0.5214482558,-0.0000000000,0.0872664626,-0.0000000000,1.0000000000,0.0000000000,0.0000000000,0.0000000000,0.0000000000,0.0000000000
0.0200000000,0.2275415516,0.2375387221,0.5411649483,-0.0268972567,-0.0164220835,-0.0352932407,0.2376646136,-0.2210386509,0.5357448875,0.0385541290,-0.0037492906,0.0581124520,0.0201329766,0.0000000000,0.5214482558,-0.0000000000,0.0872664626,-0.0000000000,1.0000000000,0.0000000000,0.0000000000,0.0000000000,0.0000000000,0.0000000000
0.0200000000,0.2274976355,0.2374833666,0.5411200668,-0.0269593930,-0.0161653443,-0.0354531296,0.2380124959,-0.2214750912,0.5353020794,0.0375024449,-0.0012063908,0.0564633175,0.0201329766,0.0000000000,0.5214482558,-0.0000000000,0.0872664626,-0.0000000000,1.0000000000,0.0000000000,0.0000000000,0.0000000000,0.0000000000,0.0000000000
0.0200000000,0.2274497754,0.2374274089,0.5410733971,-0.0270229128,-0.0158995687,-0.0356163305,0.2384031516,-0.2219295082,0.5348847338,0.0364212431,0.0012106554,0.0547495341,0.0201329766,0.0000000000,0.5214482558,-0.0000000000,0.0872664626,-0.0000000000,1.0000000000,0.0000000000,0.0000000000,0.0000000000,0.0000000000,0.0000000000
0.0200000000,0.2273974871,0.2373708049,0.5410247482,-0.0270879492,-0.0156237694,-0.0357832056,0.2388475305,-0.2224064473,0.5344992501,0.0353044903,0.0034709651,0.0529546899,0.0201329766,0.0000000000,0.5214482558,-0.0000000000,0.0872664626,-0.0000000000,1.0000000000,0.0000000000,0.0000000000,0.0000000000,0.0000000000,0.0000000000
0.0200000000,0.2273419525,0.2373144848,0.5409750690,-0.0271531760,-0.0153430272,-0.0359511768,0.2393511240,-0.2229041357,0.5341549842,0.0341615472,0.0055265863,0.0510827844,0.0201329766,0.0000000000,0.5214482558,-0.0000000000,0.0872664626,-0.0000000000,1.0000000000,0.0000000000,0.0000000000,0.0000000000,0.0000000000,0.0000000000
0.0200000000,0.2272850072,0.2372600846,0.5409259190,-0.0272162887,-0.0150657424,-0.0361158116,0.2399285826,-0.2234204453,0.5338731790,0.0330086572,0.0072679703,0.0491369825,0.0201329766,0.0000000000,0.5214482558,-0.0000000000,0.0872664626,-0.0000000000,1.0000000000,0.0000000000,0.0000000000,0.0000000000,0.0000000000,0.0000000000
0.0200000000,0.2272285833,0.2372095766,0.5408790510,-0.0272745446,-0.0148014268,-0.0362718790,0.2406075289,-0.2239506100,0.5336926227,0.0318759524,0.0084951363,0.0471247029,0.0201329766,0.0000000000,0.5214482558,-0.0000000000,0.0872664626,-0.0000000000,1.0000000000,0.0000000000,0.0000000000,0.0000000000,0.0000000000,0.0000000000
0.0200000000,0.2271756070,0.2371640463,0.5408360857,-0.0273261431,-0.0145585921,-0.0364154806,0.2413908906,-0.2244735262,0.5336415307,0.0308232250,0.0090606090,0.0451054516,0.0201329766,0.0000000000,0.5214482558,-0.0000000000,0.0872664626,-0.0000000000,1.0000000000,0.0000000000,0.0000000000,0.0000000000,0.0000000000,0.0000000000
0.0200000000,0.2271293912,0.2371231279,0.5407980464,-0.0273710573,-0.0143422348,-0.0365456132,0.2422577589,-0.2249618729,0.5337254447,0.0299110647,0.0089334613,0.0431615309,0.0201329766,0.0000000000,0.5214482558,-0.0000000000,0.0872664626,-0.0000000000,1.0000000000,0.0000000000,0.0000000000,0.0000000000,0.0000000000,0.0000000000
0.0200000000,0.2270932020,0.2370855736,0.5407655103,-0.0274103996,-0.0141548271,-0.0366631887,0.2431963419,-0.2253940529,0.5339476596,0.0291830033,0.0080974470,0.0413543566,0.0201329766,0.0000000000,0.5214482558,-0.0000000000,0.0872664626,-0.0000000000,1.0000000000,0.0000000000,0.0000000000,0.0000000000,0.0000000000,0.0000000000
0.0200000000,0.2270693224,0.2370491050,0.5407380156,-0.0274466045,-0.0139931824,-0.0367717778,0.2442212265,-0.2257617334,0.5343118499,0.0286483208,0.0065443242,0.0396942136,0.0201329766,0.0000000000,0.5214482558,-0.0000000000,0.0872664626,-0.0000000000,1.0000000000,0.0000000000,0.0000000000,0.0000000000,0.0000000000,0.0000000000
0.0200000000,0.2270595826,0.2370105542,0.5407139454,-0.0274828642,-0.0138477294,-0.0368768465,0.2454137410,-0.2260687600,0.5348458753,0.0282876532,0.0041653437,0.0381212873,0.0201329766,0.0000000000,0.5214482558,-0.0000000000,0.0872664626,-0.0000000000,1.0000000000,0.0000000000,0.0000000000,0.0000000000,0.0000000000,0.0000000000
0.0200000000,0.2270633037,0.2369696957,0.5406918546,-0.0275193469,-0.0137111059,-0.0369778387,0.2467868020,-0.2263138801,0.5355198563,0.0280661378,0.0011434191,0.0366173343,0.0201329766,0.0000000000,0.5214482558,-0.0000000000,0.0872664626,-0.0000000000,1.0000000000,0.0000000000,0.0000000000,0.0000000000,0.0000000000,0.0000000000
0.0200000000,0.2270780611,0.2369266515,0.5406698162,-0.0275551914,-0.0135729743,-0.0370755065,0.2483436461,-0.2265045319,0.5362909933,0.0279495845,-0.0022671608,0.0351270901,0.0201329766,0.0000000000,0.5214482558,-0.0000000000,0.0872664626,-0.0000000000,1.0000000000,0.0000000000,0.0000000000,0.0000000000,0.0000000000,0.0000000000
0.0200000000,0.2271018911,0.2368825912,0.5406465376,-0.0275880093,-0.0134264563,-0.0371681929,0.2500642869,-0.2266456756,0.5371158307,0.0279181653,-0.0058197187,0.0336192196,0.0201329766,0.0000000000,0.5214482558,-0.0000000000,0.0872664626,-0.0000000000,1.0000000000,0.0000000000,0.0000000000,0.0000000000,0.0000000000,0.0000000000
0.0200000000,0.2271308060,0.2368415799,0.5406223622,-0.0276134817,-0.0132749245,-0.0372486146,0.2518139184,-0.2267427524,0.5379071792,0.0279372898,-0.0091035389,0.0321557058,0.0201329766,0.0000000000,0.5214482558,-0.0000000000,0.0872664626,-0.0000000000,1.0000000000,0.0000000000,0.0000000000,0.0000000000,0.0000000000,0.0000000000
0.0200000000,0.2271613526,0.2368060050,0.5405971527,-0.0276291575,-0.0131185801,-0.0373133116,0.2535102687,-0.2268121786,0.5386130258,0.0279555010,-0.0118888362,0.0307545699,0.0201329766,0.0000000000,0.5214482558,-0.0000000000,0.0872664626,-0.0000000000,1.0000000000,0.0000000000,0.0000000000,0.0000000000,0.0000000000,0.0000000000
0.0200000000,0.2271934483,0.2367739392,0.5405690705,-0.0276360254,-0.0129464484,-0.0373671360,0.2552256881,-0.2268775849,0.5392628504,0.0279306905,-0.0142986860,0.0293171045,0.0201329766,0.0000000000,0.5214482558,-0.0000000000,0.0872664626,-0.0000000000,1.0000000000,0.0000000000,0.0000000000,0.0000000000,0.0000000000,0.0000000000
0.0200000000,0.2272309534,0.2367418795,0.5405342930,-0.0276338804,-0.0127353032,-0.0374156238,0.2571390676,-0.2269568796,0.5399160620,0.0278351278,-0.0165312506,0.0276657074,0.0201329766,0.0000000000,0.5214482558,-0.0000000000,0.0872664626,-0.0000000000,1.0000000000,0.0000000000,0.0000000000,0.0000000000,0.0000000000,0.0000000000
0.0200000000,0.2272758567,0.2367093346,0.5404909164,-0.0276207582,-0.0124738573,-0.0374581452,0.2592779243,-0.2270630371,0.5405667809,0.0276396873,-0.0185158319,0.0257411482,0.0201329766,0.0000000000,0.5214482558,-0.0000000000,0.0872664626,-0.0000000000,1.0000000000,0.0000000000,0.0000000000,0.0000000000,0.0000000000,0.0000000000
0.0200000000,0.2273262954,0.2366783944,0.5404411689,-0.0275967253,-0.0121756578,-0.0374908135,0.2614697587,-0.2271998564,0.5411529636,0.0273365068,-0.0200286969,0.0236648386,0.0201329766,0.0000000000,0.5214482558,-0.0000000000,0.0872664626,0.0000000000,1.0000000000,0.0000000000,0.0000000000,0.0000000000,0.0000000000,0.0000000000
0.0200000000,0.2273823832,0.2366487919,0.5403862451,-0.0275635489,-0.0118474845,-0.0375141931,0.2636464632,-0.2273707946,0.5416611289,0.0269301231,-0.0210511668,0.0214848108,0.0201329766,0.0000000000,0.5214482558,-0.0000000000,0.0872664626,0.0000000000,1.0000000000,0.0000000000,0.0000000000,0.0000000000,0.0000000000,0.0000000000
0.0200000000,0.2274435549,0.2366199593,0.5403298277,-0.0275256772,-0.0115098448,-0.0375313812,0.2657146807,-0.2275629131,0.5420931476,0.0264770112,-0.0216753679,0.0193104304,0.0201329766,0.0000000000,0.5214482558,-0.0000000000,0.0872664626,-0.0000000000,1.0000000000,0.0000000000,0.0000000000,0.0000000000,0.0000000000,0.0000000000
0.0200000000,0.2275088076,0.2365915745,0.5402755150,-0.0274871282,-0.0111828061,-0.0375453614,0.2676017263,-0.2277593899,0.5424552462,0.0260353682,-0.0220099460,0.0172438206,0.0201329766,0.0000000000,0.5214482558,-0.0000000000,0.0872664626,-0.0000000000,1.0000000000,0.0000000000,0.0000000000,0.0000000000,0.0000000000,0.0000000000
0.0200000000,0.2275777059,0.2365631704,0.5402242542,-0.0274496748,-0.0108716300,-0.0375579552,0.2693111988,-0.2279538869,0.5427605571,0.0256217657,-0.0221413811,0.0153041624,0.0201329766,0.0000000000,0.5214482558,-0.0000000000,0.0872664626,-0.0000000000,1.0000000000,0.0000000000,0.0000000000,0.0000000000,0.0000000000,0.0000000000
0.0200000000,0.2276505908,0.2365339673,0.5401753439,-0.0274139087,-0.0105723044,-0.0375704370,0.2708895471,-0.2281474065,0.5430272892,0.0252289670,-0.0221412689,0.0134608168,0.0201329766,0.0000000000,0.5214482558,-0.0000000000,0.0872664626,-0.0000000000,1.0000000000,0.0000000000,0.0000000000,0.0000000000,0.0000000000,0.0000000000
0.0200000000,0.2277289008,0.2365030457,0.5401282024,-0.0273802731,-0.0102812280,-0.0375836846,0.2723593988,-0.2283427169,0.5432625632,0.0248473369,-0.0220382185,0.0116936586,0.0201329766,0.0000000000,0.5214482558,-0.0000000000,0.0872664626,-0.0000000000,1.0000000000,0.0000000000,0.0000000000,0.0000000000,0.0000000000,0.0000000000
0.0200000000,0.2278125152,0.2364703066,0.5400823913,-0.0273486187,-0.0099959715,-0.0375978270,0.2737438719,-0.2285406240,0.5434732142,0.0244712490,-0.0218546245,0.0099853933,0.0201329766,0.0000000000,0.5214482558,-0.0000000000,0.0872664626,-0.0000000000,1.0000000000,0.0000000000,0.0000000000,0.0000000000,0.0000000000,0.0000000000
0.0200000000,0.2279003726,0.2364360931,0.5400373935,-0.0273184000,-0.0097139114,-0.0376125843,0.2750820091,-0.2287407183,0.5436714172,0.0240964109,-0.0216223515,0.0083098922,0.0201329766,0.0000000000,0.5214482558,-0.0000000000,0.0872664626,-0.0000000000,1.0000000000,0.0000000000,0.0000000000,0.0000000000,0.0000000000,0.0000000000
0.0200000000,0.2279939200,0.2363998923,0.5399930550,-0.0272897074,-0.0094338423,-0.0376280720,0.2763969685,-0.2289433770,0.5438642385,0.0237191168,-0.0213588458,0.0066502394,0.0201329766,0.0000000000,0.5214482558,-0.0000000000,0.0872664626,-0.0000000000,1.0000000000,0.0000000000,0.0000000000,0.0000000000,0.0000000000,0.0000000000
0.0200000000,0.2280963315,0.2363606037,0.5399495405,-0.0272631005,-0.0091558911,-0.0376447254,0.2776928302,-0.2291495376,0.5440526734,0.0233373309,-0.0210667373,0.0050011341,0.0201329766,0.0000000000,0.5214482558,-0.0000000000,0.0872664626,-0.0000000000,1.0000000000,0.0000000000,0.0000000000,0.0000000000,0.0000000000,0.0000000000
0.0200000000,0.2282091682,0.2363176931,0.5399069439,-0.0272388658,-0.0088801241,-0.0376627322,0.2789686780,-0.2293597035,0.5442358907,0.0229493870,-0.0207444674,0.0033621315,0.0201329766,0.0000000000,0.5214482558,0.0000000000,0.0872664626,0.0000000000,1.0000000000,0.0000000000,0.0000000000,0.0000000000,0.0000000000,0.0000000000
0.0200000000,0.2283295892,0.2362721054,0.5398648909,-0.0272163719,-0.0086050711,-0.0376816961,0.2802346309,-0.2295731513,0.5444170826,0.0225555829,-0.0203992458,0.0017274991,0.0201329766,0.0000000000,0.5214482558,-0.0000000000,0.0872664626,0.0000000000,1.0000000000,0.0000000000,0.0000000000,0.0000000000,0.0000000000,0.0000000000
0.0200000000,0.2284579644,0.2362235301,0.5398229510,-0.0271956238,-0.0083282193,-0.0377018776,0.2815074185,-0.2297909733,0.5446010152,0.0221529873,-0.0200383072,0.0000821371,0.0201329766,0.0000000000,0.5214482558,-0.0000000000,0.0872664626,-0.0000000000,1.0000000000,0.0000000000,0.0000000000,0.0000000000,0.0000000000,0.0000000000
0.0200000000,0.2286014710,0.2361691573,0.5397808723,-0.0271779543,-0.0080463525,-0.0377246717,0.2828051922,-0.2300173473,0.5447916496,0.0217325837,-0.0196624594,-0.0015972822,0.0201329766,0.0000000000,0.5214482558,0.0000000000,0.0872664626,0.0000000000,1.0000000000,0.0000000000,0.0000000000,0.0000000000,0.0000000000,0.0000000000
0.0200000000,0.2287664237,0.2361065778,0.5397385353,-0.0271644802,-0.0077570807,-0.0377512171,0.2841394488,-0.2302555619,0.5449914648,0.0212882801,-0.0192704214,-0.0033273874,0.0201329766,0.0000000000,0.5214482558,-0.0000000000,0.0872664626,-0.0000000000,1.0000000000,0.0000000000,0.0000000000,0.0000000000,0.0000000000,0.0000000000
0.0200000000,0.2289509762,0.2360365754,0.5396961099,-0.0271548456,-0.0074615355,-0.0377810267,0.2855040157,-0.2305038643,0.5451995878,0.0208246556,-0.0188627054,-0.0050996975,0.0201329766,0.0000000000,0.5214482558,-0.0000000000,0.0872664626,0.0000000000,1.0000000000,0.0000000000,0.0000000000,0.0000000000,0.0000000000,0.0000000000
0.0200000000,0.2291452986,0.2359631787,0.5396547223,-0.0271475769,-0.0071682324,-0.0378120813,0.2868663456,-0.2307535705,0.5454117460,0.0203633864,-0.0184521474,-0.0068695822,0.0201329766,0.0000000000,0.5214482558,-0.0000000000,0.0872664626,-0.0000000000,1.0000000000,0.0000000000,0.0000000000,0.0000000000,0.0000000000,0.0000000000
0.0200000000,0.2293444845,0.2358887675,0.5396163998,-0.0271425174,-0.0068895965,-0.0378431720,0.2881871631,-0.2309955730,0.5456238390,0.0199286419,-0.0180632666,-0.0085852939,0.0201329766,0.0000000000,0.5214482558,0.0000000000,0.0872664626,0.0000000000,1.0000000000,0.0000000000,0.0000000000,0.0000000000,0.0000000000,0.0000000000
0.0200000000,0.2295485146,0.2358137723,0.5395827543,-0.0271402956,-0.0066345412,-0.0378740009,0.2894407609,-0.2312245528,0.5458331573,0.0195340276,-0.0177157016,-0.0102136155,0.0201329766,0.0000000000,0.5214482558,-0.0000000000,0.0872664626,-0.0000000000,1.0000000000,0.0000000000,0.0000000000,0.0000000000,0.0000000000,0.0000000000
0.0200000000,0.2297568027,0.2357382910,0.5395533750,-0.0271406837,-0.0064009203,-0.0379045414,0.2906331893,-0.2314417529,0.5460396582,0.0191744048,-0.0174057259,-0.0117619167,0.0201329766,0.0000000000,0.5214482558,-0.0000000000,0.0872664626,-0.0000000000,1.0000000000,0.0000000000,0.0000000000,0.0000000000,0.0000000000,0.0000000000
0.0200000000,0.2299682260,0.2356622866,0.5395264705,-0.0271428395,-0.0061790896,-0.0379347894,0.2917938556,-0.2316528960,0.5462457889,0.0188320883,-0.0171130444,-0.0132665091,0.0201329766,0.0000000000,0.5214482558,-0.0000000000,0.0872664626,-0.0000000000,1.0000000000,0.0000000000,0.0000000000,0.0000000000,0.0000000000,0.0000000000
0.0200000000,0.2301859867,0.2355845336,0.5395011752,-0.0271467311,-0.0059634259,-0.0379648762,0.2929528143,-0.2318628328,0.5464571971,0.0184958947,-0.0168312694,-0.0147626088,0.0201329766,0.0000000000,0.5214482558,-0.0000000000,0.0872664626,-0.0000000000,1.0000000000,0.0000000000,0.0000000000,0.0000000000,0.0000000000,0.0000000000
0.0200000000,0.2304193058,0.2355023297,0.5394786964,-0.0271538133,-0.0057581043,-0.0379950371,0.2941257384,-0.2320718158,0.5466811105,0.0181777692,-0.0165832936,-0.0162684488,0.0201329766,0.0000000000,0.5214482558,0.0000000000,0.0872664626,0.0000000000,1.0000000000,0.0000000000,0.0000000000,0.0000000000,0.0000000000,0.0000000000
0.0200000000,0.2306760071,0.2354134477,0.5394603263,-0.0271654345,-0.0055679396,-0.0380254034,0.2953201689,-0.2322756874,0.5469209893,0.0179322529,-0.0164000137,-0.0178103501,0.0201329766,0.0000000000,0.5214482558,-0.0000000000,0.0872664626,-0.0000000000,1.0000000000,0.0000000000,0.0000000000,0.0000000000,0.0000000000,0.0000000000
0.0200000000,0.2309537196,0.2353185780,0.5394456684,-0.0271811364,-0.0053910262,-0.0380558359,0.2965335281,-0.2324652846,0.5471702582,0.0178729116,-0.0163007746,-0.0194348085,0.0201329766,0.0000000000,0.5214482558,-0.0000000000,0.0872664626,-0.0000000000,1.0000000000,0.0000000000,0.0000000000,0.0000000000,0.0000000000,0.0000000000
0.0200000000,0.2312431331,0.2352205948,0.5394336437,-0.0271993971,-0.0052236952,-0.0380856921,0.2977536327,-0.2326325407,0.5474181510,0.0180875331,-0.0162893036,-0.0211672854,0.0201329766,0.0000000000,0.5214482558,-0.0000000000,0.0872664626,-0.0000000000,1.0000000000,0.0000000000,0.0000000000,0.0000000000,0.0000000000,0.0000000000
0.0200000000,0.2315376645,0.2351220963,0.5394248650,-0.0272192877,-0.0050711087,-0.0381138604,0.2989622712,-0.2327892159,0.5476685116,0.0183907198,-0.0163313720,-0.0229014213,0.0201329766,0.0000000000,0.5214482558,-0.0000000000,0.0872664626,-0.0000000000,1.0000000000,0.0000000000,0.0000000000,0.0000000000,0.0000000000,0.0000000000
0.0200000000,0.2318373574,0.2350238869,0.5394212714,-0.0272409957,-0.0049439802,-0.0381393186,0.3001456577,-0.2329529162,0.5479340493,0.0185204058,-0.0163927317,-0.0245006697,0.0201329766,0.0000000000,0.5214482558,-0.0000000000,0.0872664626,-0.0000000000,1.0000000000,0.0000000000,0.0000000000,0.0000000000,0.0000000000,0.0000000000
0.0200000000,0.2321427250,0.2349260436,0.5394234792,-0.0272646907,-0.0048455296,-0.0381617579,0.3013005756,-0.2331270665,0.5482182323,0.0184213789,-0.0164669880,-0.0259376141,0.0201329766,0.0000000000,0.5214482558,-0.0000000000,0.0872664626,-0.0000000000,1.0000000000,0.0000000000,0.0000000000,0.0000000000,0.0000000000,0.0000000000
0.0200000000,0.2324530634,0.2348281921,0.5394299882,-0.0272901116,-0.0047675876,-0.0381818279,0.3024386317,-0.2333061736,0.5485161164,0.0181944953,-0.0165552494,-0.0272784286,0.0201329766,0.0000000000,0.5214482558,-0.0000000000,0.0872664626,-0.0000000000,1.0000000000,0.0000000000,0.0000000000,0.0000000000,0.0000000000,0.0000000000
0.0200000000,0.2327753066,0.2347280538,0.5394404048,-0.0273178861,-0.0047058717,-0.0381994200,0.3035966953,-0.2334883821,0.5488319320,0.0179289589,-0.0166704886,-0.0286090188,0.0201329766,0.0000000000,0.5214482558,-0.0000000000,0.0872664626,-0.0000000000,1.0000000000,0.0000000000,0.0000000000,0.0000000000,0.0000000000,0.0000000000
0.0200000000,0.2331336234,0.2346197538,0.5394587071,-0.0273506573,-0.0046748552,-0.0382122046,0.3048497320,-0.2336785230,0.5491933802,0.0176577105,-0.0168684162,-0.0300171821,0.0201329766,0.0000000000,0.5214482558,-0.0000000000,0.0872664626,-0.0000000000,1.0000000000,0.0000000000,0.0000000000,0.0000000000,0.0000000000,0.0000000000
0.0200000000,0.2335499369,0.2344983720,0.5394895295,-0.0273908373,-0.0046925671,-0.0382175843,0.3062557193,-0.2338805574,0.5496275342,0.0173902178,-0.0172057885,-0.0315560095,0.0201329766,0.0000000000,0.5214482558,-0.0000000000,0.0872664626,-0.0000000000,1.0000000000,0.0000000000,0.0000000000,0.0000000000,0.0000000000,0.0000000000
0.0200000000,0.2340170267,0.2343662956,0.5395329602,-0.0274375364,-0.0047603787,-0.0382152101,0.3077871375,-0.2340895627,0.5501285321,0.0171388943,-0.0176809427,-0.0331943887,0.0201329766,0.0000000000,0.5214482558,-0.0000000000,0.0872664626,-0.0000000000,1.0000000000,0.0000000000,0.0000000000,0.0000000000,0.0000000000,0.0000000000
0.0200000000,0.2344915468,0.2342353962,0.5395842370,-0.0274857742,-0.0048649270,-0.0382070963,0.3093121687,-0.2342885149,0.5506503112,0.0169248010,-0.0182351782,-0.0347972090,0.0201329766,0.0000000000,0.5214482558,-0.0000000000,0.0872664626,-0.0000000000,1.0000000000,0.0000000000,0.0000000000,0.0000000000,0.0000000000,0.0000000000
0.0200000000,0.2349191960,0.2341211649,0.5396385777,-0.0275295309,-0.0049981488,-0.0381949680,0.3106657599,-0.2344548772,0.5511357878,0.0167717892,-0.0188139677,-0.0361888827,0.0201329766,0.0000000000,0.5214482558,-0.0000000000,0.0872664626,-0.0000000000,1.0000000000,0.0000000000,0.0000000000,0.0000000000,0.0000000000,0.0000000000
0.0200000000,0.2352861453,0.2340270320,0.5396938481,-0.0275674187,-0.0051543195,-0.0381802421,0.3118139358,-0.2345856169,0.5515691415,0.0166755721,-0.0193942143,-0.0373366045,0.0201329766,0.0000000000,0.5214482558,-0.0000000000,0.0872664626,-0.0000000000,1.0000000000,0.0000000000,0.0000000000,0.0000000000,0.0000000000,0.0000000000
0.0200000000,0.2356178053,0.2339444803,0.5397497778,-0.0276023587,-0.0053243148,-0.0381640217,0.3128468016,-0.2346964775,0.5519736357,0.0166096597,-0.0199712931,-0.0383466691,0.0201329766,0.0000000000,0.5214482558,-0.0000000000,0.0872664626,-0.0000000000,1.0000000000,0.0000000000,0.0000000000,0.0000000000,0.0000000000,0.0000000000
0.0200000000,0.2359366546,0.2338665138,0.5398070632,-0.0276368004,-0.0055046338,-0.0381463469,0.3138412655,-0.2347994832,0.5523717173,0.0165576592,-0.0205514600,-0.0393066910,0.0201329766,0.0000000000,0.5214482558,-0.0000000000,0.0872664626,-0.0000000000,1.0000000000,0.0000000000,0.0000000000,0.0000000000,0.0000000000,0.0000000000
0.0200000000,0.2362513671,0.2337914864,0.5398679911,-0.0276715309,-0.0057050513,-0.0381257355,0.3148290998,-0.2348968903,0.5527770361,0.0165208873,-0.0211600446,-0.0402450907,0.0201329766,0.0000000000,0.5214482558,-0.0000000000,0.0872664626,-0.0000000000,1.0000000000,0.0000000000,0.0000000000,0.0000000000,0.0000000000,0.0000000000
0.0200000000,0.2365614004,0.2337215128,0.5399363771,-0.0277063884,-0.0059470897,-0.0380994132,0.3158147225,-0.2349844325,0.5531987458,0.0165115797,-0.0218387664,-0.0411518700,0.0201329766,0.0000000000,0.5214482558,-0.0000000000,0.0872664626,-0.0000000000,1.0000000000,0.0000000000,0.0000000000,0.0000000000,0.0000000000,0.0000000000
0.0200000000,0.2368663498,0.2336569859,0.5400127496,-0.0277412935,-0.0062339384,-0.0380670547,0.3167980266,-0.2350614191,0.5536379379,0.0165314505,-0.0225933374,-0.0420249052,0.0201329766,0.0000000000,0.5214482558,-0.0000000000,0.0872664626,0.0000000000,1.0000000000,0.0000000000,0.0000000000,0.0000000000,0.0000000000,0.0000000000
0.0200000000,0.2371681525,0.2335956417,0.5400939043,-0.0277765341,-0.0065471437,-0.0380310601,0.3177803253,-0.2351321983,0.5540882926,0.0165694803,-0.0233888605,-0.0428787432,0.0201329766,0.0000000000,0.5214482558,-0.0000000000,0.0872664626,0.0000000000,1.0000000000,0.0000000000,0.0000000000,0.0000000000,0.0000000000,0.0000000000
0.0200000000,0.2374680672,0.2335358632,0.5401777707,-0.0278125692,-0.0068747616,-0.0379933098,0.3187641396,-0.2351998675,0.5545460277,0.0166181659,-0.0242019269,-0.0437249194,0.0201329766,0.0000000000,0.5214482558,-0.0000000000,0.0872664626,-0.0000000000,1.0000000000,0.0000000000,0.0000000000,0.0000000000,0.0000000000,0.0000000000
0.0200000000,0.2377652182,0.2334779790,0.5402654054,-0.0278500615,-0.0072229725,-0.0379542180,0.3197539930,-0.2352639523,0.5550143069,0.0166796822,-0.0250414955,-0.0445651381,0.0201329766,0.0000000000,0.5214482558,-0.0000000000,0.0872664626,0.0000000000,1.0000000000,0.0000000000,0.0000000000,0.0000000000,0.0000000000,0.0000000000
0.0200000000,0.2380569215,0.2334238052,0.5403602451,-0.0278899495,-0.0076119246,-0.0379131499,0.3207564464,-0.2353213632,0.5555015607,0.0167631427,-0.0259399656,-0.0453943572,0.0201329766,0.0000000000,0.5214482558,-0.0000000000,0.0872664626,-0.0000000000,1.0000000000,0.0000000000,0.0000000000,0.0000000000,0.0000000000,0.0000000000
0.0200000000,0.2383428077,0.2333735912,0.5404627670,-0.0279323169,-0.0080444962,-0.0378700753,0.3217727346,-0.2353717340,0.5560091771,0.0168697783,-0.0269014300,-0.0462123820,0.0201329766,0.0000000000,0.5214482558,-0.0000000000,0.0872664626,-0.0000000000,1.0000000000,0.0000000000,0.0000000000,0.0000000000,0.0000000000,0.0000000000
0.0200000000,0.2386259025,0.2333257294,0.5405708762,-0.0279767781,-0.0085079538,-0.0378255470,0.3228045494,-0.2354178476,0.5565336865,0.0169928909,-0.0279041651,-0.0470291204,0.0201329766,0.0000000000,0.5214482558,-0.0000000000,0.0872664626,0.0000000000,1.0000000000,0.0000000000,0.0000000000,0.0000000000,0.0000000000,0.0000000000
0.0200000000,0.2389107488,0.2332791711,0.5406863565,-0.0280245423,-0.0090103328,-0.0377794153,0.3238765616,-0.2354614701,0.5570855690,0.0171329726,-0.0289594023,-0.0478669448,0.0201329766,0.0000000000,0.5214482558,-0.0000000000,0.0872664626,-0.0000000000,1.0000000000,0.0000000000,0.0000000000,0.0000000000,0.0000000000,0.0000000000
0.0200000000,0.2392028047,0.2332341372,0.5408167796,-0.0280789887,-0.0095911651,-0.0377305433,0.3250430424,-0.2355021339,0.5576952936,0.0173027690,-0.0301283889,-0.0487616156,0.0201329766,0.0000000000,0.5214482558,-0.0000000000,0.0872664626,0.0000000000,1.0000000000,0.0000000000,0.0000000000,0.0000000000,0.0000000000,0.0000000000
0.0200000000,0.2395061435,0.2331915931,0.5409714012,-0.0281442184,-0.0102997673,-0.0376778331,0.3263632200,-0.2355381897,0.5583982693,0.0175200797,-0.0314848277,-0.0497494434,0.0201329766,0.0000000000,0.5214482558,-0.0000000000,0.0872664626,-0.0000000000,1.0000000000,0.0000000000,0.0000000000,0.0000000000,0.0000000000,0.0000000000
0.0200000000,0.2398144758,0.2331521397,0.5411485455,-0.0282204678,-0.0111292087,-0.0376238987,0.3278192397,-0.2355694417,0.5591866595,0.0177840553,-0.0330091005,-0.0508187136,0.0201329766,0.0000000000,0.5214482558,-0.0000000000,0.0872664626,-0.0000000000,1.0000000000,0.0000000000,0.0000000000,0.0000000000,0.0000000000,0.0000000000
0.0200000000,0.2401135349,0.2331166911,0.5413418614,-0.0283070916,-0.0120501806,-0.0375745546,0.3293568646,-0.2355963934,0.5600322980,0.0180838608,-0.0346419221,-0.0519337678,0.0201329766,0.0000000000,0.5214482558,-0.0000000000,0.0872664626,-0.0000000000,1.0000000000,0.0000000000,0.0000000000,0.0000000000,0.0000000000,0.0000000000
0.0200000000,0.2403901061,0.2330864715,0.5415484256,-0.0284052723,-0.0130521997,-0.0375356758,0.3309450853,-0.2356194129,0.5609197354,0.0184129889,-0.0363521737,-0.0530736728,0.0201329766,0.0000000000,0.5214482558,-0.0000000000,0.0872664626,-0.0000000000,1.0000000000,0.0000000000,0.0000000000,0.0000000000,0.0000000000,0.0000000000
0.0200000000,0.2406350182,0.2330616752,0.5417650951,-0.0285159845,-0.0141221116,-0.0375123834,0.3325607352,-0.2356402102,0.5618353350,0.0187628993,-0.0381071238,-0.0542268212,0.0201329766,0.0000000000,0.5214482558,-0.0000000000,0.0872664626,-0.0000000000,1.0000000000,0.0000000000,0.0000000000,0.0000000000,0.0000000000,0.0000000000
0.0200000000,0.2408359380,0.2330420251,0.5419871436,-0.0286410555,-0.0152395090,-0.0375125678,0.3341738413,-0.2356622999,0.5627589133,0.0191191277,-0.0398573111,-0.0553819001,0.0201329766,0.0000000000,0.5214482558,-0.0000000000,0.0872664626,-0.0000000000,1.0000000000,0.0000000000,0.0000000000,0.0000000000,0.0000000000,0.0000000000
0.0200000000,0.2409871072,0.2330266590,0.5422090297,-0.0287798220,-0.0163768063,-0.0375401466,0.3357506375,-0.2356883403,0.5636693080,0.0194681438,-0.0415584266,-0.0565219045,0.0201329766,0.0000000000,0.5214482558,-0.0000000000,0.0872664626,-0.0000000000,1.0000000000,0.0000000000,0.0000000000,0.0000000000,0.0000000000,0.0000000000
0.0200000000,0.2410919173,0.2330143892,0.5424256016,-0.0289285922,-0.0175046741,-0.0375930271,0.3372587545,-0.2357189214,0.5645485476,0.0198011515,-0.0431835184,-0.0576245419,0.0201329766,0.0000000000,0.5214482558,-0.0000000000,0.0872664626,-0.0000000000,1.0000000000,0.0000000000,0.0000000000,0.0000000000,0.0000000000,0.0000000000
0.0200000000,0.2411539422,0.2330040292,0.5426325957,-0.0290843410,-0.0185984681,-0.0376693652,0.3386697409,-0.2357546913,0.5653808648,0.0201098358,-0.0447132417,-0.0586698031,0.0201329766,0.0000000000,0.5214482558,-0.0000000000,0.0872664626,-0.0000000000,1.0000000000,0.0000000000,0.0000000000,0.0000000000,0.0000000000,0.0000000000
0.0200000000,0.2411782596,0.2329940465,0.5428296031,-0.0292470888,-0.0196539024,-0.0377687140,0.3399813564,-0.2357973638,0.5661649378,0.0203899499,-0.0461525006,-0.0596581141,0.0201329766,0.0000000000,0.5214482558,-0.0000000000,0.0872664626,-0.0000000000,1.0000000000,0.0000000000,0.0000000000,0.0000000000,0.0000000000,0.0000000000
0.0200000000,0.2411675317,0.2329817994,0.5430198224,-0.0294225944,-0.0206873487,-0.0378966338,0.3412110134,-0.2358520882,0.5669115650,0.0206372264,-0.0475286364,-0.0606100455,0.0201329766,0.0000000000,0.5214482558,-0.0000000000,0.0872664626,-0.0000000000,1.0000000000,0.0000000000,0.0000000000,0.0000000000,0.0000000000,0.0000000000
0.0200000000,0.2411217398,0.2329647268,0.5432081611,-0.0296190591,-0.0217255191,-0.0380612419,0.3423903261,-0.2359244455,0.5676415218,0.0208519139,-0.0488890576,-0.0615564811,0.0201329766,0.0000000000,0.5214482558,-0.0000000000,0.0872664626,-0.0000000000,1.0000000000,0.0000000000,0.0000000000,0.0000000000,0.0000000000,0.0000000000
0.0200000000,0.2410324162,0.2329419499,0.5433986795,-0.0298449128,-0.0227941062,-0.0382726861,0.3435579236,-0.2360179229,0.5683820101,0.0210408322,-0.0502960107,-0.0625280506,0.0201329766,0.0000000000,0.5214482558,-0.0000000000,0.0872664626,-0.0000000000,1.0000000000,0.0000000000,0.0000000000,0.0000000000,0.0000000000,0.0000000000
0.0200000000,0.2408790572,0.2329133566,0.5435918239,-0.0301096522,-0.0239040188,-0.0385467169,0.3447448700,-0.2361358971,0.5691596114,0.0212114339,-0.0518202801,-0.0635479557,0.0201329766,0.0000000000,0.5214482558,-0.0000000000,0.0872664626,-0.0000000000,1.0000000000,0.0000000000,0.0000000000,0.0000000000,0.0000000000,0.0000000000
0.0200000000,0.2406382224,0.2328801448,0.5437770600,-0.0304131592,-0.0250069147,-0.0388933347,0.3459279097,-0.2362776414,0.5699691547,0.0213639979,-0.0534821218,-0.0645932824,0.0201329766,0.0000000000,0.5214482558,-0.0000000000,0.0872664626,-0.0000000000,1.0000000000,0.0000000000,0.0000000000,0.0000000000,0.0000000000,0.0000000000
0.0200000000,0.2402968895,0.2328464318,0.5439281804,-0.0307334667,-0.0259639874,-0.0393010741,0.3470013776,-0.2364318088,0.5707529643,0.0214903398,-0.0552114161,-0.0655631546,0.0201329766,0.0000000000,0.5214482558,-0.0000000000,0.0872664626,-0.0000000000,1.0000000000,0.0000000000,0.0000000000,0.0000000000,0.0000000000,0.0000000000
0.0200000000,0.2398914345,0.2328195627,0.5440255452,-0.0310270523,-0.0266520552,-0.0397170516,0.3478756739,-0.2365732292,0.5714521406,0.0216008012,-0.0569051198,-0.0663464950,0.0201329766,0.0000000000,0.5214482558,-0.0000000000,0.0872664626,0.0000000000,1.0000000000,0.0000000000,0.0000000000,0.0000000000,0.0000000000,0.0000000000
0.0200000000,0.2394829890,0.2328068447,0.5440679199,-0.0312541754,-0.0270396508,-0.0400782835,0.3485480201,-0.2366751807,0.5720587295,0.0217310664,-0.0585374051,-0.0668914240,0.0201329766,0.0000000000,0.5214482558,-0.0000000000,0.0872664626,-0.0000000000,1.0000000000,0.0000000000,0.0000000000,0.0000000000,0.0000000000,0.0000000000
0.0200000000,0.2391265148,0.2328136738,0.5440601057,-0.0313855712,-0.0271322113,-0.0403335765,0.3490448520,-0.2367063130,0.5725878764,0.0219356024,-0.0601353514,-0.0671549690,0.0201329766,0.0000000000,0.5214482558,-0.0000000000,0.0872664626,0.0000000000,1.0000000000,0.0000000000,0.0000000000,0.0000000000,0.0000000000,0.0000000000
0.0200000000,0.2388559927,0.2328385115,0.5440148933,-0.0314192680,-0.0269874908,-0.0404666307,0.3493997479,-0.2366238756,0.5730619750,0.0222905280,-0.0617446836,-0.0670757880,0.0201329766,0.0000000000,0.5214482558,-0.0000000000,0.0872664626,-0.0000000000,1.0000000000,0.0000000000,0.0000000000,0.0000000000,0.0000000000,0.0000000000
0.0200000000,0.2386858907,0.2328700185,0.5439564387,-0.0313880200,-0.0267324691,-0.0405024656,0.3496435303,-0.2363496610,0.5735011659,0.0229257986,-0.0634020977,-0.0665222982,0.0201329766,0.0000000000,0.5214482558,-0.0000000000,0.0872664626,-0.0000000000,1.0000000000,0.0000000000,0.0000000000,0.0000000000,0.0000000000,0.0000000000
0.0200000000,0.2385926970,0.2328957851,0.5439059094,-0.0313405616,-0.0264915858,-0.0404957574,0.3498269064,-0.2358180283,0.5739226481,0.0239508586,-0.0650860491,-0.0654131637,0.0201329766,0.0000000000,0.5214482558,-0.0000000000,0.0872664626,-0.0000000000,1.0000000000,0.0000000000,0.0000000000,0.0000000000,0.0000000000,0.0000000000
0.0200000000,0.2385306825,0.2329221984,0.5438471564,-0.0312725678,-0.0261940151,-0.0404597810,0.3499983509,-0.2350107173,0.5743349707,0.0253990985,-0.0667353675,-0.0637649849,0.0201329766,0.0000000000,0.5214482558,-0.0000000000,0.0872664626,-0.0000000000,1.0000000000,0.0000000000,0.0000000000,0.0000000000,0.0000000000,0.0000000000
0.0200000000,0.2384552993,0.2329747139,0.5437298540,-0.0311194989,-0.0255824970,-0.0403484268,0.3501969762,-0.2339464158,0.5747466790,0.0272473979,-0.0683072824,-0.0616571756,0.0201329766,0.0000000000,0.5214482558,-0.0000000000,0.0872664626,-0.0000000000,1.0000000000,0.0000000000,0.0000000000,0.0000000000,0.0000000000,0.0000000000
0.0200000000,0.2383432045,0.2330847628,0.5434960320,-0.0307926092,-0.0243504961,-0.0400808889,0.3504515326,-0.2326743510,0.5751726794,0.0294269374,-0.0698118426,-0.0592118918,0.0201329766,0.0000000000,0.5214482558,-0.0000000000,0.0872664626,-0.0000000000,1.0000000000,0.0000000000,0.0000000000,0.0000000000,0.0000000000,0.0000000000
0.0200000000,0.2382008318,0.2332677207,0.5431083182,-0.0302343263,-0.0222915003,-0.0395981401,0.3507849980,-0.2312361847,0.5756353650,0.0318826328,-0.0713071450,-0.0565241623,0.0201329766,0.0000000000,0.5214482558,-0.0000000000,0.0872664626,-0.0000000000,1.0000000000,0.0000000000,0.0000000000,0.0000000000,0.0000000000,0.0000000000
0.0200000000,0.2380559606,0.2334765008,0.5426179132,-0.0295519777,-0.0196704315,-0.0390089854,0.3511964276,-0.2297016800,0.5761464337,0.0345092576,-0.0728502452,-0.0537216631,0.0201329766,0.0000000000,0.5214482558,-0.0000000000,0.0872664626,-0.0000000000,1.0000000000,0.0000000000,0.0000000000,0.0000000000,0.0000000000,0.0000000000
0.0200000000,0.2379194517,0.2336357574,0.5421105472,-0.0289346163,-0.0169455321,-0.0385177592,0.3516621833,-0.2281672794,0.5766935780,0.0371506937,-0.0744331286,-0.0509724912,0.0201329766,0.0000000000,0.5214482558,-0.0000000000,0.0872664626,-0.0000000000,1.0000000000,0.0000000000,0.0000000000,0.0000000000,0.0000000000,0.0000000000
0.0200000000,0.2377704168,0.2336915501,0.5416358623,-0.0285210998,-0.0143912551,-0.0382883343,0.3521432232,-0.2267427087,0.5772451669,0.0396236383,-0.0759928242,-0.0484631164,0.0201329766,0.0000000000,0.5214482558,-0.0000000000,0.0872664626,-0.0000000000,1.0000000000,0.0000000000,0.0000000000,0.0000000000,0.0000000000,0.0000000000
0.0200000000,0.2375709514,0.2336298813,0.5412021330,-0.0283582245,-0.0120650739,-0.0383864941,0.3525886811,-0.2255237184,0.5777584588,0.0417617784,-0.0774420871,-0.0463430240,0.0201329766,0.0000000000,0.5214482558,-0.0000000000,0.0872664626,-0.0000000000,1.0000000000,0.0000000000,0.0000000000,0.0000000000,0.0000000000,0.0000000000
0.0200000000,0.2372982971,0.2334678348,0.5408122162,-0.0284301828,-0.0099919624,-0.0387919760,0.3529411672,-0.2245892244,0.5781837944,0.0434217586,-0.0786766000,-0.0447234052,0.0201329766,0.0000000000,0.5214482558,-0.0000000000,0.0872664626,-0.0000000000,1.0000000000,0.0000000000,0.0000000000,0.0000000000,0.0000000000,0.0000000000
0.0200000000,0.2369882043,0.2332636255,0.5404820629,-0.0286373998,-0.0082529239,-0.0393509920,0.3531749438,-0.2239395613,0.5784953515,0.0445900038,-0.0796327742,-0.0435846639,0.0201329766,0.0000000000,0.5214482558,-0.0000000000,0.0872664626,0.0000000000,1.0000000000,0.0000000000,0.0000000000,0.0000000000,0.0000000000,0.0000000000
0.0200000000,0.2366891871,0.2330698609,0.5402251924,-0.0288817207,-0.0069116434,-0.0399117298,0.3532952495,-0.2235364873,0.5786917851,0.0453235673,-0.0802938510,-0.0428557370,0.0201329766,0.0000000000,0.5214482558,-0.0000000000,0.0872664626,-0.0000000000,1.0000000000,0.0000000000,0.0000000000,0.0000000000,0.0000000000,0.0000000000
0.0200000000,0.2364081946,0.2329047759,0.5400320147,-0.0291216151,-0.0059157152,-0.0404224737,0.3533036751,-0.2233415061,0.5787782573,0.0456843667,-0.0806807143,-0.0424600524,0.0201329766,0.0000000000,0.5214482558,-0.0000000000,0.0872664626,-0.0000000000,1.0000000000,0.0000000000,0.0000000000,0.0000000000,0.0000000000,0.0000000000
0.0200000000,0.2361061467,0.2327545298,0.5398660858,-0.0293676688,-0.0050763318,-0.0409279877,0.3531905580,-0.2233080659,0.5787650293,0.0457507977,-0.0808603983,-0.0422927765,0.0201329766,0.0000000000,0.5214482558,-0.0000000000,0.0872664626,-0.0000000000,1.0000000000,0.0000000000,0.0000000000,0.0000000000,0.0000000000,0.0000000000
0.0200000000,0.2357382707,0.2326001919,0.5396907721,-0.0296414331,-0.0042037963,-0.0414891071,0.3529480627,-0.2234012670,0.5786577931,0.0455800078,-0.0808716388,-0.0422761803,0.0201329766,0.0000000000,0.5214482558,-0.0000000000,0.0872664626,-0.0000000000,1.0000000000,0.0000000000,0.0000000000,0.0000000000,0.0000000000,0.0000000000
0.0200000000,0.2353279349,0.2324499035,0.5395071101,-0.0299199048,-0.0032963442,-0.0420698459,0.3526319158,-0.2235857111,0.5784762857,0.0452315833,-0.0806830310,-0.0423920658,0.0201329766,0.0000000000,0.5214482558,-0.0000000000,0.0872664626,-0.0000000000,1.0000000000,0.0000000000,0.0000000000,0.0000000000,0.0000000000,0.0000000000
0.0200000000,0.2349426734,0.2323269937,0.5393423444,-0.0301563159,-0.0024855314,-0.0425777291,0.3523227895,-0.2238326857,0.5782440967,0.0447557079,-0.0802318727,-0.0426600047,0.0201329766,0.0000000000,0.5214482558,-0.0000000000,0.0872664626,-0.0000000000,1.0000000000,0.0000000000,0.0000000000,0.0000000000,0.0000000000,0.0000000000
0.0200000000,0.2346385741,0.2322434819,0.5392171210,-0.0303225325,-0.0018707267,-0.0429518484,0.3520912428,-0.2241053825,0.5779886465,0.0442188654,-0.0794984995,-0.0430715559,0.0201329766,0.0000000000,0.5214482558,-0.0000000000,0.0872664626,-0.0000000000,1.0000000000,0.0000000000,0.0000000000,0.0000000000,0.0000000000,0.0000000000
0.0200000000,0.2344432763,0.2321939545,0.5391373905,-0.0304207704,-0.0014778241,-0.0431858660,0.3519885235,-0.2243523465,0.5777473114,0.0437175823,-0.0785541209,-0.0435641730,0.0201329766,0.0000000000,0.5214482558,-0.0000000000,0.0872664626,-0.0000000000,1.0000000000,0.0000000000,0.0000000000,0.0000000000,0.0000000000,0.0000000000
0.0200000000,0.2343702021,0.2321644714,0.5391038774,-0.0304697530,-0.0013067403,-0.0433015727,0.3520389926,-0.2245134774,0.5775703833,0.0433712590,-0.0775912072,-0.0440226831,0.0201329766,0.0000000000,0.5214482558,-0.0000000000,0.0872664626,-0.0000000000,1.0000000000,0.0000000000,0.0000000000,0.0000000000,0.0000000000,0.0000000000
0.0200000000,0.2343978352,0.2321401714,0.5391077711,-0.0304963826,-0.0013133033,-0.0433462954,0.3521894226,-0.2245628551,0.5774926535,0.0432438506,-0.0768942487,-0.0443217931,0.0201329766,0.0000000000,0.5214482558,-0.0000000000,0.0872664626,-0.0000000000,1.0000000000,0.0000000000,0.0000000000,0.0000000000,0.0000000000,0.0000000000
0.0200000000,0.2344864819,0.2321175752,0.5391372809,-0.0305136371,-0.0014428420,-0.0433536242,0.3523574318,-0.2245232137,0.5775083019,0.0433034714,-0.0766125454,-0.0444194599,0.0201329766,0.0000000000,0.5214482558,-0.0000000000,0.0872664626,-0.0000000000,1.0000000000,0.0000000000,0.0000000000,0.0000000000,0.0000000000,0.0000000000
0.0200000000,0.2345960626,0.2321006855,0.5391808354,-0.0305230107,-0.0016435214,-0.0433390798,0.3524830376,-0.2244434909,0.5775772652,0.0434571805,-0.0766802024,-0.0443664465,0.0201329766,0.0000000000,0.5214482558,-0.0000000000,0.0872664626,-0.0000000000,1.0000000000,0.0000000000,0.0000000000,0.0000000000,0.0000000000,0.0000000000
0.0200000000,0.2346945171,0.2320924628,0.5392264211,-0.0305244707,-0.0018593914,-0.0433135486,0.3525487528,-0.2243668125,0.5776508576,0.0436124640,-0.0768973205,-0.0442521925,0.0201329766,0.0000000000,0.5214482558,-0.0000000000,0.0872664626,-0.0000000000,1.0000000000,0.0000000000,0.0000000000,0.0000000000,0.0000000000,0.0000000000
0.0200000000,0.2347617163,0.2320914780,0.5392622247,-0.0305206322,-0.0020321596,-0.0432887404,0.3525729370,-0.2242890677,0.5777180036,0.0437655933,-0.0771683986,-0.0440925211,0.0201329766,0.0000000000,0.5214482558,0.0000000000,0.0872664626,0.0000000000,1.0000000000,0.0000000000,0.0000000000,0.0000000000,0.0000000000,0.0000000000
0.0200000000,0.2347966035,0.2320929135,0.5392827472,-0.0305163813,-0.0021321930,-0.0432730066,0.3525820729,-0.2241625008,0.5778246313,0.0440105063,-0.0776583028,-0.0437978784,0.0201329766,0.0000000000,0.5214482558,-0.0000000000,0.0872664626,-0.0000000000,1.0000000000,0.0000000000,0.0000000000,0.0000000000,0.0000000000,0.0000000000
0.0200000000,0.2348098835,0.2320940009,0.5392910586,-0.0305140629,-0.0021729040,-0.0432662641,0.3525803362,-0.2239671136,0.5780160737,0.0444020608,-0.0785793706,-0.0433103297,0.0201329766,0.0000000000,0.5214482558,-0.0000000000,0.0872664626,-0.0000000000,1.0000000000,0.0000000000,0.0000000000,0.0000000000,0.0000000000,0.0000000000
0.0200000000,0.2348129834,0.2320943551,0.5392930838,-0.0305133804,-0.0021828504,-0.0432645546,0.3525703818,-0.2237391364,0.5782947118,0.0448872199,-0.0799403907,-0.0427026942,0.0201329766,0.0000000000,0.5214482558,-0.0000000000,0.0872664626,-0.0000000000,1.0000000000,0.0000000000,0.0000000000,0.0000000000,0.0000000000,0.0000000000
0.0200000000,0.2348132892,0.2320943988,0.5392932905,-0.0305132999,-0.0021838672,-0.0432643743,0.3525776208,-0.2235464841,0.5786186586,0.0453391012,-0.0814869347,-0.0421565902,0.0201329766,0.0000000000,0.5214482558,-0.0000000000,0.0872664626,-0.0000000000,1.0000000000,0.0000000000,0.0000000000,0.0000000000,0.0000000000,0.0000000000
0.0200000000,0.2348132837,0.2320943981,0.5392932869,-0.0305133012,-0.0021838492,-0.0432643775,0.3526628118,-0.2234431925,0.5789338844,0.0456424810,-0.0828289598,-0.0418701189,0.0201329766,0.0000000000,0.5214482558,-0.0000000000,0.0872664626,-0.0000000000,1.0000000000,0.0000000000,0.0000000000,0.0000000000,0.0000000000,0.0000000000
0.0200000000,0.2348132838,0.2320943981,0.5392932870,-0.0305133012,-0.0021838497,-0.0432643774,0.3528802431,-0.2234169215,0.5792201140,0.0458029945,-0.0837510943,-0.0418891229,0.0201329766,0.0000000000,0.5214482558,-0.0000000000,0.0872664626,-0.0000000000,1.0000000000,0.0000000000,0.0000000000,0.0000000000,0.0000000000,0.0000000000
0.0200000000,0.2348133789,0.2320944454,0.5392933689,-0.0305132282,-0.0021842623,-0.0432642587,0.3532446354,-0.2234217202,0.5794975437,0.0459025465,-0.0843171495,-0.0421315548,0.0201329766,0.0000000000,0.5214482558,-0.0000000000,0.0872664626,-0.0000000000,1.0000000000,0.0000000000,0.0000000000,0.0000000000,0.0000000000,0.0000000000
0.0200000000,0.2348142527,0.2320948801,0.5392941216,-0.0305125582,-0.0021880526,-0.0432631686,0.3537386158,-0.2234147670,0.5797954986,0.0460246473,-0.0847028688,-0.0424819918,0.0201329766,0.0000000000,0.5214482558,-0.0000000000,0.0872664626,-0.0000000000,1.0000000000,0.0000000000,0.0000000000,0.0000000000,0.0000000000,0.0000000000
0.0200000000,0.2348176299,0.2320965648,0.5392970320,-0.0305099615,-0.0022027110,-0.0432589445,0.3543090683,-0.2233631950,0.5801340153,0.0462337627,-0.0851154428,-0.0428100101,0.0201329766,0.0000000000,0.5214482558,-0.0000000000,0.0872664626,0.0000000000,1.0000000000,0.0000000000,0.0000000000,0.0000000000,0.0000000000,0.0000000000
0.0200000000,0.2348248615,0.2321000668,0.5393032365,-0.0305045580,-0.0022339344,-0.0432501288,0.3548619881,-0.2232401160,0.5805164042,0.0465779273,-0.0857708376,-0.0429609724,0.0201329766,0.0000000000,0.5214482558,0.0000000000,0.0872664626,0.0000000000,1.0000000000,0.0170519280,0.0000000000,0.0000000000,0.0000000000,0.0000000000
0.0200000000,0.2348334090,0.2321021876,0.5393100262,-0.0305011674,-0.0022676317,-0.0432440988,0.3552827430,-0.2230448913,0.5809159158,0.0470496441,-0.0867877229,-0.0428236583,0.0201329766,0.0000000000,0.5214482558,-0.0000000000,0.0872664626,-0.0000000000,1.0000000000,0.0836921402,0.0000000000,0.0000000000,0.0000000000,0.0000000000
0.0200000000,0.2348420714,0.2320944893,0.5393142233,-0.0305123225,-0.0022859693,-0.0432593906,0.3554916483,-0.2227972575,0.5812962776,0.0476034028,-0.0881664324,-0.0423684966,0.0201329766,0.0000000000,0.5214482558,-0.0000000000,0.0872664626,0.0000000000,1.0000000000,0.1499306738,0.0000000000,0.0000000000,0.0000000000,0.0000000000
0.0200000000,0.2348551158,0.2320655264,0.5393157613,-0.0305548387,-0.0022854388,-0.0433201187,0.3554498230,-0.2225251508,0.5816272348,0.0481825277,-0.0898483765,-0.0416224329,0.0201329766,0.0000000000,0.5214482558,-0.0000000000,0.0872664626,-0.0000000000,1.0000000000,0.2148266581,0.0000000000,0.0000000000,0.0000000000,0.0000000000
0.0200000000,0.2348782425,0.2320071018,0.5393166178,-0.0306408630,-0.0022735353,-0.0434430151,0.3551535225,-0.2222498909,0.5819004632,0.0487500608,-0.0918028309,-0.0406260057,0.0201329766,0.0000000000,0.5214482558,0.0000000000,0.0872664626,0.0000000000,1.0000000000,0.2790686734,0.0000000000,0.0000000000,0.0000000000,0.0000000000
0.0200000000,0.2349142126,0.2319184616,0.5393194108,-0.0307724627,-0.0022635909,-0.0436290999,0.3545826841,-0.2219946633,0.5821063906,0.0492667476,-0.0940265465,-0.0394063381,0.0201329766,0.0000000000,0.5214482558,-0.0000000000,0.0872664626,-0.0000000000,1.0000000000,0.3437930416,0.0000000000,0.0000000000,0.0000000000,0.0000000000
0.0200000000,0.2349602971,0.2318119676,0.5393270852,-0.0309330072,-0.0022746014,-0.0438521775,0.3537650632,-0.2217850014,0.5822416344,0.0496905068,-0.0964387796,-0.0380437004,0.0201329766,0.0000000000,0.5214482558,-0.0000000000,0.0872664626,0.0000000000,1.0000000000,0.4097895596,0.0000000000,0.0000000000,0.0000000000,0.0000000000
0.0200000000,0.2350118997,0.2317036595,0.5393417010,-0.0310996050,-0.0023216003,-0.0440787508,0.3527774079,-0.2216422173,0.5823085517,0.0499855629,-0.0988788145,-0.0366601485,0.0201329766,0.0000000000,0.5214482558,-0.0000000000,0.0872664626,-0.0000000000,1.0000000000,0.4761061665,0.0000000000,0.0000000000,0.0000000000,0.0000000000
0.0200000000,0.2350660631,0.2316047055,0.5393644463,-0.0312557531,-0.0024134352,-0.0442855816,0.3516767831,-0.2215719195,0.5823190800,0.0501460863,-0.1012770774,-0.0353215826,0.0201329766,0.0000000000,0.5214482558,-0.0000000000,0.0872664626,-0.0000000000,1.0000000000,0.5427728332,0.0000000000,0.0000000000,0.0000000000,0.0000000000
0.0200000000,0.2351203447,0.2315228909,0.5393950435,-0.0313892096,-0.0025503305,-0.0444562744,0.3505167422,-0.2215704158,0.5822882618,0.0501822042,-0.1035883773,-0.0340708903,0.0201329766,0.0000000000,0.5214482558,-0.0000000000,0.0872664626,-0.0000000000,1.0000000000,0.6094394998,0.0000000000,0.0000000000,0.0000000000,0.0000000000
0.0200000000,0.2351725713,0.2314632478,0.5394314014,-0.0314907668,-0.0027221277,-0.0445798255,0.3493671062,-0.2216306205,0.5822300919,0.0501062808,-0.1057294598,-0.0329617258,0.0201329766,0.0000000000,0.5214482558,-0.0000000000,0.0872664626,-0.0000000000,1.0000000000,0.6761061665,0.0000000000,0.0000000000,0.0000000000,0.0000000000
0.0200000000,0.2352211440,0.2314241785,0.5394692416,-0.0315603884,-0.0029056706,-0.0446591343,0.3483036356,-0.2217322576,0.5821610915,0.0499533624,-0.1076205013,-0.0320286546,0.0201329766,0.0000000000,0.5214482558,-0.0000000000,0.0872664626,-0.0000000000,1.0000000000,0.7427728332,0.0000000000,0.0000000000,0.0000000000,0.0000000000
0.0200000000,0.2352660407,0.2314011890,0.5395060252,-0.0316036605,-0.0030865219,-0.0447034042,0.3473490997,-0.2218583220,0.5820907402,0.0497555267,-0.1092650242,-0.0312605389,0.0201329766,0.0000000000,0.5214482558,-0.0000000000,0.0872664626,-0.0000000000,1.0000000000,0.8094394998,0.0000000000,0.0000000000,0.0000000000,0.0000000000
0.0200000000,0.2353081313,0.2313901498,0.5395411337,-0.0316267243,-0.0032605582,-0.0447211964,0.3464908482,-0.2219996122,0.5820223837,0.0495316856,-0.1107113840,-0.0306259954,0.0201329766,0.0000000000,0.5214482558,-0.0000000000,0.0872664626,-0.0000000000,1.0000000000,0.8761061665,0.0000000000,0.0000000000,0.0000000000,0.0000000000
0.0200000000,0.2353488113,0.2313871349,0.5395749110,-0.0316359177,-0.0034287945,-0.0447206494,0.3457024299,-0.2221514095,0.5819565314,0.0492917902,-0.1120202360,-0.0300878564,0.0201329766,0.0000000000,0.5214482558,-0.0000000000,0.0872664626,-0.0000000000,1.0000000000,0.9427666973,0.0000000000,0.0000000000,0.0000000000,0.0000000000
0.0200000000,0.2353897236,0.2313894275,0.5396078738,-0.0316355716,-0.0035932681,-0.0447069838,0.3449646644,-0.2223130858,0.5818929154,0.0490378272,-0.1132317365,-0.0296244580,0.0201329766,0.0000000000,0.5214482558,-0.0000000000,0.0872664626,-0.0000000000,1.0000000000,1.0000000000,0.0000000000,0.0000000000,0.0000000000,0.0000000000
0.0200000000,0.2354320322,0.2313949621,0.5396405088,-0.0316290689,-0.0037560411,-0.0446843105,0.3442601235,-0.2224841579,0.5818311864,0.0487703524,-0.1143799861,-0.0292156192,0.0201329766,0.0000000000,0.5214482558,-0.0000000000,0.0872664626,0.0000000000,1.0000000000,1.0000000000,0.0000000000,0.0000000000,0.0000000000,0.0000000000
0.0200000000,0.2354768804,0.2314023679,0.5396734353,-0.0316187266,-0.0039199864,-0.0446552201,0.3435698013,-0.2226658046,0.5817705326,0.0484880795,-0.1155004089,-0.0288434979,0.0201329766,0.0000000000,0.5214482558,-0.0000000000,0.0872664626,-0.0000000000,1.0000000000,1.0000000000,0.0000000000,0.0000000000,0.0000000000,0.0000000000
0.0200000000,0.2355267699,0.2314107141,0.5397076647,-0.0316058446,-0.0040897696,-0.0446204238,0.3428722703,-0.2228642621,0.5817099144,0.0481824744,-0.1166324730,-0.0284978467,0.0201329766,0.0000000000,0.5214482558,-0.0000000000,0.0872664626,-0.0000000000,1.0000000000,1.0000000000,0.0000000000,0.0000000000,0.0000000000,0.0000000000
0.0200000000,0.2355842507,0.2314195715,0.5397440594,-0.0315907323,-0.0042692691,-0.0445793682,0.3421531141,-0.2230864910,0.5816488556,0.0478426527,-0.1178027305,-0.0281763095,0.0201329766,0.0000000000,0.5214482558,-0.0000000000,0.0872664626,-0.0000000000,1.0000000000,1.0000000000,0.0000000000,0.0000000000,0.0000000000,0.0000000000
0.0200000000,0.2356500720,0.2314287685,0.5397827095,-0.0315734542,-0.0044586984,-0.0445318902,0.3414124602,-0.2233335881,0.5815879311,0.0474654994,-0.1190121000,-0.0278797631,0.0201329766,0.0000000000,0.5214482558,-0.0000000000,0.0872664626,-0.0000000000,1.0000000000,1.0000000000,0.0000000000,0.0000000000,0.0000000000,0.0000000000
0.0200000000,0.2357220621,0.2314380622,0.5398227195,-0.0315546485,-0.0046537278,-0.0444798017,0.3406644386,-0.2235967157,0.5815288659,0.0470633952,-0.1202381719,-0.0276048042,0.0201329766,0.0000000000,0.5214482558,-0.0000000000,0.0872664626,-0.0000000000,1.0000000000,1.0000000000,0.0000000000,0.0000000000,0.0000000000,0.0000000000
0.0200000000,0.2357988645,0.2314471939,0.5398635074,-0.0315348693,-0.0048515063,-0.0444244799,0.3399187593,-0.2238698598,0.5814728703,0.0466459401,-0.1214667789,-0.0273500165,0.0201329766,0.0000000000,0.5214482558,-0.0000000000,0.0872664626,-0.0000000000,1.0000000000,1.0000000000,0.0000000000,0.0000000000,0.0000000000,0.0000000000
0.0200000000,0.2358800196,0.2314556151,0.5399048064,-0.0315150299,-0.0050506133,-0.0443674229,0.3391802323,-0.2241495516,0.5814208172,0.0462191181,-0.1226927525,-0.0271138585,0.0201329766,0.0000000000,0.5214482558,-0.0000000000,0.0872664626,-0.0000000000,1.0000000000,1.0000000000,0.0000000000,0.0000000000,0.0000000000,0.0000000000
0.0200000000,0.2359653814,0.2314623855,0.5399463872,-0.0314965924,-0.0052496888,-0.0443108166,0.3384536425,-0.2244321274,0.5813739535,0.0457890781,-0.1239128074,-0.0268939114,0.0201329766,0.0000000000,0.5214482558,-0.0000000000,0.0872664626,-0.0000000000,1.0000000000,1.0000000000,0.0000000000,0.0000000000,0.0000000000,0.0000000000
0.0200000000,0.2360550181,0.2314667407,0.5399880263,-0.0314806504,-0.0054473625,-0.0442562577,0.3377440083,-0.2247143266,0.5813335053,0.0453618403,-0.1251237992,-0.0266891502,0.0201329766,0.0000000000,0.5214482558,-0.0000000000,0.0872664626,-0.0000000000,1.0000000000,1.0000000000,0.0000000000,0.0000000000,0.0000000000,0.0000000000
0.0200000000,0.2361470110,0.2314696379,0.5400293810,-0.0314661430,-0.0056424389,-0.0442028553,0.3370494379,-0.2249923023,0.5812985446,0.0449431078,-0.1263250087,-0.0264907043,0.0201329766,0.0000000000,0.5214482558,-0.0000000000,0.0872664626,-0.0000000000,1.0000000000,1.0000000000,0.0000000000,0.0000000000,0.0000000000,0.0000000000
0.0200000000,0.2362389916,0.2314725053,0.5400700603,-0.0314513758,-0.0058336802,-0.0441489461,0.3363670590,-0.2252618898,0.5812678403,0.0445387811,-0.1275157934,-0.0262880499,0.0201329766,0.0000000000,0.5214482558,-0.0000000000,0.0872664626,-0.0000000000,1.0000000000,1.0000000000,0.0000000000,0.0000000000,0.0000000000,0.0000000000
0.0200000000,0.2363295850,0.2314759001,0.5401098471,-0.0314358367,-0.0060204002,-0.0440941934,0.3356957272,-0.2255202699,0.5812408560,0.0441532665,-0.1286958524,-0.0260749831,0.0201329766,0.0000000000,0.5214482558,-0.0000000000,0.0872664626,-0.0000000000,1.0000000000,1.0000000000,0.0000000000,0.0000000000,0.0000000000,0.0000000000
0.0200000000,0.2364179475,0.2314792090,0.5401487528,-0.0314209339,-0.0062028692,-0.0440406680,0.3350338086,-0.2257656585,0.5812172615,0.0437894922,-0.1298669643,-0.0258466322,0.0201329766,0.0000000000,0.5214482558,-0.0000000000,0.0872664626,-0.0000000000,1.0000000000,1.0000000000,0.0000000000,0.0000000000,0.0000000000,0.0000000000
0.0200000000,0.2365024848,0.2314808901,0.5401866867,-0.0314098970,-0.0063809365,-0.0439930959,0.3343806719,-0.2259927584,0.5811971940,0.0434561990,-0.1310312125,-0.0255923534,0.0201329766,0.0000000000,0.5214482558,-0.0000000000,0.0872664626,-0.0000000000,1.0000000000,1.0000000000,0.0000000000,0.0000000000,0.0000000000,0.0000000000
0.0200000000,0.2365824845,0.2314806842,0.5402236415,-0.0314034352,-0.0065547801,-0.0439526495,0.3337345857,-0.2261994328,0.5811802841,0.0431595587,-0.1321921127,-0.0253084486,0.0201329766,0.0000000000,0.5214482558,-0.0000000000,0.0872664626,-0.0000000000,1.0000000000,1.0000000000,0.0000000000,0.0000000000,0.0000000000,0.0000000000
0.0200000000,0.2366583695,0.2314817313,0.5402596093,-0.0313960425,-0.0067246213,-0.0439117771,0.3330903922,-0.2263874461,0.5811643489,0.0429105233,-0.1333591267,-0.0250044332,0.0201329766,0.0000000000,0.5214482558,-0.0000000000,0.0872664626,-0.0000000000,1.0000000000,1.0000000000,0.0000000000,0.0000000000,0.0000000000,0.0000000000
0.0200000000,0.2367298986,0.2314903123,0.5402942570,-0.0313769895,-0.0068894964,-0.0438559940,0.3324386004,-0.2265555432,0.5811456217,0.0427384349,-0.1345519938,-0.0246906776,0.0201329766,0.0000000000,0.5214482558,-0.0000000000,0.0872664626,-0.0000000000,1.0000000000,1.0000000000,0.0000000000,0.0000000000,0.0000000000,0.0000000000
0.0200000000,0.2367961456,0.2315124173,0.5403271267,-0.0313362651,-0.0070479562,-0.0437719254,0.3317682572,-0.2267009076,0.5811209879,0.0426693096,-0.1357916932,-0.0243682886,0.0201329766,0.0000000000,0.5214482558,-0.0000000000,0.0872664626,-0.0000000000,1.0000000000,1.0000000000,0.0000000000,0.0000000000,0.0000000000,0.0000000000
0.0200000000,0.2368559195,0.2315548679,0.5403578120,-0.0312626634,-0.0071990418,-0.0436444462,0.3310650401,-0.2268243919,0.5810892302,0.0426963545,-0.1370950204,-0.0240202679,0.0201329766,0.0000000000,0.5214482558,-0.0000000000,0.0872664626,-0.0000000000,1.0000000000,1.0000000000,0.0000000000,0.0000000000,0.0000000000,0.0000000000
0.0200000000,0.2369076469,0.2316302924,0.5403858320,-0.0311353321,-0.0073422053,-0.0434452535,0.3303091094,-0.2269311512,0.5810509235,0.0427771553,-0.1384767719,-0.0236087709,0.0201329766,0.0000000000,0.5214482558,-0.0000000000,0.0872664626,-0.0000000000,1.0000000000,1.0000000000,0.0000000000,0.0000000000,0.0000000000,0.0000000000
0.0200000000,0.2369483913,0.2317552459,0.5404102278,-0.0309270622,-0.0074751813,-0.0431377231,0.3294757169,-0.2270200962,0.5810048110,0.0428967112,-0.1399631905,-0.0230929963,0.0201329766,0.0000000000,0.5214482558,-0.0000000000,0.0872664626,-0.0000000000,1.0000000000,1.0000000000,0.0000000000,0.0000000000,0.0000000000,0.0000000000
0.0200000000,0.2369768458,0.2319341728,0.5404304283,-0.0306306059,-0.0075957958,-0.0427120962,0.3285478047,-0.2270881947,0.5809485639,0.0430574789,-0.1415694533,-0.0224486531,0.0201329766,0.0000000000,0.5214482558,-0.0000000000,0.0872664626,-0.0000000000,1.0000000000,1.0000000000,0.0000000000,0.0000000000,0.0000000000,0.0000000000
0.0200000000,0.2369943167,0.2321560611,0.5404463350,-0.0302638954,-0.0077017066,-0.0421925675,0.3275147969,-0.2271329194,0.5808788249,0.0432635411,-0.1432942622,-0.0216624061,0.0201329766,0.0000000000,0.5214482558,-0.0000000000,0.0872664626,-0.0000000000,1.0000000000,1.0000000000,0.0000000000,0.0000000000,0.0000000000,0.0000000000
0.0200000000,0.2370014182,0.2324067740,0.5404567782,-0.0298495998,-0.0077845953,-0.0416105179,0.3263479120,-0.2271462543,0.5807876848,0.0435284806,-0.1451472755,-0.0206947769,0.0201329766,0.0000000000,0.5214482558,-0.0000000000,0.0872664626,-0.0000000000,1.0000000000,1.0000000000,0.0000000000,0.0000000000,0.0000000000,0.0000000000
0.0200000000,0.2369998571,0.2326605048,0.5404604159,-0.0294291886,-0.0078334352,-0.0410237154,0.3250394458,-0.2271218174,0.5806696971,0.0438596781,-0.1471062133,-0.0195277669,0.0201329766,0.0000000000,0.5214482558,-0.0000000000,0.0872664626,-0.0000000000,1.0000000000,1.0000000000,0.0000000000,0.0000000000,0.0000000000,0.0000000000
0.0200000000,0.2369916777,0.2328904183,0.5404562171,-0.0290459375,-0.0078387772,-0.0404923438,0.3235976566,-0.2270550154,0.5805211989,0.0442585577,-0.1491249744,-0.0181603912,0.0201329766,0.0000000000,0.5214482558,-0.0000000000,0.0872664626,-0.0000000000,1.0000000000,1.0000000000,0.0000000000,0.0000000000,0.0000000000,0.0000000000
0.0200000000,0.2369785678,0.2330849903,0.5404445886,-0.0287187491,-0.0078010420,-0.0400421254,0.3220427180,-0.2269443196,0.5803403709,0.0447202072,-0.1511440561,-0.0166078423,0.0201329766,0.0000000000,0.5214482558,-0.0000000000,0.0872664626,-0.0000000000,1.0000000000,1.0000000000,0.0000000000,0.0000000000,0.0000000000,0.0000000000
0.0200000000,0.2369619808,0.2332508007,0.5404281629,-0.0284379779,-0.0077349922,-0.0396581213,0.3204179672,-0.2267946524,0.5801301580,0.0452274268,-0.1530869442,-0.0149174677,0.0201329766,0.0000000000,0.5214482558,-0.0000000000,0.0872664626,-0.0000000000,1.0000000000,1.0000000000,0.0000000000,0.0000000000,0.0000000000,0.0000000000
0.0200000000,0.2369434970,0.2333963652,0.5404113895,-0.0281921770,-0.0076655383,-0.0393215804,0.3188039580,-0.2266164737,0.5798981365,0.0457451736,-0.1548366628,-0.0131773877,0.0201329766,0.0000000000,0.5214482558,-0.0000000000,0.0872664626,-0.0000000000,1.0000000000,1.0000000000,0.0000000000,0.0000000000,0.0000000000,0.0000000000
0.0200000000,0.2369254863,0.2335255036,0.5403993213,-0.0279778911,-0.0076200768,-0.0390243767,0.3173054761,-0.2264303760,0.5796628469,0.0462256999,-0.1562995406,-0.0115148704,0.0201329766,0.0000000000,0.5214482558,-0.0000000000,0.0872664626,-0.0000000000,1.0000000000,1.0000000000,0.0000000000,0.0000000000,0.0000000000,0.0000000000
0.0200000000,0.2369093518,0.2336397457,0.5403940310,-0.0277935492,-0.0076097081,-0.0387630024,0.3159714456,-0.2262497130,0.5794361625,0.0466445079,-0.1574604562,-0.0099964324,0.0201329766,0.0000000000,0.5214482558,-0.0000000000,0.0872664626,-0.0000000000,1.0000000000,1.0000000000,0.0000000000,0.0000000000,0.0000000000,0.0000000000
0.0200000000,0.2368951572,0.2337439709,0.5403939300,-0.0276295866,-0.0076262296,-0.0385254573,0.3147799118,-0.2260772980,0.5792200658,0.0470083050,-0.1583835710,-0.0086098817,0.0201329766,0.0000000000,0.5214482558,-0.0000000000,0.0872664626,-0.0000000000,1.0000000000,1.0000000000,0.0000000000,0.0000000000,0.0000000000,0.0000000000
0.0200000000,0.2368826432,0.2338458277,0.5403953831,-0.0274702774,-0.0076505841,-0.0382925825,0.3136902057,-0.2259128161,0.5790136688,0.0473324984,-0.1591474386,-0.0073218391,0.0201329766,0.0000000000,0.5214482558,-0.0000000000,0.0872664626,-0.0000000000,1.0000000000,1.0000000000,0.0000000000,0.0000000000,0.0000000000,0.0000000000
0.0200000000,0.2368723405,0.2339524731,0.5403950466,-0.0273006647,-0.0076649973,-0.0380458189,0.3127078494,-0.2257596774,0.5788188038,0.0476120758,-0.1597588800,-0.0061437833,0.0201329766,0.0000000000,0.5214482558,-0.0000000000,0.0872664626,-0.0000000000,1.0000000000,1.0000000000,0.0000000000,0.0000000000,0.0000000000,0.0000000000
0.0200000000,0.2368642953,0.2340657376,0.5403920383,-0.0271169484,-0.0076647735,-0.0377804645,0.3118284790,-0.2256181088,0.5786351004,0.0478483065,-0.1602300604,-0.0050728389,0.0201329766,0.0000000000,0.5214482558,-0.0000000000,0.0872664626,-0.0000000000,1.0000000000,1.0000000000,0.0000000000,0.0000000000,0.0000000000,0.0000000000
0.0200000000,0.2368576773,0.2341832609,0.5403873160,-0.0269242473,-0.0076551785,-0.0375030424,0.3110135219,-0.2254833941,0.5784585499,0.0480590764,-0.1606125581,-0.0040686678,0.0201329766,0.0000000000,0.5214482558,-0.0000000000,0.0872664626,-0.0000000000,1.0000000000,1.0000000000,0.0000000000,0.0000000000,0.0000000000,0.0000000000
0.0200000000,0.2368516704,0.2343036818,0.5403816950,-0.0267258788,-0.0076408101,-0.0372176802,0.3102239533,-0.2253509428,0.5782851130,0.0482623309,-0.1609557163,-0.0030909370,0.0201329766,0.0000000000,0.5214482558,-0.0000000000,0.0872664626,-0.0000000000,1.0000000000,1.0000000000,0.0000000000,0.0000000000,0.0000000000,0.0000000000
0.0200000000,0.2368460859,0.2344317222,0.5403745431,-0.0265134877,-0.0076187448,-0.0369132463,0.3094427466,-0.2252187584,0.5781120078,0.0484651358,-0.1612752371,-0.0021223601,0.0201329766,0.0000000000,0.5214482558,-0.0000000000,0.0872664626,-0.0000000000,1.0000000000,1.0000000000,0.0000000000,0.0000000000,0.0000000000,0.0000000000
0.0200000000,0.2368415326,0.2345845840,0.5403626333,-0.0262553511,-0.0075728388,-0.0365477395,0.3086737244,-0.2250867048,0.5779359288,0.0486636279,-0.1615477082,-0.0011666488,0.0201329766,0.0000000000,0.5214482558,-0.0000000000,0.0872664626,-0.0000000000,1.0000000000,1.0000000000,0.0000000000,0.0000000000,0.0000000000,0.0000000000
0.0200000000,0.2368385255,0.2347759140,0.5403433897,-0.0259262858,-0.0074901085,-0.0360877368,0.3079232082,-0.2249549554,0.5777546969,0.0488534103,-0.1617513241,-0.0002297943,0.0201329766,0.0000000000,0.5214482558,-0.0000000000,0.0872664626,-0.0000000000,1.0000000000,1.0000000000,0.0000000000,0.0000000000,0.0000000000,0.0000000000
0.0200000000,0.2368368489,0.2350011561,0.5403177100,-0.0255348546,-0.0073749869,-0.0355441942,0.3071892586,-0.2248233940,0.5775690188,0.0490360179,-0.1618938364,0.0006901811,0.0201329766,0.0000000000,0.5214482558,-0.0000000000,0.0872664626,-0.0000000000,1.0000000000,1.0000000000,0.0000000000,0.0000000000,0.0000000000,0.0000000000
0.0200000000,0.2368359007,0.2352451517,0.5402884870,-0.0251092342,-0.0072419496,-0.0349539310,0.3064647142,-0.2246917693,0.5773812427,0.0492165312,-0.1620003911,0.0016001212,0.0201329766,0.0000000000,0.5214482558,-0.0000000000,0.0872664626,-0.0000000000,1.0000000000,1.0000000000,0.0000000000,0.0000000000,0.0000000000,0.0000000000
0.0200000000,0.2368352684,0.2354957851,0.5402580104,-0.0246718792,-0.0071024612,-0.0343463759,0.3057411219,-0.2245594494,0.5771926191,0.0494001209,-0.1620920170,0.0025084916,0.0201329766,0.0000000000,0.5214482558,-0.0000000000,0.0872664626,-0.0000000000,1.0000000000,1.0000000000,0.0000000000,0.0000000000,0.0000000000,0.0000000000
0.0200000000,0.2368356237,0.2357582898,0.5402252470,-0.0242129670,-0.0069511341,-0.0337082227,0.3049881253,-0.2244203736,0.5769940250,0.0495995786,-0.1621701335,0.0034504686,0.0201329766,0.0000000000,0.5214482558,-0.0000000000,0.0872664626,-0.0000000000,1.0000000000,1.0000000000,0.0000000000,0.0000000000,0.0000000000,0.0000000000
0.0200000000,0.2368393790,0.2360625091,0.5401845297,-0.0236766785,-0.0067587911,-0.0329655243,0.3041223274,-0.2242569104,0.5767568889,0.0498487554,-0.1622161578,0.0045239851,0.0201329766,0.0000000000,0.5214482558,-0.0000000000,0.0872664626,-0.0000000000,1.0000000000,1.0000000000,0.0000000000,0.0000000000,0.0000000000,0.0000000000
0.0200000000,0.2368491933,0.2364398987,0.5401297968,-0.0230041128,-0.0064939258,-0.0320399512,0.3030558747,-0.2240509631,0.5764518108,0.0501842710,-0.1622076621,0.0058307529,0.0201329766,0.0000000000,0.5214482558,-0.0000000000,0.0872664626,-0.0000000000,1.0000000000,1.0000000000,0.0000000000,0.0000000000,0.0000000000,0.0000000000
0.0200000000,0.2368657358,0.2368835585,0.5400614484,-0.0222070698,-0.0061574142,-0.0309467030,0.3017953473,-0.2238051200,0.5760819179,0.0506043013,-0.1621376201,0.0073596756,0.0201329766,0.0000000000,0.5214482558,-0.0000000000,0.0872664626,-0.0000000000,1.0000000000,1.0000000000,0.0000000000,0.0000000000,0.0000000000,0.0000000000
0.0200000000,0.2368877089,0.2373303083,0.5399884891,-0.0213999169,-0.0057931467,-0.0298377088,0.3004824014,-0.2235503808,0.5756928616,0.0510477606,-0.1620155554,0.0089413628,0.0201329766,0.0000000000,0.5214482558,-0.0000000000,0.0872664626,-0.0000000000,1.0000000000,1.0000000000,0.0000000000,0.0000000000,0.0000000000,0.0000000000
0.0200000000,0.2369145778,0.2376869280,0.5399229880,-0.0207498637,-0.0054596779,-0.0289362726,0.2993216149,-0.2233298395,0.5753447049,0.0514203804,-0.1618470128,0.0103353421,0.0201329766,0.0000000000,0.5214482558,-0.0000000000,0.0872664626,-0.0000000000,1.0000000000,1.0000000000,0.0000000000,0.0000000000,0.0000000000,0.0000000000
0.0200000000,0.2369456163,0.2379296290,0.5398685741,-0.0202999117,-0.0051756131,-0.0283010364,0.2983754002,-0.2231549219,0.5750547082,0.0516932316,-0.1616409761,0.0114727127,0.0201329766,0.0000000000,0.5214482558,-0.0000000000,0.0872664626,-0.0000000000,1.0000000000,1.0000000000,0.0000000000,0.0000000000,0.0000000000,0.0000000000
0.0200000000,0.2369793787,0.2381014730,0.5398211123,-0.0199743195,-0.0049226115,-0.0278315942,0.2975662293,-0.2230079456,0.5748012968,0.0519039030,-0.1614100515,0.0124484302,0.0201329766,0.0000000000,0.5214482558,-0.0000000000,0.0872664626,-0.0000000000,1.0000000000,1.0000000000,0.0000000000,0.0000000000,0.0000000000,0.0000000000
0.0200000000,0.2370143585,0.2382470962,0.5397761938,-0.0196946364,-0.0046807329,-0.0274233462,0.2968087663,-0.2228707980,0.5745617689,0.0520939452,-0.1611656866,0.0133636382,0.0201329766,0.0000000000,0.5214482558,-0.0000000000,0.0872664626,-0.0000000000,1.0000000000,1.0000000000,0.0000000000,0.0000000000,0.0000000000,0.0000000000
0.0200000000,0.2370498741,0.2383863611,0.5397317211,-0.0194258640,-0.0044403243,-0.0270296332,0.2960606632,-0.2227353026,0.5743249070,0.0522832235,-0.1609123310,0.0142665731,0.0201329766,0.0000000000,0.5214482558,-0.0000000000,0.0872664626,-0.0000000000,1.0000000000,1.0000000000,0.0000000000,0.0000000000,0.0000000000,0.0000000000
0.0200000000,0.2370866073,0.2385170136,0.5396871222,-0.0191710396,-0.0041978160,-0.0266549757,0.2953098434,-0.2226005521,0.5740856872,0.0524742870,-0.1606417220,0.0151671577,0.0201329766,0.0000000000,0.5214482558,-0.0000000000,0.0872664626,-0.0000000000,1.0000000000,1.0000000000,0.0000000000,0.0000000000,0.0000000000,0.0000000000
0.0200000000,0.2371257823,0.2386305058,0.5396421801,-0.0189438774,-0.0039509150,-0.0263183475,0.2945519259,-0.2224674873,0.5738406114,0.0526650812,-0.1603416181,0.0160656953,0.0201329766,0.0000000000,0.5214482558,-0.0000000000,0.0872664626,-0.0000000000,1.0000000000,1.0000000000,0.0000000000,0.0000000000,0.0000000000,0.0000000000
0.0200000000,0.2371677111,0.2387252022,0.5395968461,-0.0187469109,-0.0036991194,-0.0260234078,0.2937861507,-0.2223363212,0.5735891426,0.0528551545,-0.1600098279,0.0169622030,0.0201329766,0.0000000000,0.5214482558,-0.0000000000,0.0872664626,-0.0000000000,1.0000000000,1.0000000000,0.0000000000,0.0000000000,0.0000000000,0.0000000000
0.0200000000,0.2372115706,0.2388073884,0.5395512489,-0.0185699049,-0.0034439131,-0.0257562757,0.2930150889,-0.2222063744,0.5733337768,0.0530460547,-0.1596553520,0.0178570376,0.0201329766,0.0000000000,0.5214482558,-0.0000000000,0.0872664626,-0.0000000000,1.0000000000,1.0000000000,0.0000000000,0.0000000000,0.0000000000,0.0000000000
0.0200000000,0.2372562777,0.2388846619,0.5395055369,-0.0184005599,-0.0031870823,-0.0255001690,0.2922412620,-0.2220767439,0.5730772686,0.0532398364,-0.1592887748,0.0187511892,0.0201329766,0.0000000000,0.5214482558,-0.0000000000,0.0872664626,-0.0000000000,1.0000000000,1.0000000000,0.0000000000,0.0000000000,0.0000000000,0.0000000000
0.0200000000,0.2373016778,0.2389589282,0.5394594769,-0.0182355034,-0.0029275287,-0.0252506901,0.2914571456,-0.2219463397,0.5728174675,0.0534395039,-0.1589092565,0.0196523604,0.0201329766,0.0000000000,0.5214482558,-0.0000000000,0.0872664626,-0.0000000000,1.0000000000,1.0000000000,0.0000000000,0.0000000000,0.0000000000,0.0000000000
0.0200000000,0.2373489443,0.2390253207,0.5394121457,-0.0180817540,-0.0026594064,-0.0250178391,0.2906363727,-0.2218132778,0.5725447394,0.0536517261,-0.1585014546,0.0205823711,0.0201329766,0.0000000000,0.5214482558,-0.0000000000,0.0872664626,-0.0000000000,1.0000000000,1.0000000000,0.0000000000,0.0000000000,0.0000000000,0.0000000000
0.0200000000,0.2373995048,0.2390779643,0.5393625628,-0.0179478575,-0.0023763713,-0.0248137863,0.2897510062,-0.2216758052,0.5722490517,0.0538835514,-0.1580482882,0.0215637197,0.0201329766,0.0000000000,0.5214482558,-0.0000000000,0.0872664626,-0.0000000000,1.0000000000,1.0000000000,0.0000000000,0.0000000000,0.0000000000,0.0000000000
0.0200000000,0.2374535427,0.2391163117,0.5393106547,-0.0178345571,-0.0020778879,-0.0246397000,0.2887979058,-0.2215339540,0.5719299054,0.0541360571,-0.1575478555,0.0225985371,0.0201329766,0.0000000000,0.5214482558,0.0000000000,0.0872664626,0.0000000000,1.0000000000,1.0000000000,0.0000000000,0.0000000000,0.0000000000,0.0000000000
0.0200000000,0.2375097469,0.2391441796,0.5392572859,-0.0177365911,-0.0017694373,-0.0244881378,0.2877948171,-0.2213892570,0.5715943949,0.0544047936,-0.1570105171,0.0236718075,0.0201329766,0.0000000000,0.5214482558,-0.0000000000,0.0872664626,-0.0000000000,1.0000000000,1.0000000000,0.0000000000,0.0000000000,0.0000000000,0.0000000000
0.0200000000,0.2375665548,0.2391582968,0.5392030922,-0.0176605938,-0.0014547732,-0.0243682659,0.2867276071,-0.2212418826,0.5712374187,0.0546919256,-0.1564254816,0.0247925424,0.0201329766,0.0000000000,0.5214482558,-0.0000000000,0.0872664626,-0.0000000000,1.0000000000,1.0000000000,0.0000000000,0.0000000000,0.0000000000,0.0000000000
0.0200000000,0.2376228829,0.2391479067,0.5391481520,-0.0176252515,-0.0011338925,-0.0243060015,0.2855484465,-0.2210906275,0.5708425249,0.0550084522,-0.1557631885,0.0259948546,0.0201329766,0.0000000000,0.5214482558,-0.0000000000,0.0872664626,-0.0000000000,1.0000000000,1.0000000000,0.0000000000,0.0000000000,0.0000000000,0.0000000000
0.0200000000,0.2376770766,0.2391050791,0.5390931740,-0.0176451463,-0.0008106448,-0.0243214844,0.2842297599,-0.2209364411,0.5704018062,0.0553602541,-0.1550090836,0.0272946941,0.0201329766,0.0000000000,0.5214482558,-0.0000000000,0.0872664626,-0.0000000000,1.0000000000,1.0000000000,0.0000000000,0.0000000000,0.0000000000,0.0000000000
0.0200000000,0.2377243729,0.2390240280,0.5390409552,-0.0177341424,-0.0005015909,-0.0244332472,0.2827745594,-0.2207848758,0.5699192907,0.0557425114,-0.1541715407,0.0286775477,0.0201329766,0.0000000000,0.5214482558,-0.0000000000,0.0872664626,-0.0000000000,1.0000000000,1.0000000000,0.0000000000,0.0000000000,0.0000000000,0.0000000000
0.0200000000,0.2377563466,0.2388943055,0.5389963768,-0.0179171465,-0.0002356670,-0.0246744515,0.2811851632,-0.2206452299,0.5693992330,0.0561455881,-0.1532612565,0.0301209879,0.0201329766,0.0000000000,0.5214482558,-0.0000000000,0.0872664626,-0.0000000000,1.0000000000,1.0000000000,0.0000000000,0.0000000000,0.0000000000,0.0000000000
0.0200000000,0.2377601367,0.2386979099,0.5389669108,-0.0182356066,-0.0000569295,-0.0251006001,0.2794432999,-0.2205319079,0.5688378166,0.0565518871,-0.1522695039,0.0316067359,0.0201329766,0.0000000000,0.5214482558,-0.0000000000,0.0872664626,-0.0000000000,1.0000000000,1.0000000000,0.0000000000,0.0000000000,0.0000000000,0.0000000000
0.0200000000,0.2377282071,0.2384382816,0.5389578325,-0.0186908452,0.0000029038,-0.0257120856,0.2775848469,-0.2204566304,0.5682467714,0.0569297841,-0.1512001155,0.0330890870,0.0201329766,0.0000000000,0.5214482558,-0.0000000000,0.0872664626,-0.0000000000,1.0000000000,1.0000000000,0.0000000000,0.0000000000,0.0000000000,0.0000000000
0.0200000000,0.2376559979,0.2381306850,0.5389730818,-0.0192619809,-0.0000803697,-0.0264788173,0.2756874813,-0.2204275913,0.5676486029,0.0572488626,-0.1500754740,0.0344971062,0.0201329766,0.0000000000,0.5214482558,-0.0000000000,0.0872664626,-0.0000000000,1.0000000000,1.0000000000,0.0000000000,0.0000000000,0.0000000000,0.0000000000
0.0200000000,0.2375415755,0.2377965102,0.5390150573,-0.0199155314,-0.0003220734,-0.0273536729,0.2738500825,-0.2204487498,0.5670705130,0.0574915120,-0.1489381008,0.0357462242,0.0201329766,0.0000000000,0.5214482558,-0.0000000000,0.0872664626,-0.0000000000,1.0000000000,1.0000000000,0.0000000000,0.0000000000,0.0000000000,0.0000000000
0.0200000000,0.2373869527,0.2374559533,0.5390834017,-0.0206162855,-0.0007210144,-0.0282879196,0.2721404113,-0.2205191573,0.5665298097,0.0576522994,-0.1478228573,0.0367845779,0.0201329766,0.0000000000,0.5214482558,-0.0000000000,0.0872664626,0.0000000000,1.0000000000,1.0000000000,0.0000000000,0.0000000000,0.0000000000,0.0000000000
0.0200000000,0.2371915576,0.2371167831,0.5391788810,-0.0213518265,-0.0012821192,-0.0292644221,0.2705592808,-0.2206393588,0.5660209571,0.0577232953,-0.1467121880,0.0376097619,0.0201329766,0.0000000000,0.5214482558,-0.0000000000,0.0872664626,-0.0000000000,1.0000000000,1.0000000000,0.0000000000,0.0000000000,0.0000000000,0.0000000000
0.0200000000,0.2369585928,0.2367767350,0.5392994160,-0.0221232744,-0.0019924737,-0.0302846837,0.2690478393,-0.2208021599,0.5655211896,0.0577136467,-0.1455464569,0.0382821406,0.0201329766,0.0000000000,0.5214482558,-0.0000000000,0.0872664626,-0.0000000000,1.0000000000,1.0000000000,0.0000000000,0.0000000000,0.0000000000,0.0000000000
0.0200000000,0.2366890720,0.2364370695,0.5394445438,-0.0229279888,-0.0028490453,-0.0313444323,0.2675799536,-0.2210036471,0.5650175764,0.0576266989,-0.1442838737,0.0388286822,0.0201329766,0.0000000000,0.5214482558,-0.0000000000,0.0872664626,-0.0000000000,1.0000000000,1.0000000000,0.0000000000,0.0000000000,0.0000000000,0.0000000000
0.0200000000,0.2363839898,0.2361041002,0.5396141090,-0.0237549478,-0.0038509651,-0.0324278878,0.2661571071,-0.2212415675,0.5645056829,0.0574600879,-0.1429013188,0.0392525148,0.0201329766,0.0000000000,0.5214482558,-0.0000000000,0.0872664626,-0.0000000000,1.0000000000,1.0000000000,0.0000000000,0.0000000000,0.0000000000,0.0000000000
0.0200000000,0.2360480289,0.2357847107,0.5398058982,-0.0245889414,-0.0049849359,-0.0335141966,0.2647921307,-0.2215107485,0.5639862580,0.0572143002,-0.1413925847,0.0395567055,0.0201329766,0.0000000000,0.5214482558,-0.0000000000,0.0872664626,-0.0000000000,1.0000000000,1.0000000000,0.0000000000,0.0000000000,0.0000000000,0.0000000000
0.0200000000,0.2356898421,0.2354863068,0.5400159352,-0.0254104340,-0.0062270414,-0.0345778147,0.2635142903,-0.2218027399,0.5634639235,0.0568898127,-0.1397583333,0.0397410973,0.0201329766,0.0000000000,0.5214482558,-0.0000000000,0.0872664626,-0.0000000000,1.0000000000,1.0000000000,0.0000000000,0.0000000000,0.0000000000,0.0000000000
0.0200000000,0.2353222383,0.2352103081,0.5402369555,-0.0262060284,-0.0075333588,-0.0356020403,0.2623327288,-0.2221043995,0.5629436931,0.0565036591,-0.1380200011,0.0398316648,0.0201329766,0.0000000000,0.5214482558,-0.0000000000,0.0872664626,-0.0000000000,1.0000000000,1.0000000000,0.0000000000,0.0000000000,0.0000000000,0.0000000000
0.0200000000,0.2349508367,0.2349552450,0.5404657161,-0.0269734058,-0.0088842311,-0.0365842729,0.2612392341,-0.2224086711,0.5624226689,0.0560673978,-0.1361734039,0.0398501318,0.0201329766,0.0000000000,0.5214482558,0.0000000000,0.0872664626,0.0000000000,1.0000000000,1.0000000000,0.0000000000,0.0000000000,0.0000000000,0.0000000000
0.0200000000,0.2345762033,0.2347190990,0.5407023240,-0.0277159410,-0.0102800256,-0.0375286111,0.2602207526,-0.2227128143,0.5618923966,0.0555848704,-0.1341883017,0.0398097536,0.0201329766,0.0000000000,0.5214482558,-0.0000000000,0.0872664626,-0.0000000000,1.0000000000,1.0000000000,0.0000000000,0.0000000000,0.0000000000,0.0000000000
0.0200000000,0.2341943977,0.2344967855,0.5409502711,-0.0284468597,-0.0117407360,-0.0384511577,0.2592570207,-0.2230184538,0.5613392406,0.0550533842,-0.1320118701,0.0397168886,0.0201329766,0.0000000000,0.5214482558,-0.0000000000,0.0872664626,-0.0000000000,1.0000000000,1.0000000000,0.0000000000,0.0000000000,0.0000000000,0.0000000000
0.0200000000,0.2337915061,0.2342758742,0.5412219601,-0.0292030129,-0.0133377816,-0.0393967055,0.2583109225,-0.2233349111,0.5607296110,0.0544522010,-0.1294964166,0.0395651214,0.0201329766,0.0000000000,0.5214482558,-0.0000000000,0.0872664626,-0.0000000000,1.0000000000,1.0000000000,0.0000000000,0.0000000000,0.0000000000,0.0000000000
0.0200000000,0.2333537872,0.2340409635,0.5415306004,-0.0300263586,-0.0151465419,-0.0404175017,0.2573412317,-0.2236703158,0.5600269761,0.0537601032,-0.1264771481,0.0393532841,0.0201329766,0.0000000000,0.5214482558,-0.0000000000,0.0872664626,-0.0000000000,1.0000000000,1.0000000000,0.0000000000,0.0000000000,0.0000000000,0.0000000000
0.0200000000,0.2328801257,0.2337833290,0.5418830217,-0.0309355753,-0.0172049330,-0.0415391730,0.2563406421,-0.2240212620,0.5592049183,0.0529623697,-0.1228115141,0.0390860390,0.0201329766,0.0000000000,0.5214482558,-0.0000000000,0.0872664626,-0.0000000000,1.0000000000,1.0000000000,0.0000000000,0.0000000000,0.0000000000,0.0000000000
0.0200000000,0.2323875930,0.2334982529,0.5422769708,-0.0319276962,-0.0194957474,-0.0427600742,0.2553324667,-0.2243727345,0.5582539437,0.0520591037,-0.1184226215,0.0387782493,0.0201329766,0.0000000000,0.5214482558,-0.0000000000,0.0872664626,-0.0000000000,1.0000000000,1.0000000000,0.0000000000,0.0000000000,0.0000000000,0.0000000000
0.0200000000,0.2319099428,0.2331830128,0.5427001454,-0.0329834902,-0.0219403991,-0.0440548326,0.2543600479,-0.2247030333,0.5571903355,0.0510717861,-0.1133603443,0.0384537459,0.0201329766,0.0000000000,0.5214482558,-0.0000000000,0.0872664626,-0.0000000000,1.0000000000,1.0000000000,0.0000000000,0.0000000000,0.0000000000,0.0000000000
0.0200000000,0.2314942695,0.2328308560,0.5431342846,-0.0340805693,-0.0244230324,-0.0453944278,0.2534814190,-0.2249841074,0.5560450825,0.0500377719,-0.1077473313,0.0381449397,0.0201329766,0.0000000000,0.5214482558,-0.0000000000,0.0872664626,-0.0000000000,1.0000000000,1.0000000000,0.0000000000,0.0000000000,0.0000000000,0.0000000000
0.0200000000,0.2311676792,0.2324345804,0.5435646621,-0.0352082016,-0.0268529111,-0.0467680635,0.2527157170,-0.2252038615,0.5548552572,0.0489969816,-0.1017755324,0.0378765516,0.0201329766,0.0000000000,0.5214482558,-0.0000000000,0.0872664626,-0.0000000000,1.0000000000,1.0000000000,0.0000000000,0.0000000000,0.0000000000,0.0000000000
0.0200000000,0.2309409743,0.2319774172,0.5439902956,-0.0363876747,-0.0292194166,-0.0482071788,0.2520533587,-0.2253629672,0.5536251833,0.0479587918,-0.0954812655,0.0376533174,0.0201329766,0.0000000000,0.5214482558,-0.0000000000,0.0872664626,-0.0000000000,1.0000000000,1.0000000000,0.0000000000,0.0000000000,0.0000000000,0.0000000000
0.0200000000,0.2308214484,0.2314382917,0.5444145562,-0.0376502541,-0.0315369943,-0.0497593741,0.2514798981,-0.2254672709,0.5523502170,0.0469200526,-0.0888548870,0.0374680578,0.0201329766,0.0000000000,0.5214482558,-0.0000000000,0.0872664626,-0.0000000000,1.0000000000,1.0000000000,0.0000000000,0.0000000000,0.0000000000,0.0000000000
0.0200000000,0.2308156144,0.2308030108,0.5448357171,-0.0390107801,-0.0337927743,-0.0514551635,0.2509868692,-0.2255246564,0.5510436592,0.0458864552,-0.0819804527,0.0373104402,0.0201329766,0.0000000000,0.5214482558,-0.0000000000,0.0872664626,-0.0000000000,1.0000000000,1.0000000000,0.0000000000,0.0000000000,0.0000000000,0.0000000000
0.0200000000,0.2309384869,0.2300516703,0.5452462754,-0.0404845624,-0.0359373754,-0.0533295965,0.2505781666,-0.2255428203,0.5497346238,0.0448722277,-0.0750203089,0.0371666643,0.0201329766,0.0000000000,0.5214482558,-0.0000000000,0.0872664626,-0.0000000000,1.0000000000,1.0000000000,0.0000000000,0.0000000000,0.0000000000,0.0000000000
0.0200000000,0.2311757341,0.2291745586,0.5456456199,-0.0420915269,-0.0379665205,-0.0554149968,0.2502351550,-0.2255427078,0.5484405642,0.0438708854,-0.0680895661,0.0370066518,0.0201329766,0.0000000000,0.5214482558,-0.0000000000,0.0872664626,-0.0000000000,1.0000000000,1.0000000000,0.0000000000,0.0000000000,0.0000000000,0.0000000000
0.0200000000,0.2315100703,0.2281552276,0.5460373480,-0.0438674386,-0.0398979452,-0.0577626977,0.2499370986,-0.2255462526,0.5471653573,0.0428631242,-0.0612289974,0.0367957063,0.0201329766,0.0000000000,0.5214482558,-0.0000000000,0.0872664626,-0.0000000000,1.0000000000,1.0000000000,0.0000000000,0.0000000000,0.0000000000,0.0000000000
0.0200000000,0.2319160897,0.2269910353,0.5464204056,-0.0458254615,-0.0417274697,-0.0603955112,0.2496679093,-0.2255756491,0.5459263678,0.0418378433,-0.0545496373,0.0365006872,0.0201329766,0.0000000000,0.5214482558,-0.0000000000,0.0872664626,-0.0000000000,1.0000000000,1.0000000000,0.0000000000,0.0000000000,0.0000000000,0.0000000000
0.0200000000,0.2323547275,0.2257006632,0.5467881793,-0.0479471556,-0.0434280481,-0.0632936720,0.2494140686,-0.2256539166,0.5447567977,0.0407941930,-0.0482475879,0.0360918492,0.0201329766,0.0000000000,0.5214482558,-0.0000000000,0.0872664626,-0.0000000000,1.0000000000,1.0000000000,0.0000000000,0.0000000000,0.0000000000,0.0000000000
0.0200000000,0.2327812510,0.2242816656,0.5471335400,-0.0502533076,-0.0449696444,-0.0664898491,0.2491573227,-0.2258143381,0.5436881819,0.0397162248,-0.0425142010,0.0355196573,0.0201329766,0.0000000000,0.5214482558,-0.0000000000,0.0872664626,-0.0000000000,1.0000000000,1.0000000000,0.0000000000,0.0000000000,0.0000000000,0.0000000000
0.0200000000,0.2331569432,0.2227184914,0.5474615423,-0.0527921110,-0.0463859631,-0.0700491328,0.2488705992,-0.2260789550,0.5427040053,0.0385651920,-0.0372783067,0.0347509942,0.0201329766,0.0000000000,0.5214482558,-0.0000000000,0.0872664626,-0.0000000000,1.0000000000,1.0000000000,0.0000000000,0.0000000000,0.0000000000,0.0000000000
0.0200000000,0.2334438088,0.2209875617,0.5477748141,-0.0556221160,-0.0476953394,-0.0740551329,0.2485284682,-0.2264684491,0.5417868318,0.0373023282,-0.0324610950,0.0337535083,0.0201329766,0.0000000000,0.5214482558,-0.0000000000,0.0872664626,-0.0000000000,1.0000000000,1.0000000000,0.0000000000,0.0000000000,0.0000000000,0.0000000000
0.0200000000,0.2335969294,0.2190827823,0.5480672805,-0.0587712439,-0.0488730503,-0.0785532487,0.2481098490,-0.2269979511,0.5409339827,0.0359077566,-0.0280601683,0.0325094544,0.0201329766,0.0000000000,0.5214482558,-0.0000000000,0.0872664626,-0.0000000000,1.0000000000,1.0000000000,0.0000000000,0.0000000000,0.0000000000,0.0000000000
0.0200000000,0.2335753557,0.2170255755,0.5483258625,-0.0622173590,-0.0498598292,-0.0835204921,0.2476013091,-0.2276652475,0.5401475383,0.0343889413,-0.0240907516,0.0310367394,0.0201329766,0.0000000000,0.5214482558,-0.0000000000,0.0872664626,-0.0000000000,1.0000000000,1.0000000000,0.0000000000,0.0000000000,0.0000000000,0.0000000000
0.0200000000,0.2333421296,0.2148715749,0.5485241940,-0.0658736405,-0.0505297543,-0.0888484006,0.2469967732,-0.2284473524,0.5394376933,0.0327902550,-0.0206046279,0.0293981984,0.0201329766,0.0000000000,0.5214482558,-0.0000000000,0.0872664626,-0.0000000000,1.0000000000,1.0000000000,0.0000000000,0.0000000000,0.0000000000,0.0000000000
0.0200000000,0.2329475965,0.2127432213,0.5486487883,-0.0695102975,-0.0508185954,-0.0942143086,0.2463342441,-0.2292637067,0.5388034629,0.0312198132,-0.0175594260,0.0277505382,0.0201329766,0.0000000000,0.5214482558,-0.0000000000,0.0872664626,-0.0000000000,1.0000000000,1.0000000000,0.0000000000,0.0000000000,0.0000000000,0.0000000000
0.0200000000,0.2324759626,0.2107469596,0.5486964977,-0.0729126939,-0.0507113033,-0.0993096056,0.2456622556,-0.2300356018,0.5382405449,0.0297787157,-0.0148928587,0.0262365700,0.0201329766,0.0000000000,0.5214482558,-0.0000000000,0.0872664626,-0.0000000000,1.0000000000,1.0000000000,0.0000000000,0.0000000000,0.0000000000,0.0000000000
0.0200000000,0.2320121944,0.2089373559,0.5486732296,-0.0759534901,-0.0502353052,-0.1039467894,0.2450208628,-0.2307106374,0.5377376891,0.0285262494,-0.0125163548,0.0249420802,0.0201329766,0.0000000000,0.5214482558,-0.0000000000,0.0872664626,-0.0000000000,1.0000000000,1.0000000000,0.0000000000,0.0000000000,0.0000000000,0.0000000000
0.0200000000,0.2316194856,0.2073131834,0.5485910261,-0.0786093420,-0.0494462453,-0.1080840835,0.2444332004,-0.2312707670,0.5372782165,0.0274698385,-0.0103268891,0.0238846010,0.0201329766,0.0000000000,0.5214482558,-0.0000000000,0.0872664626,-0.0000000000,1.0000000000,1.0000000000,0.0000000000,0.0000000000,0.0000000000,0.0000000000
0.0200000000,0.2313406433,0.2058526705,0.5484560746,-0.0808964649,-0.0483679949,-0.1117383629,0.2439133979,-0.2317160585,0.5368473782,0.0265930970,-0.0082396291,0.0230475962,0.0201329766,0.0000000000,0.5214482558,-0.0000000000,0.0872664626,-0.0000000000,1.0000000000,1.0000000000,0.0000000000,0.0000000000,0.0000000000,0.0000000000
0.0200000000,0.2311693651,0.2045033697,0.5482796583,-0.0829115614,-0.0470546068,-0.1150367281,0.2434568653,-0.2320813628,0.5364307962,0.0258300685,-0.0061846786,0.0223494545,0.0201329766,0.0000000000,0.5214482558,-0.0000000000,0.0872664626,-0.0000000000,1.0000000000,1.0000000000,0.0000000000,0.0000000000,0.0000000000,0.0000000000
0.0200000000,0.2310920178,0.2032518802,0.5480673946,-0.0846888891,-0.0455397395,-0.1180207813,0.2430676037,-0.2323927707,0.5360255159,0.0251347819,-0.0041491757,0.0217268497,0.0201329766,0.0000000000,0.5214482558,-0.0000000000,0.0872664626,-0.0000000000,1.0000000000,1.0000000000,0.0000000000,0.0000000000,0.0000000000,0.0000000000
0.0200000000,0.2310997590,0.2021227067,0.5478244287,-0.0861999738,-0.0438635296,-0.1206410488,0.2427617008,-0.2326649006,0.5356373675,0.0244823378,-0.0021613697,0.0211374567,0.0201329766,0.0000000000,0.5214482558,-0.0000000000,0.0872664626,-0.0000000000,1.0000000000,1.0000000000,0.0000000000,0.0000000000,0.0000000000,0.0000000000
0.0200000000,0.2311873278,0.2011542841,0.5475578390,-0.0873942819,-0.0420800984,-0.1228138752,0.2425578565,-0.2329057875,0.5352743506,0.0238594116,-0.0002594372,0.0205529689,0.0201329766,0.0000000000,0.5214482558,-0.0000000000,0.0872664626,-0.0000000000,1.0000000000,1.0000000000,0.0000000000,0.0000000000,0.0000000000,0.0000000000
0.0200000000,0.2313606486,0.2003977382,0.5472746840,-0.0881964504,-0.0402448984,-0.1244160943,0.2424799785,-0.2331159579,0.5349445175,0.0232630911,0.0015216103,0.0199582328,0.0201329766,0.0000000000,0.5214482558,-0.0000000000,0.0872664626,-0.0000000000,1.0000000000,1.0000000000,0.0000000000,0.0000000000,0.0000000000,0.0000000000
0.0200000000,0.2316047422,0.1998444940,0.5469891167,-0.0886410172,-0.0384382886,-0.1254836439,0.2425121273,-0.2332960562,0.5346486801,0.0227005263,0.0031691056,0.0193642777,0.0201329766,0.0000000000,0.5214482558,-0.0000000000,0.0872664626,-0.0000000000,1.0000000000,1.0000000000,0.0000000000,0.0000000000,0.0000000000,0.0000000000
0.0200000000,0.2318888433,0.1994707876,0.5467212293,-0.0888019843,-0.0367714513,-0.1261013371,0.2426210939,-0.2334420214,0.5343935159,0.0221986691,0.0046312935,0.0188088184,0.0201329766,0.0000000000,0.5214482558,-0.0000000000,0.0872664626,-0.0000000000,1.0000000000,1.0000000000,0.0000000000,0.0000000000,0.0000000000,0.0000000000
0.0200000000,0.2321716798,0.1992460680,0.5464939042,-0.0887729449,-0.0353711475,-0.1263790129,0.2427661379,-0.2335491039,0.5341902044,0.0217922740,0.0058283217,0.0183392912,0.0201329766,0.0000000000,0.5214482558,-0.0000000000,0.0872664626,-0.0000000000,1.0000000000,1.0000000000,0.0000000000,0.0000000000,0.0000000000,0.0000000000
0.0200000000,0.2324318531,0.1991333262,0.5463154725,-0.0886318705,-0.0342776782,-0.1264222410,0.2429211943,-0.2336180633,0.5340410560,0.0214928721,0.0067352514,0.0179752794,0.0201329766,0.0000000000,0.5214482558,-0.0000000000,0.0872664626,-0.0000000000,1.0000000000,1.0000000000,0.0000000000,0.0000000000,0.0000000000,0.0000000000
0.0200000000,0.2327017197,0.1990956498,0.5461651164,-0.0883986458,-0.0333579856,-0.1262841699,0.2430999359,-0.2336565031,0.5339303707,0.0212686285,0.0074441216,0.0176815832,0.0201329766,0.0000000000,0.5214482558,-0.0000000000,0.0872664626,-0.0000000000,1.0000000000,1.0000000000,0.0000000000,0.0000000000,0.0000000000,0.0000000000
0.0200000000,0.2330392856,0.1990847407,0.5460015060,-0.0880774768,-0.0323554351,-0.1260177344,0.2433325128,-0.2336814381,0.5338259689,0.0210510562,0.0081451074,0.0173804556,0.0201329766,0.0000000000,0.5214482558,-0.0000000000,0.0872664626,-0.0000000000,1.0000000000,1.0000000000,0.0000000000,0.0000000000,0.0000000000,0.0000000000
0.0200000000,0.2334601548,0.1990760430,0.5458077709,-0.0876840051,-0.0311645303,-0.1256610234,0.2436248567,-0.2337012319,0.5337161279,0.0208138988,0.0089055361,0.0170421583,0.0201329766,0.0000000000,0.5214482558,-0.0000000000,0.0872664626,-0.0000000000,1.0000000000,1.0000000000,0.0000000000,0.0000000000,0.0000000000,0.0000000000
0.0200000000,0.2339314858,0.1990667480,0.5455893815,-0.0872485478,-0.0298215181,-0.1252481031,0.2439555972,-0.2337176317,0.5336071083,0.0205686643,0.0096813087,0.0166817778,0.0201329766,0.0000000000,0.5214482558,-0.0000000000,0.0872664626,-0.0000000000,1.0000000000,1.0000000000,0.0000000000,0.0000000000,0.0000000000,0.0000000000
0.0200000000,0.2343976770,0.1990710674,0.5453556675,-0.0867903704,-0.0283964597,-0.1247953565,0.2442969072,-0.2337319780,0.5335072495,0.0203318254,0.0104133110,0.0163214833,0.0201329766,0.0000000000,0.5214482558,-0.0000000000,0.0872664626,-0.0000000000,1.0000000000,1.0000000000,0.0000000000,0.0000000000,0.0000000000,0.0000000000
0.0200000000,0.2347992585,0.1991218052,0.5451051142,-0.0862911973,-0.0269087237,-0.1242781682,0.2446369055,-0.2337489796,0.5334160966,0.0201001497,0.0110976816,0.0159592494,0.0201329766,0.0000000000,0.5214482558,-0.0000000000,0.0872664626,-0.0000000000,0.9915219812,1.0000000000,0.0000000000,0.0000000000,0.0000000000,0.0000000000
0.0200000000,0.2351083493,0.1992446965,0.5448360372,-0.0857224751,-0.0253664189,-0.1236636015,0.2449834874,-0.2337731290,0.5333258295,0.0198560956,0.0117810078,0.0155749061,0.0201329766,0.0000000000,0.5214482558,-0.0000000000,0.0872664626,-0.0000000000,0.9255517215,1.0000000000,0.0000000000,0.0000000000,0.0000000000,0.0000000000
0.0200000000,0.2353234898,0.1994465350,0.5445563877,-0.0850791069,-0.0238167673,-0.1229410220,0.2453433733,-0.2338048373,0.5332343466,0.0195944595,0.0124783802,0.0151612804,0.0201329766,0.0000000000,0.5214482558,-0.0000000000,0.0872664626,-0.0000000000,0.8588850548,1.0000000000,0.0000000000,0.0000000000,0.0000000000,0.0000000000
0.0200000000,0.2354658629,0.1997085156,0.5442883051,-0.0843966129,-0.0223695361,-0.1221415160,0.2457085600,-0.2338407601,0.5331466210,0.0193283700,0.0131589542,0.0147346520,0.0201329766,0.0000000000,0.5214482558,-0.0000000000,0.0872664626,-0.0000000000,0.7922183881,1.0000000000,0.0000000000,0.0000000000,0.0000000000,0.0000000000
0.0200000000,0.2355764144,0.1999849016,0.5440670898,-0.0837544269,-0.0211920840,-0.1213433827,0.2460558042,-0.2338752579,0.5330709865,0.0190836552,0.0137655861,0.0143301373,0.0201329766,0.0000000000,0.5214482558,-0.0000000000,0.0872664626,-0.0000000000,0.7255517215,1.0000000000,0.0000000000,0.0000000000,0.0000000000,0.0000000000
0.0200000000,0.2357064276,0.2002043138,0.5439470285,-0.0832851486,-0.0205449623,-0.1206785656,0.2463474302,-0.2339016907,0.5330163195,0.0188937395,0.0142300758,0.0139969027,0.0201329766,0.0000000000,0.5214482558,-0.0000000000,0.0872664626,-0.0000000000,0.6588850548,1.0000000000,0.0000000000,0.0000000000,0.0000000000,0.0000000000
0.0200000000,0.2358875430,0.2003151535,0.5439555580,-0.0830770727,-0.0205534864,-0.1202451312,0.2465630215,-0.2339178806,0.5329820554,0.0187685757,0.0145438474,0.0137567440,0.0201329766,0.0000000000,0.5214482558,-0.0000000000,0.0872664626,-0.0000000000,0.5922183881,1.0000000000,0.0000000000,0.0000000000,0.0000000000,0.0000000000
0.0200000000,0.2361245341,0.2003006355,0.5440999028,-0.0831596265,-0.0212503072,-0.1200801644,0.2467021149,-0.2339254195,0.5329634657,0.0186997945,0.0147307115,0.0136058504,0.0201329766,0.0000000000,0.5214482558,-0.0000000000,0.0872664626,-0.0000000000,0.5255517215,1.0000000000,0.0000000000,0.0000000000,0.0000000000,0.0000000000
0.0200000000,0.2364080624,0.2001692139,0.5443720052,-0.0835153987,-0.0225956814,-0.1201716639,0.2467810343,-0.2339275230,0.5329547829,0.0186692838,0.0148293872,0.0135226224,0.0201329766,0.0000000000,0.5214482558,-0.0000000000,0.0872664626,-0.0000000000,0.4588850548,1.0000000000,0.0000000000,0.0000000000,0.0000000000,0.0000000000
0.0200000000,0.2367200698,0.1999488504,0.5447451921,-0.0840837119,-0.0244563903,-0.1204660663,0.2468228484,-0.2339273138,0.5329510862,0.0186581222,0.0148784570,0.0134798375,0.0201329766,0.0000000000,0.5214482558,-0.0000000000,0.0872664626,-0.0000000000,0.3922183881,1.0000000000,0.0000000000,0.0000000000,0.0000000000,0.0000000000
0.0200000000,0.2370387699,0.1996761662,0.5451792873,-0.0847799882,-0.0266296924,-0.1208903035,0.2468418512,-0.2339267640,0.5329496855,0.0186547152,0.0148998002,0.0134608577,0.0201329766,0.0000000000,0.5214482558,-0.0000000000,0.0872664626,-0.0000000000,0.3255517215,1.0000000000,0.0000000000,0.0000000000,0.0000000000,0.0000000000
0.0200000000,0.2373477693,0.1993928802,0.5456244537,-0.0855017472,-0.0288606788,-0.1213521476,0.2468485962,-0.2339265174,0.5329492189,0.0186536875,0.0149072688,0.0134541792,0.0201329766,0.0000000000,0.5214482558,-0.0000000000,0.0872664626,-0.0000000000,0.2588850548,1.0000000000,0.0000000000,0.0000000000,0.0000000000,0.0000000000
0.0200000000,0.2376437746,0.1991184503,0.5460551177,-0.0861971462,-0.0310167866,-0.1218043465,0.2468500175,-0.2339264633,0.5329491219,0.0186534784,0.0149088377,0.0134527748,0.0201329766,0.0000000000,0.5214482558,-0.0000000000,0.0872664626,-0.0000000000,0.1922183881,1.0000000000,0.0000000000,0.0000000000,0.0000000000,0.0000000000
0.0200000000,0.2379337331,0.1988563951,0.5464651325,-0.0868515136,-0.0330634903,-0.1222315382,0.2468501337,-0.2339264588,0.5329491140,0.0186534613,0.0149089660,0.0134526599,0.0201329766,0.0000000000,0.5214482558,-0.0000000000,0.0872664626,-0.0000000000,0.1255517215,1.0000000000,0.0000000000,0.0000000000,0.0000000000,0.0000000000
0.0200000000,0.2382402993,0.1985935723,0.5468731183,-0.0874895428,-0.0350907120,-0.1226482535,0.2468501342,-0.2339264588,0.5329491140,0.0186534613,0.0149089665,0.0134526594,0.0201329766,0.0000000000,0.5214482558,-0.0000000000,0.0872664626,-0.0000000000,0.0588850548,1.0000000000,0.0000000000,0.0000000000,0.0000000000,0.0000000000
0.0200000000,0.2386129419,0.1982982543,0.5473248256,-0.0881727835,-0.0373203296,-0.1230945704,0.2468501342,-0.2339264588,0.5329491140,0.0186534613,0.0149089665,0.0134526594,0.0201329766,0.0000000000,0.5214482558,-0.0000000000,0.0872664626,-0.0000000000,0.0009807387,1.0000000000,0.0000000000,0.0000000000,0.0000000000,0.0000000000
0.0200000000,0.2390863427,0.1979506906,0.5478449424,-0.0889336154,-0.0398660404,-0.1235904858,0.2468501342,-0.2339264588,0.5329491140,0.0186534613,0.0149089665,0.0134526594,0.0201329766,0.0000000000,0.5214482558,-0.0000000000,0.0872664626,-0.0000000000,0.0000000000,1.0000000000,0.0000000000,0.0000000000,0.0000000000,0.0000000000
0.0200000000,0.2396712902,0.1975513703,0.5484235315,-0.0897551378,-0.0426658133,-0.1241227827,0.2468501342,-0.2339264588,0.5329491140,0.0186534613,0.0149089665,0.0134526594,0.0201329766,0.0000000000,0.5214482558,-0.0000000000,0.0872664626,-0.0000000000,0.0000000000,1.0000000000,0.0000000000,0.0000000000,0.0000000000,0.0000000000
0.0200000000,0.2403660284,0.1971098896,0.5490357138,-0.0906005267,-0.0455827764,-0.1246649588,0.2468501342,-0.2339264588,0.5329491140,0.0186534613,0.0149089665,0.0134526594,0.0201329766,0.0000000000,0.5214482558,-0.0000000000,0.0872664626,-0.0000000000,0.0000000000,1.0000000000,0.0000000000,0.0000000000,0.0000000000,0.0000000000
0.0200000000,0.2411714674,0.1966329837,0.5496624456,-0.0914417354,-0.0485095508,-0.1251958373,0.2468501342,-0.2339264588,0.5329491140,0.0186534613,0.0149089665,0.0134526594,0.0201329766,0.0000000000,0.5214482558,-0.0000000000,0.0872664626,-0.0000000000,0.0000000000,1.0000000000,0.0000000000,0.0000000000,0.0000000000,0.0000000000
0.0200000000,0.2421249357,0.1961101028,0.5503051959,-0.0922750833,-0.0514289344,-0.1257060600,0.2468501342,-0.2339264588,0.5329491140,0.0186534613,0.0149089665,0.0134526594,0.0201329766,0.0000000000,0.5214482558,-0.0000000000,0.0872664626,-0.0000000000,0.0000000000,1.0000000000,0.0000000000,0.0000000000,0.0000000000,0.0000000000
0.0200000000,0.2432559553,0.1955302179,0.5509740789,-0.0931099883,-0.0543698769,-0.1261953451,0.2468501342,-0.2339264588,0.5329491140,0.0186534613,0.0149089665,0.0134526594,0.0201329766,0.0000000000,0.5214482558,-0.0000000000,0.0872664626,-0.0000000000,0.0000000000,1.0000000000,0.0000000000,0.0000000000,0.0000000000,0.0000000000
0.0200000000,0.2445962233,0.1948855468,0.5516723814,-0.0939463692,-0.0573193307,-0.1266508784,0.2468501342,-0.2339264588,0.5329491140,0.0186534613,0.0149089665,0.0134526594,0.0201329766,0.0000000000,0.5214482558,-0.0000000000,0.0872664626,-0.0000000000,0.0000000000,1.0000000000,0.0000000000,0.0000000000,0.0000000000,0.0000000000
0.0200000000,0.2461650750,0.1941774950,0.5523954314,-0.0947756819,-0.0602242306,-0.1270447008,0.2468501342,-0.2339264588,0.5329491140,0.0186534613,0.0149089665,0.0134526594,0.0201329766,0.0000000000,0.5214482558,-0.0000000000,0.0872664626,-0.0000000000,0.0000000000,1.0000000000,0.0000000000,0.0000000000,0.0000000000,0.0000000000
0.0200000000,0.2479392717,0.1934255545,0.5531283870,-0.0955794789,-0.0630009830,-0.1273411340,0.2468501342,-0.2339264588,0.5329491140,0.0186534613,0.0149089665,0.0134526594,0.0201329766,0.0000000000,0.5214482558,-0.0000000000,0.0872664626,-0.0000000000,0.0000000000,1.0000000000,0.0000000000,0.0000000000,0.0000000000,0.0000000000
0.0200000000,0.2498268765,0.1926788587,0.5538321484,-0.0963143302,-0.0654885153,-0.1274902698,0.2468501342,-0.2339264588,0.5329491140,0.0186534613,0.0149089665,0.0134526594,0.0201329766,0.0000000000,0.5214482558,-0.0000000000,0.0872664626,-0.0000000000,0.0000000000,1.0000000000,0.0000000000,0.0000000000,0.0000000000,0.0000000000
0.0200000000,0.2516780641,0.1919918002,0.5544701183,-0.0969502615,-0.0675904273,-0.1274928508,0.2468501342,-0.2339264588,0.5329491140,0.0186534613,0.0149089665,0.0134526594,0.0201329766,0.0000000000,0.5214482558,-0.0000000000,0.0872664626,-0.0000000000,0.0000000000,1.0000000000,0.0000000000,0.0000000000,0.0000000000,0.0000000000
0.0200000000,0.2534315017,0.1913821328,0.5550338941,-0.0974878450,-0.0693147167,-0.1273627219,0.2468501332,-0.2339264580,0.5329491139,0.0186534626,0.0149089661,0.0134526625,0.0201329766,0.0000000000,0.5214482558,-0.0000000000,0.0872664626,-0.0000000000,0.0000000000,1.0000000000,0.0000000000,0.0000000000,0.0000000000,0.0000000000
0.0200000000,0.2551059976,0.1908374495,0.5555405793,-0.0979488229,-0.0707492393,-0.1271177865,0.2468502327,-0.2339265407,0.5329491198,0.0186533297,0.0149090083,0.0134523583,0.0201329766,0.0000000000,0.5214482558,-0.0000000000,0.0872664626,-0.0000000000,0.0000000000,1.0000000000,0.0000000000,0.0000000000,0.0000000000,0.0000000000
0.0200000000,0.2567285408,0.1903409653,0.5560092016,-0.0983574785,-0.0719804194,-0.1267792769,0.2468513421,-0.2339274613,0.5329491850,0.0186518488,0.0149094788,0.0134489693,0.0201329766,0.0000000000,0.5214482558,-0.0000000000,0.0872664626,-0.0000000000,0.0000000000,1.0000000000,0.0000000000,0.0000000000,0.0000000000,0.0000000000
0.0200000000,0.2582730670,0.1898945451,0.5564381162,-0.0987259039,-0.0730254872,-0.1263659897,0.2468569026,-0.2339322824,0.5329495036,0.0186441216,0.0149118986,0.0134314580,0.0201329766,0.0000000000,0.5214482558,-0.0000000000,0.0872664626,-0.0000000000,0.0000000000,1.0000000000,0.0000000000,0.0000000000,0.0000000000,0.0000000000
0.0200000000,0.2597047091,0.1894976958,0.5568264630,-0.0990619328,-0.0739122139,-0.1259198906,0.2468689258,-0.2339438606,0.5329501454,0.0186257082,0.0149174692,0.0133906704,0.0201329766,0.0000000000,0.5214482558,-0.0000000000,0.0872664626,-0.0000000000,0.0000000000,1.0000000000,0.0000000000,0.0000000000,0.0000000000,0.0000000000
0.0200000000,0.2609887194,0.1891534681,0.5571705760,-0.0993558991,-0.0746577849,-0.1254804032,0.2468849760,-0.2339624914,0.5329508764,0.0185963771,0.0149257618,0.0133282435,0.0201329766,0.0000000000,0.5214482558,-0.0000000000,0.0872664626,-0.0000000000,0.0000000000,1.0000000000,0.0000000000,0.0000000000,0.0000000000,0.0000000000
0.0200000000,0.2620927811,0.1888669100,0.5574643585,-0.0995931655,-0.0752675326,-0.1250785268,0.2469012656,-0.2339869180,0.5329514154,0.0185581557,0.0149354091,0.0132512521,0.0201329766,0.0000000000,0.5214482558,-0.0000000000,0.0872664626,-0.0000000000,0.0000000000,1.0000000000,0.0000000000,0.0000000000,0.0000000000,0.0000000000
0.0200000000,0.2630274416,0.1886324263,0.5577104969,-0.0997774794,-0.0757565253,-0.1247195796,0.2469166335,-0.2340160114,0.5329517293,0.0185124728,0.0149453909,0.0131640990,0.0201329766,0.0000000000,0.5214482558,-0.0000000000,0.0872664626,-0.0000000000,0.0000000000,1.0000000000,0.0000000000,0.0000000000,0.0000000000,0.0000000000
0.0200000000,0.2638568926,0.1884298080,0.5579258925,-0.0999344378,-0.0761643431,-0.1243839928,0.2469319746,-0.2340492967,0.5329518960,0.0184595929,0.0149556010,0.0130674692,0.0201329766,0.0000000000,0.5214482558,-0.0000000000,0.0872664626,-0.0000000000,0.0000000000,1.0000000000,0.0000000000,0.0000000000,0.0000000000,0.0000000000
0.0200000000,0.2646835497,0.1882293746,0.5581394701,-0.1000987586,-0.0765541357,-0.1240372145,0.2469481695,-0.2340880392,0.5329516607,0.0183970066,0.0149678977,0.0129574895,0.0201329766,0.0000000000,0.5214482558,-0.0000000000,0.0872664626,-0.0000000000,0.0000000000,1.0000000000,0.0000000000,0.0000000000,0.0000000000,0.0000000000
0.0200000000,0.2655906137,0.1880100699,0.5583734747,-0.1002973158,-0.0769672782,-0.1236406297,0.2469665014,-0.2341395910,0.5329502235,0.0183119942,0.0149871192,0.0128152473,0.0201329766,0.0000000000,0.5214482558,-0.0000000000,0.0872664626,-0.0000000000,0.0000000000,1.0000000000,0.0000000000,0.0000000000,0.0000000000,0.0000000000
0.0200000000,0.2666382838,0.1877577771,0.5586443183,-0.1005504003,-0.0774306349,-0.1231621695,0.2469881616,-0.2342121683,0.5329467429,0.0181908210,0.0150185192,0.0126194530,0.0201329766,0.0000000000,0.5214482558,-0.0000000000,0.0872664626,-0.0000000000,0.0000000000,1.0000000000,0.0000000000,0.0000000000,0.0000000000,0.0000000000
0.0200000000,0.2678055273,0.1874775395,0.5589488493,-0.1008539834,-0.0779392342,-0.1226125549,0.2470118797,-0.2343042271,0.5329410950,0.0180368817,0.0150626187,0.0123740617,0.0201329766,0.0000000000,0.5214482558,-0.0000000000,0.0872664626,-0.0000000000,0.0000000000,1.0000000000,0.0000000000,0.0000000000,0.0000000000,0.0000000000
0.0200000000,0.2689550131,0.1872017739,0.5592534461,-0.1011696682,-0.0784417531,-0.1220617290,0.2470330522,-0.2344041976,0.5329336171,0.0178706556,0.0151156901,0.0121100767,0.0201329766,0.0000000000,0.5214482558,-0.0000000000,0.0872664626,-0.0000000000,0.0000000000,1.0000000000,0.0000000000,0.0000000000,0.0000000000,0.0000000000
0.0200000000,0.2699472640,0.1869634684,0.5595213502,-0.1014498521,-0.0788829108,-0.1215849206,0.2470483461,-0.2345017415,0.5329248407,0.0177097481,0.0151731034,0.0118553531,0.0201329766,0.0000000000,0.5214482558,-0.0000000000,0.0872664626,-0.0000000000,0.0000000000,1.0000000000,0.0000000000,0.0000000000,0.0000000000,0.0000000000
0.0200000000,0.2707688247,0.1867661436,0.5597467409,-0.1016813517,-0.0792540985,-0.1211926354,0.2470580744,-0.2345955760,0.5329150512,0.0175559915,0.0152332640,0.0116131675,0.0201329766,0.0000000000,0.5214482558,-0.0000000000,0.0872664626,-0.0000000000,0.0000000000,1.0000000000,0.0000000000,0.0000000000,0.0000000000,0.0000000000
0.0200000000,0.2714890188,0.1865932166,0.5599460137,-0.1018808589,-0.0795789345,-0.1208516618,0.2470645296,-0.2346873405,0.5329046553,0.0174060528,0.0152949228,0.0113782810,0.0201329766,0.0000000000,0.5214482558,-0.0000000000,0.0872664626,-0.0000000000,0.0000000000,1.0000000000,0.0000000000,0.0000000000,0.0000000000,0.0000000000
0.0200000000,0.2721808783,0.1864265721,0.5601380376,-0.1020755551,-0.0798856871,-0.1205236154,0.2470697954,-0.2347793211,0.5328938481,0.0172554813,0.0153578652,0.0111439708,0.0201329766,0.0000000000,0.5214482558,-0.0000000000,0.0872664626,-0.0000000000,0.0000000000,1.0000000000,0.0000000000,0.0000000000,0.0000000000,0.0000000000
0.0200000000,0.2729040965,0.1862500802,0.5603396532,-0.1023022052,-0.0802027495,-0.1201721563,0.2470743333,-0.2348784532,0.5328814078,0.0170914659,0.0154283124,0.0108934667,0.0201329766,0.0000000000,0.5214482558,-0.0000000000,0.0872664626,-0.0000000000,0.0000000000,1.0000000000,0.0000000000,0.0000000000,0.0000000000,0.0000000000
0.0200000000,0.2737230213,0.1860466972,0.5605711065,-0.1025930560,-0.0805680206,-0.1197637337,0.2470773228,-0.2349975781,0.5328645995,0.0168906313,0.0155196374,0.0105966424,0.0201329766,0.0000000000,0.5214482558,-0.0000000000,0.0872664626,-0.0000000000,0.0000000000,1.0000000000,0.0000000000,0.0000000000,0.0000000000,0.0000000000
0.0200000000,0.2746821710,0.1858060766,0.5608479614,-0.1029529338,-0.0810112090,-0.1192837471,0.2470778270,-0.2351469467,0.5328411324,0.0166343169,0.0156429860,0.0102295838,0.0201329766,0.0000000000,0.5214482558,-0.0000000000,0.0872664626,-0.0000000000,0.0000000000,1.0000000000,0.0000000000,0.0000000000,0.0000000000,0.0000000000
0.0200000000,0.2757614471,0.1855343455,0.5611666957,-0.1033593155,-0.0815275419,-0.1187507840,0.2470753492,-0.2353241628,0.5328110491,0.0163267581,0.0157982023,0.0097980534,0.0201329766,0.0000000000,0.5214482558,-0.0000000000,0.0872664626,-0.0000000000,0.0000000000,1.0000000000,0.0000000000,0.0000000000,0.0000000000,0.0000000000
0.0200000000,0.2768833644,0.1852499469,0.5615061726,-0.1037887060,-0.0820842576,-0.1182037463,0.2470691529,-0.2355162841,0.5327757962,0.0159910657,0.0159783294,0.0093327698,0.0201329766,0.0000000000,0.5214482558,-0.0000000000,0.0872664626,-0.0000000000,0.0000000000,1.0000000000,0.0000000000,0.0000000000,0.0000000000,0.0000000000
0.0200000000,0.2779661171,0.1849704539,0.5618441567,-0.1042339157,-0.0826548263,-0.1176776450,0.2470571934,-0.2357116234,0.5327355266,0.0156476365,0.0161826388,0.0088619666,0.0201329766,0.0000000000,0.5214482558,-0.0000000000,0.0872664626,-0.0000000000,0.0000000000,1.0000000000,0.0000000000,0.0000000000,0.0000000000,0.0000000000
0.0200000000,0.2789952529,0.1846992339,0.5621757920,-0.1046909622,-0.0832322199,-0.1171792233,0.2470397321,-0.2359066355,0.5326908674,0.0153028241,0.0164082192,0.0083938128,0.0201329766,0.0000000000,0.5214482558,-0.0000000000,0.0872664626,-0.0000000000,0.0000000000,1.0000000000,0.0000000000,0.0000000000,0.0000000000,0.0000000000
0.0200000000,0.2800144574,0.1844269802,0.5625135881,-0.1051563551,-0.0838337512,-0.1166949296,0.2470180863,-0.2361057802,0.5326415268,0.0149484236,0.0166569620,0.0079169402,0.0201329766,0.0000000000,0.5214482558,-0.0000000000,0.0872664626,-0.0000000000,0.0000000000,1.0000000000,0.0000000000,0.0000000000,0.0000000000,0.0000000000
0.0200000000,0.2810962398,0.1841361438,0.5628828446,-0.1056328608,-0.0845055325,-0.1162061741,0.2469924493,-0.2363192642,0.5325845686,0.0145647938,0.0169442212,0.0074063004,0.0201329766,0.0000000000,0.5214482558,-0.0000000000,0.0872664626,-0.0000000000,0.0000000000,1.0000000000,0.0000000000,0.0000000000,0.0000000000,0.0000000000
0.0200000000,0.2822998777,0.1838105979,0.5633080806,-0.1061295626,-0.0852989505,-0.1157012357,0.2469620630,-0.2365559249,0.5325160548,0.0141340651,0.0172905711,0.0068401086,0.0201329766,0.0000000000,0.5214482558,-0.0000000000,0.0872664626,-0.0000000000,0.0000000000,1.0000000000,0.0000000000,0.0000000000,0.0000000000,0.0000000000
0.0200000000,0.2836289525,0.1834463808,0.5637969931,-0.1066588646,-0.0862409309,-0.1151844978,0.2469278544,-0.2368107568,0.5324344392,0.0136628931,0.0177055909,0.0062280826,0.0201329766,0.0000000000,0.5214482558,-0.0000000000,0.0872664626,-0.0000000000,0.0000000000,1.0000000000,0.0000000000,0.0000000000,0.0000000000,0.0000000000
0.0200000000,0.2850019051,0.1830615279,0.5643239301,-0.1072236846,-0.0872901364,-0.1146797184,0.2468941912,-0.2370601051,0.5323449468,0.0131936413,0.0181650407,0.0056235361,0.0201329766,0.0000000000,0.5214482558,-0.0000000000,0.0872664626,-0.0000000000,0.0000000000,1.0000000000,0.0000000000,0.0000000000,0.0000000000,0.0000000000
0.0200000000,0.2863673305,0.1826665843,0.5648721121,-0.1078254068,-0.0884208299,-0.1142043476,0.2468645148,-0.2372880443,0.5322513675,0.0127549326,0.0186512334,0.0050621957,0.0201329766,0.0000000000,0.5214482558,-0.0000000000,0.0872664626,-0.0000000000,0.0000000000,1.0000000000,0.0000000000,0.0000000000,0.0000000000,0.0000000000
0.0200000000,0.2877124928,0.1822617153,0.5654371940,-0.1084665288,-0.0896257688,-0.1137685984,0.2468412126,-0.2374882621,0.5321559575,0.0123584216,0.0191534429,0.0045579069,0.0201329766,0.0000000000,0.5214482558,-0.0000000000,0.0872664626,-0.0000000000,0.0000000000,1.0000000000,0.0000000000,0.0000000000,0.0000000000,0.0000000000
0.0200000000,0.2890426938,0.1818403411,0.5660212786,-0.1091695874,-0.0909093587,-0.1133722487,0.2468266459,-0.2376573892,0.5320605037,0.0120104555,0.0196632416,0.0041175953,0.0201329766,0.0000000000,0.5214482558,-0.0000000000,0.0872664626,-0.0000000000,0.0000000000,1.0000000000,0.0000000000,0.0000000000,0.0000000000,0.0000000000
0.0200000000,0.2903702744,0.1813762265,0.5666309027,-0.1101448454,-0.0923040805,-0.1129432739,0.2468258269,-0.2377854415,0.5319674059,0.0117279974,0.0201707521,0.0037616099,0.0201329766,0.0000000000,0.5214482558,-0.0000000000,0.0872664626,-0.0000000000,0.0000000000,1.0000000000,0.0000000000,0.0000000000,0.0000000000,0.0000000000
0.0200000000,0.2917157180,0.1808268371,0.5672732629,-0.1117885840,-0.0938473281,-0.1123273617,0.2468423777,-0.2378685225,0.5318783553,0.0115177582,0.0206688014,0.0034970748,0.0201329766,0.0000000000,0.5214482558,-0.0000000000,0.0872664626,-0.0000000000,0.0000000000,1.0000000000,0.0000000000,0.0000000000,0.0000000000,0.0000000000
0.0200000000,0.2931074342,0.1801641043,0.5679646132,-0.1142238631,-0.0955805153,-0.1115085378,0.2468800668,-0.2379042108,0.5317932516,0.0113823644,0.0211600794,0.0033266364,0.0201329766,0.0000000000,0.5214482558,-0.0000000000,0.0872664626,-0.0000000000,0.0000000000,1.0000000000,0.0000000000,0.0000000000,0.0000000000,0.0000000000
0.0200000000,0.2945713233,0.1794076784,0.5687243949,-0.1169411001,-0.0975066906,-0.1107499924,0.2469416409,-0.2378951495,0.5317111477,0.0113155798,0.0216510470,0.0032416699,0.0201329766,0.0000000000,0.5214482558,-0.0000000000,0.0872664626,-0.0000000000,0.0000000000,1.0000000000,0.0000000000,0.0000000000,0.0000000000,0.0000000000
0.0200000000,0.2961061897,0.1785952745,0.5695579338,-0.1192854553,-0.0995860107,-0.1103703593,0.2470282590,-0.2378481078,0.5316323315,0.0113058811,0.0221402328,0.0032259988,0.0201329766,0.0000000000,0.5214482558,-0.0000000000,0.0872664626,-0.0000000000,0.0000000000,1.0000000000,0.0000000000,0.0000000000,0.0000000000,0.0000000000
0.0200000000,0.2976897861,0.1777156062,0.5704592771,-0.1211378502,-0.1017910800,-0.1104913383,0.2471420857,-0.2377693413,0.5315588621,0.0113437722,0.0226169904,0.0032647699,0.0201329766,0.0000000000,0.5214482558,-0.0000000000,0.0872664626,-0.0000000000,0.0000000000,1.0000000000,0.0000000000,0.0000000000,0.0000000000,0.0000000000
0.0200000000,0.2992872186,0.1767395762,0.5714080897,-0.1228989481,-0.1040882063,-0.1109577701,0.2472767439,-0.2376731253,0.5314909464,0.0114078585,0.0230757807,0.0033303875,0.0201329766,0.0000000000,0.5214482558,-0.0000000000,0.0872664626,-0.0000000000,0.0000000000,1.0000000000,0.0000000000,0.0000000000,0.0000000000,0.0000000000
0.0200000000,0.3008535152,0.1756711060,0.5723768501,-0.1247479146,-0.1064163715,-0.1116745187,0.2474231955,-0.2375726416,0.5314287792,0.0114795554,0.0235097581,0.0033998375,0.0201329766,0.0000000000,0.5214482558,-0.0000000000,0.0872664626,-0.0000000000,0.0000000000,1.0000000000,0.0000000000,0.0000000000,0.0000000000,0.0000000000
0.0200000000,0.3023325506,0.1745458071,0.5733284954,-0.1266784061,-0.1086868169,-0.1125827919,0.2475706491,-0.2374811093,0.5313729586,0.0115412515,0.0239087909,0.0034516193,0.0201329766,0.0000000000,0.5214482558,-0.0000000000,0.0872664626,-0.0000000000,0.0000000000,1.0000000000,0.0000000000,0.0000000000,0.0000000000,0.0000000000
0.0200000000,0.3037041107,0.1733867807,0.5742476639,-0.1286610616,-0.1108675490,-0.1136481757,0.2477121988,-0.2374081416,0.5313231198,0.0115791287,0.0242703184,0.0034689392,0.0201329766,0.0000000000,0.5214482558,-0.0000000000,0.0872664626,-0.0000000000,0.0000000000,1.0000000000,0.0000000000,0.0000000000,0.0000000000,0.0000000000
0.0200000000,0.3050047207,0.1721625269,0.5751613731,-0.1307483649,-0.1130341179,-0.1149024928,0.2478474311,-0.2373617493,0.5312774325,0.0115783685,0.0246033987,0.0034328409,0.0201329766,0.0000000000,0.5214482558,-0.0000000000,0.0872664626,-0.0000000000,0.0000000000,1.0000000000,0.0000000000,0.0000000000,0.0000000000,0.0000000000
0.0200000000,0.3063133761,0.1708157901,0.5761255908,-0.1330321745,-0.1153258576,-0.1163937154,0.2479809773,-0.2373447974,0.5312324882,0.0115294661,0.0249290445,0.0033313543,0.0201329766,0.0000000000,0.5214482558,-0.0000000000,0.0872664626,-0.0000000000,0.0000000000,1.0000000000,0.0000000000,0.0000000000,0.0000000000,0.0000000000
0.0200000000,0.3076735234,0.1692989998,0.5771795674,-0.1355922047,-0.1178442059,-0.1181775484,0.2481141021,-0.2373669519,0.5311863446,0.0114140483,0.0252577973,0.0031404086,0.0201329766,0.0000000000,0.5214482558,-0.0000000000,0.0872664626,-0.0000000000,0.0000000000,1.0000000000,0.0000000000,0.0000000000,0.0000000000,0.0000000000
0.0200000000,0.3090761744,0.1676119114,0.5783282981,-0.1384320972,-0.1206149251,-0.1202602643,0.2482420519,-0.2374440664,0.5311388416,0.0112071470,0.0255865916,0.0028274826,0.0201329766,0.0000000000,0.5214482558,-0.0000000000,0.0872664626,-0.0000000000,0.0000000000,1.0000000000,0.0000000000,0.0000000000,0.0000000000,0.0000000000
0.0200000000,0.3104618154,0.1658175590,0.5795353847,-0.1414513867,-0.1235694961,-0.1225677151,0.2483548024,-0.2375921233,0.5310914959,0.0108869654,0.0259002653,0.0023647772,0.0201329766,0.0000000000,0.5214482558,-0.0000000000,0.0872664626,-0.0000000000,0.0000000000,1.0000000000,0.0000000000,0.0000000000,0.0000000000,0.0000000000
0.0200000000,0.3117451690,0.1640096695,0.5807424410,-0.1445019605,-0.1265990796,-0.1249891913,0.2484384508,-0.2378293225,0.5310466510,0.0104299970,0.0261768459,0.0017229383,0.0201329766,0.0000000000,0.5214482558,-0.0000000000,0.0872664626,-0.0000000000,0.0000000000,1.0000000000,0.0000000000,0.0000000000,0.0000000000,0.0000000000
0.0200000000,0.3129050435,0.1622318480,0.5819286316,-0.1475034543,-0.1296640311,-0.1274665591,0.2484908244,-0.2381465459,0.5310047876,0.0098525991,0.0264135454,0.0009245885,0.0201329766,0.0000000000,0.5214482558,-0.0000000000,0.0872664626,-0.0000000000,0.0000000000,1.0000000000,0.0000000000,0.0000000000,0.0000000000,0.0000000000
0.0200000000,0.3139535230,0.1604673060,0.5831101092,-0.1504796249,-0.1328242020,-0.1300305147,0.2485118698,-0.2385392683,0.5309652933,0.0091616150,0.0266144733,-0.0000204262,0.0201329766,0.0000000000,0.5214482558,-0.0000000000,0.0872664626,-0.0000000000,0.0000000000,1.0000000000,0.0000000000,0.0000000000,0.0000000000,0.0000000000
0.0200000000,0.3148921005,0.1587013577,0.5843008032,-0.1534566120,-0.1361447424,-0.1327140974,0.2484999885,-0.2390051488,0.5309277610,0.0083609073,0.0267816997,-0.0011059858,0.0201329766,0.0000000000,0.5214482558,-0.0000000000,0.0872664626,-0.0000000000,0.0000000000,1.0000000000,0.0000000000,0.0000000000,0.0000000000,0.0000000000
0.0200000000,0.3156966227,0.1569538216,0.5854902166,-0.1564069675,-0.1396325303,-0.1355025690,0.2484541375,-0.2395342464,0.5308922783,0.0074672655,0.0269155458,-0.0023088017,0.0201329766,0.0000000000,0.5214482558,-0.0000000000,0.0872664626,-0.0000000000,0.0000000000,1.0000000000,0.0000000000,0.0000000000,0.0000000000,0.0000000000
0.0200000000,0.3163058231,0.1552817607,0.5866403556,-0.1592461406,-0.1432471620,-0.1383428725,0.2483748662,-0.2401052998,0.5308587848,0.0065160103,0.0270187316,-0.0035812600,0.0201329766,0.0000000000,0.5214482558,-0.0000000000,0.0872664626,-0.0000000000,0.0000000000,1.0000000000,0.0000000000,0.0000000000,0.0000000000,0.0000000000
0.0200000000,0.3166863443,0.1537889386,0.5876782777,-0.1617997182,-0.1467657281,-0.1410568529,0.2482782863,-0.2406577561,0.5308276832,0.0056031254,0.0271023263,-0.0047971222,0.0201329766,0.0000000000,0.5214482558,-0.0000000000,0.0872664626,-0.0000000000,0.0000000000,1.0000000000,0.0000000000,0.0000000000,0.0000000000,0.0000000000
0.0200000000,0.3168412846,0.1524876481,0.5885934328,-0.1640492156,-0.1501561807,-0.1436186581,0.2481742744,-0.2411692858,0.5307981669,0.0047622387,0.0271774561,-0.0059135841,0.0201329766,0.0000000000,0.5214482558,-0.0000000000,0.0872664626,-0.0000000000,0.0000000000,1.0000000000,0.0000000000,0.0000000000,0.0000000000,0.0000000000
0.0200000000,0.3167723303,0.1513584287,0.5893984688,-0.1660313669,-0.1534782211,-0.1460709126,0.2480684359,-0.2416366518,0.5307693337,0.0039965537,0.0272520234,-0.0069283500,0.0201329766,0.0000000000,0.5214482558,-0.0000000000,0.0872664626,-0.0000000000,0.0000000000,1.0000000000,0.0000000000,0.0000000000,0.0000000000,0.0000000000
0.0200000000,0.3164749734,0.1504130204,0.5900841516,-0.1677357742,-0.1567121594,-0.1483930865,0.2479686092,-0.2420471049,0.5307413857,0.0033252494,0.0273295099,-0.0078181016,0.0201329766,0.0000000000,0.5214482558,-0.0000000000,0.0872664626,-0.0000000000,0.0000000000,1.0000000000,0.0000000000,0.0000000000,0.0000000000,0.0000000000
0.0200000000,0.3159340190,0.1496931245,0.5906181301,-0.1691358624,-0.1597667576,-0.1504918640,0.2478852363,-0.2423765372,0.5307153770,0.0027864710,0.0274105476,-0.0085348274,0.0201329766,0.0000000000,0.5214482558,-0.0000000000,0.0872664626,-0.0000000000,0.0000000000,1.0000000000,0.0000000000,0.0000000000,0.0000000000,0.0000000000
0.0200000000,0.3151686591,0.1491577754,0.5910246345,-0.1703783790,-0.1627158251,-0.1523833544,0.2478187440,-0.2426369538,0.5306913013,0.0023602499,0.0274943078,-0.0091063322,0.0201329766,0.0000000000,0.5214482558,-0.0000000000,0.0872664626,-0.0000000000,0.0000000000,1.0000000000,0.0000000000,0.0000000000,0.0000000000,0.0000000000
0.0200000000,0.3142029484,0.1487954955,0.5913087514,-0.1715446947,-0.1655434412,-0.1540219643,0.2477689643,-0.2428329751,0.5306702351,0.0020399293,0.0275741831,-0.0095422435,0.0201329766,0.0000000000,0.5214482558,-0.0000000000,0.0872664626,-0.0000000000,0.0000000000,1.0000000000,0.0000000000,0.0000000000,0.0000000000,0.0000000000
0.0200000000,0.3131201523,0.1486115435,0.5914667626,-0.1725897856,-0.1680850754,-0.1553123344,0.2477365878,-0.2429622544,0.5306544592,0.0018303823,0.0276377942,-0.0098352000,0.0201329766,0.0000000000,0.5214482558,-0.0000000000,0.0872664626,-0.0000000000,0.0000000000,1.0000000000,0.0000000000,0.0000000000,0.0000000000,0.0000000000
0.0200000000,0.3119878526,0.1485813867,0.5915198810,-0.1734627917,-0.1702957472,-0.1562788787,0.2477188258,-0.2430350369,0.5306447026,0.0017145827,0.0276788816,-0.0100044692,0.0201329766,0.0000000000,0.5214482558,-0.0000000000,0.0872664626,-0.0000000000,0.0000000000,1.0000000000,0.0000000000,0.0000000000,0.0000000000,0.0000000000
0.0200000000,0.3108300320,0.1486794618,0.5914905909,-0.1741429505,-0.1722153836,-0.1569869893,0.2477117830,-0.2430657047,0.5306402275,0.0016672679,0.0276985470,-0.0100785062,0.0201329766,0.0000000000,0.5214482558,-0.0000000000,0.0872664626,-0.0000000000,0.0000000000,1.0000000000,0.0000000000,0.0000000000,0.0000000000,0.0000000000
0.0200000000,0.3096387078,0.1488662190,0.5914093376,-0.1746892631,-0.1739746106,-0.1575382139,0.2477093303,-0.2430789260,0.5306378998,0.0016471665,0.0277095805,-0.0101120395,0.0201329766,0.0000000000,0.5214482558,-0.0000000000,0.0872664626,-0.0000000000,0.0000000000,1.0000000000,0.0000000000,0.0000000000,0.0000000000,0.0000000000
0.0200000000,0.3083895345,0.1491324088,0.5912855341,-0.1751362159,-0.1756515720,-0.1579720238,0.2477083067,-0.2430885593,0.5306356445,0.0016321438,0.0277211337,-0.0101377966,0.0201329766,0.0000000000,0.5214482558,-0.0000000000,0.0872664626,-0.0000000000,0.0000000000,1.0000000000,0.0000000000,0.0000000000,0.0000000000,0.0000000000
0.0200000000,0.3070714505,0.1494748947,0.5911241514,-0.1754972610,-0.1772823082,-0.1583047271,0.2477075488,-0.2430983342,0.5306331421,0.0016166692,0.0277341915,-0.0101643306,0.0201329766,0.0000000000,0.5214482558,-0.0000000000,0.0872664626,-0.0000000000,0.0000000000,1.0000000000,0.0000000000,0.0000000000,0.0000000000,0.0000000000
0.0200000000,0.3057194770,0.1498796579,0.5909349089,-0.1757641111,-0.1788412034,-0.1585435931,0.2477070164,-0.2431054807,0.5306312955,0.0016053342,0.0277438446,-0.0101837580,0.0201329766,0.0000000000,0.5214482558,-0.0000000000,0.0872664626,-0.0000000000,0.0000000000,1.0000000000,0.0000000000,0.0000000000,0.0000000000,0.0000000000
0.0200000000,0.3044206256,0.1503203889,0.5907322485,-0.1759024798,-0.1802368147,-0.1586867294,0.2477068310,-0.2431079648,0.5306306539,0.0016013945,0.0277471981,-0.0101905104,0.0201329766,0.0000000000,0.5214482558,-0.0000000000,0.0872664626,-0.0000000000,0.0000000000,1.0000000000,0.0000000000,0.0000000000,0.0000000000,0.0000000000
0.0200000000,0.3032311333,0.1507631570,0.5905336616,-0.1759227929,-0.1814448852,-0.1587660473,0.2477068012,-0.2431083636,0.5306305509,0.0016007620,0.0277477365,-0.0101915945,0.0201329766,0.0000000000,0.5214482558,0.0000000000,0.0872664626,0.0000000000,0.0000000000,1.0000000000,0.0000000000,0.0000000000,0.0000000000,0.0000000000
0.0200000000,0.3021676438,0.1511902014,0.5903481147,-0.1758425817,-0.1824781115,-0.1588067011,0.2477068009,-0.2431083675,0.5306305499,0.0016007559,0.0277477417,-0.0101916050,0.0201329766,0.0000000000,0.5214482558,-0.0000000000,0.0872664626,-0.0000000000,0.0000000000,1.0000000000,0.0000000000,0.0000000000,0.0000000000,0.0000000000
0.0200000000,0.3012260189,0.1515949246,0.5901786096,-0.1756796321,-0.1833609859,-0.1588236423,0.2477068012,-0.2431083638,0.5306305508,0.0016007617,0.0277477367,-0.0101915950,0.0201329766,0.0000000000,0.5214482558,-0.0000000000,0.0872664626,-0.0000000000,0.0000000000,1.0000000000,0.0000000000,0.0000000000,0.0000000000,0.0000000000
0.0200000000,0.3003700556,0.1519857364,0.5900203471,-0.1754546727,-0.1841387835,-0.1588212965,0.2477068012,-0.2431083638,0.5306305508,0.0016007617,0.0277477367,-0.0101915950,0.0201329766,0.0000000000,0.5214482558,-0.0000000000,0.0872664626,-0.0000000000,0.0000000000,1.0000000000,0.0000000000,0.0000000000,0.0000000000,0.0000000000
0.0200000000,0.2995333660,0.1523890483,0.5898609161,-0.1751843468,-0.1848754362,-0.1587868527,0.2477068012,-0.2431083638,0.5306305508,0.0016007617,0.0277477367,-0.0101915950,0.0201329766,0.0000000000,0.5214482558,-0.0000000000,0.0872664626,-0.0000000000,0.0000000000,1.0000000000,0.0000000000,0.0000000000,0.0000000000,0.0000000000
0.0200000000,0.2986656150,0.1528254657,0.5896916265,-0.1748810049,-0.1856195974,-0.1587091938,0.2477068012,-0.2431083638,0.5306305508,0.0016007617,0.0277477367,-0.0101915950,0.0201329766,0.0000000000,0.5214482558,-0.0000000000,0.0872664626,-0.0000000000,0.0000000000,1.0000000000,0.0000000000,0.0000000000,0.0000000000,0.0000000000
0.0200000000,0.2977746444,0.1532926918,0.5895147439,-0.1745414044,-0.1863670195,-0.1585884928,0.2477068012,-0.2431083638,0.5306305508,0.0016007617,0.0277477367,-0.0101915950,0.0201329766,0.0000000000,0.5214482558,-0.0000000000,0.0872664626,-0.0000000000,0.0000000000,1.0000000000,0.0000000000,0.0000000000,0.0000000000,0.0000000000
0.0200000000,0.2969011706,0.1537725610,0.5893393362,-0.1741593435,-0.1870877546,-0.1584367152,0.2477068012,-0.2431083638,0.5306305508,0.0016007617,0.0277477367,-0.0101915950,0.0201329766,0.0000000000,0.5214482558,-0.0000000000,0.0872664626,-0.0000000000,0.0000000000,1.0000000000,0.0000000000,0.0000000000,0.0000000000,0.0000000000
0.0200000000,0.2960808321,0.1542491650,0.5891727935,-0.1737310071,-0.1877557327,-0.1582631512,0.2477068012,-0.2431083638,0.5306305508,0.0016007617,0.0277477367,-0.0101915950,0.0201329766,0.0000000000,0.5214482558,-0.0000000000,0.0872664626,-0.0000000000,0.0000000000,1.0000000000,0.0000000000,0.0000000000,0.0000000000,0.0000000000
0.0200000000,0.2953314674,0.1547185964,0.5890173286,-0.1732504340,-0.1883561353,-0.1580622764,0.2477068012,-0.2431083638,0.5306305508,0.0016007617,0.0277477367,-0.0101915950,0.0201329766,0.0000000000,0.5214482558,-0.0000000000,0.0872664626,-0.0000000000,0.0000000000,1.0000000000,0.0000000000,0.0000000000,0.0000000000,0.0000000000
0.0200000000,0.2946484886,0.1551819458,0.5888718595,-0.1727225484,-0.1888938282,-0.1578328288,0.2477068012,-0.2431083638,0.5306305508,0.0016007617,0.0277477367,-0.0101915950,0.0201329766,0.0000000000,0.5214482558,-0.0000000000,0.0872664626,-0.0000000000,0.0000000000,1.0000000000,0.0000000000,0.0000000000,0.0000000000,0.0000000000
0.0200000000,0.2940461898,0.1556320328,0.5887389941,-0.1721484437,-0.1893587606,-0.1575792372,0.2477068012,-0.2431083638,0.5306305508,0.0016007617,0.0277477367,-0.0101915950,0.0201329766,0.0000000000,0.5214482558,-0.0000000000,0.0872664626,-0.0000000000,0.0000000000,1.0000000000,0.0000000000,0.0000000000,0.0000000000,0.0000000000
0.0200000000,0.2935471473,0.1560559919,0.5886229177,-0.1715317186,-0.1897335367,-0.1573117872,0.2477068012,-0.2431083638,0.5306305508,0.0016007617,0.0277477367,-0.0101915950,0.0201329766,0.0000000000,0.5214482558,-0.0000000000,0.0872664626,-0.0000000000,0.0000000000,1.0000000000,0.0000000000,0.0000000000,0.0000000000,0.0000000000
0.0200000000,0.2931697500,0.1564423582,0.5885264251,-0.1708736103,-0.1900006901,-0.1570429513,0.2477068012,-0.2431083638,0.5306305508,0.0016007617,0.0277477367,-0.0101915950,0.0201329766,0.0000000000,0.5214482558,-0.0000000000,0.0872664626,-0.0000000000,0.0000000000,1.0000000000,0.0000000000,0.0000000000,0.0000000000,0.0000000000
0.0200000000,0.2929431083,0.1567912825,0.5884537356,-0.1700031117,-0.1901218165,-0.1568637171,0.2477068012,-0.2431083638,0.5306305508,0.0016007617,0.0277477367,-0.0101915950,0.0201329766,0.0000000000,0.5214482558,-0.0000000000,0.0872664626,-0.0000000000,0.0000000000,1.0000000000,0.0000000000,0.0000000000,0.0000000000,0.0000000000
0.0200000000,0.2928627354,0.1571503662,0.5884060685,-0.1683632948,-0.1900744121,-0.1570457427,0.2477068012,-0.2431083638,0.5306305508,0.0016007617,0.0277477367,-0.0101915950,0.0201329766,0.0000000000,0.5214482558,-0.0000000000,0.0872664626,-0.0000000000,0.0000000000,1.0000000000,0.0000000000,0.0000000000,0.0000000000,0.0000000000
0.0200000000,0.2929307215,0.1575623721,0.5883853868,-0.1654379935,-0.1898287670,-0.1578341183,0.2477068012,-0.2431083638,0.5306305508,0.0016007617,0.0277477367,-0.0101915950,0.0201329766,0.0000000000,0.5214482558,-0.0000000000,0.0872664626,-0.0000000000,0.0000000000,1.0000000000,0.0000000000,0.0000000000,0.0000000000,0.0000000000
0.0200000000,0.2931236156,0.1579757812,0.5883847188,-0.1618235035,-0.1894154909,-0.1589678963,0.2477068012,-0.2431083638,0.5306305508,0.0016007617,0.0277477367,-0.0101915950,0.0201329766,0.0000000000,0.5214482558,-0.0000000000,0.0872664626,-0.0000000000,0.0000000000,1.0000000000,0.0000000000,0.0000000000,0.0000000000,0.0000000000
0.0200000000,0.2933911249,0.1582712771,0.5883895477,-0.1589586271,-0.1889292549,-0.1598102266,0.2477068012,-0.2431083638,0.5306305508,0.0016007617,0.0277477367,-0.0101915950,0.0201329766,0.0000000000,0.5214482558,-0.0000000000,0.0872664626,-0.0000000000,0.0000000000,1.0000000000,0.0000000000,0.0000000000,0.0000000000,0.0000000000
0.0200000000,0.2937345427,0.1584029591,0.5883904780,-0.1574746642,-0.1883750847,-0.1600369478,0.2477068012,-0.2431083638,0.5306305508,0.0016007617,0.0277477367,-0.0101915950,0.0201329766,0.0000000000,0.5214482558,-0.0000000000,0.0872664626,-0.0000000000,0.0173768692,1.0000000000,0.0000000000,0.0000000000,0.0000000000,0.0000000000
0.0200000000,0.2941639090,0.1584125733,0.5883895893,-0.1569478379,-0.1877242221,-0.1598259703,0.2477068012,-0.2431083638,0.5306305508,0.0016007617,0.0277477367,-0.0101915950,0.0201329766,0.0000000000,0.5214482558,-0.0000000000,0.0872664626,-0.0000000000,0.0817717847,1.0000000000,0.0000000000,0.0000000000,0.0000000000,0.0000000000
0.0200000000,0.2946696662,0.1583431903,0.5883927904,-0.1568843444,-0.1869829651,-0.1594251193,0.2477068012,-0.2431083638,0.5306305508,0.0016007617,0.0277477367,-0.0101915950,0.0201329766,0.0000000000,0.5214482558,-0.0000000000,0.0872664626,-0.0000000000,0.1482028497,1.0000000000,0.0000000000,0.0000000000,0.0000000000,0.0000000000
0.0200000000,0.2952238118,0.1582256863,0.5884050312,-0.1569909053,-0.1861978224,-0.1589922273,0.2477068012,-0.2431083638,0.5306305508,0.0016007617,0.0277477367,-0.0101915950,0.0201329766,0.0000000000,0.5214482558,-0.0000000000,0.0872664626,-0.0000000000,0.2148695164,1.0000000000,0.0000000000,0.0000000000,0.0000000000,0.0000000000
0.0200000000,0.2957946718,0.1580762303,0.5884297781,-0.1571745412,-0.1854303978,-0.1585874025,0.2477068012,-0.2431083638,0.5306305508,0.0016007617,0.0277477367,-0.0101915950,0.0201329766,0.0000000000,0.5214482558,-0.0000000000,0.0872664626,-0.0000000000,0.2815361830,1.0000000000,0.0000000000,0.0000000000,0.0000000000,0.0000000000
0.0200000000,0.2963595760,0.1579021542,0.5884712584,-0.1574104791,-0.1847369601,-0.1582372899,0.2477068012,-0.2431083638,0.5306305508,0.0016007617,0.0277477367,-0.0101915950,0.0201329766,0.0000000000,0.5214482558,-0.0000000000,0.0872664626,-0.0000000000,0.3482028497,1.0000000000,0.0000000000,0.0000000000,0.0000000000,0.0000000000
0.0200000000,0.2969319667,0.1577053372,0.5885308186,-0.1576844654,-0.1841055247,-0.1579293013,0.2477068012,-0.2431083638,0.5306305508,0.0016007617,0.0277477367,-0.0101915950,0.0201329766,0.0000000000,0.5214482558,-0.0000000000,0.0872664626,-0.0000000000,0.4148695164,1.0000000000,0.0000000000,0.0000000000,0.0000000000,0.0000000000
0.0200000000,0.2975474437,0.1574752756,0.5886134728,-0.1580054613,-0.1835031910,-0.1576452254,0.2477068012,-0.2431083638,0.5306305508,0.0016007617,0.0277477367,-0.0101915950,0.0201329766,0.0000000000,0.5214482558,-0.0000000000,0.0872664626,-0.0000000000,0.4815361830,1.0000000000,0.0000000000,0.0000000000,0.0000000000,0.0000000000
0.0200000000,0.2982421105,0.1571978998,0.5887257564,-0.1583924089,-0.1829005154,-0.1573708642,0.2477068012,-0.2431083638,0.5306305508,0.0016007617,0.0277477367,-0.0101915950,0.0201329766,0.0000000000,0.5214482558,-0.0000000000,0.0872664626,0.0000000000,0.5482028497,1.0000000000,0.0000000000,0.0000000000,0.0000000000,0.0000000000
0.0200000000,0.2990327204,0.1568655493,0.5888694745,-0.1588588602,-0.1822743726,-0.1570989340,0.2477068012,-0.2431083638,0.5306305508,0.0016007617,0.0277477367,-0.0101915950,0.0201329766,0.0000000000,0.5214482558,-0.0000000000,0.0872664626,0.0000000000,0.6148695164,1.0000000000,0.0000000000,0.0000000000,0.0000000000,0.0000000000
0.0200000000,0.2998821123,0.1564927759,0.5890290257,-0.1593921374,-0.1816060829,-0.1568335393,0.2477068012,-0.2431083638,0.5306305508,0.0016007617,0.0277477367,-0.0101915950,0.0201329766,0.0000000000,0.5214482558,-0.0000000000,0.0872664626,-0.0000000000,0.6812698075,1.0000000000,0.0000000000,0.0000000000,0.0000000000,0.0000000000
0.0200000000,0.3006615936,0.1561384780,0.5891613284,-0.1599137402,-0.1809028772,-0.1565951124,0.2477068012,-0.2431083638,0.5306305508,0.0016007617,0.0277477367,-0.0101915950,0.0201329766,0.0000000000,0.5214482558,-0.0000000000,0.0872664626,0.0000000000,0.7466795995,1.0000000000,0.0000000000,0.0000000000,0.0000000000,0.0000000000
0.0200000000,0.3012585228,0.1558525860,0.5892271539,-0.1603502934,-0.1801689339,-0.1564084125,0.2477068012,-0.2431083638,0.5306305508,0.0016007617,0.0277477367,-0.0101915950,0.0201329766,0.0000000000,0.5214482558,-0.0000000000,0.0872664626,-0.0000000000,0.8103751427,1.0000000000,0.0000000000,0.0000000000,0.0000000000,0.0000000000
0.0200000000,0.3016079777,0.1556581079,0.5892045983,-0.1606622257,-0.1794105277,-0.1563032202,0.2477068012,-0.2431083638,0.5306305508,0.0016007617,0.0277477367,-0.0101915950,0.0201329766,0.0000000000,0.5214482558,-0.0000000000,0.0872664626,-0.0000000000,0.8715050139,1.0000000000,0.0000000000,0.0000000000,0.0000000000,0.0000000000
0.0200000000,0.3017088769,0.1555379254,0.5890922493,-0.1608742691,-0.1786151303,-0.1563141968,0.2477068012,-0.2431083638,0.5306305508,0.0016007617,0.0277477367,-0.0101915950,0.0201329766,0.0000000000,0.5214482558,-0.0000000000,0.0872664626,-0.0000000000,0.9324237296,1.0000000000,0.0000000000,0.0000000000,0.0000000000,0.0000000000
0.0200000000,0.3015120355,0.1554611014,0.5888868695,-0.1610550750,-0.1778218341,-0.1565496576,0.2477068012,-0.2431083638,0.5306305508,0.0016007617,0.0277477367,-0.0101915950,0.0201329766,0.0000000000,0.5214482558,-0.0000000000,0.0872664626,-0.0000000000,0.9885069666,1.0000000000,0.0000000000,0.0000000000,0.0000000000,0.0000000000
0.0200000000,0.3010433640,0.1553664394,0.5886379571,-0.1613307072,-0.1772017281,-0.1571028218,0.2477068012,-0.2431083638,0.5306305508,0.0016007617,0.0277477367,-0.0101915950,0.0201329766,0.0000000000,0.5214482558,-0.0000000000,0.0872664626,-0.0000000000,1.0000000000,1.0000000000,0.0000000000,0.0000000000,0.0000000000,0.0000000000
0.0200000000,0.3003622006,0.1551924464,0.5884183776,-0.1618201593,-0.1769902152,-0.1580417886,0.2477068012,-0.2431083638,0.5306305508,0.0016007617,0.0277477367,-0.0101915950,0.0201329766,0.0000000000,0.5214482558,-0.0000000000,0.0872664626,-0.0000000000,1.0000000000,1.0000000000,0.0000000000,0.0000000000,0.0000000000,0.0000000000
0.0200000000,0.2995446069,0.1548885197,0.5882956208,-0.1626058948,-0.1773764839,-0.1594014323,0.2477068012,-0.2431083638,0.5306305508,0.0016007617,0.0277477367,-0.0101915950,0.0201329766,0.0000000000,0.5214482558,-0.0000000000,0.0872664626,-0.0000000000,1.0000000000,1.0000000000,0.0000000000,0.0000000000,0.0000000000,0.0000000000
0.0200000000,0.2986731306,0.1544373822,0.5883153226,-0.1636962408,-0.1784536789,-0.1611466631,0.2477068012,-0.2431083638,0.5306305508,0.0016007617,0.0277477367,-0.0101915950,0.0201329766,0.0000000000,0.5214482558,-0.0000000000,0.0872664626,-0.0000000000,1.0000000000,1.0000000000,0.0000000000,0.0000000000,0.0000000000,0.0000000000
0.0200000000,0.2978448750,0.1538626812,0.5885031645,-0.1650181441,-0.1802248560,-0.1631443248,0.2477068012,-0.2431083638,0.5306305508,0.0016007617,0.0277477367,-0.0101915950,0.0201329766,0.0000000000,0.5214482558,-0.0000000000,0.0872664626,-0.0000000000,1.0000000000,1.0000000000,0.0000000000,0.0000000000,0.0000000000,0.0000000000
0.0200000000,0.2971227021,0.1532544965,0.5888044764,-0.1663870187,-0.1823849459,-0.1651363878,0.2477068012,-0.2431083638,0.5306305508,0.0016007617,0.0277477367,-0.0101915950,0.0201329766,0.0000000000,0.5214482558,-0.0000000000,0.0872664626,-0.0000000000,1.0000000000,1.0000000000,0.0000000000,0.0000000000,0.0000000000,0.0000000000
0.0200000000,0.2965203773,0.1526740077,0.5891687486,-0.1676855684,-0.1847036958,-0.1669716471,0.2477068012,-0.2431083638,0.5306305508,0.0016007617,0.0277477367,-0.0101915950,0.0201329766,0.0000000000,0.5214482558,-0.0000000000,0.0872664626,-0.0000000000,1.0000000000,1.0000000000,0.0000000000,0.0000000000,0.0000000000,0.0000000000
0.0200000000,0.2960215859,0.1521527647,0.5895568576,-0.1688593888,-0.1870313265,-0.1685911037,0.2477068012,-0.2431083638,0.5306305508,0.0016007617,0.0277477367,-0.0101915950,0.0201329766,0.0000000000,0.5214482558,-0.0000000000,0.0872664626,-0.0000000000,1.0000000000,1.0000000000,0.0000000000,0.0000000000,0.0000000000,0.0000000000
0.0200000000,0.2956030456,0.1517021881,0.5899436221,-0.1698925773,-0.1892837846,-0.1699874683,0.2477068012,-0.2431083638,0.5306305508,0.0016007617,0.0277477367,-0.0101915950,0.0201329766,0.0000000000,0.5214482558,-0.0000000000,0.0872664626,-0.0000000000,1.0000000000,1.0000000000,0.0000000000,0.0000000000,0.0000000000,0.0000000000
0.0200000000,0.2952531224,0.1513324564,0.5903111691,-0.1707671724,-0.1913958986,-0.1711478292,0.2477068012,-0.2431083638,0.5306305508,0.0016007617,0.0277477367,-0.0101915950,0.0201329766,0.0000000000,0.5214482558,-0.0000000000,0.0872664626,-0.0000000000,1.0000000000,1.0000000000,0.0000000000,0.0000000000,0.0000000000,0.0000000000
0.0200000000,0.2949492607,0.1510268837,0.5906561729,-0.1715156957,-0.1933719158,-0.1721281637,0.2477068012,-0.2431083638,0.5306305508,0.0016007617,0.0277477367,-0.0101915950,0.0201329766,0.0000000000,0.5214482558,-0.0000000000,0.0872664626,-0.0000000000,1.0000000000,1.0000000000,0.0000000000,0.0000000000,0.0000000000,0.0000000000
0.0200000000,0.2946796702,0.1507734100,0.5909798584,-0.1721607147,-0.1952268461,-0.1729656914,0.2477068012,-0.2431083638,0.5306305508,0.0016007617,0.0277477367,-0.0101915950,0.0201329766,0.0000000000,0.5214482558,-0.0000000000,0.0872664626,-0.0000000000,1.0000000000,1.0000000000,0.0000000000,0.0000000000,0.0000000000,0.0000000000
0.0200000000,0.2944360095,0.1505627125,0.5912850723,-0.1727208027,-0.1969808506,-0.1736884499,0.2477068012,-0.2431083638,0.5306305508,0.0016007617,0.0277477367,-0.0101915950,0.0201329766,0.0000000000,0.5214482558,-0.0000000000,0.0872664626,-0.0000000000,1.0000000000,1.0000000000,0.0000000000,0.0000000000,0.0000000000,0.0000000000
0.0200000000,0.2942083987,0.1503848180,0.5915796128,-0.1732207478,-0.1986811893,-0.1743268162,0.2477068012,-0.2431083638,0.5306305508,0.0016007617,0.0277477367,-0.0101915950,0.0201329766,0.0000000000,0.5214482558,-0.0000000000,0.0872664626,-0.0000000000,1.0000000000,1.0000000000,0.0000000000,0.0000000000,0.0000000000,0.0000000000
0.0200000000,0.2939790063,0.1502311782,0.5918831213,-0.1736998553,-0.2004488905,-0.1749137001,0.2477068012,-0.2431083638,0.5306305508,0.0016007617,0.0277477367,-0.0101915950,0.0201329766,0.0000000000,0.5214482558,-0.0000000000,0.0872664626,-0.0000000000,1.0000000000,1.0000000000,0.0000000000,0.0000000000,0.0000000000,0.0000000000
0.0200000000,0.2937311928,0.1500956495,0.5922137629,-0.1741939542,-0.2023971788,-0.1754746199,0.2477068012,-0.2431083638,0.5306305508,0.0016007617,0.0277477367,-0.0101915950,0.0201329766,0.0000000000,0.5214482558,-0.0000000000,0.0872664626,-0.0000000000,1.0000000000,1.0000000000,0.0000000000,0.0000000000,0.0000000000,0.0000000000
0.0200000000,0.2934627722,0.1499827230,0.5925737986,-0.1747012736,-0.2045442899,-0.1760013458,0.2477068012,-0.2431083638,0.5306305508,0.0016007617,0.0277477367,-0.0101915950,0.0201329766,0.0000000000,0.5214482558,-0.0000000000,0.0872664626,-0.0000000000,1.0000000000,1.0000000000,0.0000000000,0.0000000000,0.0000000000,0.0000000000
0.0200000000,0.2931837192,0.1498999541,0.5929508513,-0.1751938237,-0.2068175833,-0.1764706443,0.2477068012,-0.2431083638,0.5306305508,0.0016007617,0.0277477367,-0.0101915950,0.0201329766,0.0000000000,0.5214482558,-0.0000000000,0.0872664626,-0.0000000000,1.0000000000,1.0000000000,0.0000000000,0.0000000000,0.0000000000,0.0000000000
0.0200000000,0.2929084288,0.1498536750,0.5933266074,-0.1756362545,-0.2091065343,-0.1768591287,0.2477068012,-0.2431083638,0.5306305508,0.0016007617,0.0277477367,-0.0101915950,0.0201329766,0.0000000000,0.5214482558,-0.0000000000,0.0872664626,-0.0000000000,1.0000000000,1.0000000000,0.0000000000,0.0000000000,0.0000000000,0.0000000000
0.0200000000,0.2926545933,0.1498510980,0.5936771519,-0.1759837893,-0.2112677946,-0.1771401614,0.2477068012,-0.2431083638,0.5306305508,0.0016007617,0.0277477367,-0.0101915950,0.0201329766,0.0000000000,0.5214482558,-0.0000000000,0.0872664626,-0.0000000000,1.0000000000,1.0000000000,0.0000000000,0.0000000000,0.0000000000,0.0000000000
0.0200000000,0.2924296066,0.1498845295,0.5939908180,-0.1762293267,-0.2132244628,-0.1773260148,0.2477068012,-0.2431083638,0.5306305508,0.0016007617,0.0277477367,-0.0101915950,0.0201329766,0.0000000000,0.5214482558,-0.0000000000,0.0872664626,-0.0000000000,1.0000000000,1.0000000000,0.0000000000,0.0000000000,0.0000000000,0.0000000000
0.0200000000,0.2922313512,0.1499478902,0.5942711507,-0.1763850613,-0.2149933500,-0.1774313995,0.2477068012,-0.2431083638,0.5306305508,0.0016007617,0.0277477367,-0.0101915950,0.0201329766,0.0000000000,0.5214482558,-0.0000000000,0.0872664626,-0.0000000000,1.0000000000,1.0000000000,0.0000000000,0.0000000000,0.0000000000,0.0000000000
0.0200000000,0.2920515592,0.1500381419,0.5945323124,-0.1764749405,-0.2166573733,-0.1774673745,0.2477068012,-0.2431083638,0.5306305508,0.0016007617,0.0277477367,-0.0101915950,0.0201329766,0.0000000000,0.5214482558,-0.0000000000,0.0872664626,-0.0000000000,1.0000000000,1.0000000000,0.0000000000,0.0000000000,0.0000000000,0.0000000000
0.0200000000,0.2918841020,0.1501574493,0.5947862909,-0.1765137547,-0.2182891567,-0.1774315951,0.2477068012,-0.2431083638,0.5306305508,0.0016007617,0.0277477367,-0.0101915950,0.0201329766,0.0000000000,0.5214482558,-0.0000000000,0.0872664626,-0.0000000000,1.0000000000,1.0000000000,0.0000000000,0.0000000000,0.0000000000,0.0000000000
0.0200000000,0.2917311351,0.1503124490,0.5950350003,-0.1764946060,-0.2199007588,-0.1773071130,0.2477068012,-0.2431083638,0.5306305508,0.0016007617,0.0277477367,-0.0101915950,0.0201329766,0.0000000000,0.5214482558,-0.0000000000,0.0872664626,-0.0000000000,1.0000000000,1.0000000000,0.0000000000,0.0000000000,0.0000000000,0.0000000000
0.0200000000,0.2915974312,0.1504997516,0.5952739366,-0.1764135355,-0.2214592100,-0.1770982106,0.2477068012,-0.2431083638,0.5306305508,0.0016007617,0.0277477367,-0.0101915950,0.0201329766,0.0000000000,0.5214482558,-0.0000000000,0.0872664626,-0.0000000000,1.0000000000,1.0000000000,0.0000000000,0.0000000000,0.0000000000,0.0000000000
0.0200000000,0.2914899675,0.1507219596,0.5954986659,-0.1762589854,-0.2229335511,-0.1767935385,0.2477068012,-0.2431083638,0.5306305508,0.0016007617,0.0277477367,-0.0101915950,0.0201329766,0.0000000000,0.5214482558,-0.0000000000,0.0872664626,-0.0000000000,1.0000000000,1.0000000000,0.0000000000,0.0000000000,0.0000000000,0.0000000000
0.0200000000,0.2914147470,0.1509860050,0.5957087020,-0.1760200959,-0.2243180584,-0.1763715345,0.2477068012,-0.2431083638,0.5306305508,0.0016007617,0.0277477367,-0.0101915950,0.0201329766,0.0000000000,0.5214482558,-0.0000000000,0.0872664626,-0.0000000000,1.0000000000,1.0000000000,0.0000000000,0.0000000000,0.0000000000,0.0000000000
0.0200000000,0.2913793641,0.1513008635,0.5959041935,-0.1756834976,-0.2256094793,-0.1758044628,0.2477068012,-0.2431083638,0.5306305508,0.0016007617,0.0277477367,-0.0101915950,0.0201329766,0.0000000000,0.5214482558,-0.0000000000,0.0872664626,-0.0000000000,1.0000000000,1.0000000000,0.0000000000,0.0000000000,0.0000000000,0.0000000000
0.0200000000,0.2914038962,0.1516765976,0.5960755058,-0.1752142462,-0.2267364415,-0.1750550761,0.2477068012,-0.2431083638,0.5306305508,0.0016007617,0.0277477367,-0.0101915950,0.0201329766,0.0000000000,0.5214482558,-0.0000000000,0.0872664626,-0.0000000000,1.0000000000,1.0000000000,0.0000000000,0.0000000000,0.0000000000,0.0000000000
0.0200000000,0.2914944496,0.1520970050,0.5962130136,-0.1746032459,-0.2276258750,-0.1741665105,0.2477068012,-0.2431083638,0.5306305508,0.0016007617,0.0277477367,-0.0101915950,0.0201329766,0.0000000000,0.5214482558,-0.0000000000,0.0872664626,-0.0000000000,1.0000000000,1.0000000000,0.0000000000,0.0000000000,0.0000000000,0.0000000000
0.0200000000,0.2916562595,0.1525545081,0.5963095474,-0.1737711134,-0.2282202121,-0.1732108823,0.2477068012,-0.2431083638,0.5306305508,0.0016007617,0.0277477367,-0.0101915950,0.0201329766,0.0000000000,0.5214482558,-0.0000000000,0.0872664626,-0.0000000000,1.0000000000,1.0000000000,0.0000000000,0.0000000000,0.0000000000,0.0000000000
0.0200000000,0.2918919220,0.1530619144,0.5963647754,-0.1724539148,-0.2285032143,-0.1723436675,0.2477068012,-0.2431083638,0.5306305508,0.0016007617,0.0277477367,-0.0101915950,0.0201329766,0.0000000000,0.5214482558,-0.0000000000,0.0872664626,-0.0000000000,1.0000000000,1.0000000000,0.0000000000,0.0000000000,0.0000000000,0.0000000000
0.0200000000,0.2922030095,0.1536438891,0.5963828080,-0.1703001617,-0.2284853214,-0.1717534863,0.2477068012,-0.2431083638,0.5306305508,0.0016007617,0.0277477367,-0.0101915950,0.0201329766,0.0000000000,0.5214482558,-0.0000000000,0.0872664626,-0.0000000000,1.0000000000,1.0000000000,0.0000000000,0.0000000000,0.0000000000,0.0000000000
0.0200000000,0.2925869809,0.1542838455,0.5963643474,-0.1674330128,-0.2281672616,-0.1714054669,0.2477068012,-0.2431083638,0.5306305508,0.0016007617,0.0277477367,-0.0101915950,0.0201329766,0.0000000000,0.5214482558,-0.0000000000,0.0872664626,-0.0000000000,1.0000000000,1.0000000000,0.0000000000,0.0000000000,0.0000000000,0.0000000000
0.0200000000,0.2930061424,0.1548877238,0.5963182086,-0.1648636983,-0.2276461113,-0.1708909139,0.2477068012,-0.2431083638,0.5306305508,0.0016007617,0.0277477367,-0.0101915950,0.0201329766,0.0000000000,0.5214482558,-0.0000000000,0.0872664626,-0.0000000000,1.0000000000,1.0000000000,0.0000000000,0.0000000000,0.0000000000,0.0000000000
0.0200000000,0.2934413719,0.1554077456,0.5962482261,-0.1631224683,-0.2269710006,-0.1699921335,0.2477068012,-0.2431083638,0.5306305508,0.0016007617,0.0277477367,-0.0101915950,0.0201329766,0.0000000000,0.5214482558,-0.0000000000,0.0872664626,-0.0000000000,1.0000000000,1.0000000000,0.0000000000,0.0000000000,0.0000000000,0.0000000000
0.0200000000,0.2939001756,0.1558688944,0.5961559230,-0.1620248082,-0.2261447827,-0.1687619589,0.2477068012,-0.2431083638,0.5306305508,0.0016007617,0.0277477367,-0.0101915950,0.0201329766,0.0000000000,0.5214482558,-0.0000000000,0.0872664626,-0.0000000000,1.0000000000,1.0000000000,0.0000000000,0.0000000000,0.0000000000,0.0000000000
0.0200000000,0.2943969198,0.1563174285,0.5960409599,-0.1611742327,-0.2251515027,-0.1673324278,0.2477068012,-0.2431083638,0.5306305508,0.0016007617,0.0277477367,-0.0101915950,0.0201329766,0.0000000000,0.5214482558,-0.0000000000,0.0872664626,-0.0000000000,1.0000000000,1.0000000000,0.0000000000,0.0000000000,0.0000000000,0.0000000000
0.0200000000,0.2949159079,0.1567653683,0.5959042411,-0.1603819163,-0.2240135011,-0.1658251427,0.2477068012,-0.2431083638,0.5306305508,0.0016007617,0.0277477367,-0.0101915950,0.0201329766,0.0000000000,0.5214482558,-0.0000000000,0.0872664626,-0.0000000000,1.0000000000,1.0000000000,0.0000000000,0.0000000000,0.0000000000,0.0000000000
0.0200000000,0.2954011436,0.1571900171,0.5957587160,-0.1596435650,-0.2228592646,-0.1643894830,0.2477068012,-0.2431083638,0.5306305508,0.0016007617,0.0277477367,-0.0101915950,0.0201329766,0.0000000000,0.5214482558,-0.0000000000,0.0872664626,-0.0000000000,1.0000000000,1.0000000000,0.0000000000,0.0000000000,0.0000000000,0.0000000000
0.0200000000,0.2958110715,0.1575761055,0.5956121846,-0.1589813321,-0.2217793096,-0.1631117262,0.2477068012,-0.2431083638,0.5306305508,0.0016007617,0.0277477367,-0.0101915950,0.0201329766,0.0000000000,0.5214482558,-0.0000000000,0.0872664626,-0.0000000000,1.0000000000,1.0000000000,0.0000000000,0.0000000000,0.0000000000,0.0000000000
0.0200000000,0.2961302657,0.1579331372,0.5954631700,-0.1583782224,-0.2207965165,-0.1619929085,0.2477068012,-0.2431083638,0.5306305508,0.0016007617,0.0277477367,-0.0101915950,0.0201329766,0.0000000000,0.5214482558,-0.0000000000,0.0872664626,-0.0000000000,1.0000000000,1.0000000000,0.0000000000,0.0000000000,0.0000000000,0.0000000000
0.0200000000,0.2963547198,0.1582856330,0.5953031616,-0.1577994543,-0.2198919940,-0.1609824614,0.2477068012,-0.2431083638,0.5306305508,0.0016007617,0.0277477367,-0.0101915950,0.0201329766,0.0000000000,0.5214482558,-0.0000000000,0.0872664626,-0.0000000000,1.0000000000,1.0000000000,0.0000000000,0.0000000000,0.0000000000,0.0000000000
0.0200000000,0.2964534735,0.1586605156,0.5951188663,-0.1572318824,-0.2190657509,-0.1600364750,0.2477068012,-0.2431083638,0.5306305508,0.0016007617,0.0277477367,-0.0101915950,0.0201329766,0.0000000000,0.5214482558,-0.0000000000,0.0872664626,-0.0000000000,1.0000000000,1.0000000000,0.0000000000,0.0000000000,0.0000000000,0.0000000000
0.0200000000,0.2964141320,0.1590764300,0.5949027254,-0.1566788123,-0.2183135460,-0.1591069933,0.2477068012,-0.2431083638,0.5306305508,0.0016007617,0.0277477367,-0.0101915950,0.0201329766,0.0000000000,0.5214482558,-0.0000000000,0.0872664626,-0.0000000000,1.0000000000,1.0000000000,0.0000000000,0.0000000000,0.0000000000,0.0000000000
0.0200000000,0.2962166841,0.1595557276,0.5946447701,-0.1561329877,-0.2176297780,-0.1581542065,0.2477068012,-0.2431083638,0.5306305508,0.0016007617,0.0277477367,-0.0101915950,0.0201329766,0.0000000000,0.5214482558,-0.0000000000,0.0872664626,-0.0000000000,1.0000000000,1.0000000000,0.0000000000,0.0000000000,0.0000000000,0.0000000000
0.0200000000,0.2958476466,0.1601211452,0.5943365631,-0.1555736034,-0.2170036323,-0.1571399727,0.2477068012,-0.2431083638,0.5306305508,0.0016007617,0.0277477367,-0.0101915950,0.0201329766,0.0000000000,0.5214482558,-0.0000000000,0.0872664626,-0.0000000000,1.0000000000,1.0000000000,0.0000000000,0.0000000000,0.0000000000,0.0000000000
0.0200000000,0.2953042625,0.1607883241,0.5939747056,-0.1549774941,-0.2164261805,-0.1560356417,0.2477068012,-0.2431083638,0.5306305508,0.0016007617,0.0277477367,-0.0101915950,0.0201329766,0.0000000000,0.5214482558,-0.0000000000,0.0872664626,-0.0000000000,1.0000000000,1.0000000000,0.0000000000,0.0000000000,0.0000000000,0.0000000000
0.0200000000,0.2945844159,0.1615688105,0.5935595159,-0.1543243034,-0.2159014733,-0.1548216621,0.2477068012,-0.2431083638,0.5306305508,0.0016007617,0.0277477367,-0.0101915950,0.0201329766,0.0000000000,0.5214482558,-0.0000000000,0.0872664626,-0.0000000000,1.0000000000,1.0000000000,0.0000000000,0.0000000000,0.0000000000,0.0000000000
0.0200000000,0.2937541859,0.1624172538,0.5931198009,-0.1536288846,-0.2154390317,-0.1535539845,0.2477068012,-0.2431083638,0.5306305508,0.0016007617,0.0277477367,-0.0101915950,0.0201329766,0.0000000000,0.5214482558,-0.0000000000,0.0872664626,-0.0000000000,1.0000000000,1.0000000000,0.0000000000,0.0000000000,0.0000000000,0.0000000000
0.0200000000,0.2928700176,0.1632851211,0.5926836930,-0.1529183489,-0.2150617389,-0.1523033849,0.2477068012,-0.2431083638,0.5306305508,0.0016007617,0.0277477367,-0.0101915950,0.0201329766,0.0000000000,0.5214482558,-0.0000000000,0.0872664626,-0.0000000000,1.0000000000,1.0000000000,0.0000000000,0.0000000000,0.0000000000,0.0000000000
0.0200000000,0.2919735481,0.1641363173,0.5922703983,-0.1522152098,-0.2147819134,-0.1511213974,0.2477068012,-0.2431083638,0.5306305508,0.0016007617,0.0277477367,-0.0101915950,0.0201329766,0.0000000000,0.5214482558,-0.0000000000,0.0872664626,-0.0000000000,1.0000000000,1.0000000000,0.0000000000,0.0000000000,0.0000000000,0.0000000000
0.0200000000,0.2910719275,0.1649667711,0.5918810980,-0.1515218731,-0.2145933921,-0.1500105515,0.2477068012,-0.2431083638,0.5306305508,0.0016007617,0.0277477367,-0.0101915950,0.0201329766,0.0000000000,0.5214482558,-0.0000000000,0.0872664626,-0.0000000000,1.0000000000,1.0000000000,0.0000000000,0.0000000000,0.0000000000,0.0000000000
0.0200000000,0.2901555858,0.1657845320,0.5915109605,-0.1508324609,-0.2144907610,-0.1489601336,0.2477068012,-0.2431083638,0.5306305508,0.0016007617,0.0277477367,-0.0101915950,0.0201329766,0.0000000000,0.5214482558,-0.0000000000,0.0872664626,-0.0000000000,1.0000000000,1.0000000000,0.0000000000,0.0000000000,0.0000000000,0.0000000000
0.0200000000,0.2892503707,0.1665716177,0.5911654510,-0.1501540326,-0.2144542485,-0.1479911858,0.2477068012,-0.2431083638,0.5306305508,0.0016007617,0.0277477367,-0.0101915950,0.0201329766,0.0000000000,0.5214482558,-0.0000000000,0.0872664626,-0.0000000000,1.0000000000,1.0000000000,0.0000000000,0.0000000000,0.0000000000,0.0000000000
0.0200000000,0.2883959349,0.1672973356,0.5908567569,-0.1495034828,-0.2144745479,-0.1471437938,0.2477068012,-0.2431083638,0.5306305508,0.0016007617,0.0277477367,-0.0101915950,0.0201329766,0.0000000000,0.5214482558,-0.0000000000,0.0872664626,-0.0000000000,1.0000000000,1.0000000000,0.0000000000,0.0000000000,0.0000000000,0.0000000000
0.0200000000,0.2876052139,0.1679556577,0.5905851971,-0.1488835713,-0.2145364800,-0.1464195606,0.2477068012,-0.2431083638,0.5306305508,0.0016007617,0.0277477367,-0.0101915950,0.0201329766,0.0000000000,0.5214482558,-0.0000000000,0.0872664626,-0.0000000000,1.0000000000,1.0000000000,0.0000000000,0.0000000000,0.0000000000,0.0000000000
0.0200000000,0.2868618412,0.1685645241,0.5903404318,-0.1482832989,-0.2146245745,-0.1457866969,0.2477068012,-0.2431083638,0.5306305508,0.0016007617,0.0277477367,-0.0101915950,0.0201329766,0.0000000000,0.5214482558,-0.0000000000,0.0872664626,-0.0000000000,1.0000000000,1.0000000000,0.0000000000,0.0000000000,0.0000000000,0.0000000000
0.0200000000,0.2861493088,0.1691386458,0.5901145301,-0.1476944332,-0.2147322657,-0.1452225277,0.2477068012,-0.2431083638,0.5306305508,0.0016007617,0.0277477367,-0.0101915950,0.0201329766,0.0000000000,0.5214482558,-0.0000000000,0.0872664626,-0.0000000000,1.0000000000,1.0000000000,0.0000000000,0.0000000000,0.0000000000,0.0000000000
0.0200000000,0.2854558662,0.1696905248,0.5899010614,-0.1471099667,-0.2148513775,-0.1447049510,0.2477068012,-0.2431083638,0.5306305508,0.0016007617,0.0277477367,-0.0101915950,0.0201329766,0.0000000000,0.5214482558,-0.0000000000,0.0872664626,-0.0000000000,1.0000000000,1.0000000000,0.0000000000,0.0000000000,0.0000000000,0.0000000000
0.0200000000,0.2847879517,0.1702181041,0.5897001408,-0.1465291489,-0.2149739851,-0.1442331757,0.2477068012,-0.2431083638,0.5306305508,0.0016007617,0.0277477367,-0.0101915950,0.0201329766,0.0000000000,0.5214482558,-0.0000000000,0.0872664626,-0.0000000000,1.0000000000,1.0000000000,0.0000000000,0.0000000000,0.0000000000,0.0000000000
0.0200000000,0.2841682780,0.1707052949,0.5895178565,-0.1459598353,-0.2150937221,-0.1438269691,0.2477068012,-0.2431083638,0.5306305508,0.0016007617,0.0277477367,-0.0101915950,0.0201329766,0.0000000000,0.5214482558,-0.0000000000,0.0872664626,-0.0000000000,1.0000000000,1.0000000000,0.0000000000,0.0000000000,0.0000000000,0.0000000000
0.0200000000,0.2836193370,0.1711348507,0.5893607918,-0.1454130924,-0.2152078126,-0.1435081759,0.2477068012,-0.2431083638,0.5306305508,0.0016007617,0.0277477367,-0.0101915950,0.0201329766,0.0000000000,0.5214482558,-0.0000000000,0.0872664626,-0.0000000000,1.0000000000,1.0000000000,0.0000000000,0.0000000000,0.0000000000,0.0000000000
0.0200000000,0.2831420187,0.1715067604,0.5892282860,-0.1448917684,-0.2153151996,-0.1432737125,0.2477068012,-0.2431083638,0.5306305508,0.0016007617,0.0277477367,-0.0101915950,0.0201329766,0.0000000000,0.5214482558,-0.0000000000,0.0872664626,-0.0000000000,1.0000000000,1.0000000000,0.0000000000,0.0000000000,0.0000000000,0.0000000000
0.0200000000,0.2826951806,0.1718544131,0.5891062701,-0.1443806383,-0.2154180595,-0.1430743206,0.2477068012,-0.2431083638,0.5306305508,0.0016007617,0.0277477367,-0.0101915950,0.0201329766,0.0000000000,0.5214482558,-0.0000000000,0.0872664626,-0.0000000000,1.0000000000,1.0000000000,0.0000000000,0.0000000000,0.0000000000,0.0000000000
0.0200000000,0.2822558095,0.1721961275,0.5889871172,-0.1438710248,-0.2155179883,-0.1428836502,0.2477068012,-0.2431083638,0.5306305508,0.0016007617,0.0277477367,-0.0101915950,0.0201329766,0.0000000000,0.5214482558,-0.0000000000,0.0872664626,-0.0000000000,1.0000000000,1.0000000000,0.0000000000,0.0000000000,0.0000000000,0.0000000000
0.0200000000,0.2818057133,0.1725448553,0.5888654764,-0.1433577177,-0.2156181320,-0.1426847191,0.2477068012,-0.2431083638,0.5306305508,0.0016007617,0.0277477367,-0.0101915950,0.0201329766,0.0000000000,0.5214482558,-0.0000000000,0.0872664626,-0.0000000000,1.0000000000,1.0000000000,0.0000000000,0.0000000000,0.0000000000,0.0000000000
0.0200000000,0.2813044799,0.1729273878,0.5887303414,-0.1428309751,-0.2157275322,-0.1424449404,0.2477068012,-0.2431083638,0.5306305508,0.0016007617,0.0277477367,-0.0101915950,0.0201329766,0.0000000000,0.5214482558,-0.0000000000,0.0872664626,-0.0000000000,1.0000000000,1.0000000000,0.0000000000,0.0000000000,0.0000000000,0.0000000000
0.0200000000,0.2806587202,0.1734052839,0.5885566763,-0.1422669142,-0.2158665534,-0.1420907885,0.2477068012,-0.2431083638,0.5306305508,0.0016007617,0.0277477367,-0.0101915950,0.0201329766,0.0000000000,0.5214482558,-0.0000000000,0.0872664626,-0.0000000000,1.0000000000,1.0000000000,0.0000000000,0.0000000000,0.0000000000,0.0000000000
0.0200000000,0.2798415361,0.1739954790,0.5883385002,-0.1416545532,-0.2160396672,-0.1416061784,0.2477068012,-0.2431083638,0.5306305508,0.0016007617,0.0277477367,-0.0101915950,0.0201329766,0.0000000000,0.5214482558,-0.0000000000,0.0872664626,-0.0000000000,1.0000000000,1.0000000000,0.0000000000,0.0000000000,0.0000000000,0.0000000000
0.0200000000,0.2788709097,0.1746852463,0.5880813129,-0.1409924582,-0.2162362041,-0.1410108108,0.2477068012,-0.2431083638,0.5306305508,0.0016007617,0.0277477367,-0.0101915950,0.0201329766,0.0000000000,0.5214482558,-0.0000000000,0.0872664626,-0.0000000000,1.0000000000,1.0000000000,0.0000000000,0.0000000000,0.0000000000,0.0000000000
0.0200000000,0.2777646713,0.1754620834,0.5877894183,-0.1402788137,-0.2164397956,-0.1403232407,0.2477068012,-0.2431083638,0.5306305508,0.0016007617,0.0277477367,-0.0101915950,0.0201329766,0.0000000000,0.5214482558,-0.0000000000,0.0872664626,-0.0000000000,1.0000000000,1.0000000000,0.0000000000,0.0000000000,0.0000000000,0.0000000000
0.0200000000,0.2765698954,0.1762929243,0.5874745680,-0.1395367394,-0.2166294181,-0.1395758136,0.2477068012,-0.2431083638,0.5306305508,0.0016007617,0.0277477367,-0.0101915950,0.0201329766,0.0000000000,0.5214482558,-0.0000000000,0.0872664626,-0.0000000000,1.0000000000,1.0000000000,0.0000000000,0.0000000000,0.0000000000,0.0000000000
0.0200000000,0.2752982112,0.1771719998,0.5871369354,-0.1387624127,-0.2167831461,-0.1387727862,0.2477068012,-0.2431083638,0.5306305508,0.0016007617,0.0277477367,-0.0101915950,0.0201329766,0.0000000000,0.5214482558,-0.0000000000,0.0872664626,-0.0000000000,1.0000000000,1.0000000000,0.0000000000,0.0000000000,0.0000000000,0.0000000000
0.0200000000,0.2740960188,0.1780026681,0.5868157980,-0.1380151958,-0.2168837179,-0.1380161820,0.2477068012,-0.2431083638,0.5306305508,0.0016007617,0.0277477367,-0.0101915950,0.0201329766,0.0000000000,0.5214482558,-0.0000000000,0.0872664626,-0.0000000000,1.0000000000,1.0000000000,0.0000000000,0.0000000000,0.0000000000,0.0000000000
0.0200000000,0.2730775418,0.1787094801,0.5865409145,-0.1373483159,-0.2169279555,-0.1373829273,0.2477068012,-0.2431083638,0.5306305508,0.0016007617,0.0277477367,-0.0101915950,0.0201329766,0.0000000000,0.5214482558,-0.0000000000,0.0872664626,-0.0000000000,1.0000000000,1.0000000000,0.0000000000,0.0000000000,0.0000000000,0.0000000000
0.0200000000,0.2722038944,0.1793206900,0.5863022762,-0.1367322182,-0.2169314854,-0.1368516300,0.2477068012,-0.2431083638,0.5306305508,0.0016007617,0.0277477367,-0.0101915950,0.0201329766,0.0000000000,0.5214482558,-0.0000000000,0.0872664626,-0.0000000000,1.0000000000,1.0000000000,0.0000000000,0.0000000000,0.0000000000,0.0000000000
0.0200000000,0.2714162753,0.1798773052,0.5860841097,-0.1361309447,-0.2169033252,-0.1363847626,0.2477068012,-0.2431083638,0.5306305508,0.0016007617,0.0277477367,-0.0101915950,0.0201329766,0.0000000000,0.5214482558,-0.0000000000,0.0872664626,-0.0000000000,1.0000000000,1.0000000000,0.0000000000,0.0000000000,0.0000000000,0.0000000000
0.0200000000,0.2706461763,0.1804281863,0.5858669518,-0.1354962043,-0.2168419571,-0.1359375267,0.2477068012,-0.2431083638,0.5306305508,0.0016007617,0.0277477367,-0.0101915950,0.0201329766,0.0000000000,0.5214482558,-0.0000000000,0.0872664626,-0.0000000000,1.0000000000,1.0000000000,0.0000000000,0.0000000000,0.0000000000,0.0000000000
0.0200000000,0.2698929090,0.1809724115,0.5856514022,-0.1348388117,-0.2167521943,-0.1355060424,0.2477068012,-0.2431083638,0.5306305508,0.0016007617,0.0277477367,-0.0101915950,0.0201329766,0.0000000000,0.5214482558,-0.0000000000,0.0872664626,-0.0000000000,1.0000000000,1.0000000000,0.0000000000,0.0000000000,0.0000000000,0.0000000000
0.0200000000,0.2691602807,0.1815065263,0.5854383696,-0.1341738247,-0.2166352135,-0.1350855048,0.2477068012,-0.2431083638,0.5306305508,0.0016007617,0.0277477367,-0.0101915950,0.0201329766,0.0000000000,0.5214482558,-0.0000000000,0.0872664626,-0.0000000000,1.0000000000,1.0000000000,0.0000000000,0.0000000000,0.0000000000,0.0000000000
0.0200000000,0.2684478872,0.1820304440,0.5852277233,-0.1335056804,-0.2164921346,-0.1346732829,0.2477068012,-0.2431083638,0.5306305508,0.0016007617,0.0277477367,-0.0101915950,0.0201329766,0.0000000000,0.5214482558,-0.0000000000,0.0872664626,-0.0000000000,1.0000000000,1.0000000000,0.0000000000,0.0000000000,0.0000000000,0.0000000000
0.0200000000,0.2677553019,0.1825432870,0.5850196205,-0.1328466765,-0.2163257752,-0.1342632558,0.2477068012,-0.2431083638,0.5306305508,0.0016007617,0.0277477367,-0.0101915950,0.0201329766,0.0000000000,0.5214482558,-0.0000000000,0.0872664626,0.0000000000,1.0000000000,1.0000000000,0.0000000000,0.0000000000,0.0000000000,0.0000000000
0.0200000000,0.2670851225,0.1830440505,0.5848136749,-0.1321979683,-0.2161325459,-0.1338541082,0.2477068012,-0.2431083638,0.5306305508,0.0016007617,0.0277477367,-0.0101915950,0.0201329766,0.0000000000,0.5214482558,-0.0000000000,0.0872664626,-0.0000000000,1.0000000000,1.0000000000,0.0000000000,0.0000000000,0.0000000000,0.0000000000
0.0200000000,0.2664306999,0.1835362590,0.5846093857,-0.1315586220,-0.2159185416,-0.1334436109,0.2477068012,-0.2431083638,0.5306305508,0.0016007617,0.0277477367,-0.0101915950,0.0201329766,0.0000000000,0.5214482558,-0.0000000000,0.0872664626,-0.0000000000,1.0000000000,1.0000000000,0.0000000000,0.0000000000,0.0000000000,0.0000000000
0.0200000000,0.2657915486,0.1840201450,0.5844065753,-0.1309299009,-0.2156843043,-0.1330305445,0.2477068012,-0.2431083638,0.5306305508,0.0016007617,0.0277477367,-0.0101915950,0.0201329766,0.0000000000,0.5214482558,-0.0000000000,0.0872664626,-0.0000000000,1.0000000000,1.0000000000,0.0000000000,0.0000000000,0.0000000000,0.0000000000
0.0200000000,0.2651667972,0.1844965748,0.5842049116,-0.1303093575,-0.2154298468,-0.1326149849,0.2477068012,-0.2431083638,0.5306305508,0.0016007617,0.0277477367,-0.0101915950,0.0201329766,0.0000000000,0.5214482558,-0.0000000000,0.0872664626,-0.0000000000,1.0000000000,1.0000000000,0.0000000000,0.0000000000,0.0000000000,0.0000000000
0.0200000000,0.2645533580,0.1849677718,0.5840038695,-0.1296930705,-0.2151564990,-0.1321965295,0.2477068012,-0.2431083638,0.5306305508,0.0016007617,0.0277477367,-0.0101915950,0.0201329766,0.0000000000,0.5214482558,-0.0000000000,0.0872664626,-0.0000000000,1.0000000000,1.0000000000,0.0000000000,0.0000000000,0.0000000000,0.0000000000
0.0200000000,0.2639541408,0.1854322245,0.5838033540,-0.1290840729,-0.2148614466,-0.1317737769,0.2477068012,-0.2431083638,0.5306305508,0.0016007617,0.0277477367,-0.0101915950,0.0201329766,0.0000000000,0.5214482558,-0.0000000000,0.0872664626,-0.0000000000,1.0000000000,1.0000000000,0.0000000000,0.0000000000,0.0000000000,0.0000000000
0.0200000000,0.2633649578,0.1858926585,0.5836028311,-0.1284773660,-0.2145469397,-0.1313469479,0.2477068012,-0.2431083638,0.5306305508,0.0016007617,0.0277477367,-0.0101915950,0.0201329766,0.0000000000,0.5214482558,-0.0000000000,0.0872664626,-0.0000000000,1.0000000000,1.0000000000,0.0000000000,0.0000000000,0.0000000000,0.0000000000
0.0200000000,0.2627832523,0.1863511195,0.5834016427,-0.1278690347,-0.2142128108,-0.1309153212,0.2477068032,-0.2431083634,0.5306305510,0.0016007616,0.0277477368,-0.0101915950,0.0201329766,0.0000000000,0.5214482558,-0.0000000000,0.0872664626,-0.0000000000,1.0000000000,1.0000000000,0.0000000000,0.0000000000,0.0000000000,0.0000000000
0.0200000000,0.2622096570,0.1868071074,0.5831999271,-0.1272600101,-0.2138593842,-0.1304790839,0.2477068107,-0.2431083617,0.5306305518,0.0016007611,0.0277477368,-0.0101915950,0.0201329766,0.0000000000,0.5214482558,-0.0000000000,0.0872664626,-0.0000000000,1.0000000000,1.0000000000,0.0000000000,0.0000000000,0.0000000000,0.0000000000
0.0200000000,0.2616433414,0.1872614093,0.5829972845,-0.1266492138,-0.2134859331,-0.1300372646,0.2477068147,-0.2431083608,0.5306305522,0.0016007608,0.0277477369,-0.0101915950,0.0201329766,0.0000000000,0.5214482558,-0.0000000000,0.0872664626,-0.0000000000,1.0000000000,1.0000000000,0.0000000000,0.0000000000,0.0000000000,0.0000000000
0.0200000000,0.2610822295,0.1877166030,0.5827922300,-0.1260323172,-0.2130878205,-0.1295862723,0.2477068013,-0.2431083638,0.5306305509,0.0016007617,0.0277477367,-0.0101915950,0.0201329766,0.0000000000,0.5214482558,-0.0000000000,0.0872664626,-0.0000000000,1.0000000000,1.0000000000,0.0000000000,0.0000000000,0.0000000000,0.0000000000
0.0200000000,0.2605255568,0.1881724916,0.5825853256,-0.1254096448,-0.2126685066,-0.1291279898,0.2477067987,-0.2431083644,0.5306305506,0.0016007619,0.0277477367,-0.0101915950,0.0201329766,0.0000000000,0.5214482558,-0.0000000000,0.0872664626,-0.0000000000,1.0000000000,1.0000000000,0.0000000000,0.0000000000,0.0000000000,0.0000000000
0.0200000000,0.2599735999,0.1886289380,0.5823765687,-0.1247814882,-0.2122278639,-0.1286622435,0.2477067735,-0.2431083700,0.5306305482,0.0016007636,0.0277477365,-0.0101915949,0.0201329766,0.0000000000,0.5214482558,-0.0000000000,0.0872664626,-0.0000000000,1.0000000000,1.0000000000,0.0000000000,0.0000000000,0.0000000000,0.0000000000
0.0200000000,0.2594250058,0.1890872811,0.5821653767,-0.1241456471,-0.2117645345,-0.1281876322,0.2477066373,-0.2431084002,0.5306305351,0.0016007730,0.0277477352,-0.0101915945,0.0201329766,0.0000000000,0.5214482558,-0.0000000000,0.0872664626,-0.0000000000,1.0000000000,1.0000000000,0.0000000000,0.0000000000,0.0000000000,0.0000000000
0.0200000000,0.2588789816,0.1895482202,0.5819514490,-0.1235010127,-0.2112779213,-0.1277034698,0.2477064110,-0.2431084512,0.5306305160,0.0016007902,0.0277477184,-0.0101915943,0.0201329766,0.0000000000,0.5214482558,-0.0000000000,0.0872664626,-0.0000000000,1.0000000000,1.0000000000,0.0000000000,0.0000000000,0.0000000000,0.0000000000
0.0200000000,0.2583364803,0.1900117379,0.5817343164,-0.1228475448,-0.2107650784,-0.1272080976,0.2477060930,-0.2431085231,0.5306304901,0.0016008151,0.0277476890,-0.0101915944,0.0201329766,0.0000000000,0.5214482558,-0.0000000000,0.0872664626,-0.0000000000,1.0000000000,1.0000000000,0.0000000000,0.0000000000,0.0000000000,0.0000000000
0.0200000000,0.2577974572,0.1904772794,0.5815146897,-0.1221859087,-0.2102293400,-0.1267035144,0.2477054805,-0.2431086586,0.5306304287,0.0016008556,0.0277476965,-0.0101915920,0.0201329766,0.0000000000,0.5214482558,-0.0000000000,0.0872664626,-0.0000000000,1.0000000000,1.0000000000,0.0000000000,0.0000000000,0.0000000000,0.0000000000
0.0200000000,0.2572623290,0.1909446125,0.5812926838,-0.1215162549,-0.2096709247,-0.1261899029,0.2477044776,-0.2431088810,0.5306303281,0.0016009207,0.0277477099,-0.0101915887,0.0201329766,0.0000000000,0.5214482558,-0.0000000000,0.0872664626,-0.0000000000,1.0000000000,1.0000000000,0.0000000000,0.0000000000,0.0000000000,0.0000000000
0.0200000000,0.2567311972,0.1914135785,0.5810683768,-0.1208388267,-0.2090902328,-0.1256674910,0.2477031708,-0.2431091744,0.5306302093,0.0016010120,0.0277476587,-0.0101915880,0.0201329766,0.0000000000,0.5214482558,0.0000000000,0.0872664626,0.0000000000,1.0000000000,1.0000000000,0.0000000000,0.0000000000,0.0000000000,0.0000000000
0.0200000000,0.2562033335,0.1918849411,0.5808413609,-0.1201525839,-0.2084860725,-0.1251351240,0.2477014039,-0.2431095620,0.5306300162,0.0016011170,0.0277477692,-0.0101915786,0.0201329766,0.0000000000,0.5214482558,-0.0000000000,0.0872664626,-0.0000000000,1.0000000000,1.0000000000,0.0000000000,0.0000000000,0.0000000000,0.0000000000
0.0200000000,0.2556781792,0.1923603249,0.5806103682,-0.1194550148,-0.2078530233,-0.1245889315,0.2476987829,-0.2431101133,0.5306296431,0.0016012222,0.0277484116,-0.0101915434,0.0201329766,0.0000000000,0.5214482558,-0.0000000000,0.0872664626,-0.0000000000,1.0000000000,1.0000000000,0.0000000000,0.0000000000,0.0000000000,0.0000000000
0.0200000000,0.2551557213,0.1928387231,0.5803764051,-0.1187475302,-0.2071958298,-0.1240320213,0.2476954658,-0.2431108174,0.5306291761,0.0016013473,0.0277491956,-0.0101915087,0.0201329766,0.0000000000,0.5214482558,-0.0000000000,0.0872664626,-0.0000000000,1.0000000000,1.0000000000,0.0000000000,0.0000000000,0.0000000000,0.0000000000
0.0200000000,0.2546355584,0.1933205842,0.5801391972,-0.1180296174,-0.2065135843,-0.1234635210,0.2476914226,-0.2431116558,0.5306285442,0.0016014688,0.0277504981,-0.0101914466,0.0201329766,0.0000000000,0.5214482558,-0.0000000000,0.0872664626,-0.0000000000,1.0000000000,1.0000000000,0.0000000000,0.0000000000,0.0000000000,0.0000000000
0.0200000000,0.2541160282,0.1938077530,0.5798976977,-0.1172989570,-0.2058027113,-0.1228802713,0.2476863566,-0.2431126224,0.5306275111,0.0016015194,0.0277534654,-0.0101912783,0.0201329766,0.0000000000,0.5214482558,-0.0000000000,0.0872664626,-0.0000000000,1.0000000000,1.0000000000,0.0000000000,0.0000000000,0.0000000000,0.0000000000
0.0200000000,0.2535964965,0.1943008420,0.5796516320,-0.1165545049,-0.2050623590,-0.1222815452,0.2476801806,-0.2431137564,0.5306260755,0.0016014720,0.0277580553,-0.0101910390,0.0201329766,0.0000000000,0.5214482558,-0.0000000000,0.0872664626,-0.0000000000,1.0000000000,1.0000000000,0.0000000000,0.0000000000,0.0000000000,0.0000000000
0.0200000000,0.2530775537,0.1948001826,0.5794004391,-0.1157954937,-0.2042893668,-0.1216654346,0.2476728338,-0.2431150691,0.5306242331,0.0016013370,0.0277642602,-0.0101907240,0.0201329766,0.0000000000,0.5214482558,-0.0000000000,0.0872664626,-0.0000000000,1.0000000000,1.0000000000,0.0000000000,0.0000000000,0.0000000000,0.0000000000
0.0200000000,0.2525582542,0.1953061245,0.5791441729,-0.1150223101,-0.2034846225,-0.1210316273,0.2476642294,-0.2431163872,0.5306216085,0.0016010996,0.0277741137,-0.0101900729,0.0201329766,0.0000000000,0.5214482558,-0.0000000000,0.0872664626,-0.0000000000,1.0000000000,1.0000000000,0.0000000000,0.0000000000,0.0000000000,0.0000000000
0.0200000000,0.2520380411,0.1958193974,0.5788823913,-0.1142340662,-0.2026463453,-0.1203785729,0.2476542124,-0.2431176984,0.5306180262,0.0016006874,0.0277885024,-0.0101890467,0.0201329766,0.0000000000,0.5214482558,-0.0000000000,0.0872664626,-0.0000000000,1.0000000000,1.0000000000,0.0000000000,0.0000000000,0.0000000000,0.0000000000
0.0200000000,0.2515170591,0.1963397200,0.5786153582,-0.1134307054,-0.2017755436,-0.1197071893,0.2476428289,-0.2431190806,0.5306136267,0.0016000725,0.0278066725,-0.0101877756,0.0201329766,0.0000000000,0.5214482558,-0.0000000000,0.0872664626,-0.0000000000,1.0000000000,1.0000000000,0.0000000000,0.0000000000,0.0000000000,0.0000000000
0.0200000000,0.2509952381,0.1968673509,0.5783428328,-0.1126125846,-0.2008710322,-0.1190160182,0.2476300958,-0.2431202333,0.5306080720,0.0015994652,0.0278305141,-0.0101857809,0.0201329766,0.0000000000,0.5214482558,-0.0000000000,0.0872664626,-0.0000000000,1.0000000000,1.0000000000,0.0000000000,0.0000000000,0.0000000000,0.0000000000
0.0200000000,0.2504721745,0.1974041050,0.5780631788,-0.1117783865,-0.1999252692,-0.1182987687,0.2476157671,-0.2431207088,0.5306006372,0.0015991056,0.0278639219,-0.0101822977,0.0201329766,0.0000000000,0.5214482558,-0.0000000000,0.0872664626,-0.0000000000,1.0000000000,1.0000000000,0.0000000000,0.0000000000,0.0000000000,0.0000000000
0.0200000000,0.2499477915,0.1979488906,0.5777775893,-0.1109286294,-0.1989437492,-0.1175598020,0.2475999418,-0.2431208864,0.5305917747,0.0015986950,0.0279044333,-0.0101779919,0.0201329766,0.0000000000,0.5214482558,-0.0000000000,0.0872664626,-0.0000000000,1.0000000000,1.0000000000,0.0000000000,0.0000000000,0.0000000000,0.0000000000
0.0200000000,0.2494224070,0.1985012868,0.5774863211,-0.1100646589,-0.1979273841,-0.1167990690,0.2475828518,-0.2431202552,0.5305811870,0.0015987426,0.0279538420,-0.0101720253,0.0201329766,0.0000000000,0.5214482558,-0.0000000000,0.0872664626,-0.0000000000,1.0000000000,1.0000000000,0.0000000000,0.0000000000,0.0000000000,0.0000000000
0.0200000000,0.2488964114,0.1990608850,0.5771895389,-0.1091884934,-0.1968766557,-0.1160157259,0.2475647987,-0.2431180292,0.5305683284,0.0015999796,0.0280153622,-0.0101631220,0.0201329766,0.0000000000,0.5214482558,-0.0000000000,0.0872664626,-0.0000000000,1.0000000000,1.0000000000,0.0000000000,0.0000000000,0.0000000000,0.0000000000
0.0200000000,0.2483698610,0.1996277307,0.5768872061,-0.1082996603,-0.1957912035,-0.1152097486,0.2475457099,-0.2431145197,0.5305533310,0.0016020330,0.0280882115,-0.0101518790,0.0201329766,0.0000000000,0.5214482558,0.0000000000,0.0872664626,0.0000000000,1.0000000000,1.0000000000,0.0000000000,0.0000000000,0.0000000000,0.0000000000
0.0200000000,0.2478425213,0.2002029481,0.5765783709,-0.1073970632,-0.1946666321,-0.1143773439,0.2475255262,-0.2431091231,0.5305357329,0.0016055443,0.0281749417,-0.0101371351,0.0201329766,0.0000000000,0.5214482558,-0.0000000000,0.0872664626,-0.0000000000,1.0000000000,1.0000000000,0.0000000000,0.0000000000,0.0000000000,0.0000000000
0.0200000000,0.2473142198,0.2007853346,0.5762643222,-0.1064830774,-0.1935091758,-0.1135218835,0.2475046917,-0.2431009261,0.5305152736,0.0016116174,0.0282772747,-0.0101172214,0.0201329766,0.0000000000,0.5214482558,-0.0000000000,0.0872664626,-0.0000000000,1.0000000000,1.0000000000,0.0000000000,0.0000000000,0.0000000000,0.0000000000
0.0200000000,0.2467848432,0.2013750085,0.5759450088,-0.1055576527,-0.1923185502,-0.1126429190,0.2474833705,-0.2430898319,0.5304918477,0.0016202616,0.0283958865,-0.0100920961,0.0201329766,0.0000000000,0.5214482558,-0.0000000000,0.0872664626,-0.0000000000,1.0000000000,1.0000000000,0.0000000000,0.0000000000,0.0000000000,0.0000000000
0.0200000000,0.2462543964,0.2019719482,0.5756205105,-0.1046203467,-0.1910949991,-0.1117407802,0.2474614327,-0.2430760170,0.5304655786,0.0016313380,0.0285300200,-0.0100620020,0.0201329766,0.0000000000,0.5214482558,-0.0000000000,0.0872664626,-0.0000000000,1.0000000000,1.0000000000,0.0000000000,0.0000000000,0.0000000000,0.0000000000
0.0200000000,0.2457229304,0.2025757102,0.5752913489,-0.1036720649,-0.1898410278,-0.1108163919,0.2474386354,-0.2430585482,0.5304361863,0.0016462413,0.0286811414,-0.0100247448,0.0201329766,0.0000000000,0.5214482558,-0.0000000000,0.0872664626,-0.0000000000,1.0000000000,1.0000000000,0.0000000000,0.0000000000,0.0000000000,0.0000000000
0.0200000000,0.2451898697,0.2031876431,0.5749565668,-0.1027117650,-0.1885524839,-0.1098654493,0.2474147902,-0.2430360875,0.5304028798,0.0016665978,0.0288535916,-0.0099775534,0.0201329766,0.0000000000,0.5214482558,-0.0000000000,0.0872664626,-0.0000000000,1.0000000000,1.0000000000,0.0000000000,0.0000000000,0.0000000000,0.0000000000
0.0200000000,0.2446547398,0.2038075733,0.5746165643,-0.1017385981,-0.1872312186,-0.1088901810,0.2473902217,-0.2430096774,0.5303661753,0.0016909868,0.0290446433,-0.0099227770,0.0201329766,0.0000000000,0.5214482558,-0.0000000000,0.0872664626,-0.0000000000,1.0000000000,1.0000000000,0.0000000000,0.0000000000,0.0000000000,0.0000000000
0.0200000000,0.2441200221,0.2044320062,0.5742736749,-0.1007575576,-0.1858870535,-0.1078973112,0.2473643319,-0.2429789958,0.5303264723,0.0017204898,0.0292517953,-0.0098589639,0.0201329766,0.0000000000,0.5214482558,-0.0000000000,0.0872664626,-0.0000000000,1.0000000000,1.0000000000,0.0000000000,0.0000000000,0.0000000000,0.0000000000
0.0200000000,0.2435905315,0.2050545859,0.5739318010,-0.0997782281,-0.1845362403,-0.1068983545,0.2473367878,-0.2429439457,0.5302843494,0.0017558551,0.0294716876,-0.0097852606,0.0201329766,0.0000000000,0.5214482558,0.0000000000,0.0872664626,0.0000000000,1.0000000000,1.0000000000,0.0000000000,0.0000000000,0.0000000000,0.0000000000
0.0200000000,0.2430783433,0.2056606131,0.5735990307,-0.0988235822,-0.1832113028,-0.1059179609,0.2473091188,-0.2429061535,0.5302408495,0.0017946288,0.0296992883,-0.0097058840,0.0201329766,0.0000000000,0.5214482558,-0.0000000000,0.0872664626,-0.0000000000,1.0000000000,1.0000000000,0.0000000000,0.0000000000,0.0000000000,0.0000000000
0.0200000000,0.2425645432,0.2062742319,0.5732614778,-0.0978571128,-0.1818564596,-0.1049129838,0.2472788964,-0.2428625870,0.5301938753,0.0018410880,0.0299450644,-0.0096133635,0.0201329766,0.0000000000,0.5214482558,-0.0000000000,0.0872664626,-0.0000000000,1.0000000000,1.0000000000,0.0000000000,0.0000000000,0.0000000000,0.0000000000
0.0200000000,0.2420164153,0.2069343019,0.5728982942,-0.0968167095,-0.1803879649,-0.1038203296,0.2472423959,-0.2428095860,0.5301409861,0.0019008013,0.0302207417,-0.0094980724,0.0201329766,0.0000000000,0.5214482558,-0.0000000000,0.0872664626,-0.0000000000,1.0000000000,1.0000000000,0.0000000000,0.0000000000,0.0000000000,0.0000000000
0.0200000000,0.2414251878,0.2076502537,0.5725050936,-0.0956855249,-0.1787868170,-0.1026269273,0.2471996038,-0.2427467487,0.5300813717,0.0019738055,0.0305308341,-0.0093596067,0.0201329766,0.0000000000,0.5214482558,-0.0000000000,0.0872664626,-0.0000000000,1.0000000000,1.0000000000,0.0000000000,0.0000000000,0.0000000000,0.0000000000
0.0200000000,0.2407972746,0.2084144981,0.5720864690,-0.0944741739,-0.1770696775,-0.1013453362,0.2471506156,-0.2426744543,0.5300156727,0.0020599440,0.0308718678,-0.0091984875,0.0201329766,0.0000000000,0.5214482558,-0.0000000000,0.0872664626,-0.0000000000,1.0000000000,1.0000000000,0.0000000000,0.0000000000,0.0000000000,0.0000000000
0.0200000000,0.2401150434,0.2092518573,0.5716287382,-0.0931431871,-0.1751775676,-0.0999274868,0.2470884869,-0.2425869810,0.5299427012,0.0021704130,0.0312471241,-0.0089970511,0.0201329766,0.0000000000,0.5214482558,-0.0000000000,0.0872664626,-0.0000000000,1.0000000000,1.0000000000,0.0000000000,0.0000000000,0.0000000000,0.0000000000
0.0200000000,0.2393374645,0.2102150897,0.5711035325,-0.0916073365,-0.1729883586,-0.0982791641,0.2470058229,-0.2424754678,0.5298575163,0.0023188084,0.0316806062,-0.0087324582,0.0201329766,0.0000000000,0.5214482558,-0.0000000000,0.0872664626,-0.0000000000,1.0000000000,1.0000000000,0.0000000000,0.0000000000,0.0000000000,0.0000000000
0.0200000000,0.2385400849,0.2112081202,0.5705651411,-0.0900140400,-0.1707257049,-0.0965716398,0.2469112550,-0.2423536516,0.5297705251,0.0024874348,0.0321187051,-0.0084362502,0.0201329766,0.0000000000,0.5214482558,-0.0000000000,0.0872664626,-0.0000000000,1.0000000000,1.0000000000,0.0000000000,0.0000000000,0.0000000000,0.0000000000
0.0200000000,0.2377932228,0.2121455819,0.5700594416,-0.0885005703,-0.1685835867,-0.0949484118,0.2468087357,-0.2422314020,0.5296916482,0.0026664103,0.0325081972,-0.0081278447,0.0201329766,0.0000000000,0.5214482558,-0.0000000000,0.0872664626,-0.0000000000,1.0000000000,1.0000000000,0.0000000000,0.0000000000,0.0000000000,0.0000000000
0.0200000000,0.2370918285,0.2130330961,0.5695828318,-0.0870592540,-0.1665497538,-0.0934009368,0.2466993070,-0.2421095764,0.5296205672,0.0028537010,0.0328513666,-0.0078102432,0.0201329766,0.0000000000,0.5214482558,-0.0000000000,0.0872664626,-0.0000000000,1.0000000000,1.0000000000,0.0000000000,0.0000000000,0.0000000000,0.0000000000
0.0200000000,0.2364558460,0.2138422106,0.5691506755,-0.0857356849,-0.1646934209,-0.0919857326,0.2465904411,-0.2419965108,0.5295604407,0.0030351517,0.0331341462,-0.0075063110,0.0201329766,0.0000000000,0.5214482558,-0.0000000000,0.0872664626,0.0000000000,1.0000000000,1.0000000000,0.0000000000,0.0000000000,0.0000000000,0.0000000000
0.0200000000,0.2359016334,0.2145536026,0.5687719981,-0.0845649703,-0.1630572323,-0.0907332304,0.2464836783,-0.2418943509,0.5295130023,0.0032080018,0.0333475900,-0.0072210574,0.0201329766,0.0000000000,0.5214482558,-0.0000000000,0.0872664626,-0.0000000000,1.0000000000,1.0000000000,0.0000000000,0.0000000000,0.0000000000,0.0000000000
0.0200000000,0.2353004698,0.2153350602,0.5683561320,-0.0832702975,-0.1612486390,-0.0893449349,0.2463538550,-0.2417835123,0.5294705558,0.0034082947,0.0335225467,-0.0068953960,0.0201329766,0.0000000000,0.5214482558,-0.0000000000,0.0872664626,-0.0000000000,1.0000000000,1.0000000000,0.0000000000,0.0000000000,0.0000000000,0.0000000000
0.0200000000,0.2345946079,0.2162613271,0.5678643722,-0.0817236065,-0.1590948536,-0.0876898520,0.2461886496,-0.2416550281,0.5294302841,0.0036535513,0.0336690839,-0.0065013119,0.0201329766,0.0000000000,0.5214482558,-0.0000000000,0.0872664626,-0.0000000000,1.0000000000,1.0000000000,0.0000000000,0.0000000000,0.0000000000,0.0000000000
0.0200000000,0.2339300165,0.2171398876,0.5673993441,-0.0802449495,-0.1570428660,-0.0861135083,0.2460246557,-0.2415365728,0.5293996812,0.0038896740,0.0337628134,-0.0061252493,0.0201329766,0.0000000000,0.5214482558,-0.0000000000,0.0872664626,-0.0000000000,1.0000000000,1.0000000000,0.0000000000,0.0000000000,0.0000000000,0.0000000000
0.0200000000,0.2334303446,0.2178081748,0.5670453356,-0.0791128630,-0.1554700434,-0.0849047956,0.2458930723,-0.2414508385,0.5293845239,0.0040713177,0.0337859542,-0.0058390800,0.0201329766,0.0000000000,0.5214482558,-0.0000000000,0.0872664626,-0.0000000000,1.0000000000,1.0000000000,0.0000000000,0.0000000000,0.0000000000,0.0000000000
0.0200000000,0.2329747404,0.2184318256,0.5667113173,-0.0780499678,-0.1539742322,-0.0837579748,0.2457628188,-0.2413794285,0.5293814759,0.0042383247,0.0337423020,-0.0055792514,0.0201329766,0.0000000000,0.5214482558,-0.0000000000,0.0872664626,-0.0000000000,1.0000000000,1.0000000000,0.0000000000,0.0000000000,0.0000000000,0.0000000000
0.0200000000,0.2324380756,0.2191761030,0.5663106088,-0.0767737819,-0.1521668245,-0.0823777031,0.2456047303,-0.2413018064,0.5293847097,0.0044315818,0.0336508824,-0.0052804301,0.0201329766,0.0000000000,0.5214482558,-0.0000000000,0.0872664626,-0.0000000000,1.0000000000,1.0000000000,0.0000000000,0.0000000000,0.0000000000,0.0000000000
0.0200000000,0.2318537605,0.2200004487,0.5658633516,-0.0753488762,-0.1501323663,-0.0808333894,0.2454261769,-0.2412255996,0.5293964153,0.0046372664,0.0335029672,-0.0049643316,0.0201329766,0.0000000000,0.5214482558,-0.0000000000,0.0872664626,0.0000000000,1.0000000000,1.0000000000,0.0000000000,0.0000000000,0.0000000000,0.0000000000
0.0200000000,0.2312482596,0.2208733565,0.5653844956,-0.0738262524,-0.1479336136,-0.0791775494,0.2452337544,-0.2411575622,0.5294181521,0.0048427378,0.0332929063,-0.0046504429,0.0201329766,0.0000000000,0.5214482558,-0.0000000000,0.0872664626,-0.0000000000,1.0000000000,1.0000000000,0.0000000000,0.0000000000,0.0000000000,0.0000000000
0.0200000000,0.2305226385,0.2219643936,0.5647698431,-0.0718887251,-0.1450723321,-0.0770670781,0.2449897149,-0.2410976575,0.5294569224,0.0050679453,0.0329637335,-0.0043060414,0.0201329766,0.0000000000,0.5214482558,-0.0000000000,0.0872664626,-0.0000000000,1.0000000000,1.0000000000,0.0000000000,0.0000000000,0.0000000000,0.0000000000
0.0200000000,0.2296908587,0.2232842355,0.5640014209,-0.0694822370,-0.1414384109,-0.0744632290,0.2446922390,-0.2410592665,0.5295130004,0.0052910196,0.0325127505,-0.0039603604,0.0201329766,0.0000000000,0.5214482558,-0.0000000000,0.0872664626,0.0000000000,1.0000000000,1.0000000000,0.0000000000,0.0000000000,0.0000000000,0.0000000000
0.0200000000,0.2289669725,0.2245240320,0.5632460258,-0.0671310687,-0.1378037686,-0.0719667209,0.2444125676,-0.2410617066,0.5295681593,0.0054372100,0.0320738905,-0.0037223872,0.0201329766,0.0000000000,0.5214482558,-0.0000000000,0.0872664626,-0.0000000000,1.0000000000,1.0000000000,0.0000000000,0.0000000000,0.0000000000,0.0000000000
0.0200000000,0.2283804978,0.2256251481,0.5625396896,-0.0649400259,-0.1343510455,-0.0697113724,0.2441648960,-0.2410995131,0.5296133624,0.0055029253,0.0317038268,-0.0035958154,0.0201329766,0.0000000000,0.5214482558,-0.0000000000,0.0872664626,-0.0000000000,1.0000000000,1.0000000000,0.0000000000,0.0000000000,0.0000000000,0.0000000000
0.0200000000,0.2279415866,0.2265470861,0.5619122583,-0.0630071738,-0.1312391990,-0.0677905334,0.2439580940,-0.2411631963,0.5296434315,0.0054966606,0.0314355633,-0.0035686837,0.0201329766,0.0000000000,0.5214482558,-0.0000000000,0.0872664626,-0.0000000000,1.0000000000,1.0000000000,0.0000000000,0.0000000000,0.0000000000,0.0000000000
0.0200000000,0.2276166439,0.2273238531,0.5613492869,-0.0613013251,-0.1284102860,-0.0661381155,0.2437839549,-0.2412443280,0.5296589755,0.0054363012,0.0312621082,-0.0036150823,0.0201329766,0.0000000000,0.5214482558,-0.0000000000,0.0872664626,-0.0000000000,1.0000000000,1.0000000000,0.0000000000,0.0000000000,0.0000000000,0.0000000000
0.0200000000,0.2273808196,0.2279729938,0.5608483885,-0.0598268997,-0.1258637088,-0.0647195990,0.2436374874,-0.2413348912,0.5296624309,0.0053394747,0.0311679668,-0.0037114620,0.0201329766,0.0000000000,0.5214482558,-0.0000000000,0.0872664626,-0.0000000000,1.0000000000,1.0000000000,0.0000000000,0.0000000000,0.0000000000,0.0000000000
0.0200000000,0.2272080518,0.2285075128,0.5604158346,-0.0585915577,-0.1236454973,-0.0635219245,0.2435150936,-0.2414245708,0.5296590268,0.0052295622,0.0311231535,-0.0038283419,0.0201329766,0.0000000000,0.5214482558,-0.0000000000,0.0872664626,-0.0000000000,1.0000000000,1.0000000000,0.0000000000,0.0000000000,0.0000000000,0.0000000000
0.0200000000,0.2270863307,0.2289375139,0.5600508628,-0.0575830567,-0.1217589568,-0.0625331110,0.2434146578,-0.2415095759,0.5296511753,0.0051159106,0.0311134861,-0.0039540050,0.0201329766,0.0000000000,0.5214482558,-0.0000000000,0.0872664626,-0.0000000000,1.0000000000,1.0000000000,0.0000000000,0.0000000000,0.0000000000,0.0000000000
0.0200000000,0.2269959394,0.2293033740,0.5597271942,-0.0567140730,-0.1200750169,-0.0616721538,0.2433277963,-0.2415917800,0.5296405452,0.0049998047,0.0311256807,-0.0040853810,0.0201329766,0.0000000000,0.5214482558,-0.0000000000,0.0872664626,-0.0000000000,1.0000000000,1.0000000000,0.0000000000,0.0000000000,0.0000000000,0.0000000000
0.0200000000,0.2269193059,0.2296519986,0.5594085365,-0.0558797101,-0.1184088115,-0.0608356291,0.2432439017,-0.2416777304,0.5296272658,0.0048740111,0.0311537085,-0.0042293425,0.0201329766,0.0000000000,0.5214482558,-0.0000000000,0.0872664626,-0.0000000000,1.0000000000,1.0000000000,0.0000000000,0.0000000000,0.0000000000,0.0000000000
0.0200000000,0.2268515380,0.2300201230,0.5590562459,-0.0549910873,-0.1165551212,-0.0599293442,0.2431529328,-0.2417803969,0.5296082661,0.0047174012,0.0312091399,-0.0044098748,0.0201329766,0.0000000000,0.5214482558,-0.0000000000,0.0872664626,-0.0000000000,1.0000000000,1.0000000000,0.0000000000,0.0000000000,0.0000000000,0.0000000000
0.0200000000,0.2267931653,0.2304207366,0.5586543918,-0.0540136862,-0.1144277743,-0.0589176205,0.2430506657,-0.2419063403,0.5295817360,0.0045187011,0.0312997342,-0.0046399292,0.0201329766,0.0000000000,0.5214482558,-0.0000000000,0.0872664626,-0.0000000000,1.0000000000,1.0000000000,0.0000000000,0.0000000000,0.0000000000,0.0000000000
0.0200000000,0.2267456317,0.2308537362,0.5582015856,-0.0529452567,-0.1120181713,-0.0577990142,0.2429358699,-0.2420569456,0.5295473447,0.0042756910,0.0314267750,-0.0049220620,0.0201329766,0.0000000000,0.5214482558,-0.0000000000,0.0872664626,-0.0000000000,1.0000000000,1.0000000000,0.0000000000,0.0000000000,0.0000000000,0.0000000000
0.0200000000,0.2267106672,0.2313157483,0.5576994166,-0.0517905317,-0.1093335638,-0.0565808293,0.2428071131,-0.2422330312,0.5295050145,0.0039874085,0.0315901153,-0.0052572628,0.0201329766,0.0000000000,0.5214482558,-0.0000000000,0.0872664626,-0.0000000000,1.0000000000,1.0000000000,0.0000000000,0.0000000000,0.0000000000,0.0000000000
0.0200000000,0.2266907191,0.2318063456,0.5571445955,-0.0505455427,-0.1063544873,-0.0552612275,0.2426612279,-0.2424379979,0.5294539359,0.0036484545,0.0317927582,-0.0056515946,0.0201329766,0.0000000000,0.5214482558,-0.0000000000,0.0872664626,-0.0000000000,1.0000000000,1.0000000000,0.0000000000,0.0000000000,0.0000000000,0.0000000000
0.0200000000,0.2266881877,0.2323254041,0.5565324620,-0.0492051427,-0.1030536931,-0.0538368031,0.2424930260,-0.2426764129,0.5293932153,0.0032521639,0.0320372208,-0.0061124937,0.0201329766,0.0000000000,0.5214482558,-0.0000000000,0.0872664626,-0.0000000000,1.0000000000,1.0000000000,0.0000000000,0.0000000000,0.0000000000,0.0000000000
0.0200000000,0.2266983883,0.2328602718,0.5558818640,-0.0478050497,-0.0995345690,-0.0523469393,0.2423042184,-0.2429401904,0.5293259121,0.0028142039,0.0323081276,-0.0066209983,0.0201329766,0.0000000000,0.5214482558,-0.0000000000,0.0872664626,-0.0000000000,1.0000000000,1.0000000000,0.0000000000,0.0000000000,0.0000000000,0.0000000000
0.0200000000,0.2267175168,0.2333964678,0.5552136740,-0.0463856157,-0.0959112012,-0.0508355532,0.2420969474,-0.2432202824,0.5292552639,0.0023519966,0.0325892754,-0.0071562063,0.0201329766,0.0000000000,0.5214482558,-0.0000000000,0.0872664626,-0.0000000000,1.0000000000,1.0000000000,0.0000000000,0.0000000000,0.0000000000,0.0000000000
0.0200000000,0.2267403545,0.2339181656,0.5545533435,-0.0449939152,-0.0923235351,-0.0493526981,0.2418759452,-0.2435042046,0.5291853836,0.0018887457,0.0328608500,-0.0076906881,0.0201329766,0.0000000000,0.5214482558,-0.0000000000,0.0872664626,-0.0000000000,1.0000000000,1.0000000000,0.0000000000,0.0000000000,0.0000000000,0.0000000000
0.0200000000,0.2267606431,0.2344171874,0.5539184234,-0.0436598198,-0.0888694811,-0.0479283394,0.2416444119,-0.2437819393,0.5291197593,0.0014435360,0.0331055492,-0.0082018454,0.0201329766,0.0000000000,0.5214482558,-0.0000000000,0.0872664626,-0.0000000000,1.0000000000,1.0000000000,0.0000000000,0.0000000000,0.0000000000,0.0000000000
0.0200000000,0.2267707537,0.2348946473,0.5533157238,-0.0423914210,-0.0855891349,-0.0465671303,0.2413998900,-0.2440480321,0.5290611852,0.0010292420,0.0333070598,-0.0086738541,0.0201329766,0.0000000000,0.5214482558,-0.0000000000,0.0872664626,-0.0000000000,1.0000000000,1.0000000000,0.0000000000,0.0000000000,0.0000000000,0.0000000000
0.0200000000,0.2267677206,0.2353628242,0.5527344210,-0.0411624586,-0.0824257491,-0.0452380202,0.2411399902,-0.2443050682,0.5290092275,0.0006417491,0.0334667941,-0.0091109289,0.0201329766,0.0000000000,0.5214482558,-0.0000000000,0.0872664626,-0.0000000000,1.0000000000,1.0000000000,0.0000000000,0.0000000000,0.0000000000,0.0000000000
0.0200000000,0.2267506300,0.2358318466,0.5521636401,-0.0399488535,-0.0793209747,-0.0439135069,0.2408598830,-0.2445568267,0.5289632057,0.0002757224,0.0335864141,-0.0095186143,0.0201329766,0.0000000000,0.5214482558,-0.0000000000,0.0872664626,-0.0000000000,1.0000000000,1.0000000000,0.0000000000,0.0000000000,0.0000000000,0.0000000000
0.0200000000,0.2267194069,0.2363050336,0.5516002685,-0.0387428107,-0.0762581304,-0.0425846033,0.2405581404,-0.2448039440,0.5289230085,-0.0000695350,0.0336661266,-0.0098974179,0.0201329766,0.0000000000,0.5214482558,-0.0000000000,0.0872664626,-0.0000000000,1.0000000000,1.0000000000,0.0000000000,0.0000000000,0.0000000000,0.0000000000
0.0200000000,0.2266753105,0.2367685235,0.5510616443,-0.0375791214,-0.0733311653,-0.0412906034,0.2402448872,-0.2450381251,0.5288899141,-0.0003822054,0.0337036351,-0.0102350180,0.0201329766,0.0000000000,0.5214482558,-0.0000000000,0.0872664626,-0.0000000000,1.0000000000,1.0000000000,0.0000000000,0.0000000000,0.0000000000,0.0000000000
0.0200000000,0.2266204452,0.2371925317,0.5505842878,-0.0365328757,-0.0707382410,-0.0401163650,0.2399411462,-0.2452423963,0.5288664779,-0.0006379291,0.0336939896,-0.0105065489,0.0201329766,0.0000000000,0.5214482558,-0.0000000000,0.0872664626,-0.0000000000,1.0000000000,1.0000000000,0.0000000000,0.0000000000,0.0000000000,0.0000000000
0.0200000000,0.2265588466,0.2375745442,0.5501672938,-0.0356051921,-0.0684738622,-0.0390664885,0.2396548219,-0.2454175851,0.5288509134,-0.0008425030,0.0336501011,-0.0107204892,0.0201329766,0.0000000000,0.5214482558,-0.0000000000,0.0872664626,-0.0000000000,1.0000000000,1.0000000000,0.0000000000,0.0000000000,0.0000000000,0.0000000000
0.0200000000,0.2264927732,0.2379270789,0.5497920681,-0.0347605100,-0.0664366480,-0.0381031255,0.2393807763,-0.2455726321,0.5288406617,-0.0010116663,0.0335834343,-0.0108950262,0.0201329766,0.0000000000,0.5214482558,-0.0000000000,0.0872664626,-0.0000000000,1.0000000000,1.0000000000,0.0000000000,0.0000000000,0.0000000000,0.0000000000
0.0200000000,0.2264233925,0.2382608295,0.5494435578,-0.0339694487,-0.0645446221,-0.0371944349,0.2391122927,-0.2457147835,0.5288340802,-0.0011569975,0.0334999835,-0.0110427395,0.0201329766,0.0000000000,0.5214482558,-0.0000000000,0.0872664626,-0.0000000000,1.0000000000,1.0000000000,0.0000000000,0.0000000000,0.0000000000,0.0000000000
0.0200000000,0.2263507906,0.2385784657,0.5491181167,-0.0332249149,-0.0627781319,-0.0363328295,0.2388464448,-0.2458458276,0.5288309319,-0.0012807542,0.0333997599,-0.0111656582,0.0201329766,0.0000000000,0.5214482558,-0.0000000000,0.0872664626,-0.0000000000,1.0000000000,1.0000000000,0.0000000000,0.0000000000,0.0000000000,0.0000000000
0.0200000000,0.2262753412,0.2388827481,0.5488118465,-0.0325194072,-0.0611160494,-0.0355100660,0.2385819469,-0.2459675784,0.5288307450,-0.0013858574,0.0332846607,-0.0112674062,0.0201329766,0.0000000000,0.5214482558,-0.0000000000,0.0872664626,-0.0000000000,1.0000000000,1.0000000000,0.0000000000,0.0000000000,0.0000000000,0.0000000000
0.0200000000,0.2261977969,0.2391826156,0.5485130082,-0.0318286835,-0.0594943504,-0.0346998356,0.2383154878,-0.2460853888,0.5288322181,-0.0014816317,0.0331605008,-0.0113585389,0.0201329766,0.0000000000,0.5214482558,-0.0000000000,0.0872664626,-0.0000000000,1.0000000000,1.0000000000,0.0000000000,0.0000000000,0.0000000000,0.0000000000
0.0200000000,0.2261167083,0.2394828928,0.5482170738,-0.0311420940,-0.0578888717,-0.0338896466,0.2380416638,-0.2462008452,0.5288356218,-0.0015686597,0.0330236779,-0.0114386277,0.0201329766,0.0000000000,0.5214482558,-0.0000000000,0.0872664626,-0.0000000000,1.0000000000,1.0000000000,0.0000000000,0.0000000000,0.0000000000,0.0000000000
0.0200000000,0.2260300995,0.2397856369,0.5479233715,-0.0304567303,-0.0562965724,-0.0330754864,0.2377557356,-0.2463137590,0.5288417489,-0.0016442330,0.0328681038,-0.0115033478,0.0201329766,0.0000000000,0.5214482558,-0.0000000000,0.0872664626,-0.0000000000,1.0000000000,1.0000000000,0.0000000000,0.0000000000,0.0000000000,0.0000000000
0.0200000000,0.2259382296,0.2400906576,0.5476318345,-0.0297726601,-0.0547170138,-0.0322576257,0.2374580973,-0.2464242776,0.5288505042,-0.0017087685,0.0326945710,-0.0115534719,0.0201329766,0.0000000000,0.5214482558,-0.0000000000,0.0872664626,-0.0000000000,1.0000000000,1.0000000000,0.0000000000,0.0000000000,0.0000000000,0.0000000000
0.0200000000,0.2258438641,0.2403949043,0.5473433685,-0.0290942289,-0.0531543258,-0.0314420170,0.2371536924,-0.2465327870,0.5288608913,-0.0017653248,0.0325103974,-0.0115943245,0.0201329766,0.0000000000,0.5214482558,-0.0000000000,0.0872664626,-0.0000000000,1.0000000000,1.0000000000,0.0000000000,0.0000000000,0.0000000000,0.0000000000
0.0200000000,0.2257497772,0.2406931755,0.5470612260,-0.0284308154,-0.0516253692,-0.0306411104,0.2368475223,-0.2466388159,0.5288721208,-0.0018156663,0.0323219698,-0.0116287970,0.0201329766,0.0000000000,0.5214482558,-0.0000000000,0.0872664626,-0.0000000000,1.0000000000,1.0000000000,0.0000000000,0.0000000000,0.0000000000,0.0000000000
0.0200000000,0.2256568531,0.2409811675,0.5467892662,-0.0277919928,-0.0501509554,-0.0298665191,0.2365405509,-0.2467411360,0.5288842353,-0.0018579468,0.0321294435,-0.0116547363,0.0201329766,0.0000000000,0.5214482558,-0.0000000000,0.0872664626,-0.0000000000,1.0000000000,1.0000000000,0.0000000000,0.0000000000,0.0000000000,0.0000000000
0.0200000000,0.2255651095,0.2412590266,0.5465272587,-0.0271773150,-0.0487299094,-0.0291179795,0.2362329165,-0.2468398439,0.5288971830,-0.0018924013,0.0319331516,-0.0116725072,0.0201329766,0.0000000000,0.5214482558,-0.0000000000,0.0872664626,-0.0000000000,1.0000000000,1.0000000000,0.0000000000,0.0000000000,0.0000000000,0.0000000000
0.0200000000,0.2254743125,0.2415306069,0.5462711103,-0.0265773739,-0.0473400671,-0.0283847627,0.2359244284,-0.2469364694,0.5289106393,-0.0019218478,0.0317347632,-0.0116857420,0.0201329766,0.0000000000,0.5214482558,-0.0000000000,0.0872664626,-0.0000000000,1.0000000000,1.0000000000,0.0000000000,0.0000000000,0.0000000000,0.0000000000
0.0200000000,0.2253848782,0.2417979742,0.5460175947,-0.0259861080,-0.0459637465,-0.0276602956,0.2356129972,-0.2470326295,0.5289242594,-0.0019484520,0.0315352917,-0.0116970892,0.0201329766,0.0000000000,0.5214482558,0.0000000000,0.0872664626,0.0000000000,1.0000000000,1.0000000000,0.0000000000,0.0000000000,0.0000000000,0.0000000000
0.0200000000,0.2252973758,0.2420604250,0.5457661708,-0.0254037698,-0.0445977444,-0.0269459095,0.2352958384,-0.2471291376,0.5289379664,-0.0019728460,0.0313343644,-0.0117063586,0.0201329766,0.0000000000,0.5214482558,0.0000000000,0.0872664626,0.0000000000,1.0000000000,1.0000000000,0.0000000000,0.0000000000,0.0000000000,0.0000000000
0.0200000000,0.2252121060,0.2423172155,0.5455169866,-0.0248314865,-0.0432427658,-0.0262433989,0.2349714025,-0.2472262303,0.5289517749,-0.0019948421,0.0311314474,-0.0117130468,0.0201329766,0.0000000000,0.5214482558,-0.0000000000,0.0872664626,-0.0000000000,1.0000000000,1.0000000000,0.0000000000,0.0000000000,0.0000000000,0.0000000000
0.0200000000,0.2251280915,0.2425714650,0.5452674853,-0.0242625257,-0.0418851367,-0.0255448340,0.2346382300,-0.2473246988,0.5289657627,-0.0020151582,0.0309256822,-0.0117180083,0.0201329766,0.0000000000,0.5214482558,-0.0000000000,0.0872664626,-0.0000000000,1.0000000000,1.0000000000,0.0000000000,0.0000000000,0.0000000000,0.0000000000
0.0200000000,0.2250418997,0.2428342735,0.5450066297,-0.0236714270,-0.0404653645,-0.0248207592,0.2342829342,-0.2474291707,0.5289802418,-0.0020365511,0.0307108988,-0.0117225818,0.0201329766,0.0000000000,0.5214482558,-0.0000000000,0.0872664626,-0.0000000000,1.0000000000,1.0000000000,0.0000000000,0.0000000000,0.0000000000,0.0000000000
0.0200000000,0.2249452149,0.2431337394,0.5447028440,-0.0229905648,-0.0388124812,-0.0239944268,0.2338561960,-0.2475548560,0.5289961644,-0.0020659251,0.0304654840,-0.0117278829,0.0201329766,0.0000000000,0.5214482558,-0.0000000000,0.0872664626,-0.0000000000,1.0000000000,1.0000000000,0.0000000000,0.0000000000,0.0000000000,0.0000000000
0.0200000000,0.2248343248,0.2434845672,0.5443372043,-0.0221818069,-0.0368231478,-0.0230237447,0.2333233605,-0.2477123726,0.5290140269,-0.0021071429,0.0301758825,-0.0117363152,0.0201329766,0.0000000000,0.5214482558,-0.0000000000,0.0872664626,-0.0000000000,1.0000000000,1.0000000000,0.0000000000,0.0000000000,0.0000000000,0.0000000000
0.0200000000,0.2247148271,0.2438745925,0.5439172329,-0.0212679291,-0.0345363182,-0.0219371861,0.2326875820,-0.2479013013,0.5290325611,-0.0021581247,0.0298499032,-0.0117547764,0.0201329766,0.0000000000,0.5214482558,-0.0000000000,0.0872664626,-0.0000000000,1.0000000000,1.0000000000,0.0000000000,0.0000000000,0.0000000000,0.0000000000
0.0200000000,0.2245995644,0.2442682103,0.5434758543,-0.0203275366,-0.0321286251,-0.0208270898,0.2319950848,-0.2481088170,0.5290488052,-0.0022132019,0.0295185352,-0.0117913680,0.0201329766,0.0000000000,0.5214482558,-0.0000000000,0.0872664626,-0.0000000000,1.0000000000,1.0000000000,0.0000000000,0.0000000000,0.0000000000,0.0000000000
0.0200000000,0.2245006036,0.2446264571,0.5430547550,-0.0194528121,-0.0298256840,-0.0197991772,0.2313142539,-0.2483152818,0.5290600784,-0.0022681185,0.0292201704,-0.0118468303,0.0201329766,0.0000000000,0.5214482558,-0.0000000000,0.0872664626,-0.0000000000,1.0000000000,1.0000000000,0.0000000000,0.0000000000,0.0000000000,0.0000000000
0.0200000000,0.2244273279,0.2449111397,0.5427014179,-0.0187412732,-0.0278863067,-0.0189625173,0.2307260353,-0.2484963988,0.5290650542,-0.0023195285,0.0289908802,-0.0119115383,0.0201329766,0.0000000000,0.5214482558,-0.0000000000,0.0872664626,-0.0000000000,1.0000000000,1.0000000000,0.0000000000,0.0000000000,0.0000000000,0.0000000000
0.0200000000,0.2243755419,0.2451256570,0.5424210165,-0.0181940242,-0.0263408971,-0.0183150026,0.2302436464,-0.2486468228,0.5290659330,-0.0023657886,0.0288232563,-0.0119745942,0.0201329766,0.0000000000,0.5214482558,-0.0000000000,0.0872664626,-0.0000000000,1.0000000000,1.0000000000,0.0000000000,0.0000000000,0.0000000000,0.0000000000
0.0200000000,0.2243375211,0.2452929340,0.5421912508,-0.0177589143,-0.0250694789,-0.0177965876,0.2298335469,-0.2487758272,0.5290645258,-0.0024071579,0.0286943423,-0.0120351151,0.0201329766,0.0000000000,0.5214482558,0.0000000000,0.0872664626,0.0000000000,1.0000000000,1.0000000000,0.0000000000,0.0000000000,0.0000000000,0.0000000000
0.0200000000,0.2243053258,0.2454403901,0.5419819882,-0.0173698350,-0.0239087666,-0.0173323646,0.2294499582,-0.2488969942,0.5290620885,-0.0024461921,0.0285813367,-0.0120961161,0.0201329766,0.0000000000,0.5214482558,-0.0000000000,0.0872664626,-0.0000000000,1.0000000000,1.0000000000,0.0000000000,0.0000000000,0.0000000000,0.0000000000
0.0200000000,0.2242757049,0.2455814002,0.5417758809,-0.0169920497,-0.0227642756,-0.0168840789,0.2290634734,-0.2490198342,0.5290584563,-0.0024871693,0.0284759479,-0.0121617079,0.0201329766,0.0000000000,0.5214482558,-0.0000000000,0.0872664626,-0.0000000000,1.0000000000,1.0000000000,0.0000000000,0.0000000000,0.0000000000,0.0000000000
0.0200000000,0.2242494172,0.2457167743,0.5415669379,-0.0166189386,-0.0216027492,-0.0164466610,0.2286569824,-0.2491508380,0.5290522606,-0.0025356163,0.0283811249,-0.0122371468,0.0201329766,0.0000000000,0.5214482558,-0.0000000000,0.0872664626,-0.0000000000,1.0000000000,1.0000000000,0.0000000000,0.0000000000,0.0000000000,0.0000000000
0.0200000000,0.2242263588,0.2458469854,0.5413547568,-0.0162494473,-0.0204219975,-0.0160187853,0.2282299078,-0.2492900978,0.5290436985,-0.0025914631,0.0282961243,-0.0123221727,0.0201329766,0.0000000000,0.5214482558,-0.0000000000,0.0872664626,-0.0000000000,1.0000000000,1.0000000000,0.0000000000,0.0000000000,0.0000000000,0.0000000000
0.0200000000,0.2242055392,0.2459743013,0.5411392175,-0.0158800724,-0.0192216338,-0.0155955948,0.2277850439,-0.2494358822,0.5290335690,-0.0026511030,0.0282168668,-0.0124153306,0.0201329766,0.0000000000,0.5214482558,-0.0000000000,0.0872664626,-0.0000000000,1.0000000000,1.0000000000,0.0000000000,0.0000000000,0.0000000000,0.0000000000
0.0200000000,0.2241858991,0.2461021433,0.5409163531,-0.0155022971,-0.0179800689,-0.0151676145,0.2273124893,-0.2495903918,0.5290220324,-0.0027111245,0.0281379333,-0.0125190762,0.0201329766,0.0000000000,0.5214482558,-0.0000000000,0.0872664626,0.0000000000,1.0000000000,1.0000000000,0.0000000000,0.0000000000,0.0000000000,0.0000000000
0.0200000000,0.2241671612,0.2462340371,0.5406765496,-0.0151024380,-0.0166442994,-0.0147219077,0.2267818025,-0.2497627488,0.5290078572,-0.0027708459,0.0280552041,-0.0126427522,0.0201329766,0.0000000000,0.5214482558,0.0000000000,0.0872664626,0.0000000000,1.0000000000,1.0000000000,0.0000000000,0.0000000000,0.0000000000,0.0000000000
0.0200000000,0.2241496006,0.2463733250,0.5404079934,-0.0146648735,-0.0151489127,-0.0142446756,0.2261547362,-0.2499649531,0.5289891100,-0.0028324911,0.0279682465,-0.0127980522,0.0201329766,0.0000000000,0.5214482558,-0.0000000000,0.0872664626,-0.0000000000,1.0000000000,1.0000000000,0.0000000000,0.0000000000,0.0000000000,0.0000000000
0.0200000000,0.2241326787,0.2465211320,0.5401088506,-0.0141863227,-0.0134837919,-0.0137323938,0.2254234818,-0.2501997468,0.5289660732,-0.0029024417,0.0278807742,-0.0129821981,0.0201329766,0.0000000000,0.5214482558,-0.0000000000,0.0872664626,-0.0000000000,1.0000000000,1.0000000000,0.0000000000,0.0000000000,0.0000000000,0.0000000000
0.0200000000,0.2241157063,0.2466793619,0.5397731970,-0.0136587758,-0.0116161841,-0.0131778771,0.2245584985,-0.2504763608,0.5289387598,-0.0029895078,0.0277942592,-0.0131952277,0.0201329766,0.0000000000,0.5214482558,-0.0000000000,0.0872664626,-0.0000000000,1.0000000000,1.0000000000,0.0000000000,0.0000000000,0.0000000000,0.0000000000
0.0200000000,0.2240987998,0.2468450016,0.5394044471,-0.0130897325,-0.0095645655,-0.0125897866,0.2235502575,-0.2507964393,0.5289083021,-0.0030934914,0.0277077283,-0.0134349684,0.0201329766,0.0000000000,0.5214482558,-0.0000000000,0.0872664626,-0.0000000000,1.0000000000,1.0000000000,0.0000000000,0.0000000000,0.0000000000,0.0000000000
0.0200000000,0.2240832364,0.2470058844,0.5390282156,-0.0125198095,-0.0074696220,-0.0120091754,0.2224545920,-0.2511395464,0.5288776188,-0.0031963474,0.0276196233,-0.0136905534,0.0201329766,0.0000000000,0.5214482558,0.0000000000,0.0872664626,0.0000000000,1.0000000000,1.0000000000,0.0000000000,0.0000000000,0.0000000000,0.0000000000
0.0200000000,0.2240700236,0.2471473616,0.5386793753,-0.0120016544,-0.0055233409,-0.0114883213,0.2213587448,-0.2514748226,0.5288496304,-0.0032707792,0.0275271140,-0.0139477919,0.0201329766,0.0000000000,0.5214482558,-0.0000000000,0.0872664626,-0.0000000000,1.0000000000,1.0000000000,0.0000000000,0.0000000000,0.0000000000,0.0000000000
0.0200000000,0.2240577388,0.2472708439,0.5383632314,-0.0115383021,-0.0037557513,-0.0110273438,0.2202925700,-0.2517926528,0.5288259443,-0.0033114628,0.0274257612,-0.0141997389,0.0201329766,0.0000000000,0.5214482558,-0.0000000000,0.0872664626,-0.0000000000,1.0000000000,1.0000000000,0.0000000000,0.0000000000,0.0000000000,0.0000000000
0.0200000000,0.2240453140,0.2473803226,0.5380761977,-0.0111208177,-0.0021476079,-0.0106156512,0.2192569767,-0.2520930083,0.5288069453,-0.0033189050,0.0273123501,-0.0144454524,0.0201329766,0.0000000000,0.5214482558,-0.0000000000,0.0872664626,-0.0000000000,1.0000000000,1.0000000000,0.0000000000,0.0000000000,0.0000000000,0.0000000000
0.0200000000,0.2240331223,0.2474755807,0.5378228981,-0.0107535060,-0.0007246244,-0.0102559588,0.2182891473,-0.2523658173,0.5287924931,-0.0032912692,0.0271901911,-0.0146813180,0.0201329766,0.0000000000,0.5214482558,-0.0000000000,0.0872664626,-0.0000000000,1.0000000000,1.0000000000,0.0000000000,0.0000000000,0.0000000000,0.0000000000
0.0200000000,0.2240225957,0.2475516789,0.5376182717,-0.0104567405,0.0004307751,-0.0099669440,0.2174671607,-0.2525893820,0.5287816830,-0.0032231253,0.0270678954,-0.0148995560,0.0201329766,0.0000000000,0.5214482558,-0.0000000000,0.0872664626,-0.0000000000,1.0000000000,1.0000000000,0.0000000000,0.0000000000,0.0000000000,0.0000000000
0.0200000000,0.2240145672,0.2476048292,0.5374733830,-0.0102460523,0.0012573391,-0.0097629826,0.2168483936,-0.2527482764,0.5287731269,-0.0031127641,0.0269524672,-0.0150934904,0.0201329766,0.0000000000,0.5214482558,-0.0000000000,0.0872664626,0.0000000000,1.0000000000,1.0000000000,0.0000000000,0.0000000000,0.0000000000,0.0000000000
0.0200000000,0.2240077311,0.2476446709,0.5373635579,-0.0100857831,0.0018905714,-0.0096089025,0.2163522775,-0.2528688259,0.5287656624,-0.0029802229,0.0268428075,-0.0152720210,0.0201329766,0.0000000000,0.5214482558,-0.0000000000,0.0872664626,-0.0000000000,1.0000000000,1.0000000000,0.0000000000,0.0000000000,0.0000000000,0.0000000000
0.0200000000,0.2240011276,0.2476794311,0.5372673332,-0.0099448867,0.0024485048,-0.0094744467,0.2159037312,-0.2529745929,0.5287587540,-0.0028400228,0.0267366890,-0.0154444012,0.0201329766,0.0000000000,0.5214482558,-0.0000000000,0.0872664626,-0.0000000000,1.0000000000,1.0000000000,0.0000000000,0.0000000000,0.0000000000,0.0000000000
0.0200000000,0.2239944980,0.2477131681,0.5371740156,-0.0098078461,0.0029900155,-0.0093444774,0.2154651642,-0.2530772418,0.5287522801,-0.0026988500,0.0266327055,-0.0156154416,0.0201329766,0.0000000000,0.5214482558,-0.0000000000,0.0872664626,-0.0000000000,1.0000000000,1.0000000000,0.0000000000,0.0000000000,0.0000000000,0.0000000000
0.0200000000,0.2239879113,0.2477463845,0.5370822883,-0.0096727130,0.0035223670,-0.0092170491,0.2150310705,-0.2531783586,0.5287463705,-0.0025572860,0.0265297659,-0.0157855181,0.0201329766,0.0000000000,0.5214482558,-0.0000000000,0.0872664626,-0.0000000000,1.0000000000,1.0000000000,0.0000000000,0.0000000000,0.0000000000,0.0000000000
0.0200000000,0.2239814454,0.2477778145,0.5369956864,-0.0095445203,0.0040260328,-0.0090970147,0.2146107443,-0.2532747618,0.5287414592,-0.0024129729,0.0264256563,-0.0159520538,0.0201329766,0.0000000000,0.5214482558,-0.0000000000,0.0872664626,-0.0000000000,1.0000000000,1.0000000000,0.0000000000,0.0000000000,0.0000000000,0.0000000000
0.0200000000,0.2239750708,0.2478065704,0.5369166915,-0.0094269010,0.0044873534,-0.0089877144,0.2142107663,-0.2533642549,0.5287378696,-0.0022645464,0.0263185485,-0.0161130076,0.0201329766,0.0000000000,0.5214482558,-0.0000000000,0.0872664626,-0.0000000000,1.0000000000,1.0000000000,0.0000000000,0.0000000000,0.0000000000,0.0000000000
0.0200000000,0.2239687189,0.2478328359,0.5368448024,-0.0093192053,0.0049090510,-0.0088884581,0.2138297615,-0.2534473299,0.5287354830,-0.0021124103,0.0262086685,-0.0162686780,0.0201329766,0.0000000000,0.5214482558,-0.0000000000,0.0872664626,-0.0000000000,1.0000000000,1.0000000000,0.0000000000,0.0000000000,0.0000000000,0.0000000000
0.0200000000,0.2239623364,0.2478577185,0.5367769116,-0.0092170488,0.0053082289,-0.0087949734,0.2134594487,-0.2535259178,0.5287334820,-0.0019516151,0.0260957188,-0.0164259548,0.0201329766,0.0000000000,0.5214482558,-0.0000000000,0.0872664626,-0.0000000000,1.0000000000,1.0000000000,0.0000000000,0.0000000000,0.0000000000,0.0000000000
0.0200000000,0.2239559311,0.2478821964,0.5367102513,-0.0091165013,0.0057001384,-0.0087034487,0.2130925179,-0.2535955764,0.5287284192,-0.0017297712,0.0259648367,-0.0166231877,0.0201329766,0.0000000000,0.5214482558,-0.0000000000,0.0872664626,-0.0000000000,1.0000000000,1.0000000000,0.0000000000,0.0000000000,0.0000000000,0.0000000000
0.0200000000,0.2239495394,0.2479066612,0.5366436998,-0.0090159568,0.0060909332,-0.0086123566,0.2127260985,-0.2536348798,0.5287101107,-0.0012723557,0.0257634983,-0.0169793578,0.0201329766,0.0000000000,0.5214482558,-0.0000000000,0.0872664626,-0.0000000000,1.0000000000,1.0000000000,0.0000000000,0.0000000000,0.0000000000,0.0000000000
0.0200000000,0.2239431320,0.2479312195,0.5365769266,-0.0089149843,0.0064825059,-0.0085212301,0.2123582255,-0.2536380660,0.5286758357,-0.0005302778,0.0254766876,-0.0175290680,0.0201329766,0.0000000000,0.5214482558,-0.0000000000,0.0872664626,-0.0000000000,1.0000000000,1.0000000000,0.0000000000,0.0000000000,0.0000000000,0.0000000000
0.0200000000,0.2239364943,0.2479561739,0.5365090102,-0.0088123955,0.0068799233,-0.0084289883,0.2119802072,-0.2536320880,0.5286372099,0.0003022857,0.0251617454,-0.0181424747,0.0201329766,0.0000000000,0.5214482558,0.0000000000,0.0872664626,0.0000000000,1.0000000000,1.0000000000,0.0000000000,0.0000000000,0.0000000000,0.0000000000
0.0200000000,0.2239291016,0.2479822712,0.5364376811,-0.0087052538,0.0072956474,-0.0083329786,0.2115708530,-0.2536567535,0.5286108859,0.0009549297,0.0248950139,-0.0186365042,0.0201329766,0.0000000000,0.5214482558,-0.0000000000,0.0872664626,-0.0000000000,1.0000000000,1.0000000000,0.0000000000,0.0000000000,0.0000000000,0.0000000000
0.0200000000,0.2239203256,0.2480104341,0.5363601309,-0.0085899042,0.0077451032,-0.0082299190,0.2111042108,-0.2537272711,0.5286022226,0.0013591454,0.0246897600,-0.0189638224,0.0201329766,0.0000000000,0.5214482558,-0.0000000000,0.0872664626,-0.0000000000,1.0000000000,1.0000000000,0.0000000000,0.0000000000,0.0000000000,0.0000000000
0.0200000000,0.2239099986,0.2480409786,0.5362753908,-0.0084650313,0.0082336246,-0.0081186877,0.2105715522,-0.2538309818,0.5286051262,0.0016308819,0.0245087176,-0.0192027087,0.0201329766,0.0000000000,0.5214482558,-0.0000000000,0.0872664626,-0.0000000000,1.0000000000,1.0000000000,0.0000000000,0.0000000000,0.0000000000,0.0000000000
0.0200000000,0.2238989389,0.2480727211,0.5361870413,-0.0083352705,0.0087416365,-0.0080034376,0.2100056619,-0.2539454976,0.5286116511,0.0018812413,0.0243272903,-0.0194283178,0.0201329766,0.0000000000,0.5214482558,-0.0000000000,0.0872664626,-0.0000000000,1.0000000000,1.0000000000,0.0000000000,0.0000000000,0.0000000000,0.0000000000
0.0200000000,0.2238878863,0.2481042896,0.5360991147,-0.0082061175,0.0092466499,-0.0078890764,0.2094392463,-0.2540600089,0.5286190969,0.0021302261,0.0241476397,-0.0196530532,0.0201329766,0.0000000000,0.5214482558,-0.0000000000,0.0872664626,-0.0000000000,1.0000000000,1.0000000000,0.0000000000,0.0000000000,0.0000000000,0.0000000000
0.0200000000,0.2238778607,0.2481330038,0.5360191644,-0.0080885350,0.0097056310,-0.0077852356,0.2089238455,-0.2541627230,0.5286259140,0.0023668712,0.0239829189,-0.0198650939,0.0201329766,0.0000000000,0.5214482558,-0.0000000000,0.0872664626,-0.0000000000,1.0000000000,1.0000000000,0.0000000000,0.0000000000,0.0000000000,0.0000000000
0.0200000000,0.2238704339,0.2481543323,0.5359598054,-0.0080011373,0.0100463100,-0.0077082002,0.2085412809,-0.2542365671,0.5286303646,0.0025604211,0.0238564112,-0.0200351622,0.0201329766,0.0000000000,0.5214482558,-0.0000000000,0.0872664626,-0.0000000000,1.0000000000,1.0000000000,0.0000000000,0.0000000000,0.0000000000,0.0000000000
0.0200000000,0.2238668407,0.2481646711,0.5359310407,-0.0079587528,0.0102113700,-0.0076708904,0.2083559497,-0.2542694480,0.5286314012,0.0026765407,0.0237889648,-0.0201329247,0.0201329766,0.0000000000,0.5214482558,-0.0000000000,0.0872664626,-0.0000000000,1.0000000000,1.0000000000,0.0000000000,0.0000000000,0.0000000000,0.0000000000
0.0200000000,0.2238656695,0.2481680446,0.5359216564,-0.0079449200,0.0102652152,-0.0076587219,0.2082955099,-0.2542780715,0.5286308579,0.0027307716,0.0237622876,-0.0201759636,0.0201329766,0.0000000000,0.5214482558,-0.0000000000,0.0872664626,-0.0000000000,1.0000000000,1.0000000000,0.0000000000,0.0000000000,0.0000000000,0.0000000000
0.0200000000,0.2238654631,0.2481686394,0.5359200017,-0.0079424804,0.0102747086,-0.0076565769,0.2082848656,-0.2542783510,0.5286302365,0.0027499840,0.0237548119,-0.0201901210,0.0201329766,0.0000000000,0.5214482558,-0.0000000000,0.0872664626,-0.0000000000,1.0000000000,1.0000000000,0.0000000000,0.0000000000,0.0000000000,0.0000000000
0.0200000000,0.2238654503,0.2481686765,0.5359198987,-0.0079423286,0.0102752996,-0.0076564434,0.2082842085,-0.2542778101,0.5286299636,0.0027555129,0.0237531077,-0.0201939564,0.0201329766,0.0000000000,0.5214482558,-0.0000000000,0.0872664626,-0.0000000000,1.0000000000,1.0000000000,0.0000000000,0.0000000000,0.0000000000,0.0000000000
0.0200000000,0.2238654503,0.2481686764,0.5359198989,-0.0079423289,0.0102752983,-0.0076564437,0.2082842119,-0.2542776266,0.5286298878,0.0027569294,0.0237527075,-0.0201949252,0.0201329766,0.0000000000,0.5214482558,-0.0000000000,0.0872664626,-0.0000000000,1.0000000000,1.0000000000,0.0000000000,0.0000000000,0.0000000000,0.0000000000
0.0200000000,0.2238654503,0.2481686764,0.5359198989,-0.0079423289,0.0102752983,-0.0076564437,0.2082842123,-0.2542775854,0.5286298712,0.0027572466,0.0237526193,-0.0201951433,0.0201329766,0.0000000000,0.5214482558,-0.0000000000,0.0872664626,-0.0000000000,1.0000000000,1.0000000000,0.0000000000,0.0000000000,0.0000000000,0.0000000000
0.0200000000,0.2238654503,0.2481686764,0.5359198989,-0.0079423289,0.0102752983,-0.0076564437,0.2082842124,-0.2542775736,0.5286298665,0.0027573373,0.0237525944,-0.0201952058,0.0201329766,0.0000000000,0.5214482558,-0.0000000000,0.0872664626,0.0000000000,1.0000000000,1.0000000000,0.0000000000,0.0000000000,0.0000000000,0.0000000000
0.0200000000,0.2238654503,0.2481686764,0.5359198989,-0.0079423289,0.0102752983,-0.0076564437,0.2082842125,-0.2542775703,0.5286298652,0.0027573626,0.0237525876,-0.0201952233,0.0201329766,0.0000000000,0.5214482558,-0.0000000000,0.0872664626,-0.0000000000,1.0000000000,1.0000000000,0.0000000000,0.0000000000,0.0000000000,0.0000000000
0.0200000000,0.2238654503,0.2481686764,0.5359198989,-0.0079423289,0.0102752983,-0.0076564437,0.2082842125,-0.2542775693,0.5286298648,0.0027573695,0.0237525857,-0.0201952281,0.0201329766,0.0000000000,0.5214482558,-0.0000000000,0.0872664626,-0.0000000000,1.0000000000,1.0000000000,0.0000000000,0.0000000000,0.0000000000,0.0000000000
0.0200000000,0.2238654503,0.2481686764,0.5359198989,-0.0079423289,0.0102752983,-0.0076564437,0.2082842125,-0.2542775691,0.5286298648,0.0027573712,0.0237525853,-0.0201952293,0.0201329766,0.0000000000,0.5214482558,-0.0000000000,0.0872664626,-0.0000000000,1.0000000000,1.0000000000,0.0000000000,0.0000000000,0.0000000000,0.0000000000
0.0200000000,0.2238654503,0.2481686764,0.5359198989,-0.0079423289,0.0102752983,-0.0076564437,0.2082842125,-0.2542775691,0.5286298647,0.0027573716,0.0237525852,-0.0201952296,0.0201329766,0.0000000000,0.5214482558,-0.0000000000,0.0872664626,-0.0000000000,1.0000000000,1.0000000000,0.0000000000,0.0000000000,0.0000000000,0.0000000000
0.0200000000,0.2238654503,0.2481686764,0.5359198989,-0.0079423289,0.0102752983,-0.0076564437,0.2082842125,-0.2542775690,0.5286298647,0.0027573717,0.0237525852,-0.0201952297,0.0201329766,0.0000000000,0.5214482558,-0.0000000000,0.0872664626,-0.0000000000,1.0000000000,1.0000000000,0.0000000000,0.0000000000,0.0000000000,0.0000000000
0.0200000000,0.2238654503,0.2481686764,0.5359198989,-0.0079423289,0.0102752983,-0.0076564437,0.2082842125,-0.2542775690,0.5286298647,0.0027573718,0.0237525851,-0.0201952297,0.0201329766,0.0000000000,0.5214482558,-0.0000000000,0.0872664626,-0.0000000000,1.0000000000,1.0000000000,0.0000000000,0.0000000000,0.0000000000,0.0000000000
0.0200000000,0.2238654503,0.2481686764,0.5359198989,-0.0079423289,0.0102752983,-0.0076564437,0.2082842125,-0.2542775690,0.5286298647,0.0027573718,0.0237525851,-0.0201952297,0.0201329766,0.0000000000,0.5214482558,-0.0000000000,0.0872664626,-0.0000000000,1.0000000000,1.0000000000,0.0000000000,0.0000000000,0.0000000000,0.0000000000
0.0200000000,0.2238654503,0.2481686764,0.5359198989,-0.0079423289,0.0102752983,-0.0076564437,0.2082842125,-0.2542775690,0.5286298647,0.0027573718,0.0237525851,-0.0201952297,0.0201329766,0.0000000000,0.5214482558,-0.0000000000,0.0872664626,-0.0000000000,1.0000000000,1.0000000000,0.0000000000,0.0000000000,0.0000000000,0.0000000000
0.0200000000,0.2238654503,0.2481686764,0.5359198989,-0.0079423289,0.0102752983,-0.0076564437,0.2082842125,-0.2542775690,0.5286298647,0.0027573718,0.0237525851,-0.0201952297,0.0201329766,0.0000000000,0.5214482558,-0.0000000000,0.0872664626,-0.0000000000,1.0000000000,1.0000000000,0.0000000000,0.0000000000,0.0000000000,0.0000000000
0.0200000000,0.2238654503,0.2481686764,0.5359198989,-0.0079423289,0.0102752983,-0.0076564437,0.2082842125,-0.2542775690,0.5286298647,0.0027573718,0.0237525851,-0.0201952297,0.0201329766,0.0000000000,0.5214482558,-0.0000000000,0.0872664626,-0.0000000000,1.0000000000,1.0000000000,0.0000000000,0.0000000000,0.0000000000,0.0000000000
0.0200000000,0.2238654503,0.2481686764,0.5359198989,-0.0079423289,0.0102752983,-0.0076564437,0.2082842125,-0.2542775690,0.5286298647,0.0027573718,0.0237525851,-0.0201952297,0.0201329766,0.0000000000,0.5214482558,-0.0000000000,0.0872664626,-0.0000000000,1.0000000000,1.0000000000,0.0000000000,0.0000000000,0.0000000000,0.0000000000
0.0200000000,0.2238654503,0.2481686764,0.5359198989,-0.0079423289,0.0102752983,-0.0076564437,0.2082842125,-0.2542775690,0.5286298647,0.0027573718,0.0237525851,-0.0201952297,0.0201329766,0.0000000000,0.5214482558,-0.0000000000,0.0872664626,0.0000000000,1.0000000000,1.0000000000,0.0000000000,0.0000000000,0.0000000000,0.0000000000
0.0200000000,0.2238654503,0.2481686764,0.5359198989,-0.0079423289,0.0102752983,-0.0076564437,0.2082842125,-0.2542775690,0.5286298647,0.0027573718,0.0237525851,-0.0201952297,0.0201329766,0.0000000000,0.5214482558,-0.0000000000,0.0872664626,-0.0000000000,1.0000000000,1.0000000000,0.0000000000,0.0000000000,0.0000000000,0.0000000000
0.0200000000,0.2238654503,0.2481686764,0.5359198989,-0.0079423289,0.0102752983,-0.0076564437,0.2082842125,-0.2542775690,0.5286298647,0.0027573718,0.0237525851,-0.0201952297,0.0201329766,0.0000000000,0.5214482558,-0.0000000000,0.0872664626,-0.0000000000,1.0000000000,1.0000000000,0.0000000000,0.0000000000,0.0000000000,0.0000000000
0.0200000000,0.2238654503,0.2481686764,0.5359198989,-0.0079423289,0.0102752983,-0.0076564437,0.2082842125,-0.2542775690,0.5286298647,0.0027573718,0.0237525851,-0.0201952297,0.0201329766,0.0000000000,0.5214482558,-0.0000000000,0.0872664626,-0.0000000000,1.0000000000,1.0000000000,0.0000000000,0.0000000000,0.0000000000,0.0000000000
0.0200000000,0.2238654503,0.2481686764,0.5359198989,-0.0079423289,0.0102752983,-0.0076564437,0.2082842125,-0.2542775690,0.5286298647,0.0027573718,0.0237525851,-0.0201952297,0.0201329766,0.0000000000,0.5214482558,0.0000000000,0.0872664626,0.0000000000,1.0000000000,1.0000000000,0.0000000000,0.0000000000,0.0000000000,0.0000000000
0.0200000000,0.2238654503,0.2481686764,0.5359198989,-0.0079423289,0.0102752983,-0.0076564437,0.2082842125,-0.2542775690,0.5286298647,0.0027573718,0.0237525851,-0.0201952297,0.0201329766,0.0000000000,0.5214482558,-0.0000000000,0.0872664626,-0.0000000000,1.0000000000,1.0000000000,0.0000000000,0.0000000000,0.0000000000,0.0000000000
0.0200000000,0.2238654503,0.2481686764,0.5359198989,-0.0079423289,0.0102752983,-0.0076564437,0.2082842125,-0.2542775690,0.5286298647,0.0027573718,0.0237525851,-0.0201952297,0.0201329766,0.0000000000,0.5214482558,-0.0000000000,0.0872664626,-0.0000000000,1.0000000000,1.0000000000,0.0000000000,0.0000000000,0.0000000000,0.0000000000
0.0200000000,0.2238654503,0.2481686764,0.5359198989,-0.0079423289,0.0102752983,-0.0076564437,0.2082842125,-0.2542775690,0.5286298647,0.0027573718,0.0237525851,-0.0201952297,0.0201329766,0.0000000000,0.5214482558,-0.0000000000,0.0872664626,-0.0000000000,1.0000000000,1.0000000000,0.0000000000,0.0000000000,0.0000000000,0.0000000000
0.0200000000,0.2238654503,0.2481686764,0.5359198989,-0.0079423289,0.0102752983,-0.0076564437,0.2082842125,-0.2542775690,0.5286298647,0.0027573718,0.0237525851,-0.0201952297,0.0201329766,0.0000000000,0.5214482558,0.0000000000,0.0872664626,0.0000000000,1.0000000000,1.0000000000,0.0000000000,0.0000000000,0.0000000000,0.0000000000
0.0200000000,0.2238654503,0.2481686764,0.5359198989,-0.0079423289,0.0102752983,-0.0076564437,0.2082842125,-0.2542775690,0.5286298647,0.0027573718,0.0237525851,-0.0201952297,0.0201329766,0.0000000000,0.5214482558,-0.0000000000,0.0872664626,-0.0000000000,1.0000000000,1.0000000000,0.0000000000,0.0000000000,0.0000000000,0.0000000000
0.0200000000,0.2238654503,0.2481686764,0.5359198989,-0.0079423289,0.0102752983,-0.0076564437,0.2082842125,-0.2542775690,0.5286298647,0.0027573718,0.0237525851,-0.0201952297,0.0201329766,0.0000000000,0.5214482558,-0.0000000000,0.0872664626,-0.0000000000,1.0000000000,1.0000000000,0.0000000000,0.0000000000,0.0000000000,0.0000000000
0.0200000000,0.2238654503,0.2481686764,0.5359198989,-0.0079423289,0.0102752983,-0.0076564437,0.2082842125,-0.2542775690,0.5286298647,0.0027573718,0.0237525851,-0.0201952297,0.0201329766,0.0000000000,0.5214482558,-0.0000000000,0.0872664626,-0.0000000000,1.0000000000,1.0000000000,0.0000000000,0.0000000000,0.0000000000,0.0000000000
0.0200000000,0.2238654503,0.2481686764,0.5359198989,-0.0079423289,0.0102752983,-0.0076564437,0.2082842125,-0.2542775690,0.5286298647,0.0027573718,0.0237525851,-0.0201952297,0.0201329766,0.0000000000,0.5214482558,-0.0000000000,0.0872664626,-0.0000000000,1.0000000000,1.0000000000,0.0000000000,0.0000000000,0.0000000000,0.0000000000
0.0200000000,0.2238654503,0.2481686764,0.5359198989,-0.0079423289,0.0102752983,-0.0076564437,0.2082842125,-0.2542775690,0.5286298647,0.0027573718,0.0237525851,-0.0201952297,0.0201329766,0.0000000000,0.5214482558,-0.0000000000,0.0872664626,-0.0000000000,1.0000000000,1.0000000000,0.0000000000,0.0000000000,0.0000000000,0.0000000000
0.0200000000,0.2238654503,0.2481686764,0.5359198989,-0.0079423289,0.0102752983,-0.0076564437,0.2082842125,-0.2542775690,0.5286298647,0.0027573718,0.0237525851,-0.0201952297,0.0201329766,0.0000000000,0.5214482558,-0.0000000000,0.0872664626,-0.0000000000,1.0000000000,1.0000000000,0.0000000000,0.0000000000,0.0000000000,0.0000000000
0.0200000000,0.2238654503,0.2481686764,0.5359198989,-0.0079423289,0.0102752983,-0.0076564437,0.2082842125,-0.2542775690,0.5286298647,0.0027573718,0.0237525851,-0.0201952297,0.0201329766,0.0000000000,0.5214482558,-0.0000000000,0.0872664626,-0.0000000000,1.0000000000,1.0000000000,0.0000000000,0.0000000000,0.0000000000,0.0000000000
0.0200000000,0.2238654503,0.2481686764,0.5359198989,-0.0079423289,0.0102752983,-0.0076564437,0.2082842125,-0.2542775690,0.5286298647,0.0027573718,0.0237525851,-0.0201952297,0.0201329766,0.0000000000,0.5214482558,-0.0000000000,0.0872664626,-0.0000000000,1.0000000000,1.0000000000,0.0000000000,0.0000000000,0.0000000000,0.0000000000
0.0200000000,0.2238654503,0.2481686764,0.5359198989,-0.0079423289,0.0102752983,-0.0076564437,0.2082842125,-0.2542775690,0.5286298647,0.0027573718,0.0237525851,-0.0201952297,0.0201329766,0.0000000000,0.5214482558,-0.0000000000,0.0872664626,0.0000000000,1.0000000000,1.0000000000,0.0000000000,0.0000000000,0.0000000000,0.0000000000
0.0200000000,0.2238654503,0.2481686764,0.5359198989,-0.0079423289,0.0102752983,-0.0076564437,0.2082842125,-0.2542775690,0.5286298647,0.0027573718,0.0237525851,-0.0201952297,0.0201329766,0.0000000000,0.5214482558,-0.0000000000,0.0872664626,-0.0000000000,1.0000000000,1.0000000000,0.0000000000,0.0000000000,0.0000000000,0.0000000000
0.0200000000,0.2238654503,0.2481686764,0.5359198989,-0.0079423289,0.0102752983,-0.0076564437,0.2082842125,-0.2542775690,0.5286298647,0.0027573718,0.0237525851,-0.0201952297,0.0201329766,0.0000000000,0.5214482558,-0.0000000000,0.0872664626,-0.0000000000,1.0000000000,1.0000000000,0.0000000000,0.0000000000,0.0000000000,0.0000000000
0.0200000000,0.2238654503,0.2481686764,0.5359198989,-0.0079423289,0.0102752983,-0.0076564437,0.2082842125,-0.2542775690,0.5286298647,0.0027573718,0.0237525851,-0.0201952297,0.0201329766,0.0000000000,0.5214482558,0.0000000000,0.0872664626,0.0000000000,1.0000000000,1.0000000000,0.0000000000,0.0000000000,0.0000000000,0.0000000000
0.0200000000,0.2238654503,0.2481686764,0.5359198989,-0.0079423289,0.0102752983,-0.0076564437,0.2082842125,-0.2542775690,0.5286298647,0.0027573718,0.0237525851,-0.0201952297,0.0201329766,0.0000000000,0.5214482558,-0.0000000000,0.0872664626,-0.0000000000,1.0000000000,1.0000000000,0.0000000000,0.0000000000,0.0000000000,0.0000000000
0.0200000000,0.2238654503,0.2481686764,0.5359198989,-0.0079423289,0.0102752983,-0.0076564437,0.2082842125,-0.2542775690,0.5286298647,0.0027573718,0.0237525851,-0.0201952297,0.0201329766,0.0000000000,0.5214482558,-0.0000000000,0.0872664626,-0.0000000000,1.0000000000,1.0000000000,0.0000000000,0.0000000000,0.0000000000,0.0000000000
0.0200000000,0.2238654503,0.2481686764,0.5359198989,-0.0079423289,0.0102752983,-0.0076564437,0.2082842125,-0.2542775690,0.5286298647,0.0027573718,0.0237525851,-0.0201952297,0.0201329766,0.0000000000,0.5214482558,-0.0000000000,0.0872664626,-0.0000000000,1.0000000000,1.0000000000,0.0000000000,0.0000000000,0.0000000000,0.0000000000
0.0200000000,0.2238654503,0.2481686764,0.5359198989,-0.0079423289,0.0102752983,-0.0076564437,0.2082842125,-0.2542775690,0.5286298647,0.0027573718,0.0237525851,-0.0201952297,0.0201329766,0.0000000000,0.5214482558,-0.0000000000,0.0872664626,-0.0000000000,1.0000000000,1.0000000000,0.0000000000,0.0000000000,0.0000000000,0.0000000000
0.0200000000,0.2238654503,0.2481686764,0.5359198989,-0.0079423289,0.0102752983,-0.0076564437,0.2082842125,-0.2542775690,0.5286298647,0.0027573718,0.0237525851,-0.0201952297,0.0201329766,0.0000000000,0.5214482558,-0.0000000000,0.0872664626,-0.0000000000,1.0000000000,1.0000000000,0.0000000000,0.0000000000,0.0000000000,0.0000000000
0.0200000000,0.2238654503,0.2481686764,0.5359198989,-0.0079423289,0.0102752983,-0.0076564437,0.2082842125,-0.2542775690,0.5286298647,0.0027573718,0.0237525851,-0.0201952297,0.0201329766,0.0000000000,0.5214482558,-0.0000000000,0.0872664626,-0.0000000000,1.0000000000,1.0000000000,0.0000000000,0.0000000000,0.0000000000,0.0000000000
0.0200000000,0.2238654503,0.2481686764,0.5359198989,-0.0079423289,0.0102752983,-0.0076564437,0.2082842125,-0.2542775690,0.5286298647,0.0027573718,0.0237525851,-0.0201952297,0.0201329766,0.0000000000,0.5214482558,0.0000000000,0.0872664626,0.0000000000,1.0000000000,1.0000000000,0.0000000000,0.0000000000,0.0000000000,0.0000000000
0.0200000000,0.2238654503,0.2481686764,0.5359198989,-0.0079423289,0.0102752983,-0.0076564437,0.2082842125,-0.2542775690,0.5286298647,0.0027573718,0.0237525851,-0.0201952297,0.0201329766,0.0000000000,0.5214482558,-0.0000000000,0.0872664626,0.0000000000,1.0000000000,1.0000000000,0.0000000000,0.0000000000,0.0000000000,0.0000000000
0.0200000000,0.2238654503,0.2481686764,0.5359198989,-0.0079423289,0.0102752983,-0.0076564437,0.2082842125,-0.2542775690,0.5286298647,0.0027573718,0.0237525851,-0.0201952297,0.0201329766,0.0000000000,0.5214482558,-0.0000000000,0.0872664626,-0.0000000000,1.0000000000,1.0000000000,0.0000000000,0.0000000000,0.0000000000,0.0000000000
0.0200000000,0.2238654503,0.2481686764,0.5359198989,-0.0079423289,0.0102752983,-0.0076564437,0.2082842125,-0.2542775690,0.5286298647,0.0027573718,0.0237525851,-0.0201952297,0.0201329766,0.0000000000,0.5214482558,-0.0000000000,0.0872664626,-0.0000000000,1.0000000000,1.0000000000,0.0000000000,0.0000000000,0.0000000000,0.0000000000
0.0193541313,0.2238654503,0.2481686764,0.5359198989,-0.0079423289,0.0102752983,-0.0076564437,0.2082842125,-0.2542775690,0.5286298647,0.0027573718,0.0237525851,-0.0201952297,0.0201329766,0.0000000000,0.5214482558,-0.0000000000,0.0872664626,-0.0000000000,1.0000000000,1.0000000000,0.0000000000,0.0000000000,0.0000000000,0.0000000000
