# 24 columns: send_time_s, waist_q x4, arm_q_l x7, arm_q_r x7, cap_l, cap_r, head_q x2, post_segment_delay_s
# SDK cap convention: 0=closed, 1=open. First row is an unvalidated transition from live state.
5.0000000000,-0.6500000000,1.3000000000,-0.1264012244,0.0000000000,2.4053556437,3.0121935444,2.8710233053,1.4748032177,-0.9340207954,-1.2422939872,-1.0819593317,2.6590586825,-3.1328660067,-2.8491866733,0.9311147821,0.0160995023,-0.9679533313,-0.6065221754,1.0000000000,1.0000000000,0.0000000000,0.0000000000,0.0000000000
0.0200000000,-0.6500000000,1.3000000000,-0.1264012244,0.0000000000,2.4053556437,3.0121935444,2.8710233053,1.4748032177,-0.9340207954,-1.2422939872,-1.0819593317,2.6590586825,-3.1328660067,-2.8491866733,0.9311147821,0.0160995023,-0.9679533313,-0.6065221754,1.0000000000,1.0000000000,0.0000000000,0.0000000000,0.0000000000
0.0200000000,-0.6500000000,1.3000000000,-0.1264012244,0.0000000000,2.4053556437,3.0121935444,2.8710233053,1.4748032177,-0.9340207954,-1.2422939872,-1.0819593317,2.6590586825,-3.1328660067,-2.8491866733,0.9311147821,0.0160995023,-0.9679533313,-0.6065221754,1.0000000000,1.0000000000,0.0000000000,0.0000000000,0.0000000000
0.0200000000,-0.6500000000,1.3000000000,-0.1264012244,0.0000000000,2.4053556437,3.0121935444,2.8710233053,1.4748032177,-0.9340207954,-1.2422939872,-1.0819593317,2.6590586825,-3.1328660067,-2.8491866733,0.9311147821,0.0160995023,-0.9679533313,-0.6065221754,1.0000000000,1.0000000000,0.0000000000,0.0000000000,0.0000000000
0.0200000000,-0.6500000000,1.3000000000,-0.1264012244,0.0000000000,2.4053556437,3.0121935444,2.8710233053,1.4748032177,-0.9340207954,-1.2422939872,-1.0819593317,2.6590586825,-3.1328660067,-2.8491866733,0.9311147821,0.0160995023,-0.9679533313,-0.6065221754,1.0000000000,1.0000000000,0.0000000000,0.0000000000,0.0000000000
0.0200000000,-0.6500000000,1.3000000000,-0.1264012244,0.0000000000,2.4053556437,3.0121935444,2.8710233053,1.4748032177,-0.9340207954,-1.2422939872,-1.0819593317,2.6590586825,-3.1328660067,-2.8491866733,0.9311147821,0.0160995023,-0.9679533313,-0.6065221754,1.0000000000,1.0000000000,0.0000000000,0.0000000000,0.0000000000
0.0200000000,-0.6500000000,1.3000000000,-0.1264012244,0.0000000000,2.4053556437,3.0121935444,2.8710233053,1.4748032177,-0.9340207954,-1.2422939872,-1.0819593317,2.6590586825,-3.1328660067,-2.8491866733,0.9311147821,0.0160995023,-0.9679533313,-0.6065221754,1.0000000000,1.0000000000,0.0000000000,0.0000000000,0.0000000000
0.0200000000,-0.6500000000,1.3000000000,-0.1264012244,0.0000000000,2.4053556437,3.0121935444,2.8710233053,1.4748032177,-0.9340207954,-1.2422939872,-1.0819593317,2.6590586825,-3.1328660067,-2.8491866733,0.9311147821,0.0160995023,-0.9679533313,-0.6065221754,1.0000000000,1.0000000000,0.0000000000,0.0000000000,0.0000000000
0.0200000000,-0.6500000000,1.3000000000,-0.1264012244,0.0000000000,2.4053556437,3.0121935444,2.8710233053,1.4748032177,-0.9340207954,-1.2422939872,-1.0819593317,2.6590586825,-3.1328660067,-2.8491866733,0.9311147821,0.0160995023,-0.9679533313,-0.6065221754,1.0000000000,1.0000000000,0.0000000000,0.0000000000,0.0000000000
0.0200000000,-0.6500000000,1.3000000000,-0.1264012244,0.0000000000,2.4053556437,3.0121935444,2.8710233053,1.4748032177,-0.9340207954,-1.2422939872,-1.0819593317,2.6590586825,-3.1328660067,-2.8491866733,0.9311147821,0.0160995023,-0.9679533313,-0.6065221754,1.0000000000,1.0000000000,0.0000000000,0.0000000000,0.0000000000
0.0200000000,-0.6500000000,1.3000000000,-0.1264012244,0.0000000000,2.4053556437,3.0121935444,2.8710233053,1.4748032177,-0.9340207954,-1.2422939872,-1.0819593317,2.6590586825,-3.1328660067,-2.8491866733,0.9311147821,0.0160995023,-0.9679533313,-0.6065221754,1.0000000000,1.0000000000,0.0000000000,0.0000000000,0.0000000000
0.0200000000,-0.6500000000,1.3000000000,-0.1264012244,0.0000000000,2.4053556437,3.0121935444,2.8710233053,1.4748032177,-0.9340207954,-1.2422939872,-1.0819593317,2.6590586825,-3.1328660067,-2.8491866733,0.9311147821,0.0160995023,-0.9679533313,-0.6065221754,1.0000000000,1.0000000000,0.0000000000,0.0000000000,0.0000000000
0.0200000000,-0.6500000000,1.3000000000,-0.1264012244,0.0000000000,2.4053556437,3.0121935444,2.8710233053,1.4748032177,-0.9340207954,-1.2422939872,-1.0819593317,2.6590586825,-3.1328660067,-2.8491866733,0.9311147821,0.0160995023,-0.9679533313,-0.6065221754,1.0000000000,1.0000000000,0.0000000000,0.0000000000,0.0000000000
0.0200000000,-0.6500000000,1.3000000000,-0.1264012244,0.0000000000,2.4053556437,3.0121935444,2.8710233053,1.4748032177,-0.9340207954,-1.2422939872,-1.0819593317,2.6590586825,-3.1328660067,-2.8491866733,0.9311147821,0.0160995023,-0.9679533313,-0.6065221754,1.0000000000,1.0000000000,0.0000000000,0.0000000000,0.0000000000
0.0200000000,-0.6500000000,1.3000000000,-0.1264012244,0.0000000000,2.4053556437,3.0121935444,2.8710233053,1.4748032177,-0.9340207954,-1.2422939872,-1.0819593317,2.6590586825,-3.1328660067,-2.8491866733,0.9311147821,0.0160995023,-0.9679533313,-0.6065221754,1.0000000000,1.0000000000,0.0000000000,0.0000000000,0.0000000000
0.0200000000,-0.6500000000,1.3000000000,-0.1264012244,0.0000000000,2.4053556437,3.0121935444,2.8710233053,1.4748032177,-0.9340207954,-1.2422939872,-1.0819593317,2.6590586825,-3.1328660067,-2.8491866733,0.9311147821,0.0160995023,-0.9679533313,-0.6065221754,1.0000000000,1.0000000000,0.0000000000,0.0000000000,0.0000000000
0.0200000000,-0.6500000000,1.3000000000,-0.1264012244,0.0000000000,2.4053556437,3.0121935444,2.8710233053,1.4748032177,-0.9340207954,-1.2422939872,-1.0819593317,2.6590586825,-3.1328660067,-2.8491866733,0.9311147821,0.0160995023,-0.9679533313,-0.6065221754,1.0000000000,1.0000000000,0.0000000000,0.0000000000,0.0000000000
0.0200000000,-0.6500000000,1.3000000000,-0.1264012244,0.0000000000,2.4053556437,3.0121935444,2.8710233053,1.4748032177,-0.9340207954,-1.2422939872,-1.0819593317,2.6590586825,-3.1328660067,-2.8491866733,0.9311147821,0.0160995023,-0.9679533313,-0.6065221754,1.0000000000,1.0000000000,0.0000000000,0.0000000000,0.0000000000
0.0200000000,-0.6500000000,1.3000000000,-0.1264012244,0.0000000000,2.4053556437,3.0121935444,2.8710233053,1.4748032177,-0.9340207954,-1.2422939872,-1.0819593317,2.6590586825,-3.1328660067,-2.8491866733,0.9311147821,0.0160995023,-0.9679533313,-0.6065221754,1.0000000000,1.0000000000,0.0000000000,0.0000000000,0.0000000000
0.0200000000,-0.6500000000,1.3000000000,-0.1264012244,0.0000000000,2.4053556437,3.0121935444,2.8710233053,1.4748032177,-0.9340207954,-1.2422939872,-1.0819593317,2.6590586825,-3.1328660067,-2.8491866733,0.9311147821,0.0160995023,-0.9679533313,-0.6065221754,1.0000000000,1.0000000000,0.0000000000,0.0000000000,0.0000000000
0.0200000000,-0.6500000000,1.3000000000,-0.1264012244,0.0000000000,2.4053556437,3.0121935444,2.8710233053,1.4748032177,-0.9340207954,-1.2422939872,-1.0819593317,2.6590586825,-3.1328660067,-2.8491866733,0.9311147821,0.0160995023,-0.9679533313,-0.6065221754,1.0000000000,1.0000000000,0.0000000000,0.0000000000,0.0000000000
0.0200000000,-0.6500000000,1.3000000000,-0.1264012244,0.0000000000,2.4053556437,3.0121935444,2.8710233053,1.4748032177,-0.9340207954,-1.2422939872,-1.0819593317,2.6590586825,-3.1328660067,-2.8491866733,0.9311147821,0.0160995023,-0.9679533313,-0.6065221754,1.0000000000,1.0000000000,0.0000000000,0.0000000000,0.0000000000
0.0200000000,-0.6500000000,1.3000000000,-0.1264012244,0.0000000000,2.4053556437,3.0121935444,2.8710233053,1.4748032177,-0.9340207954,-1.2422939872,-1.0819593317,2.6590586825,-3.1328660067,-2.8491866733,0.9311147821,0.0160995023,-0.9679533313,-0.6065221754,1.0000000000,1.0000000000,0.0000000000,0.0000000000,0.0000000000
0.0200000000,-0.6500000000,1.3000000000,-0.1264012244,0.0000000000,2.4053556437,3.0121935444,2.8710233053,1.4748032177,-0.9340207954,-1.2422939872,-1.0819593317,2.6590586825,-3.1328660067,-2.8491866733,0.9311147821,0.0160995023,-0.9679533313,-0.6065221754,1.0000000000,1.0000000000,0.0000000000,0.0000000000,0.0000000000
0.0200000000,-0.6500000000,1.3000000000,-0.1264012244,0.0000000000,2.4053556437,3.0121935444,2.8710233053,1.4748032177,-0.9340207954,-1.2422939872,-1.0819593317,2.6590586825,-3.1328660067,-2.8491866733,0.9311147821,0.0160995023,-0.9679533313,-0.6065221754,1.0000000000,1.0000000000,0.0000000000,0.0000000000,0.0000000000
0.0200000000,-0.6500000000,1.3000000000,-0.1264012244,0.0000000000,2.4053556437,3.0121935444,2.8710233053,1.4748032177,-0.9340207954,-1.2422939872,-1.0819593317,2.6590586825,-3.1328660067,-2.8491866733,0.9311147821,0.0160995023,-0.9679533313,-0.6065221754,1.0000000000,1.0000000000,0.0000000000,0.0000000000,0.0000000000
0.0200000000,-0.6500000000,1.3000000000,-0.1264012244,0.0000000000,2.4053556437,3.0121935444,2.8710233053,1.4748032177,-0.9340207954,-1.2422939872,-1.0819593317,2.6590586825,-3.1328660067,-2.8491866733,0.9311147821,0.0160995023,-0.9679533313,-0.6065221754,1.0000000000,1.0000000000,0.0000000000,0.0000000000,0.0000000000
0.0200000000,-0.6500000000,1.3000000000,-0.1264012244,0.0000000000,2.4053556437,3.0121935444,2.8710233053,1.4748032177,-0.9340207954,-1.2422939872,-1.0819593317,2.6590586825,-3.1328660067,-2.8491866733,0.9311147821,0.0160995023,-0.9679533313,-0.6065221754,1.0000000000,1.0000000000,0.0000000000,0.0000000000,0.0000000000
0.0200000000,-0.6500000000,1.3000000000,-0.1264012244,0.0000000000,2.4053556437,3.0121935444,2.8710233053,1.4748032177,-0.9340207954,-1.2422939872,-1.0819593317,2.6590586825,-3.1328660067,-2.8491866733,0.9311147821,0.0160995023,-0.9679533313,-0.6065221754,1.0000000000,1.0000000000,0.0000000000,0.0000000000,0.0000000000
0.0200000000,-0.6500000000,1.3000000000,-0.1264012244,0.0000000000,2.4053556437,3.0121935444,2.8710233053,1.4748032177,-0.9340207954,-1.2422939872,-1.0819593317,2.6590586825,-3.1328660067,-2.8491866733,0.9311147821,0.0160995023,-0.9679533313,-0.6065221754,1.0000000000,1.0000000000,0.0000000000,0.0000000000,0.0000000000
0.0200000000,-0.6500000000,1.3000000000,-0.1264012244,0.0000000000,2.4053556437,3.0121935444,2.8710233053,1.4748032177,-0.9340207954,-1.2422939872,-1.0819593317,2.6590586825,-3.1328660067,-2.8491866733,0.9311147821,0.0160995023,-0.9679533313,-0.6065221754,1.0000000000,1.0000000000,0.0000000000,0.0000000000,0.0000000000
0.0200000000,-0.6500000000,1.3000000000,-0.1264012244,0.0000000000,2.4053556437,3.0121935444,2.8710233053,1.4748032177,-0.9340207954,-1.2422939872,-1.0819593317,2.6590586825,-3.1328660067,-2.8491866733,0.9311147821,0.0160995023,-0.9679533313,-0.6065221754,1.0000000000,1.0000000000,0.0000000000,0.0000000000,0.0000000000
0.0200000000,-0.6500000000,1.3000000000,-0.1264012244,0.0000000000,2.4053556437,3.0121935444,2.8710233053,1.4748032177,-0.9340207954,-1.2422939872,-1.0819593317,2.6590586825,-3.1328660067,-2.8491866733,0.9311147821,0.0160995023,-0.9679533313,-0.6065221754,1.0000000000,1.0000000000,0.0000000000,0.0000000000,0.0000000000
0.0200000000,-0.6500000000,1.3000000000,-0.1264012244,0.0000000000,2.4053556437,3.0121935444,2.8710233053,1.4748032177,-0.9340207954,-1.2422939872,-1.0819593317,2.6590586825,-3.1328660067,-2.8491866733,0.9311147821,0.0160995023,-0.9679533313,-0.6065221754,1.0000000000,1.0000000000,0.0000000000,0.0000000000,0.0000000000
0.0200000000,-0.6500000000,1.3000000000,-0.1264012244,0.0000000000,2.4053556437,3.0121935444,2.8710233053,1.4748032177,-0.9340207954,-1.2422939872,-1.0819593317,2.6590586825,-3.1328660067,-2.8491866733,0.9311147821,0.0160995023,-0.9679533313,-0.6065221754,1.0000000000,1.0000000000,0.0000000000,0.0000000000,0.0000000000
0.0200000000,-0.6500000000,1.3000000000,-0.1264012244,0.0000000000,2.4053556437,3.0121935444,2.8710233053,1.4748032177,-0.9340207954,-1.2422939872,-1.0819593317,2.6590586825,-3.1328660067,-2.8491866733,0.9311147821,0.0160995023,-0.9679533313,-0.6065221754,1.0000000000,1.0000000000,0.0000000000,0.0000000000,0.0000000000
0.0200000000,-0.6500000000,1.3000000000,-0.1264012244,0.0000000000,2.4053556437,3.0121935444,2.8710233053,1.4748032177,-0.9340207954,-1.2422939872,-1.0819593317,2.6590586825,-3.1328660067,-2.8491866733,0.9311147821,0.0160995023,-0.9679533313,-0.6065221754,1.0000000000,1.0000000000,0.0000000000,0.0000000000,0.0000000000
0.0200000000,-0.6500000000,1.3000000000,-0.1264012244,0.0000000000,2.4053556437,3.0121935444,2.8710233053,1.4748032177,-0.9340207954,-1.2422939872,-1.0819593317,2.6590586825,-3.1328660067,-2.8491866733,0.9311147821,0.0160995023,-0.9679533313,-0.6065221754,1.0000000000,1.0000000000,0.0000000000,0.0000000000,0.0000000000
0.0200000000,-0.6500000000,1.3000000000,-0.1264012244,0.0000000000,2.4053556437,3.0121935444,2.8710233053,1.4748032177,-0.9340207954,-1.2422939872,-1.0819593317,2.6590586825,-3.1328660067,-2.8491866733,0.9311147821,0.0160995023,-0.9679533313,-0.6065221754,1.0000000000,1.0000000000,0.0000000000,0.0000000000,0.0000000000
0.0200000000,-0.6500000000,1.3000000000,-0.1264012244,0.0000000000,2.4053556437,3.0121935444,2.8710233053,1.4748032177,-0.9340207954,-1.2422939872,-1.0819593317,2.6590586825,-3.1328660067,-2.8491866733,0.9311147821,0.0160995023,-0.9679533313,-0.6065221754,1.0000000000,1.0000000000,0.0000000000,0.0000000000,0.0000000000
0.0200000000,-0.6500000000,1.3000000000,-0.1264012244,0.0000000000,2.4053556437,3.0121935444,2.8710233053,1.4748032177,-0.9340207954,-1.2422939872,-1.0819593317,2.6590586825,-3.1328660067,-2.8491866733,0.9311147821,0.0160995023,-0.9679533313,-0.6065221754,1.0000000000,1.0000000000,0.0000000000,0.0000000000,0.0000000000
0.0200000000,-0.6500000000,1.3000000000,-0.1264012244,0.0000000000,2.4053556437,3.0121935444,2.8710233053,1.4748032177,-0.9340207954,-1.2422939872,-1.0819593317,2.6590586825,-3.1328660067,-2.8491866733,0.9311147821,0.0160995023,-0.9679533313,-0.6065221754,1.0000000000,1.0000000000,0.0000000000,0.0000000000,0.0000000000
0.0200000000,-0.6500000000,1.3000000000,-0.1264012244,0.0000000000,2.4053556437,3.0121935444,2.8710233053,1.4748032177,-0.9340207954,-1.2422939872,-1.0819593317,2.6590586825,-3.1328660067,-2.8491866733,0.9311147821,0.0160995023,-0.9679533313,-0.6065221754,1.0000000000,1.0000000000,0.0000000000,0.0000000000,0.0000000000
0.0200000000,-0.6500000000,1.3000000000,-0.1264012244,0.0000000000,2.4053556437,3.0121935444,2.8710233053,1.4748032177,-0.9340207954,-1.2422939872,-1.0819593317,2.6590586825,-3.1328660067,-2.8491866733,0.9311147821,0.0160995023,-0.9679533313,-0.6065221754,1.0000000000,1.0000000000,0.0000000000,0.0000000000,0.0000000000
0.0200000000,-0.6500000000,1.3000000000,-0.1264012244,0.0000000000,2.4053556437,3.0121935444,2.8710233053,1.4748032177,-0.9340207954,-1.2422939872,-1.0819593317,2.6590586825,-3.1328660067,-2.8491866733,0.9311147821,0.0160995023,-0.9679533313,-0.6065221754,1.0000000000,1.0000000000,0.0000000000,0.0000000000,0.0000000000
0.0200000000,-0.6500000000,1.3000000000,-0.1264012244,0.0000000000,2.4053556437,3.0121935444,2.8710233053,1.4748032177,-0.9340207954,-1.2422939872,-1.0819593317,2.6590586825,-3.1328660067,-2.8491866733,0.9311147821,0.0160995023,-0.9679533313,-0.6065221754,1.0000000000,1.0000000000,0.0000000000,0.0000000000,0.0000000000
0.0200000000,-0.6500000000,1.3000000000,-0.1264012244,0.0000000000,2.4053556437,3.0121935444,2.8710233053,1.4748032177,-0.9340207954,-1.2422939872,-1.0819593317,2.6590586825,-3.1328660067,-2.8491866733,0.9311147821,0.0160995023,-0.9679533313,-0.6065221754,1.0000000000,1.0000000000,0.0000000000,0.0000000000,0.0000000000
0.0200000000,-0.6500000000,1.3000000000,-0.1264012244,0.0000000000,2.4053556437,3.0121935444,2.8710233053,1.4748032177,-0.9340207954,-1.2422939872,-1.0819593317,2.6590586825,-3.1328660067,-2.8491866733,0.9311147821,0.0160995023,-0.9679533313,-0.6065221754,1.0000000000,1.0000000000,0.0000000000,0.0000000000,0.0000000000
0.0200000000,-0.6500000000,1.3000000000,-0.1264012244,0.0000000000,2.4053556437,3.0121935444,2.8710233053,1.4748032177,-0.9340207954,-1.2422939872,-1.0819593317,2.6590586825,-3.1328660067,-2.8491866733,0.9311147821,0.0160995023,-0.9679533313,-0.6065221754,1.0000000000,1.0000000000,0.0000000000,0.0000000000,0.0000000000
0.0200000000,-0.6500000000,1.3000000000,-0.1264012244,0.0000000000,2.4053556437,3.0121935444,2.8710233053,1.4748032177,-0.9340207954,-1.2422939872,-1.0819593317,2.6590586825,-3.1328660067,-2.8491866733,0.9311147821,0.0160995023,-0.9679533313,-0.6065221754,1.0000000000,1.0000000000,0.0000000000,0.0000000000,0.0000000000
0.0200000000,-0.6500000000,1.3000000000,-0.1264012244,0.0000000000,2.4053556437,3.0121935444,2.8710233053,1.4748032177,-0.9340207954,-1.2422939872,-1.0819593317,2.6590586825,-3.1328660067,-2.8491866733,0.9311147821,0.0160995023,-0.9679533313,-0.6065221754,1.0000000000,1.0000000000,0.0000000000,0.0000000000,0.0000000000
0.0200000000,-0.6500000000,1.3000000000,-0.1264012244,0.0000000000,2.4052018205,3.0121604192,2.8710288926,1.4748032177,-0.9340533666,-1.2415704595,-1.0819593317,2.6586505593,-3.1328662232,-2.8491523866,0.9313462447,0.0161270720,-0.9675450842,-0.6065221754,1.0000000000,1.0000000000,0.0000000000,0.0000000000,0.0000000000
0.0200000000,-0.6500000000,1.3000000000,-0.1264012244,0.0000000000,2.4048848466,3.0120953046,2.8710400056,1.4748032177,-0.9341191035,-1.2400796194,-1.0819593317,2.6578113503,-3.1328663680,-2.8490834611,0.9318248583,0.0161851222,-0.9667030440,-0.6065221754,1.0000000000,1.0000000000,0.0000000000,0.0000000000,0.0000000000
0.0200000000,-0.6500000000,1.3000000000,-0.1264012244,0.0000000000,2.4045588552,3.0120359541,2.8710504638,1.4748032177,-0.9341833669,-1.2385465816,-1.0819593317,2.6569525945,-3.1328657898,-2.8490167591,0.9323210900,0.0162478253,-0.9658351363,-0.6065221754,1.0000000000,1.0000000000,0.0000000000,0.0000000000,0.0000000000
0.0200000000,-0.6500000000,1.3000000000,-0.1264012244,0.0000000000,2.4043100795,3.0120014469,2.8710568105,1.4748032177,-0.9342276672,-1.2373771835,-1.0819593317,2.6563041710,-3.1328649735,-2.8489720956,0.9327051158,0.0163000273,-0.9651708097,-0.6065221754,1.0000000000,1.0000000000,0.0000000000,0.0000000000,0.0000000000
0.0200000000,-0.6500000000,1.3000000000,-0.1264012244,0.0000000000,2.4041003707,3.0119822977,2.8710605757,1.4748032177,-0.9342606393,-1.2363919659,-1.0819593317,2.6557641962,-3.1328641388,-2.8489402910,0.9330336490,0.0163480717,-0.9646091853,-0.6065221754,1.0000000000,1.0000000000,0.0000000000,0.0000000000,0.0000000000
0.0200000000,-0.6500000000,1.3000000000,-0.1264012244,0.0000000000,2.4038980808,3.0119796406,2.8710628970,1.4748032177,-0.9342855197,-1.2354414458,-1.0819593317,2.6552501634,-3.1328600762,-2.8489174560,0.9333597840,0.0164003816,-0.9640615202,-0.6065221754,1.0000000000,1.0000000000,0.0000000000,0.0000000000,0.0000000000
0.0200000000,-0.6500000000,1.3000000000,-0.1264012244,0.0000000000,2.4037037118,3.0119811699,2.8710657971,1.4748032177,-0.9343076467,-1.2345248459,-1.0819593317,2.6547568765,-3.1328563717,-2.8488974121,0.9336774547,0.0164524955,-0.9635312813,-0.6065221754,1.0000000000,1.0000000000,0.0000000000,0.0000000000,0.0000000000
0.0200000000,-0.6500000000,1.3000000000,-0.1264012244,0.0000000000,2.4035354188,3.0119734064,2.8710703957,1.4748032177,-0.9343307830,-1.2337250918,-1.0819593317,2.6543258424,-3.1328592172,-2.8488762351,0.9339502448,0.0164951548,-0.9630724926,-0.6065221754,1.0000000000,1.0000000000,0.0000000000,0.0000000000,0.0000000000
0.0200000000,-0.6500000000,1.3000000000,-0.1264012244,0.0000000000,2.4033031907,3.0120342448,2.8710690242,1.4748032177,-0.9343314162,-1.2326346376,-1.0819593317,2.6537575737,-3.1328346643,-2.8488791047,0.9343629111,0.0165781184,-0.9624161642,-0.6065221754,1.0000000000,1.0000000000,0.0000000000,0.0000000000,0.0000000000
0.0200000000,-0.6500000000,1.3000000000,-0.1264012244,0.0000000000,2.4028904285,3.0122435804,2.8710583528,1.4748032177,-0.9342883232,-1.2307088205,-1.0819593317,2.6527819396,-3.1327492289,-2.8489288029,0.9351503063,0.0167597669,-0.9612125839,-0.6065221754,1.0000000000,1.0000000000,0.0000000000,0.0000000000,0.0000000000
0.0200000000,-0.6500000000,1.3000000000,-0.1264012244,0.0000000000,2.4024422607,3.0126569704,2.8709919129,1.4748033265,-0.9341597835,-1.2287562922,-1.0819593317,2.6518206644,-3.1325632277,-2.8490684034,0.9360512892,0.0170112954,-0.9599077767,-0.6065221754,1.0000000000,1.0000000000,0.0000000000,0.0000000000,0.0000000000
0.0200000000,-0.6500000000,1.3000000000,-0.1264012244,0.0000000000,2.4020510876,3.0133091258,2.8707965788,1.4748030053,-0.9339187728,-1.2274452441,-1.0819593317,2.6511820617,-3.1322417578,-2.8493315452,0.9368200748,0.0173019569,-0.9588861747,-0.6065221754,1.0000000000,1.0000000000,0.0000000000,0.0000000000,0.0000000000
0.0200000000,-0.6500000000,1.3000000000,-0.1264012244,0.0000000000,2.4017009984,3.0141571679,2.8704558274,1.4747816810,-0.9335849852,-1.2268392484,-1.0819593317,2.6508423179,-3.1317987381,-2.8497038439,0.9373463136,0.0176023992,-0.9582532291,-0.6065221754,1.0000000000,1.0000000000,0.0000000000,0.0000000000,0.0000000000
0.0200000000,-0.6500000000,1.3000000000,-0.1264012244,0.0000000000,2.4013830206,3.0150862747,2.8700458782,1.4746616262,-0.9332094081,-1.2268582913,-1.0819593317,2.6507464502,-3.1313026135,-2.8501261225,0.9375146860,0.0178586424,-0.9581010344,-0.6065221754,1.0000000000,1.0000000000,0.0000000000,0.0000000000,0.0000000000
0.0200000000,-0.6500000000,1.3000000000,-0.1264012244,0.0000000000,2.4010474424,3.0159638362,2.8696595322,1.4743574609,-0.9328555294,-1.2272824769,-1.0819593317,2.6508123827,-3.1308521883,-2.8505134393,0.9372856087,0.0180180188,-0.9584271837,-0.6065221754,1.0000000000,1.0000000000,0.0000000000,0.0000000000,0.0000000000
0.0200000000,-0.6500000000,1.3000000000,-0.1264012244,0.0000000000,2.4006478701,3.0165607674,2.8694147085,1.4739129477,-0.9326285942,-1.2279256493,-1.0819593317,2.6510518644,-3.1306294258,-2.8507133120,0.9365840122,0.0179851090,-0.9592929616,-0.6065221754,1.0000000000,1.0000000000,0.0000000000,0.0000000000,0.0000000000
0.0200000000,-0.6500000000,1.3000000000,-0.1264012244,0.0000000000,2.4002177670,3.0167251798,2.8693806313,1.4735380501,-0.9325931011,-1.2285547108,-1.0819593317,2.6514832981,-3.1307506215,-2.8506260833,0.9355342598,0.0177316669,-0.9605588124,-0.6065221754,1.0000000000,1.0000000000,0.0000000000,0.0000000000,0.0000000000
0.0200000000,-0.6500000000,1.3000000000,-0.1264012244,0.0000000000,2.3998286899,3.0163355966,2.8695896817,1.4733930185,-0.9327961980,-1.2290448362,-1.0819593317,2.6521139421,-3.1312121811,-2.8502012367,0.9343015966,0.0172634234,-0.9620450318,-0.6065221754,1.0000000000,1.0000000000,0.0000000000,0.0000000000,0.0000000000
0.0200000000,-0.6500000000,1.3000000000,-0.1264012244,0.0000000000,2.3995244190,3.0152210354,2.8700292150,1.4735732067,-0.9333083849,-1.2293662835,-1.0819593317,2.6529592576,-3.1318624677,-2.8493601599,0.9329718274,0.0165554597,-0.9636551803,-0.6065221754,1.0000000000,1.0000000000,0.0000000000,0.0000000000,0.0000000000
0.0200000000,-0.6500000000,1.3000000000,-0.1264012244,0.0000000000,2.3993213859,3.0131799528,2.8705854964,1.4740624041,-0.9342149082,-1.2295010476,-1.0819593317,2.6541221356,-3.1324731095,-2.8477811994,0.9314946535,0.0154269414,-0.9654343150,-0.6065221754,1.0000000000,1.0000000000,0.0000000000,0.0000000000,0.0000000000
0.0200000000,-0.6500000000,1.3000000000,-0.1264012244,0.0000000000,2.3992363484,3.0110192787,2.8709434845,1.4745319556,-0.9351617517,-1.2294732056,-1.0819593317,2.6555874540,-3.1327802926,-2.8452171885,0.9300192178,0.0137748538,-0.9671808664,-0.6065221754,1.0000000000,1.0000000000,0.0000000000,0.0000000000,0.0000000000
0.0200000000,-0.6500000000,1.3000000000,-0.1264012244,0.0000000000,2.3992564055,3.0095161786,2.8710602224,1.4747576522,-0.9358137833,-1.2292171702,-1.0819593317,2.6571594687,-3.1328631093,-2.8420736719,0.9287381077,0.0118512992,-0.9686746697,-0.6065221754,1.0000000000,1.0000000000,0.0000000000,0.0000000000,0.0000000000
0.0200000000,-0.6500000000,1.3000000000,-0.1264012244,0.0000000000,2.3994104286,3.0083295327,2.8710692049,1.4748039445,-0.9363196098,-1.2284474815,-1.0819593317,2.6584868501,-3.1328677189,-2.8391943497,0.9278800616,0.0101498437,-0.9696635347,-0.6065221754,1.0000000000,1.0000000000,0.0000000000,0.0000000000,0.0000000000
0.0200000000,-0.6500000000,1.3000000000,-0.1264012244,0.0000000000,2.3997035788,3.0067514905,2.8710666187,1.4748039576,-0.9369871653,-1.2269946746,-1.0819593317,2.6595010781,-3.1328660067,-2.8368324955,0.9274047567,0.0087981029,-0.9702020122,-0.6065221754,1.0000000000,1.0000000000,0.0000000000,0.0000000000,0.0000000000
0.0200000000,-0.6500000000,1.3000000000,-0.1264012244,0.0000000000,2.4001193485,3.0045713551,2.8710666187,1.4748032217,-0.9379090275,-1.2247082719,-1.0819593317,2.6603685159,-3.1328660067,-2.8346462461,0.9271836204,0.0075894064,-0.9704393700,-0.6065221754,1.0000000000,1.0000000000,0.0000000000,0.0000000000,0.0000000000
0.0200000000,-0.6500000000,1.3000000000,-0.1264012244,0.0000000000,2.4005925362,3.0021804921,2.8710666187,1.4748032177,-0.9389198535,-1.2214939455,-1.0819593317,2.6611045210,-3.1328660067,-2.8325871805,0.9272552649,0.0065058957,-0.9703332972,-0.6065221754,1.0000000000,1.0000000000,0.0000000000,0.0000000000,0.0000000000
0.0200000000,-0.6500000000,1.3000000000,-0.1264012244,0.0000000000,2.4009735296,3.0003868370,2.8710666187,1.4748032177,-0.9396787899,-1.2178318817,-1.0819593317,2.6616481084,-3.1328660067,-2.8309008661,0.9276017627,0.0056752760,-0.9699172332,-0.6065221754,1.0000000000,1.0000000000,0.0000000000,0.0000000000,0.0000000000
0.0200000000,-0.6500000000,1.3000000000,-0.1264012244,0.0000000000,2.4011954416,2.9993578874,2.8710666187,1.4748032177,-0.9401182955,-1.2139189733,-1.0819593317,2.6620118486,-3.1328660067,-2.8297672276,0.9281398307,0.0051771626,-0.9693126049,-0.6065221754,1.0000000000,1.0000000000,0.0000000000,0.0000000000,0.0000000000
0.0200000000,-0.6500000000,1.3000000000,-0.1264012244,0.0000000000,2.4012811336,2.9987939786,2.8710666187,1.4748032177,-0.9403665498,-1.2100639980,-1.0819593317,2.6623133601,-3.1328660067,-2.8291440021,0.9286703282,0.0049495020,-0.9687703158,-0.6065221754,1.0000000000,1.0000000000,0.0000000000,0.0000000000,0.0000000000
0.0200000000,-0.6500000000,1.3000000000,-0.1264012244,0.0000000000,2.4012675126,2.9985492201,2.8710666187,1.4748032177,-0.9404822212,-1.2070138877,-1.0819593317,2.6626288662,-3.1328660067,-2.8289126791,0.9289899871,0.0048887534,-0.9685175701,-0.6065221754,1.0000000000,1.0000000000,0.0000000000,0.0000000000,0.0000000000
0.0200000000,-0.6500000000,1.3000000000,-0.1264012244,0.0000000000,2.4011996482,2.9984776181,2.8710666187,1.4748032177,-0.9405249715,-1.2048246833,-1.0819593317,2.6630615188,-3.1328660067,-2.8288751014,0.9290251008,0.0048744652,-0.9686420608,-0.6065221754,1.0000000000,1.0000000000,0.0000000000,0.0000000000,0.0000000000
0.0200000000,-0.6500000000,1.3000000000,-0.1264012244,0.0000000000,2.4011143214,2.9984583991,2.8710666187,1.4748032177,-0.9405450063,-1.2031923113,-1.0819593317,2.6636836758,-3.1328660067,-2.8288745875,0.9287932241,0.0048264056,-0.9691290328,-0.6065221754,1.0000000000,1.0000000000,0.0000000000,0.0000000000,0.0000000000
0.0200000000,-0.6500000000,1.3000000000,-0.1264012244,0.0000000000,2.4010366541,2.9984575009,2.8710666187,1.4748032512,-0.9405544314,-1.2023083888,-1.0819593317,2.6645264067,-3.1328660067,-2.8288570561,0.9282449244,0.0047057603,-0.9700346668,-0.6065221754,1.0000000000,1.0000000000,0.0000000000,0.0000000000,0.0000000000
0.0200000000,-0.6500000000,1.3000000000,-0.1264012244,0.0000000000,2.4009905430,2.9984544707,2.8710666187,1.4748034029,-0.9405597028,-1.2023026790,-1.0819593317,2.6655354376,-3.1328660067,-2.8287913976,0.9274112007,0.0045021400,-0.9713002668,-0.6065221754,1.0000000000,1.0000000000,0.0000000000,0.0000000000,0.0000000000
0.0200000000,-0.6500000000,1.3000000000,-0.1264012244,0.0000000000,2.4010039988,2.9984284396,2.8710666187,1.4748051787,-0.9405671961,-1.2031562552,-1.0819593317,2.6666782564,-3.1328660067,-2.8286575717,0.9263293964,0.0042121757,-0.9728705317,-0.6065221754,1.0000000000,1.0000000000,0.0000000000,0.0000000000,0.0000000000
0.0200000000,-0.6500000000,1.3000000000,-0.1264012244,0.0000000000,2.4011233616,2.9983522054,2.8710666187,1.4747872620,-0.9405837896,-1.2048073269,-1.0819593317,2.6679179245,-3.1328660067,-2.8284469650,0.9250398956,0.0038391790,-0.9746869505,-0.6065221754,1.0000000000,1.0000000000,0.0000000000,0.0000000000,0.0000000000
0.0200000000,-0.6500000000,1.3000000000,-0.1264012244,0.0000000000,2.4013675840,2.9982108350,2.8710666187,1.4747223590,-0.9406141703,-1.2070359180,-1.0819593317,2.6692066188,-3.1328660067,-2.8281670978,0.9236165112,0.0034018547,-0.9766537778,-0.6065221754,1.0000000000,1.0000000000,0.0000000000,0.0000000000,0.0000000000
0.0200000000,-0.6500000000,1.3000000000,-0.1264012244,0.0000000000,2.4017205378,2.9980032801,2.8710666187,1.4745960690,-0.9406607804,-1.2098249309,-1.0819593317,2.6705526274,-3.1328660067,-2.8278027643,0.9220614368,0.0028923278,-0.9787694778,-0.6065221754,1.0000000000,1.0000000000,0.0000000000,0.0000000000,0.0000000000
0.0200000000,-0.6500000000,1.3000000000,-0.1264012244,0.0000000000,2.4020765601,2.9977726528,2.8710666187,1.4744834428,-0.9407176466,-1.2130210429,-1.0819593317,2.6718471413,-3.1328660067,-2.8273570728,0.9205049016,0.0023384917,-0.9808540583,-0.6065221754,1.0000000000,1.0000000000,0.0000000000,0.0000000000,0.0000000000
0.0200000000,-0.6500000000,1.3000000000,-0.1264012244,0.0000000000,2.4023394931,2.9975755810,2.8710666187,1.4744445369,-0.9407717342,-1.2159397634,-1.0819593317,2.6728921723,-3.1328660067,-2.8269106032,0.9192079297,0.0018365202,-0.9825662095,-0.6065221754,1.0000000000,1.0000000000,0.0000000000,0.0000000000,0.0000000000
0.0200000000,-0.6500000000,1.3000000000,-0.1264012244,0.0000000000,2.4024531724,2.9974504878,2.8710666187,1.4745117269,-0.9408131700,-1.2179746135,-1.0819593317,2.6735167769,-3.1328660067,-2.8265376886,0.9183926720,0.0014713704,-0.9836154177,-0.6065221754,1.0000000000,1.0000000000,0.0000000000,0.0000000000,0.0000000000
0.0200000000,-0.6500000000,1.3000000000,-0.1264012244,0.0000000000,2.4025418841,2.9973196097,2.8710666187,1.4746089294,-0.9408608861,-1.2196995261,-1.0819593317,2.6739868628,-3.1328660067,-2.8260966487,0.9177215334,0.0010989896,-0.9844409054,-0.6065221754,1.0000000000,1.0000000000,0.0000000000,0.0000000000,0.0000000000
0.0200000000,-0.6500000000,1.3000000000,-0.1264012244,0.0000000000,2.4026301399,2.9971701565,2.8710666187,1.4747121533,-0.9409174308,-1.2211617286,-1.0819593317,2.6743286297,-3.1328660067,-2.8255642084,0.9171570984,0.0006994407,-0.9850888693,-0.6065221754,1.0000000000,1.0000000000,0.0000000000,0.0000000000,0.0000000000
0.0200000000,-0.6500000000,1.3000000000,-0.1264012244,0.0000000000,2.4027082534,2.9970242421,2.8710666187,1.4747772151,-0.9409738808,-1.2220021638,-1.0819593317,2.6744254176,-3.1328660067,-2.8250032423,0.9168464897,0.0003363806,-0.9853677057,-0.6065221754,1.0000000000,1.0000000000,0.0000000000,0.0000000000,0.0000000000
0.0200000000,-0.6500000000,1.3000000000,-0.1264012244,0.0000000000,2.4027705074,2.9968865930,2.8710666187,1.4748028909,-0.9410286400,-1.2222342282,-1.0819593317,2.6741681425,-3.1328660067,-2.8243765177,0.9168788187,0.0000082675,-0.9851345496,-0.6065221754,1.0000000000,1.0000000000,0.0000000000,0.0000000000,0.0000000000
0.0200000000,-0.6500000000,1.3000000000,-0.1264012244,0.0000000000,2.4027992779,2.9967627204,2.8710666187,1.4748042532,-0.9410811368,-1.2219235559,-1.0819593317,2.6733094292,-3.1328660067,-2.8235693493,0.9174469596,-0.0003064904,-0.9840704274,-0.6065221754,1.0000000000,1.0000000000,0.0000000000,0.0000000000,0.0000000000
0.0200000000,-0.6500000000,1.3000000000,-0.1264012244,0.0000000000,2.4027934527,2.9966894514,2.8710666187,1.4748032177,-0.9411148579,-1.2214593341,-1.0819593317,2.6718748965,-3.1328660067,-2.8227819329,0.9185516968,-0.0005006317,-0.9822162219,-0.6065221754,1.0000000000,1.0000000000,0.0000000000,0.0000000000,0.0000000000
0.0200000000,-0.6500000000,1.3000000000,-0.1264012244,0.0000000000,2.4027803068,2.9966557030,2.8710666187,1.4748032177,-0.9411316752,-1.2210904956,-1.0819593317,2.6697965068,-3.1328660067,-2.8220758076,0.9202241040,-0.0005348260,-0.9795225351,-0.6065221754,1.0000000000,1.0000000000,0.0000000000,0.0000000000,0.0000000000
0.0200000000,-0.6500000000,1.3000000000,-0.1264012244,0.0000000000,2.4028030503,2.9966216297,2.8710666187,1.4748032177,-0.9411446897,-1.2209999844,-1.0819593317,2.6674051502,-3.1328660067,-2.8215904636,0.9221417670,-0.0004006622,-0.9764825193,-0.6065221754,1.0000000000,1.0000000000,0.0000000000,0.0000000000,0.0000000000
0.0200000000,-0.6500000000,1.3000000000,-0.1264012244,0.0000000000,2.4028594565,2.9965452928,2.8710666187,1.4748032177,-0.9411728561,-1.2210239655,-1.0819593317,2.6652489113,-3.1328660067,-2.8213896128,0.9238257246,-0.0001623969,-0.9738274898,-0.6065221754,1.0000000000,1.0000000000,0.0000000000,0.0000000000,0.0000000000
0.0200000000,-0.6500000000,1.3000000000,-0.1264012244,0.0000000000,2.4027816863,2.9964492838,2.8710666187,1.4748032177,-0.9412227042,-1.2205833404,-1.0819593317,2.6638398625,-3.1328660067,-2.8213868998,0.9248832323,0.0000532516,-0.9721588581,-0.6065221754,1.0000000000,1.0000000000,0.0000000000,0.0000000000,0.0000000000
0.0200000000,-0.6500000000,1.3000000000,-0.1264012244,0.0000000000,2.4023555953,2.9964246721,2.8710666187,1.4748032177,-0.9412743288,-1.2193427073,-1.0819593317,2.6631201670,-3.1328660067,-2.8214241636,0.9254057813,0.0001805248,-0.9713314891,-0.6065221754,1.0000000000,1.0000000000,0.0000000000,0.0000000000,0.0000000000
0.0200000000,-0.6500000000,1.3000000000,-0.1264012244,0.0000000000,2.4014387518,2.9964964282,2.8710666187,1.4748032177,-0.9413297005,-1.2171935394,-1.0819593317,2.6628168339,-3.1328660067,-2.8214474098,0.9256212525,0.0002372873,-0.9709890342,-0.6065221754,1.0000000000,1.0000000000,0.0000000000,0.0000000000,0.0000000000
0.0200000000,-0.6500000000,1.3000000000,-0.1264012244,0.0000000000,2.3999847515,2.9966058232,2.8710666187,1.4748032177,-0.9414182524,-1.2142039816,-1.0819593317,2.6627272891,-3.1328660067,-2.8214546888,0.9256837525,0.0002540842,-0.9708891633,-0.6065221754,1.0000000000,1.0000000000,0.0000000000,0.0000000000,0.0000000000
0.0200000000,-0.6500000000,1.3000000000,-0.1264012244,0.0000000000,2.3981705156,2.9966034261,2.8710666187,1.4748032177,-0.9415881176,-1.2107414731,-1.0819593317,2.6627176402,-3.1328660067,-2.8214555352,0.9256901713,0.0002558845,-0.9708787336,-0.6065221754,1.0000000000,1.0000000000,0.0000000000,0.0000000000,0.0000000000
0.0200000000,-0.6500000000,1.3000000000,-0.1264012244,0.0000000000,2.3962431846,2.9962569049,2.8710666187,1.4748032177,-0.9419166512,-1.2071195751,-1.0819593317,2.6627215358,-3.1328660067,-2.8214552908,0.9256874129,0.0002551921,-0.9708831265,-0.6065221754,1.0000000000,1.0000000000,0.0000000000,0.0000000000,0.0000000000
0.0200000000,-0.6500000000,1.3000000000,-0.1264012244,0.0000000000,2.3944019554,2.9955002975,2.8710666187,1.4748032177,-0.9424132409,-1.2036092800,-1.0819593317,2.6627230848,-3.1328660067,-2.8214551900,0.9256861778,0.0002548853,-0.9708850204,-0.6065221754,1.0000000000,1.0000000000,0.0000000000,0.0000000000,0.0000000000
0.0200000000,-0.6500000000,1.3000000000,-0.1264012244,0.0000000000,2.3927414768,2.9943607028,2.8710666187,1.4748032177,-0.9430565988,-1.2004244417,-1.0819593317,2.6627248403,-3.1328660067,-2.8214550535,0.9256834647,0.0002542656,-0.9708885542,-0.6065221754,1.0000000000,1.0000000000,0.0000000000,0.0000000000,0.0000000000
0.0200000000,-0.6500000000,1.3000000000,-0.1264012244,0.0000000000,2.3913253953,2.9929579761,2.8710666187,1.4748032177,-0.9437887615,-1.1977634095,-1.0819593317,2.6627259089,-3.1328660067,-2.8214556125,0.9256817159,0.0002542106,-0.9708909107,-0.6065221754,1.0000000000,1.0000000000,0.0000000000,0.0000000000,0.0000000000
0.0200000000,-0.6500000000,1.3000000000,-0.1264012244,0.0000000000,2.3901708511,2.9914796070,2.8710666187,1.4748032177,-0.9445276882,-1.1957025450,-1.0819593317,2.6627091509,-3.1328660067,-2.8214601755,0.9257080154,0.0002619380,-0.9708572746,-0.6065221754,1.0000000000,1.0000000000,0.0000000000,0.0000000000,0.0000000000
0.0200000000,-0.6500000000,1.3000000000,-0.1264012244,0.0000000000,2.3892556056,2.9901800097,2.8710666187,1.4748032177,-0.9451667663,-1.1941672707,-1.0819593317,2.6626176212,-3.1328660067,-2.8214595136,0.9258533528,0.0002908450,-0.9706676956,-0.6065221754,1.0000000000,1.0000000000,0.0000000000,0.0000000000,0.0000000000
0.0200000000,-0.6500000000,1.3000000000,-0.1264012244,0.0000000000,2.3884512437,2.9892307653,2.8710666187,1.4748032177,-0.9456450869,-1.1927888745,-1.0819593317,2.6624029354,-3.1328660067,-2.8214111794,0.9261977521,0.0003343944,-0.9702118694,-0.6065221754,1.0000000000,1.0000000000,0.0000000000,0.0000000000,0.0000000000
0.0200000000,-0.6500000000,1.3000000000,-0.1264012244,0.0000000000,2.3876481332,2.9887129643,2.8710666187,1.4748032177,-0.9459384460,-1.1912240904,-1.0819593317,2.6620915585,-3.1328660067,-2.8212518318,0.9267062251,0.0003517519,-0.9695270221,-0.6065221754,1.0000000000,1.0000000000,0.0000000000,0.0000000000,0.0000000000
0.0200000000,-0.6500000000,1.3000000000,-0.1264012244,0.0000000000,2.3867486195,2.9886147414,2.8710666187,1.4748032177,-0.9460612205,-1.1891651643,-1.0819593317,2.6618060647,-3.1328660067,-2.8209266236,0.9271936862,0.0002763904,-0.9688480370,-0.6065221754,1.0000000000,1.0000000000,0.0000000000,0.0000000000,0.0000000000
0.0200000000,-0.6500000000,1.3000000000,-0.1264012244,0.0000000000,2.3856821869,2.9888419164,2.8710666187,1.4748032177,-0.9460604741,-1.1864021567,-1.0819593317,2.6616754666,-3.1328660067,-2.8204325756,0.9274612214,0.0000666449,-0.9684352328,-0.6065221754,1.0000000000,1.0000000000,0.0000000000,0.0000000000,0.0000000000
0.0200000000,-0.6500000000,1.3000000000,-0.1264012244,0.0000000000,2.3843911965,2.9892506531,2.8710666187,1.4748032177,-0.9460032819,-1.1827879294,-1.0819593317,2.6617681443,-3.1328660067,-2.8198222526,0.9273887401,-0.0002736653,-0.9684507601,-0.6065221754,1.0000000000,1.0000000000,0.0000000000,0.0000000000,0.0000000000
0.0200000000,-0.6500000000,1.3000000000,-0.1264012244,0.0000000000,2.3829194166,2.9896470407,2.8710666187,1.4748032177,-0.9459683104,-1.1785830600,-1.0819593317,2.6619764492,-3.1328660067,-2.8191983067,0.9270995996,-0.0006649000,-0.9687385303,-0.6065221754,1.0000000000,1.0000000000,0.0000000000,0.0000000000,0.0000000000
0.0200000000,-0.6500000000,1.3000000000,-0.1264012244,0.0000000000,2.3813396942,2.9899098183,2.8710666187,1.4748032177,-0.9460001702,-1.1741479837,-1.0819593317,2.6621868143,-3.1328660067,-2.8186260415,0.9267142250,-0.0010478244,-0.9691373014,-0.6065221754,1.0000000000,1.0000000000,0.0000000000,0.0000000000,0.0000000000
0.0200000000,-0.6500000000,1.3000000000,-0.1264012244,0.0000000000,2.3797277794,2.9899703107,2.8710666187,1.4748032177,-0.9461204973,-1.1698698321,-1.0819593317,2.6623366141,-3.1328660067,-2.8181237705,0.9262730791,-0.0014043223,-0.9695828249,-0.6065221754,1.0000000000,1.0000000000,0.0000000000,0.0000000000,0.0000000000
0.0200000000,-0.6500000000,1.3000000000,-0.1264012244,0.0000000000,2.3782180806,2.9898137121,2.8710666187,1.4748032177,-0.9463227412,-1.1662411268,-1.0819593317,2.6624225606,-3.1328660067,-2.8176839134,0.9257658559,-0.0017404435,-0.9700835141,-0.6065221754,1.0000000000,1.0000000000,0.0000000000,0.0000000000,0.0000000000
0.0200000000,-0.6500000000,1.3000000000,-0.1264012244,0.0000000000,2.3769275542,2.9894389119,2.8710666187,1.4748032177,-0.9465962625,-1.1636579348,-1.0819593317,2.6624741317,-3.1328660067,-2.8172816688,0.9251580172,-0.0020764518,-0.9706833671,-0.6065221754,1.0000000000,1.0000000000,0.0000000000,0.0000000000,0.0000000000
0.0200000000,-0.6500000000,1.3000000000,-0.1264012244,0.0000000000,2.3757559958,2.9888320282,2.8710666187,1.4748032177,-0.9469557485,-1.1618946630,-1.0819593317,2.6625216461,-3.1328660067,-2.8168580848,0.9243944467,-0.0024549855,-0.9714430383,-0.6065221754,1.0000000000,1.0000000000,0.0000000000,0.0000000000,0.0000000000
0.0200000000,-0.6500000000,1.3000000000,-0.1264012244,0.0000000000,2.3746954551,2.9879572837,2.8710666187,1.4748032177,-0.9474169184,-1.1609630259,-1.0819593317,2.6625710098,-3.1328660067,-2.8163975420,0.9234577925,-0.0028879563,-0.9723805740,-0.6065221754,1.0000000000,1.0000000000,0.0000000000,0.0000000000,0.0000000000
0.0200000000,-0.6500000000,1.3000000000,-0.1264012244,0.0000000000,2.3738097788,2.9868283226,2.8710666187,1.4748032177,-0.9479685415,-1.1609313963,-1.0819593317,2.6626211413,-3.1328660067,-2.8159125513,0.9223829546,-0.0033618220,-0.9734604304,-0.6065221754,1.0000000000,1.0000000000,0.0000000000,0.0000000000,0.0000000000
0.0200000000,-0.6500000000,1.3000000000,-0.1264012244,0.0000000000,2.3731604545,2.9855465587,2.8710666187,1.4748032177,-0.9485630791,-1.1617024997,-1.0819593317,2.6626812397,-3.1328660067,-2.8154264205,0.9212512482,-0.0038480186,-0.9746036951,-0.6065221754,1.0000000000,1.0000000000,0.0000000000,0.0000000000,0.0000000000
0.0200000000,-0.6500000000,1.3000000000,-0.1264012244,0.0000000000,2.3727951294,2.9843603214,2.8710666187,1.4748032177,-0.9490927205,-1.1629674229,-1.0819593317,2.6628001443,-3.1328660067,-2.8149856128,0.9202274554,-0.0042890511,-0.9756623512,-0.6065221754,1.0000000000,1.0000000000,0.0000000000,0.0000000000,0.0000000000
0.0200000000,-0.6500000000,1.3000000000,-0.1264012244,0.0000000000,2.3725879144,2.9834092081,2.8710666187,1.4748032177,-0.9495101346,-1.1642701452,-1.0819593317,2.6630365339,-3.1328660067,-2.8145882423,0.9193502959,-0.0046783463,-0.9766181837,-0.6065221754,1.0000000000,1.0000000000,0.0000000000,0.0000000000,0.0000000000
0.0200000000,-0.6500000000,1.3000000000,-0.1264012244,0.0000000000,2.3724541914,2.9827448072,2.8710666187,1.4748032177,-0.9498009548,-1.1653553932,-1.0819593317,2.6634178511,-3.1328660067,-2.8142344769,0.9186113483,-0.0050175647,-0.9774910065,-0.6065221754,1.0000000000,1.0000000000,0.0000000000,0.0000000000,0.0000000000
0.0200000000,-0.6500000000,1.3000000000,-0.1264012244,0.0000000000,2.3723564075,2.9823551210,2.8710666187,1.4748032177,-0.9499733257,-1.1660889263,-1.0819593317,2.6638897911,-3.1328660067,-2.8139389991,0.9179946433,-0.0053017377,-0.9782791102,-0.6065221754,1.0000000000,1.0000000000,0.0000000000,0.0000000000,0.0000000000
0.0200000000,-0.6500000000,1.3000000000,-0.1264012244,0.0000000000,2.3722932343,2.9821785927,2.8710666187,1.4748032177,-0.9500531091,-1.1664613835,-1.0819593317,2.6643198925,-3.1328660067,-2.8137211654,0.9174971807,-0.0055203938,-0.9789373339,-0.6065221754,1.0000000000,1.0000000000,0.0000000000,0.0000000000,0.0000000000
0.0200000000,-0.6500000000,1.3000000000,-0.1264012244,0.0000000000,2.3722667981,2.9821336911,2.8710666187,1.4748032177,-0.9500743303,-1.1665677414,-1.0819593317,2.6645253271,-3.1328660067,-2.8135890204,0.9171516207,-0.0056616585,-0.9793613048,-0.6065221754,1.0000000000,1.0000000000,0.0000000000,0.0000000000,0.0000000000
0.0200000000,-0.6500000000,1.3000000000,-0.1264012244,0.0000000000,2.3722601584,2.9821273644,2.8710666187,1.4748032177,-0.9500775847,-1.1665855248,-1.0819593317,2.6644773823,-3.1328660067,-2.8135064326,0.9169548165,-0.0057452245,-0.9795373514,-0.6065221754,1.0000000000,1.0000000000,0.0000000000,0.0000000000,0.0000000000
0.0200000000,-0.6500000000,1.3000000000,-0.1264012244,0.0000000000,2.3722604318,2.9821285682,2.8710666187,1.4748032177,-0.9500770592,-1.1665832215,-1.0819593317,2.6642682651,-3.1328660067,-2.8134445788,0.9168893292,-0.0057904223,-0.9795151807,-0.6065221754,1.0000000000,1.0000000000,0.0000000000,0.0000000000,0.0000000000
0.0200000000,-0.6500000000,1.3000000000,-0.1264012244,0.0000000000,2.3722609750,2.9821294243,2.8710666187,1.4748032177,-0.9500766521,-1.1665811961,-1.0819593317,2.6640380744,-3.1328660067,-2.8133936244,0.9169049471,-0.0058133151,-0.9794008368,-0.6065221754,1.0000000000,1.0000000000,0.0000000000,0.0000000000,0.0000000000
0.0200000000,-0.6500000000,1.3000000000,-0.1264012244,0.0000000000,2.3722610124,2.9821294853,2.8710666187,1.4748032177,-0.9500766229,-1.1665810531,-1.0819593317,2.6638907357,-3.1328660067,-2.8133592682,0.9169402635,-0.0058237669,-0.9793005981,-0.6065221754,1.0000000000,1.0000000000,0.0000000000,0.0000000000,0.0000000000
0.0200000000,-0.6500000000,1.3000000000,-0.1264012244,0.0000000000,2.3722610122,2.9821294849,2.8710666187,1.4748032177,-0.9500766231,-1.1665810540,-1.0819593317,2.6638432548,-3.1328660067,-2.8133449471,0.9169600207,-0.0058271629,-0.9792589079,-0.6065221754,1.0000000000,1.0000000000,0.0000000000,0.0000000000,0.0000000000
0.0200000000,-0.6500000000,1.3000000000,-0.1264012244,0.0000000000,2.3722610122,2.9821294849,2.8710666187,1.4748032177,-0.9500766231,-1.1665810540,-1.0819593317,2.6638344010,-3.1328660067,-2.8133413923,0.9169656034,-0.0058278765,-0.9792489771,-0.6065221754,1.0000000000,1.0000000000,0.0000000000,0.0000000000,0.0000000000
0.0200000000,-0.6500000000,1.3000000000,-0.1264012244,0.0000000000,2.3722610122,2.9821294849,2.8710666187,1.4748032177,-0.9500766231,-1.1665810540,-1.0819593317,2.6638352018,-3.1328660067,-2.8133415375,0.9169655447,-0.0058278100,-0.9792493698,-0.6065221754,1.0000000000,1.0000000000,0.0000000000,0.0000000000,0.0000000000
0.0200000000,-0.6500000000,1.3000000000,-0.1264012244,0.0000000000,2.3722610122,2.9821294849,2.8710666187,1.4748032177,-0.9500766231,-1.1665810540,-1.0819593317,2.6638360909,-3.1328660067,-2.8133418286,0.9169651467,-0.0058277391,-0.9792501832,-0.6065221754,1.0000000000,1.0000000000,0.0000000000,0.0000000000,0.0000000000
0.0200000000,-0.6500000000,1.3000000000,-0.1264012244,0.0000000000,2.3722610122,2.9821294849,2.8710666187,1.4748032177,-0.9500766231,-1.1665810540,-1.0819593317,2.6638361532,-3.1328660067,-2.8133418489,0.9169651198,-0.0058277343,-0.9792502394,-0.6065221754,1.0000000000,1.0000000000,0.0000000000,0.0000000000,0.0000000000
0.0200000000,-0.6500000000,1.3000000000,-0.1264012244,0.0000000000,2.3722610122,2.9821294849,2.8710666187,1.4748032177,-0.9500766231,-1.1665810540,-1.0819593317,2.6638361524,-3.1328660067,-2.8133418486,0.9169651201,-0.0058277344,-0.9792502388,-0.6065221754,1.0000000000,1.0000000000,0.0000000000,0.0000000000,0.0000000000
0.0200000000,-0.6500000000,1.3000000000,-0.1264012244,0.0000000000,2.3722610122,2.9821294849,2.8710666187,1.4748032177,-0.9500766231,-1.1665810540,-1.0819593317,2.6638361582,-3.1328660067,-2.8133418509,0.9169651180,-0.0058277336,-0.9792502436,-0.6065221754,1.0000000000,1.0000000000,0.0000000000,0.0000000000,0.0000000000
0.0200000000,-0.6500000000,1.3000000000,-0.1264012244,0.0000000000,2.3722610122,2.9821294849,2.8710666187,1.4748032177,-0.9500766231,-1.1665810540,-1.0819593317,2.6638363716,-3.1328660067,-2.8133419343,0.9169650392,-0.0058277060,-0.9792504232,-0.6065221754,1.0000000000,1.0000000000,0.0000000000,0.0000000000,0.0000000000
0.0200000000,-0.6500000000,1.3000000000,-0.1264012244,0.0000000000,2.3722610122,2.9821294849,2.8710666187,1.4748032177,-0.9500766231,-1.1665810540,-1.0819593317,2.6638371545,-3.1328660067,-2.8133422586,0.9169647480,-0.0058275952,-0.9792510878,-0.6065221754,1.0000000000,1.0000000000,0.0000000000,0.0000000000,0.0000000000
0.0200000000,-0.6500000000,1.3000000000,-0.1264012244,0.0000000000,2.3722610122,2.9821294849,2.8710666187,1.4748032177,-0.9500766231,-1.1665810540,-1.0819593317,2.6638364540,-3.1328660067,-2.8133423365,0.9169649652,-0.0058275068,-0.9792505985,-0.6065221754,1.0000000000,1.0000000000,0.0000000000,0.0000000000,0.0000000000
0.0200000000,-0.6500000000,1.3000000000,-0.1264012244,0.0000000000,2.3722610122,2.9821294849,2.8710666187,1.4748032177,-0.9500766231,-1.1665810540,-1.0819593317,2.6638206239,-3.1328660067,-2.8133368075,0.9169706303,-0.0058292431,-0.9792375650,-0.6065221754,1.0000000000,1.0000000000,0.0000000000,0.0000000000,0.0000000000
0.0200000000,-0.6500000000,1.3000000000,-0.1264012244,0.0000000000,2.3722610122,2.9821294849,2.8710666187,1.4748032177,-0.9500766231,-1.1665810540,-1.0819593317,2.6637620955,-3.1328660067,-2.8133094086,0.9169920795,-0.0058392736,-0.9791877247,-0.6065221754,1.0000000000,1.0000000000,0.0000000000,0.0000000000,0.0000000000
0.0200000000,-0.6500000000,1.3000000000,-0.1264012244,0.0000000000,2.3722610122,2.9821294849,2.8710666187,1.4748032177,-0.9500766231,-1.1665810540,-1.0819593317,2.6636323009,-3.1328660067,-2.8132320884,0.9170432347,-0.0058696346,-0.9790707418,-0.6065221754,1.0000000000,1.0000000000,0.0000000000,0.0000000000,0.0000000000
0.0200000000,-0.6500000000,1.3000000000,-0.1264012244,0.0000000000,2.3722610122,2.9821294849,2.8710666187,1.4748032177,-0.9500766231,-1.1665810540,-1.0819593317,2.6634341947,-3.1328660067,-2.8130734619,0.9171356578,-0.0059347737,-0.9788705005,-0.6065221754,1.0000000000,1.0000000000,0.0000000000,0.0000000000,0.0000000000
0.0200000000,-0.6500000000,1.3000000000,-0.1264012244,0.0000000000,2.3722610122,2.9821294849,2.8710666187,1.4748032177,-0.9500766231,-1.1665810540,-1.0819593317,2.6632170222,-3.1328660067,-2.8128181291,0.9172782036,-0.0060413876,-0.9785943159,-0.6065221754,1.0000000000,1.0000000000,0.0000000000,0.0000000000,0.0000000000
0.0200000000,-0.6500000000,1.3000000000,-0.1264012244,0.0000000000,2.3722610122,2.9821294849,2.8710666187,1.4748032177,-0.9500766231,-1.1665810540,-1.0819593317,2.6630834665,-3.1328660067,-2.8124875236,0.9174899738,-0.0061747344,-0.9782653541,-0.6065221754,1.0000000000,1.0000000000,0.0000000000,0.0000000000,0.0000000000
0.0200000000,-0.6500000000,1.3000000000,-0.1264012244,0.0000000000,2.3722610122,2.9821294849,2.8710666187,1.4748032177,-0.9500766231,-1.1665810540,-1.0819593317,2.6631117818,-3.1328660067,-2.8121690037,0.9177727489,-0.0062882320,-0.9779261848,-0.6065221754,1.0000000000,1.0000000000,0.0000000000,0.0000000000,0.0000000000
0.0200000000,-0.6500000000,1.3000000000,-0.1264012244,0.0000000000,2.3722610122,2.9821294849,2.8710666187,1.4748032177,-0.9500766231,-1.1665810540,-1.0819593317,2.6633213311,-3.1328660067,-2.8119479795,0.9181219344,-0.0063373090,-0.9776029201,-0.6065221754,1.0000000000,1.0000000000,0.0000000000,0.0000000000,0.0000000000
0.0200000000,-0.6500000000,1.3000000000,-0.1264012244,0.0000000000,2.3722610122,2.9821294849,2.8710666187,1.4748032177,-0.9500766231,-1.1665810540,-1.0819593317,2.6636563317,-3.1328660067,-2.8118723791,0.9185172797,-0.0063001430,-0.9773029952,-0.6065221754,1.0000000000,1.0000000000,0.0000000000,0.0000000000,0.0000000000
0.0200000000,-0.6500000000,1.3000000000,-0.1264012244,0.0000000000,2.3722610122,2.9821294849,2.8710666187,1.4748032177,-0.9500766231,-1.1665810540,-1.0819593317,2.6640009554,-3.1328660067,-2.8119322404,0.9189294524,-0.0061873188,-0.9770107861,-0.6065221754,1.0000000000,1.0000000000,0.0000000000,0.0000000000,0.0000000000
0.0200000000,-0.6500000000,1.3000000000,-0.1264012244,0.0000000000,2.3722610122,2.9821294849,2.8710666187,1.4748032177,-0.9500766231,-1.1665810540,-1.0819593317,2.6642010285,-3.1328660067,-2.8120709327,0.9193313771,-0.0060336875,-0.9766858450,-0.6065221754,1.0000000000,1.0000000000,0.0000000000,0.0000000000,0.0000000000
0.0200000000,-0.6500000000,1.3000000000,-0.1264012244,0.0000000000,2.3722610122,2.9821294849,2.8710666187,1.4748032177,-0.9500766231,-1.1665810540,-1.0819593317,2.6641825664,-3.1328660067,-2.8122027439,0.9196986780,-0.0058895151,-0.9763113878,-0.6065221754,1.0000000000,1.0000000000,0.0000000000,0.0000000000,0.0000000000
0.0200000000,-0.6500000000,1.3000000000,-0.1264012244,0.0000000000,2.3722610122,2.9821294849,2.8710666187,1.4748032177,-0.9500766231,-1.1665810540,-1.0819593317,2.6639485127,-3.1328660067,-2.8122784758,0.9200036122,-0.0057866471,-0.9759100106,-0.6065221754,1.0000000000,1.0000000000,0.0000000000,0.0000000000,0.0000000000
0.0200000000,-0.6500000000,1.3000000000,-0.1264012244,0.0000000000,2.3722610122,2.9821294849,2.8710666187,1.4748032177,-0.9500766231,-1.1665810540,-1.0819593317,2.6635668900,-3.1328660067,-2.8122655671,0.9202247561,-0.0057471241,-0.9755256215,-0.6065221754,1.0000000000,1.0000000000,0.0000000000,0.0000000000,0.0000000000
0.0200000000,-0.6500000000,1.3000000000,-0.1264012244,0.0000000000,2.3722610122,2.9821294849,2.8710666187,1.4748032177,-0.9500766231,-1.1665810540,-1.0819593317,2.6631510075,-3.1328660067,-2.8121440122,0.9203690580,-0.0057808452,-0.9751917094,-0.6065221754,1.0000000000,1.0000000000,0.0000000000,0.0000000000,0.0000000000
0.0200000000,-0.6500000000,1.3000000000,-0.1264012244,0.0000000000,2.3722610122,2.9821294849,2.8710666187,1.4748032177,-0.9500766231,-1.1665810540,-1.0819593317,2.6628536519,-3.1328660067,-2.8118987984,0.9205089307,-0.0058821710,-0.9748885695,-0.6065221754,1.0000000000,1.0000000000,0.0000000000,0.0000000000,0.0000000000
0.0200000000,-0.6500000000,1.3000000000,-0.1264012244,0.0000000000,2.3722610122,2.9821294849,2.8710666187,1.4748032177,-0.9500766231,-1.1665810540,-1.0819593317,2.6627789506,-3.1328660067,-2.8115701972,0.9207942513,-0.0060001981,-0.9745044341,-0.6065221754,1.0000000000,1.0000000000,0.0000000000,0.0000000000,0.0000000000
0.0200000000,-0.6500000000,1.3000000000,-0.1264012244,0.0000000000,2.3722610122,2.9821294849,2.8710666187,1.4748032177,-0.9500766231,-1.1665810540,-1.0819593317,2.6629746529,-3.1328660067,-2.8112135853,0.9214067453,-0.0060693450,-0.9738741691,-0.6065221754,1.0000000000,1.0000000000,0.0000000000,0.0000000000,0.0000000000
0.0200000000,-0.6500000000,1.3000000000,-0.1264012244,0.0000000000,2.3722610122,2.9821294849,2.8710666187,1.4748032177,-0.9500766231,-1.1665810540,-1.0819593317,2.6634293392,-3.1328660067,-2.8109007559,0.9225355487,-0.0060135908,-0.9728040364,-0.6065221754,1.0000000000,1.0000000000,0.0000000000,0.0000000000,0.0000000000
0.0200000000,-0.6500000000,1.3000000000,-0.1264012244,0.0000000000,2.3722610122,2.9821294849,2.8710666187,1.4748032177,-0.9500766231,-1.1665810540,-1.0819593317,2.6640718457,-3.1328660067,-2.8107055702,0.9243226741,-0.0057651152,-0.9711266628,-0.6065221754,1.0000000000,1.0000000000,0.0000000000,0.0000000000,0.0000000000
0.0200000000,-0.6500000000,1.3000000000,-0.1264012244,0.0000000000,2.3722610122,2.9821294849,2.8710666187,1.4748032177,-0.9500766231,-1.1665810540,-1.0819593317,2.6647264182,-3.1328660067,-2.8107134626,0.9267715940,-0.0052774392,-0.9687817374,-0.6065221754,1.0000000000,1.0000000000,0.0000000000,0.0000000000,0.0000000000
0.0200000000,-0.6500000000,1.3000000000,-0.1264012244,0.0000000000,2.3722610122,2.9821294849,2.8710666187,1.4748032177,-0.9500766231,-1.1665810540,-1.0819593317,2.6650974258,-3.1328660067,-2.8109142315,0.9292648924,-0.0046778314,-0.9663074686,-0.6065221754,1.0000000000,1.0000000000,0.0000000000,0.0000000000,0.0000000000
0.0200000000,-0.6500000000,1.3000000000,-0.1264012244,0.0000000000,2.3722610122,2.9821294849,2.8710666187,1.4748032177,-0.9500766231,-1.1665810540,-1.0819593317,2.6652049816,-3.1328660067,-2.8112578876,0.9318496050,-0.0039837749,-0.9636540378,-0.6065221754,1.0000000000,1.0000000000,0.0000000000,0.0000000000,0.0000000000
0.0200000000,-0.6500000000,1.3000000000,-0.1264012244,0.0000000000,2.3722610122,2.9821294849,2.8710666187,1.4748032177,-0.9500766231,-1.1665810540,-1.0819593317,2.6650966662,-3.1328660067,-2.8117216280,0.9346108074,-0.0031907771,-0.9607458303,-0.6065221754,1.0000000000,1.0000000000,0.0000000000,0.0000000000,0.0000000000
0.0200000000,-0.6500000000,1.3000000000,-0.1264012244,0.0000000000,2.3722610122,2.9821294849,2.8710666187,1.4748032177,-0.9500766231,-1.1665810540,-1.0819593317,2.6649135269,-3.1328660067,-2.8121611594,0.9370257366,-0.0024791511,-0.9581721916,-0.6065221754,1.0000000000,1.0000000000,0.0000000000,0.0000000000,0.0000000000
0.0200000000,-0.6500000000,1.3000000000,-0.1264012244,0.0000000000,2.3722610122,2.9821294849,2.8710666187,1.4748032177,-0.9500766231,-1.1665810540,-1.0819593317,2.6647446511,-3.1328660067,-2.8124594264,0.9385808368,-0.0020128243,-0.9564963957,-0.6065221754,1.0000000000,1.0000000000,0.0000000000,0.0000000000,0.0000000000
0.0200000000,-0.6500000000,1.3000000000,-0.1264012244,0.0000000000,2.3722610122,2.9821294849,2.8710666187,1.4748032177,-0.9500766231,-1.1665810540,-1.0819593317,2.6645842881,-3.1328660067,-2.8127045702,0.9397968726,-0.0016417878,-0.9551761131,-0.6065221754,1.0000000000,1.0000000000,0.0000000000,0.0000000000,0.0000000000
0.0200000000,-0.6500000000,1.3000000000,-0.1264012244,0.0000000000,2.3722610122,2.9821294849,2.8710666187,1.4748032177,-0.9500766231,-1.1665810540,-1.0819593317,2.6644254463,-3.1328660067,-2.8129333915,0.9408587306,-0.0013098620,-0.9540178171,-0.6065221754,1.0000000000,1.0000000000,0.0000000000,0.0000000000,0.0000000000
0.0200000000,-0.6500000000,1.3000000000,-0.1264012244,0.0000000000,2.3722609821,2.9821295006,2.8710666187,1.4748032177,-0.9500766191,-1.1665810068,-1.0819593317,2.6641779326,-3.1328660067,-2.8132299853,0.9418455001,-0.0009567408,-0.9529159192,-0.6065221754,1.0000000000,1.0000000000,0.0000000000,0.0000000000,0.0000000000
0.0200000000,-0.6500000000,1.3000000000,-0.1264012244,0.0000000000,2.3722610989,2.9821294397,2.8710666187,1.4748032177,-0.9500766345,-1.1665811901,-1.0819593317,2.6636698076,-3.1328660067,-2.8137533968,0.9431885887,-0.0004126559,-0.9513694191,-0.6065221754,1.0000000000,1.0000000000,0.0000000000,0.0000000000,0.0000000000
0.0200000000,-0.6500000000,1.3000000000,-0.1264012244,0.0000000000,2.3722617956,2.9821290577,2.8710666187,1.4748032177,-0.9500767350,-1.1665822550,-1.0819593317,2.6627124193,-3.1328660067,-2.8146007330,0.9451961637,0.0004353025,-0.9489924212,-0.6065221754,0.9348135905,1.0000000000,0.0000000000,0.0000000000,0.0000000000
0.0200000000,-0.6500000000,1.3000000000,-0.1264012244,0.0000000000,2.3722633114,2.9821284445,2.8710666187,1.4748032177,-0.9500768618,-1.1665848859,-1.0819593317,2.6614326031,-3.1328660067,-2.8155042627,0.9472282770,0.0013193395,-0.9464744999,-0.6065221754,0.8681469238,1.0000000000,0.0000000000,0.0000000000,0.0000000000
0.0200000000,-0.6500000000,1.3000000000,-0.1264012244,0.0000000000,2.3722636462,2.9821301174,2.8710666187,1.4748032177,-0.9500761284,-1.1665881631,-1.0819593317,2.6600823575,-3.1328660067,-2.8161424050,0.9484832112,0.0019106927,-0.9447184510,-0.6065221754,0.8014802571,1.0000000000,0.0000000000,0.0000000000,0.0000000000
0.0200000000,-0.6500000000,1.3000000000,-0.1264012244,0.0000000000,2.3722564539,2.9821382979,2.8710666187,1.4748032177,-0.9500733079,-1.1665832700,-1.0819593317,2.6585478408,-3.1328660067,-2.8165122185,0.9490263027,0.0022212586,-0.9436111212,-0.6065221754,0.7348135905,1.0000000000,0.0000000000,0.0000000000,0.0000000000
0.0200000000,-0.6500000000,1.3000000000,-0.1264012244,0.0000000000,2.3722147952,2.9821622965,2.8710666187,1.4748032177,-0.9500668208,-1.1665168784,-1.0819593317,2.6566608433,-3.1328660067,-2.8165315192,0.9488941603,0.0022154636,-0.9430364449,-0.6065221754,0.6681469238,1.0000000000,0.0000000000,0.0000000000,0.0000000000
0.0200000000,-0.6500000000,1.3000000000,-0.1264012244,0.0000000000,2.3720163612,2.9821997572,2.8710666187,1.4748032177,-0.9500682657,-1.1660929628,-1.0819593317,2.6545586627,-3.1328660067,-2.8158674656,0.9479549226,0.0016900587,-0.9431332563,-0.6065221754,0.6014802571,1.0000000000,0.0000000000,0.0000000000,0.0000000000
0.0200000000,-0.6500000000,1.3000000000,-0.1264012244,0.0000000000,2.3715506513,2.9821659111,2.8710666187,1.4748032177,-0.9501228056,-1.1650118199,-1.0819593317,2.6527337061,-3.1328660067,-2.8145341987,0.9464810836,0.0007031113,-0.9437977731,-0.6065221754,0.5348135905,1.0000000000,0.0000000000,0.0000000000,0.0000000000
0.0200000000,-0.6500000000,1.3000000000,-0.1264012244,0.0000000000,2.3708145052,2.9819645193,2.8710666187,1.4748032177,-0.9502709754,-1.1632618566,-1.0819593317,2.6513486381,-3.1328660067,-2.8128046598,0.9448239149,-0.0005328384,-0.9447592837,-0.6065221754,0.4681469238,1.0000000000,0.0000000000,0.0000000000,0.0000000000
0.0200000000,-0.6500000000,1.3000000000,-0.1264012244,0.0000000000,2.3698394120,2.9815359991,2.8710666187,1.4748032177,-0.9505346706,-1.1609683707,-1.0819593317,2.6503648620,-3.1328660067,-2.8108802496,0.9431496543,-0.0018783161,-0.9458575293,-0.6065221754,0.4014802571,1.0000000000,0.0000000000,0.0000000000,0.0000000000
0.0200000000,-0.6500000000,1.3000000000,-0.1264012244,0.0000000000,2.3685565874,2.9808062070,2.8710666187,1.4748032177,-0.9509504136,-1.1580457671,-1.0819593317,2.6496203174,-3.1328660067,-2.8086654191,0.9413228659,-0.0034099827,-0.9471593685,-0.6065221754,0.3348135905,1.0000000000,0.0000000000,0.0000000000,0.0000000000
0.0200000000,-0.6500000000,1.3000000000,-0.1264012244,0.0000000000,2.3670402983,2.9797432797,2.8710666187,1.4748032177,-0.9515242667,-1.1548132862,-1.0819593317,2.6491805023,-3.1328660067,-2.8063271345,0.9394029987,-0.0050282164,-0.9486527461,-0.6065221754,0.2681469238,1.0000000000,0.0000000000,0.0000000000,0.0000000000
0.0200000000,-0.6500000000,1.3000000000,-0.1264012244,0.0000000000,2.3657879513,2.9787467085,2.8710666187,1.4748032177,-0.9520468452,-1.1523516999,-1.0819593317,2.6490311089,-3.1328660067,-2.8044780247,0.9378089523,-0.0063246870,-0.9499879414,-0.6065221754,0.2014802571,1.0000000000,0.0000000000,0.0000000000,0.0000000000
0.0200000000,-0.6500000000,1.3000000000,-0.1264012244,0.0000000000,2.3647567526,2.9778316872,2.8710666187,1.4748032177,-0.9525158384,-1.1505341312,-1.0819593317,2.6490757311,-3.1328660067,-2.8029737511,0.9364040707,-0.0074022805,-0.9512509517,-0.6065221754,0.1348135905,1.0000000000,0.0000000000,0.0000000000,0.0000000000
0.0200000000,-0.6500000000,1.3000000000,-0.1264012244,0.0000000000,2.3638783502,2.9769695786,2.8710666187,1.4748032177,-0.9529493886,-1.1492406461,-1.0819593317,2.6492851936,-3.1328660067,-2.8016412050,0.9349880231,-0.0083923545,-0.9526159187,-0.6065221754,0.0681469238,1.0000000000,0.0000000000,0.0000000000,0.0000000000
0.0200000000,-0.6500000000,1.3000000000,-0.1264012244,0.0000000000,2.3630947698,2.9761026170,2.8710666187,1.4748032177,-0.9533767084,-1.1484435191,-1.0819593317,2.6497095420,-3.1328660067,-2.8003434737,0.9333572527,-0.0094083777,-0.9542958513,-0.6065221754,0.0016525881,1.0000000000,0.0000000000,0.0000000000,0.0000000000
0.0200000000,-0.6500000000,1.3000000000,-0.1264012244,0.0000000000,2.3625909058,2.9754233677,2.8710666187,1.4748032177,-0.9537025056,-1.1485244686,-1.0819593317,2.6504001887,-3.1328660067,-2.7992892625,0.9315883276,-0.0103247774,-0.9562638112,-0.6065221754,0.0000000000,1.0000000000,0.0000000000,0.0000000000,0.0000000000
0.0200000000,-0.6500000000,1.3000000000,-0.1264012244,0.0000000000,2.3623782803,2.9749890038,2.8710666187,1.4748032177,-0.9539022041,-1.1493952433,-1.0819593317,2.6513029198,-3.1328660067,-2.7985408537,0.9297843642,-0.0110875712,-0.9584002800,-0.6065221754,0.0000000000,1.0000000000,0.0000000000,0.0000000000,0.0000000000
0.0200000000,-0.6500000000,1.3000000000,-0.1264012244,0.0000000000,2.3624234683,2.9748106454,2.8710666187,1.4748032177,-0.9539742040,-1.1509991853,-1.0819593317,2.6524699975,-3.1328660067,-2.7980987772,0.9278551785,-0.0117148260,-0.9608215513,-0.6065221754,0.0000000000,1.0000000000,0.0000000000,0.0000000000,0.0000000000
0.0200000000,-0.6500000000,1.3000000000,-0.1264012244,0.0000000000,2.3626929747,2.9748907644,2.8710666187,1.4748032177,-0.9539203526,-1.1534405964,-1.0819593317,2.6541006320,-3.1328660067,-2.7979530046,0.9255103842,-0.0122712178,-0.9639108164,-0.6065221754,0.0000000000,1.0000000000,0.0000000000,0.0000000000,0.0000000000
0.0200000000,-0.6500000000,1.3000000000,-0.1264012244,0.0000000000,2.3630914557,2.9752414931,2.8710666187,1.4748032177,-0.9537429931,-1.1562480640,-1.0819593317,2.6560374455,-3.1328660067,-2.7981577114,0.9229983324,-0.0126774845,-0.9673534830,-0.6065221754,0.0000000000,1.0000000000,0.0000000000,0.0000000000,0.0000000000
0.0200000000,-0.6500000000,1.3000000000,-0.1264012244,0.0000000000,2.3633938311,2.9757289555,2.8710666187,1.4748032177,-0.9535158115,-1.1583909153,-1.0819593317,2.6577875748,-3.1328660067,-2.7985890424,0.9209053901,-0.0128789202,-0.9703178472,-0.6065221754,0.0000000000,1.0000000000,0.0000000000,0.0000000000,0.0000000000
0.0200000000,-0.6500000000,1.3000000000,-0.1264012244,0.0000000000,2.3635098000,2.9762212100,2.8710666187,1.4748032177,-0.9533014781,-1.1596476753,-1.0819593317,2.6592421947,-3.1328660067,-2.7990527622,0.9192501559,-0.0129739168,-0.9727100003,-0.6065221754,0.0000000000,1.0000000000,0.0000000000,0.0000000000,0.0000000000
0.0200000000,-0.6500000000,1.3000000000,-0.1264012244,0.0000000000,2.3634171182,2.9767130825,2.8710666187,1.4748032177,-0.9531043682,-1.1600745551,-1.0819593317,2.6605155352,-3.1328660067,-2.7995130017,0.9178680665,-0.0130150466,-0.9747424183,-0.6065221754,0.0000000000,1.0000000000,0.0000000000,0.0000000000,0.0000000000
0.0200000000,-0.6500000000,1.3000000000,-0.1264012244,0.0000000000,2.3630813020,2.9771661211,2.8710666187,1.4748032177,-0.9529436342,-1.1595733213,-1.0819593317,2.6615670243,-3.1328660067,-2.7999241730,0.9168051138,-0.0130169128,-0.9763431637,-0.6065221754,0.0000000000,1.0000000000,0.0000000000,0.0000000000,0.0000000000
0.0200000000,-0.6500000000,1.3000000000,-0.1264012244,0.0000000000,2.3624853767,2.9775571018,2.8710666187,1.4748032177,-0.9528306109,-1.1581327255,-1.0819593317,2.6624001366,-3.1328660067,-2.8002631963,0.9160637286,-0.0129912027,-0.9775071915,-0.6065221754,0.0000000000,1.0000000000,0.0000000000,0.0000000000,0.0000000000
0.0200000000,-0.6500000000,1.3000000000,-0.1264012244,0.0000000000,2.3616272655,2.9778524322,2.8710666187,1.4748032177,-0.9527796912,-1.1558128147,-1.0819593317,2.6630090399,-3.1328660067,-2.8005058715,0.9156628822,-0.0129468324,-0.9782081490,-0.6065221754,0.0000000000,1.0000000000,0.0000000000,0.0000000000,0.0000000000
0.0200000000,-0.6500000000,1.3000000000,-0.1264012244,0.0000000000,2.3605775979,2.9780624015,2.8710666187,1.4748032177,-0.9527806722,-1.1529329870,-1.0819593317,2.6634617886,-3.1328660067,-2.8006693698,0.9155088031,-0.0128939307,-0.9785744194,-0.6065221754,0.0000000000,1.0000000000,0.0000000000,0.0000000000,0.0000000000
0.0200000000,-0.6500000000,1.3000000000,-0.1264012244,0.0000000000,2.3593871676,2.9781986226,2.8710666187,1.4748032177,-0.9528244113,-1.1497118071,-1.0819593317,2.6637956578,-3.1328660067,-2.8007657157,0.9155399948,-0.0128387124,-0.9786874597,-0.6065221754,0.0000000000,1.0000000000,0.0000000000,0.0000000000,0.0000000000
0.0200000000,-0.6500000000,1.3000000000,-0.1264012244,0.0000000000,2.3579689773,2.9782802059,2.8710666187,1.4748032177,-0.9529102762,-1.1460191188,-1.0819593317,2.6640564268,-3.1328660067,-2.8008043577,0.9157238307,-0.0127830511,-0.9786010923,-0.6065221754,0.0000000000,1.0000000000,0.0000000000,0.0000000000,0.0000000000
0.0200000000,-0.6500000000,1.3000000000,-0.1264012244,0.0000000000,2.3561326105,2.9783218051,2.8710666187,1.4748032177,-0.9530483030,-1.1415241667,-1.0819593317,2.6642635598,-3.1328660067,-2.8007711465,0.9160762933,-0.0127314799,-0.9783035812,-0.6065221754,0.0000000000,1.0000000000,0.0000000000,0.0000000000,0.0000000000
0.0200000000,-0.6500000000,1.3000000000,-0.1264012244,0.0000000000,2.3538550295,2.9783366497,2.8710666187,1.4748032177,-0.9532351344,-1.1364478311,-1.0819593317,2.6643785726,-3.1328660067,-2.8006211835,0.9166018941,-0.0127068732,-0.9777676076,-0.6065221754,0.0000000000,1.0000000000,0.0000000000,0.0000000000,0.0000000000
0.0200000000,-0.6500000000,1.3000000000,-0.1264012244,0.0000000000,2.3515575921,2.9783641621,2.8710666187,1.4748032177,-0.9534189425,-1.1318877129,-1.0819593317,2.6643833737,-3.1328660067,-2.8003580457,0.9171786840,-0.0127317655,-0.9771156007,-0.6065221754,0.0000000000,1.0000000000,0.0000000000,0.0000000000,0.0000000000
0.0200000000,-0.6500000000,1.3000000000,-0.1264012244,0.0000000000,2.3493450185,2.9784349055,2.8710666187,1.4748032177,-0.9535783250,-1.1280223590,-1.0819593317,2.6643164866,-3.1328660067,-2.7999955322,0.9177679788,-0.0128068581,-0.9764057237,-0.6065221754,0.0000000000,1.0000000000,0.0000000000,0.0000000000,0.0000000000
0.0200000000,-0.6500000000,1.3000000000,-0.1264012244,0.0000000000,2.3471677639,2.9785650878,2.8710666187,1.4748032177,-0.9537109391,-1.1247356395,-1.0819593317,2.6642218096,-3.1328660067,-2.7995257396,0.9183940705,-0.0129318356,-0.9756279400,-0.6065221754,0.0000000000,1.0000000000,0.0000000000,0.0000000000,0.0000000000
0.0200000000,-0.6500000000,1.3000000000,-0.1264012244,0.0000000000,2.3449412025,2.9787666673,2.8710666187,1.4748032177,-0.9538192221,-1.1219331667,-1.0819593317,2.6641488298,-3.1328660067,-2.7989233122,0.9191106875,-0.0131098785,-0.9747401913,-0.6065221754,0.0000000000,1.0000000000,0.0000000000,0.0000000000,0.0000000000
0.0200000000,-0.6500000000,1.3000000000,-0.1264012244,0.0000000000,2.3426754628,2.9790444618,2.8710666187,1.4748032177,-0.9539004913,-1.1197801922,-1.0819593317,2.6641817563,-3.1328660067,-2.7981700666,0.9199787036,-0.0133392259,-0.9737072625,-0.6065221754,0.0000000000,1.0000000000,0.0000000000,0.0000000000,0.0000000000
0.0200000000,-0.6500000000,1.3000000000,-0.1264012244,0.0000000000,2.3405896842,2.9793430011,2.8710666187,1.4748032177,-0.9539583962,-1.1185192569,-1.0819593317,2.6643911544,-3.1328660067,-2.7973618423,0.9209685537,-0.0135751757,-0.9726034475,-0.6065221754,0.0000000000,1.0000000000,0.0000000000,0.0000000000,0.0000000000
0.0200000000,-0.6500000000,1.3000000000,-0.1264012244,0.0000000000,2.3387116412,2.9796180861,2.8710666187,1.4748032177,-0.9540081941,-1.1181465644,-1.0819593317,2.6647906514,-3.1328660067,-2.7965524229,0.9220971900,-0.0137858043,-0.9714246600,-0.6065221754,0.0000000000,1.0000000000,0.0000000000,0.0000000000,0.0000000000
0.0200000000,-0.6500000000,1.3000000000,-0.1264012244,0.0000000000,2.3370872542,2.9798342886,2.8710666187,1.4748032177,-0.9540600268,-1.1186576895,-1.0819593317,2.6653503320,-3.1328660067,-2.7957959387,0.9233511782,-0.0139447272,-0.9701823165,-0.6065221754,0.0000000000,1.0000000000,0.0000000000,0.0000000000,0.0000000000
0.0200000000,-0.6500000000,1.3000000000,-0.1264012244,0.0000000000,2.3357175877,2.9799700667,2.8710666187,1.4748032177,-0.9541222595,-1.1199922094,-1.0819593317,2.6660172797,-3.1328660067,-2.7951272573,0.9247201187,-0.0140350568,-0.9688725584,-0.6065221754,0.0000000000,1.0000000000,0.0000000000,0.0000000000,0.0000000000
0.0200000000,-0.6500000000,1.3000000000,-0.1264012244,0.0000000000,2.3345709530,2.9800117050,2.8710666187,1.4748032177,-0.9542028159,-1.1222435144,-1.0819593317,2.6667401704,-3.1328660067,-2.7945599666,0.9262548300,-0.0140391960,-0.9674231920,-0.6065221754,0.0000000000,1.0000000000,0.0000000000,0.0000000000,0.0000000000
0.0200000000,-0.6500000000,1.3000000000,-0.1264012244,0.0000000000,2.3335916386,2.9799669449,2.8710666187,1.4748032177,-0.9543031701,-1.1253819777,-1.0819593317,2.6674710633,-3.1328660067,-2.7940861846,0.9279742763,-0.0139572863,-0.9657939675,-0.6065221754,0.0000000000,1.0000000000,0.0000000000,0.0000000000,0.0000000000
0.0200000000,-0.6500000000,1.3000000000,-0.1264012244,0.0000000000,2.3327509369,2.9798445476,2.8710666187,1.4748032177,-0.9544219841,-1.1294259162,-1.0819593317,2.6681441427,-3.1328660067,-2.7937103442,0.9298849521,-0.0137852989,-0.9639528451,-0.6065221754,0.0000000000,1.0000000000,0.0000000000,0.0000000000,0.0000000000
0.0200000000,-0.6500000000,1.3000000000,-0.1264012244,0.0000000000,2.3320509412,2.9796587358,2.8710666187,1.4748032177,-0.9545531405,-1.1343171655,-1.0819593317,2.6686932821,-3.1328660067,-2.7934450069,0.9319435302,-0.0135247239,-0.9619222178,-0.6065221754,0.0000000000,1.0000000000,0.0000000000,0.0000000000,0.0000000000
0.0200000000,-0.6500000000,1.3000000000,-0.1264012244,0.0000000000,2.3314949479,2.9794595158,2.8710666187,1.4748032177,-0.9546766344,-1.1393626390,-1.0819593317,2.6690728147,-3.1328660067,-2.7932810686,0.9339111753,-0.0132271662,-0.9599384071,-0.6065221754,0.0000000000,1.0000000000,0.0000000000,0.0000000000,0.0000000000
0.0200000000,-0.6500000000,1.3000000000,-0.1264012244,0.0000000000,2.3311111579,2.9792854098,2.8710666187,1.4748032177,-0.9547749387,-1.1439451136,-1.0819593317,2.6692392205,-3.1328660067,-2.7932215649,0.9355616490,-0.0129352951,-0.9582270207,-0.6065221754,0.0000000000,1.0000000000,0.0000000000,0.0000000000,0.0000000000
0.0200000000,-0.6500000000,1.3000000000,-0.1264012244,0.0000000000,2.3307742156,2.9791298948,2.8710666187,1.4748032177,-0.9548608906,-1.1485872121,-1.0819593317,2.6692904009,-3.1328660067,-2.7932115300,0.9371432901,-0.0126301112,-0.9565518775,-0.6065221754,0.0000000000,1.0000000000,0.0000000000,0.0000000000,0.0000000000
0.0200000000,-0.6500000000,1.3000000000,-0.1264012244,0.0000000000,2.3304473789,2.9789919002,2.8710666187,1.4748032177,-0.9549379204,-1.1534323503,-1.0819593317,2.6692535830,-3.1328660067,-2.7932348045,0.9387252558,-0.0123067790,-0.9548470549,-0.6065221754,0.0000000000,1.0000000000,0.0000000000,0.0000000000,0.0000000000
0.0200000000,-0.6500000000,1.3000000000,-0.1264012244,0.0000000000,2.3301355363,2.9788833254,2.8710666187,1.4748032177,-0.9550010162,-1.1582256504,-1.0819593317,2.6691458285,-3.1328660067,-2.7932843012,0.9402301697,-0.0119843747,-0.9532009978,-0.6065221754,0.0000000000,1.0000000000,0.0000000000,0.0000000000,0.0000000000
0.0200000000,-0.6500000000,1.3000000000,-0.1264012244,0.0000000000,2.3298427266,2.9788083405,2.8710666187,1.4748032177,-0.9550485324,-1.1627647246,-1.0819593317,2.6689839971,-3.1328660067,-2.7933512392,0.9416041228,-0.0116782437,-0.9516766735,-0.6065221754,0.0000000000,1.0000000000,0.0000000000,0.0000000000,0.0000000000
0.0200000000,-0.6500000000,1.3000000000,-0.1264012244,0.0000000000,2.3295412225,2.9787754541,2.8710666187,1.4748032689,-0.9550784985,-1.1673210052,-1.0819593317,2.6687570391,-3.1328660067,-2.7934407921,0.9429199056,-0.0113713324,-0.9501925990,-0.6065221754,0.0000000000,1.0000000000,0.0000000000,0.0000000000,0.0000000000
0.0200000000,-0.6500000000,1.3000000000,-0.1264012244,0.0000000000,2.3291811153,2.9787913830,2.8710666187,1.4748049018,-0.9550912024,-1.1723461505,-1.0819593317,2.6684640473,-3.1328660067,-2.7935541836,0.9443142108,-0.0110361972,-0.9486022238,-0.6065221754,0.0000000000,1.0000000000,0.0000000000,0.0000000000,0.0000000000
0.0200000000,-0.6500000000,1.3000000000,-0.1264012244,0.0000000000,2.3287702953,2.9788536530,2.8710666187,1.4748075129,-0.9550872226,-1.1777632200,-1.0819593317,2.6681092155,-3.1328660067,-2.7936898615,0.9457669438,-0.0106776164,-0.9469284702,-0.6065221754,0.0000000000,1.0000000000,0.0000000000,0.0000000000,0.0000000000
0.0200000000,-0.6500000000,1.3000000000,-0.1264012244,0.0000000000,2.3283514160,2.9789582349,2.8710666187,1.4747998158,-0.9550661408,-1.1829210569,-1.0819593317,2.6677501222,-3.1328660067,-2.7938278919,0.9471113479,-0.0103391583,-0.9453693682,-0.6065221754,0.0000000000,1.0000000000,0.0000000000,0.0000000000,0.0000000000
0.0200000000,-0.6500000000,1.3000000000,-0.1264012244,0.0000000000,2.3279259588,2.9791145839,2.8710666187,1.4747834826,-0.9550239912,-1.1876701779,-1.0819593317,2.6673973310,-3.1328660067,-2.7939649107,0.9483002834,-0.0100319374,-0.9439790043,-0.6065221754,0.0000000000,1.0000000000,0.0000000000,0.0000000000,0.0000000000
0.0200000000,-0.6500000000,1.3000000000,-0.1264012244,0.0000000000,2.3275122778,2.9793019135,2.8710666187,1.4747460565,-0.9549684798,-1.1919803411,-1.0819593317,2.6670599258,-3.1328660067,-2.7940971936,0.9493449221,-0.0097557225,-0.9427484101,-0.6065221754,0.0000000000,1.0000000000,0.0000000000,0.0000000000,0.0000000000
0.0200000000,-0.6500000000,1.3000000000,-0.1264012244,0.0000000000,2.3271521982,2.9794741471,2.8710666187,1.4746896771,-0.9549165094,-1.1956732633,-1.0819593317,2.6667700993,-3.1328660067,-2.7942119753,0.9502364068,-0.0095190382,-0.9416977495,-0.6065221754,0.0000000000,1.0000000000,0.0000000000,0.0000000000,0.0000000000
0.0200000000,-0.6500000000,1.3000000000,-0.1264012244,0.0000000000,2.3268642521,2.9796168558,2.8710666187,1.4746678969,-0.9548727821,-1.1985052073,-1.0819593317,2.6665486908,-3.1328660067,-2.7943004364,0.9509093297,-0.0093394359,-0.9409039056,-0.6065221754,0.0000000000,1.0000000000,0.0000000000,0.0000000000,0.0000000000
0.0200000000,-0.6500000000,1.3000000000,-0.1264012244,0.0000000000,2.3266219654,2.9797520315,2.8710666187,1.4746337454,-0.9548298379,-1.2007517491,-1.0819593317,2.6663691498,-3.1328660067,-2.7943735316,0.9514298176,-0.0091980833,-0.9402873155,-0.6065221754,0.0000000000,1.0000000000,0.0000000000,0.0000000000,0.0000000000
0.0200000000,-0.6500000000,1.3000000000,-0.1264012244,0.0000000000,2.3263875918,2.9799077048,2.8710666187,1.4744867634,-0.9547786141,-1.2029053666,-1.0819593317,2.6661896526,-3.1328660067,-2.7944488298,0.9519294467,-0.0090597599,-0.9396933351,-0.6065221754,0.0000000000,1.0000000000,0.0000000000,0.0000000000,0.0000000000
0.0200000000,-0.6500000000,1.3000000000,-0.1264012244,0.0000000000,2.3261156602,2.9801201360,2.8710666187,1.4740958006,-0.9547072180,-1.2055545365,-1.0819593317,2.6659595637,-3.1328660067,-2.7945478758,0.9525652923,-0.0088821270,-0.9389371513,-0.6065221754,0.0000000000,1.0000000000,0.0000000000,0.0000000000,0.0000000000
0.0200000000,-0.6500000000,1.3000000000,-0.1264012244,0.0000000000,2.3257781731,2.9804009536,2.8710666187,1.4734657240,-0.9546122922,-1.2089859520,-1.0819593317,2.6656583370,-3.1328660067,-2.7946793675,0.9534057453,-0.0086470945,-0.9379387916,-0.6065221754,0.0000000000,1.0000000000,0.0000000000,0.0000000000,0.0000000000
0.0200000000,-0.6500000000,1.3000000000,-0.1264012244,0.0000000000,2.3254096537,2.9807289499,2.8710666187,1.4726412324,-0.9545005450,-1.2128072813,-1.0819593317,2.6653171655,-3.1328660067,-2.7948299444,0.9543517818,-0.0083812440,-0.9368145109,-0.6065221754,0.0000000000,1.0000000000,0.0000000000,0.0000000000,0.0000000000
0.0200000000,-0.6500000000,1.3000000000,-0.1264012244,0.0000000000,2.3250828472,2.9810887589,2.8710666187,1.4714274630,-0.9543755607,-1.2165291049,-1.0819593317,2.6649606298,-3.1328660067,-2.7949880837,0.9553178726,-0.0081075615,-0.9356637848,-0.6065221754,0.0000000000,1.0000000000,0.0000000000,0.0000000000,0.0000000000
0.0200000000,-0.6500000000,1.3000000000,-0.1264012244,0.0000000000,2.3248312111,2.9814615121,2.8710666187,1.4697885552,-0.9542438546,-1.2199833980,-1.0819593317,2.6646050590,-3.1328660067,-2.7951489119,0.9562752110,-0.0078343639,-0.9345230107,-0.6065221754,0.0000000000,1.0000000000,0.0000000000,0.0000000000,0.0000000000
0.0200000000,-0.6500000000,1.3000000000,-0.1264012244,0.0000000000,2.3246101095,2.9819027488,2.8710667169,1.4676125180,-0.9540845809,-1.2233297149,-1.0819593317,2.6642127422,-3.1328660067,-2.7953208559,0.9572593286,-0.0075500403,-0.9333409743,-0.6065221754,0.0000000000,1.0000000000,0.0000000000,0.0000000000,0.0000000000
0.0200000000,-0.6500000000,1.3000000000,-0.1264012244,0.0000000000,2.3243867118,2.9824521494,2.8710674125,1.4648316374,-0.9538831238,-1.2266720959,-1.0819593317,2.6637591889,-3.1328660067,-2.7955082955,0.9582932278,-0.0072476402,-0.9320843169,-0.6065221754,0.0000000000,1.0000000000,0.0000000000,0.0000000000,0.0000000000
0.0200000000,-0.6500000000,1.3000000000,-0.1264012244,0.0000000000,2.3240922530,2.9831523740,2.8710672351,1.4615218497,-0.9536216064,-1.2300761061,-1.0819593317,2.6632052118,-3.1328660067,-2.7957157378,0.9593581560,-0.0069280641,-0.9307593009,-0.6065221754,0.0000000000,1.0000000000,0.0000000000,0.0000000000,0.0000000000
0.0200000000,-0.6500000000,1.3000000000,-0.1264012244,0.0000000000,2.3236085905,2.9841044173,2.8710582850,1.4576668554,-0.9532577123,-1.2336983212,-1.0819593317,2.6624490825,-3.1328660067,-2.7959623330,0.9604358116,-0.0065838326,-0.9293506446,-0.6065221754,0.0000000000,1.0000000000,0.0000000000,0.0000000000,0.0000000000
0.0200000000,-0.6500000000,1.3000000000,-0.1264012244,0.0000000000,2.3227585238,2.9855074989,2.8710115999,1.4529599422,-0.9527048282,-1.2378904138,-1.0819593317,2.6612444965,-3.1328660067,-2.7963074143,0.9615226343,-0.0061820346,-0.9277796377,-0.6065221754,0.0000000000,1.0000000000,0.0000000000,0.0000000000,0.0000000000
0.0200000000,-0.6500000000,1.3000000000,-0.1264012244,0.0000000000,2.3214541088,2.9875196724,2.8708274149,1.4475671378,-0.9518906601,-1.2424449274,-1.0819593317,2.6592299046,-3.1328660067,-2.7968871230,0.9622759797,-0.0057127581,-0.9263048409,-0.6065221754,0.0000000000,1.0000000000,0.0000000000,0.0000000000,0.0000000000
0.0200000000,-0.6500000000,1.3000000000,-0.1264012244,0.0000000000,2.3198204923,2.9900638019,2.8704475917,1.4418229294,-0.9508542421,-1.2470862454,-1.0819593317,2.6563444862,-3.1328660067,-2.7978636705,0.9623657332,-0.0051522417,-0.9252887698,-0.6065221754,0.0000000000,1.0000000000,0.0000000000,0.0000000000,0.0000000000
0.0200000000,-0.6500000000,1.3000000000,-0.1264012244,0.0000000000,2.3180601476,2.9928563603,2.8699054097,1.4361289679,-0.9497151617,-1.2515524861,-1.0819593317,2.6529761745,-3.1328661492,-2.7992928841,0.9616564815,-0.0045002282,-0.9250321680,-0.6065221754,0.0000000000,1.0000000000,0.0000000000,0.0000000000,0.0000000000
0.0200000000,-0.6500000000,1.3000000000,-0.1264012244,0.0000000000,2.3163093518,2.9956780121,2.8692672931,1.4306501745,-0.9485612024,-1.2557822464,-1.0819593317,2.6496341819,-3.1328677662,-2.8010815233,0.9602178007,-0.0037979959,-0.9256309326,-0.6065221754,0.0000000000,1.0000000000,0.0000000000,0.0000000000,0.0000000000
0.0200000000,-0.6500000000,1.3000000000,-0.1264012244,0.0000000000,2.3145534843,2.9985380057,2.8685916268,1.4251999819,-0.9473891430,-1.2599583539,-1.0819593317,2.6465809812,-3.1328543813,-2.8030563639,0.9581357702,-0.0031241491,-0.9270512626,-0.6065221754,0.0000000000,1.0000000000,0.0000000000,0.0000000000,0.0000000000
0.0200000000,-0.6500000000,1.3000000000,-0.1264012244,0.0000000000,2.3127372924,3.0014798283,2.8679561628,1.4196358553,-0.9461857769,-1.2641909414,-1.0819593317,2.6440629483,-3.1327476942,-2.8049722572,0.9554096605,-0.0026115833,-0.9293281649,-0.6065221754,0.0000000000,1.0000000000,0.0000000000,0.0000000000,0.0000000000
0.0200000000,-0.6500000000,1.3000000000,-0.1264012244,0.0000000000,2.3107759670,3.0045030207,2.8673981023,1.4139389634,-0.9449598466,-1.2684649799,-1.0819593317,2.6421943470,-3.1324167386,-2.8067250714,0.9521457603,-0.0022943609,-0.9323672323,-0.6065221754,0.0000000000,1.0000000000,0.0000000000,0.0000000000,0.0000000000
0.0200000000,-0.6500000000,1.3000000000,-0.1264012244,0.0000000000,2.3086558987,3.0074601276,2.8668842790,1.4083640738,-0.9437782063,-1.2725540130,-1.0819593317,2.6410337083,-3.1318780948,-2.8083593362,0.9485608682,-0.0021052061,-0.9359777550,-0.6065221754,0.0000000000,1.0000000000,0.0000000000,0.0000000000,0.0000000000
0.0200000000,-0.6500000000,1.3000000000,-0.1264012244,0.0000000000,2.3065396938,3.0100452442,2.8664097839,1.4034716898,-0.9427657464,-1.2760330623,-1.0819593317,2.6405804896,-3.1312934300,-2.8097740566,0.9451020003,-0.0020109940,-0.9396804745,-0.6065221754,0.0000000000,1.0000000000,0.0000000000,0.0000000000,0.0000000000
0.0200000000,-0.6500000000,1.3000000000,-0.1264012244,0.0000000000,2.3045490406,3.0122014998,2.8659744083,1.3993769839,-0.9419383778,-1.2788534722,-1.0819593317,2.6405797132,-3.1307887239,-2.8109476338,0.9420014159,-0.0019777591,-0.9431359692,-0.6065221754,0.0000000000,1.0000000000,0.0000000000,0.0000000000,0.0000000000
0.0200000000,-0.6500000000,1.3000000000,-0.1264012244,0.0000000000,2.3027432269,3.0139289387,2.8655831047,1.3960897609,-0.9412915279,-1.2810319433,-1.0819593317,2.6408770599,-3.1304230306,-2.8118658100,0.9393510383,-0.0019951743,-0.9461881740,-0.6065221754,0.0000000000,1.0000000000,0.0000000000,0.0000000000,0.0000000000
0.0200000000,-0.6500000000,1.3000000000,-0.1264012244,0.0000000000,2.3010553228,3.0154406255,2.8652270846,1.3932202471,-0.9407341932,-1.2828855202,-1.0819593317,2.6412889433,-3.1301408427,-2.8126599841,0.9369539067,-0.0020307735,-0.9489965029,-0.6065221754,0.0000000000,1.0000000000,0.0000000000,0.0000000000,0.0000000000
0.0200000000,-0.6500000000,1.3000000000,-0.1264012244,0.0000000000,2.2994649217,3.0168082081,2.8649029931,1.3906376759,-0.9402355805,-1.2845215392,-1.0819593317,2.6417463145,-3.1299256395,-2.8133731782,0.9347479759,-0.0020734289,-0.9516072773,-0.6065221754,0.0000000000,1.0000000000,0.0000000000,0.0000000000,0.0000000000
0.0200000000,-0.6500000000,1.3000000000,-0.1264012244,0.0000000000,2.2979639776,3.0180699338,2.8646175480,1.3882697189,-0.9397794698,-1.2859995636,-1.0819593317,2.6422351882,-3.1297755405,-2.8140473229,0.9326883763,-0.0021095487,-0.9540693818,-0.6065221754,0.0000000000,1.0000000000,0.0000000000,0.0000000000,0.0000000000
0.0200000000,-0.6500000000,1.3000000000,-0.1264012244,0.0000000000,2.2965381700,3.0192652635,2.8643676187,1.3860425150,-0.9393490408,-1.2873789196,-1.0819593317,2.6427287030,-3.1296767098,-2.8147096579,0.9307330709,-0.0021326613,-0.9564213372,-0.6065221754,0.0000000000,1.0000000000,0.0000000000,0.0000000000,0.0000000000
0.0200000000,-0.6500000000,1.3000000000,-0.1264012244,0.0000000000,2.2952349384,3.0203864458,2.8642047118,1.3839758969,-0.9389469665,-1.2886571013,-1.0819593317,2.6432358722,-3.1297055544,-2.8154136210,0.9289067983,-0.0021102394,-0.9586499566,-0.6065221754,0.0000000000,1.0000000000,0.0000000000,0.0000000000,0.0000000000
0.0200000000,-0.6500000000,1.3000000000,-0.1264012244,0.0000000000,2.2941129851,3.0213894267,2.8641607135,1.3821599328,-0.9385902309,-1.2897772294,-1.0819593317,2.6437453011,-3.1299006352,-2.8161535470,0.9272903415,-0.0020299046,-0.9606656207,-0.6065221754,0.0000000000,1.0000000000,0.0000000000,0.0000000000,0.0000000000
0.0200000000,-0.6500000000,1.3000000000,-0.1264012244,0.0000000000,2.2932093638,3.0221300205,2.8642775487,1.3809572824,-0.9383452389,-1.2904294597,-1.0819593317,2.6442549900,-3.1303233632,-2.8167963416,0.9261391749,-0.0019128640,-0.9621781175,-0.6065221754,0.0000000000,1.0000000000,0.0000000000,0.0000000000,0.0000000000
0.0200000000,-0.6500000000,1.3000000000,-0.1264012244,0.0000000000,2.2921158627,3.0227832384,2.8644757425,1.3801831032,-0.9381661430,-1.2906028525,-1.0819593317,2.6448546685,-3.1309238111,-2.8173132052,0.9252027896,-0.0018230227,-0.9634824279,-0.6065221754,0.0000000000,1.0000000000,0.0000000000,0.0000000000,0.0000000000
0.0200000000,-0.6500000000,1.3000000000,-0.1264012244,0.0000000000,2.2905693614,3.0234976031,2.8646176186,1.3795876925,-0.9380005878,-1.2904152919,-1.0819593317,2.6455384285,-3.1315115469,-2.8176740972,0.9242456527,-0.0018259667,-0.9648278673,-0.6065221754,0.0000000000,1.0000000000,0.0000000000,0.0000000000,0.0000000000
0.0200000000,-0.6500000000,1.3000000000,-0.1264012244,0.0000000000,2.2880702277,3.0245659200,2.8646464043,1.3787709582,-0.9377591465,-1.2900020311,-1.0819593317,2.6464645768,-3.1320408500,-2.8180112035,0.9228335793,-0.0019531592,-0.9667852874,-0.6065221754,0.0000000000,1.0000000000,0.0000000000,0.0000000000,0.0000000000
0.0200000000,-0.6500000000,1.3000000000,-0.1264012244,0.0000000000,2.2847892406,3.0259276144,2.8645927448,1.3778179165,-0.9374560796,-1.2893583383,-1.0819593317,2.6475691073,-3.1324492985,-2.8182578528,0.9210708155,-0.0022158417,-0.9691986628,-0.6065221754,0.0000000000,1.0000000000,0.0000000000,0.0000000000,0.0000000000
0.0200000000,-0.6500000000,1.3000000000,-0.1264012244,0.0000000000,2.2807564733,3.0275489602,2.8645101103,1.3769258402,-0.9371103099,-1.2883079637,-1.0819593317,2.6487991873,-3.1327054821,-2.8182761951,0.9190865196,-0.0026512323,-0.9718653094,-0.6065221754,0.0000000000,1.0000000000,0.0000000000,0.0000000000,0.0000000000
0.0200000000,-0.6500000000,1.3000000000,-0.1264012244,0.0000000000,2.2760260424,3.0293603066,2.8644923483,1.3764575001,-0.9367592993,-1.2865282749,-1.0819593317,2.6500542185,-3.1328331771,-2.8179162795,0.9171330000,-0.0032720513,-0.9744223140,-0.6065221754,0.0000000000,1.0000000000,0.0000000000,0.0000000000,0.0000000000
0.0200000000,-0.6500000000,1.3000000000,-0.1264012244,0.0000000000,2.2710300092,3.0311505755,2.8646132791,1.3767614657,-0.9364646854,-1.2838899847,-1.0819593317,2.6511367886,-3.1328643346,-2.8171640926,0.9155981682,-0.0039983428,-0.9763652138,-0.6065221754,0.0000000000,1.0000000000,0.0000000000,0.0000000000,0.0000000000
0.0200000000,-0.6500000000,1.3000000000,-0.1264012244,0.0000000000,2.2666831937,3.0325753390,2.8648493367,1.3777953223,-0.9362871741,-1.2808679981,-1.0819593317,2.6518541321,-3.1328677011,-2.8163286939,0.9147898087,-0.0046113905,-0.9773658768,-0.6065221754,0.0000000000,1.0000000000,0.0000000000,0.0000000000,0.0000000000
0.0200000000,-0.6500000000,1.3000000000,-0.1264012244,0.0000000000,2.2627796721,3.0337439391,2.8651433590,1.3792621542,-0.9361895333,-1.2776509060,-1.0819593317,2.6523534780,-3.1328660067,-2.8155249219,0.9144358153,-0.0051129506,-0.9778034946,-0.6065221754,0.0000000000,1.0000000000,0.0000000000,0.0000000000,0.0000000000
0.0200000000,-0.6500000000,1.3000000000,-0.1264012244,0.0000000000,2.2591049943,3.0347466698,2.8654737423,1.3810205973,-0.9361486514,-1.2742744085,-1.0819593317,2.6527387560,-3.1328660067,-2.8147877152,0.9143624364,-0.0055224796,-0.9779129302,-0.6065221754,0.0000000000,1.0000000000,0.0000000000,0.0000000000,0.0000000000
0.0200000000,-0.6500000000,1.3000000000,-0.1264012244,0.0000000000,2.2555097075,3.0356328412,2.8658443388,1.3830343233,-0.9361565493,-1.2707045454,-1.0819593317,2.6530702041,-3.1328660067,-2.8141159280,0.9144871545,-0.0058570127,-0.9778032029,-0.6065221754,0.0000000000,1.0000000000,0.0000000000,0.0000000000,0.0000000000
0.0200000000,-0.6500000000,1.3000000000,-0.1264012244,0.0000000000,2.2520166563,3.0364012029,2.8662497894,1.3852058665,-0.9362094704,-1.2670453105,-1.0819593317,2.6533820623,-3.1328660067,-2.8135379205,0.9147471539,-0.0061142550,-0.9775582075,-0.6065221754,0.0000000000,1.0000000000,0.0000000000,0.0000000000,0.0000000000
0.0200000000,-0.6500000000,1.3000000000,-0.1264012244,0.0000000000,2.2485116913,3.0370623861,2.8667078035,1.3875686845,-0.9363144499,-1.2632163163,-1.0819593317,2.6537125949,-3.1328660067,-2.8130682154,0.9151186409,-0.0062914640,-0.9772200935,-0.6065221754,0.0000000000,1.0000000000,0.0000000000,0.0000000000,0.0000000000
0.0200000000,-0.6500000000,1.3000000000,-0.1264012244,0.0000000000,2.2448036011,3.0376575049,2.8672368700,1.3901759076,-0.9364729361,-1.2590812729,-1.0819593317,2.6541045096,-3.1328660067,-2.8126951770,0.9155645900,-0.0064025309,-0.9768425537,-0.6065221754,0.0000000000,1.0000000000,0.0000000000,0.0000000000,0.0000000000
0.0200000000,-0.6500000000,1.3000000000,-0.1264012244,0.0000000000,2.2407559338,3.0382019124,2.8678509676,1.3930851233,-0.9366915148,-1.2545262269,-1.0819593317,2.6545873559,-3.1328660067,-2.8124295432,0.9160607454,-0.0064467914,-0.9764643171,-0.6065221754,0.0000000000,1.0000000000,0.0000000000,0.0000000000,0.0000000000
0.0200000000,-0.6500000000,1.3000000000,-0.1264012244,0.0000000000,2.2361781804,3.0387213029,2.8685679015,1.3964096304,-0.9369780326,-1.2493589049,-1.0819593317,2.6551888340,-3.1328660067,-2.8122787933,0.9165940092,-0.0064230579,-0.9761111266,-0.6065221754,0.0000000000,1.0000000000,0.0000000000,0.0000000000,0.0000000000
0.0200000000,-0.6500000000,1.3000000000,-0.1264012244,0.0000000000,2.2316951908,3.0391805823,2.8692645178,1.3996827261,-0.9372743749,-1.2442891304,-1.0819593317,2.6558048532,-3.1328660067,-2.8122432857,0.9170657609,-0.0063504182,-0.9758467283,-0.6065221754,0.0000000000,1.0000000000,0.0000000000,0.0000000000,0.0000000000
0.0200000000,-0.6500000000,1.3000000000,-0.1264012244,0.0000000000,2.2279728999,3.0395608247,2.8698131635,1.4024210273,-0.9375241332,-1.2400530722,-1.0819593317,2.6563151363,-3.1328660067,-2.8122760199,0.9174196303,-0.0062645807,-0.9756765103,-0.6065221754,0.0000000000,1.0000000000,0.0000000000,0.0000000000,0.0000000000
0.0200000000,-0.6500000000,1.3000000000,-0.1264012244,0.0000000000,2.2248362428,3.0399021511,2.8702272321,1.4047524161,-0.9377413652,-1.2364442633,-1.0819593317,2.6567330765,-3.1328660067,-2.8123418899,0.9176941674,-0.0061765502,-0.9755594404,-0.6065221754,0.0000000000,1.0000000000,0.0000000000,0.0000000000,0.0000000000
0.0200000000,-0.6500000000,1.3000000000,-0.1264012244,0.0000000000,2.2218533963,3.0402546220,2.8705570947,1.4069942276,-0.9379627858,-1.2329675305,-1.0819593317,2.6571168876,-3.1328660067,-2.8124311264,0.9179457918,-0.0060804864,-0.9754570357,-0.6065221754,0.0000000000,1.0000000000,0.0000000000,0.0000000000,0.0000000000
0.0200000000,-0.6500000000,1.3000000000,-0.1264012244,0.0000000000,2.2189747228,3.0406184931,2.8707969259,1.4091861551,-0.9381897198,-1.2295670752,-1.0819593317,2.6574754523,-3.1328660067,-2.8125521679,0.9181820245,-0.0059704186,-0.9753661601,-0.6065221754,0.0000000000,1.0000000000,0.0000000000,0.0000000000,0.0000000000
0.0200000000,-0.6500000000,1.3000000000,-0.1264012244,0.0000000000,2.2161206253,3.0410009538,2.8709531829,1.4113933689,-0.9384171565,-1.2261514059,-1.0819593317,2.6578214726,-3.1328660067,-2.8127182573,0.9184114490,-0.0058376186,-0.9752848089,-0.6065221754,0.0000000000,1.0000000000,0.0000000000,0.0000000000,0.0000000000
0.0200000000,-0.6500000000,1.3000000000,-0.1264012244,0.0000000000,2.2131715021,3.0414154226,2.8710311929,1.4137215358,-0.9386280671,-1.2225781586,-1.0819593317,2.6581726492,-3.1328660067,-2.8129612780,0.9186434562,-0.0056632779,-0.9752150479,-0.6065221754,0.0000000000,1.0000000000,0.0000000000,0.0000000000,0.0000000000
0.0200000000,-0.6500000000,1.3000000000,-0.1264012244,0.0000000000,2.2102057803,3.0418669111,2.8710609758,1.4161158242,-0.9388002064,-1.2189352786,-1.0819593317,2.6585247683,-3.1328660067,-2.8132936696,0.9188658709,-0.0054431701,-0.9751700903,-0.6065221754,0.0000000000,1.0000000000,0.0000000000,0.0000000000,0.0000000000
0.0200000000,-0.6500000000,1.3000000000,-0.1264012244,0.0000000000,2.2072649626,3.0423704832,2.8710667149,1.4185498655,-0.9389222114,-1.2152608296,-1.0819593317,2.6588785564,-3.1328660067,-2.8137318573,0.9190678270,-0.0051707063,-0.9751643196,-0.6065221754,0.0000000000,1.0000000000,0.0000000000,0.0000000000,0.0000000000
0.0200000000,-0.6500000000,1.3000000000,-0.1264012244,0.0000000000,2.2043906138,3.0429554759,2.8710668105,1.4209962450,-0.9389936581,-1.2115830151,-1.0819593317,2.6592387875,-3.1328660067,-2.8142975461,0.9192331303,-0.0048375687,-0.9752201502,-0.6065221754,0.0000000000,1.0000000000,0.0000000000,0.0000000000,0.0000000000
0.0200000000,-0.6500000000,1.3000000000,-0.1264012244,0.0000000000,2.2016777015,3.0436370533,2.8710666363,1.4233811491,-0.9390083658,-1.2080039376,-1.0819593317,2.6596066537,-3.1328660067,-2.8150014016,0.9193427693,-0.0044418786,-0.9753598043,-0.6065221754,0.0000000000,1.0000000000,0.0000000000,0.0000000000,0.0000000000
0.0200000000,-0.6500000000,1.3000000000,-0.1264012244,0.0000000000,2.1994794800,3.0443774320,2.8710658616,1.4254011700,-0.9389446820,-1.2049716800,-1.0819593317,2.6599588304,-3.1328660067,-2.8157881053,0.9193680590,-0.0040187878,-0.9755956219,-0.6065221754,0.0000000000,1.0000000000,0.0000000000,0.0000000000,0.0000000000
0.0200000000,-0.6500000000,1.3000000000,-0.1264012244,0.0000000000,2.1980263076,3.0450690336,2.8710582870,1.4268143802,-0.9388150514,-1.2028436617,-1.0819593317,2.6602549571,-3.1328660067,-2.8165018312,0.9193333066,-0.0036463893,-0.9758613491,-0.6065221754,0.0000000000,1.0000000000,0.0000000000,0.0000000000,0.0000000000
0.0200000000,-0.6500000000,1.3000000000,-0.1264012244,0.0000000000,2.1972227607,3.0456923782,2.8710368188,1.4276881645,-0.9386353525,-1.2015211166,-1.0819593317,2.6604847259,-3.1328660067,-2.8170695114,0.9192774131,-0.0033558379,-0.9761002688,-0.6065221754,0.0000000000,1.0000000000,0.0000000000,0.0000000000,0.0000000000
0.0200000000,-0.6500000000,1.3000000000,-0.1264012244,0.0000000000,2.1969549428,3.0462046343,2.8710139496,1.4281222593,-0.9384418230,-1.2008701418,-1.0819593317,2.6606291860,-3.1328660067,-2.8174249011,0.9192327708,-0.0031758977,-0.9762602834,-0.6065221754,0.0000000000,1.0000000000,0.0000000000,0.0000000000,0.0000000000
0.0200000000,-0.6500000000,1.3000000000,-0.1264012244,0.0000000000,2.1970374796,3.0465466169,2.8710170000,1.4282922216,-0.9382885272,-1.2006570090,-1.0819593317,2.6606943359,-3.1328660067,-2.8175816150,0.9192118535,-0.0030968226,-0.9763327375,-0.6065221754,0.0000000000,1.0000000000,0.0000000000,0.0000000000,0.0000000000
0.0200000000,-0.6500000000,1.3000000000,-0.1264012244,0.0000000000,2.1972823787,3.0466230518,2.8710440295,1.4284003345,-0.9382482141,-1.2006273558,-1.0819593317,2.6607106398,-3.1328660067,-2.8176190491,0.9192072429,-0.0030778709,-0.9763499478,-0.6065221754,0.0000000000,1.0000000000,0.0000000000,0.0000000000,0.0000000000
0.0200000000,-0.6500000000,1.3000000000,-0.1264012244,0.0000000000,2.1975501999,3.0463690410,2.8710621497,1.4285922973,-0.9383552414,-1.2005909625,-1.0819593317,2.6607119990,-3.1328660067,-2.8176218378,0.9192069765,-0.0030764493,-0.9763512162,-0.6065221754,0.0000000000,1.0000000000,0.0000000000,0.0000000000,0.0000000000
0.0200000000,-0.6500000000,1.3000000000,-0.1264012244,0.0000000000,2.1978070881,3.0457606809,2.8710665025,1.4289027730,-0.9385998575,-1.2005002550,-1.0819593317,2.6607111514,-3.1328660067,-2.8176198470,0.9192072219,-0.0030774594,-0.9763503133,-0.6065221754,0.0000000000,1.0000000000,0.0000000000,0.0000000000,0.0000000000
0.0200000000,-0.6500000000,1.3000000000,-0.1264012244,0.0000000000,2.1980569292,3.0448432982,2.8710666462,1.4293210660,-0.9389583119,-1.2003579021,-1.0819593317,2.6607108654,-3.1328660067,-2.8176191865,0.9192073010,-0.0030777944,-0.9763500129,-0.6065221754,0.0000000000,1.0000000000,0.0000000000,0.0000000000,0.0000000000
0.0200000000,-0.6500000000,1.3000000000,-0.1264012244,0.0000000000,2.1982769524,3.0437209787,2.8710666187,1.4298481731,-0.9393994322,-1.2001345767,-1.0819593317,2.6607108593,-3.1328660067,-2.8176191724,0.9192073026,-0.0030778014,-0.9763500064,-0.6065221754,0.0000000000,1.0000000000,0.0000000000,0.0000000000,0.0000000000
0.0200000000,-0.6500000000,1.3000000000,-0.1264012244,0.0000000000,2.1983654073,3.0425303040,2.8710666187,1.4305530707,-0.9398823893,-1.1996938304,-1.0819593317,2.6607108599,-3.1328660067,-2.8176191736,0.9192073025,-0.0030778008,-0.9763500069,-0.6065221754,0.0000000000,1.0000000000,0.0000000000,0.0000000000,0.0000000000
0.0200000000,-0.6500000000,1.3000000000,-0.1264012244,0.0000000000,2.1982053447,3.0414225840,2.8710666187,1.4315110922,-0.9403580040,-1.1988828030,-1.0819593317,2.6607108599,-3.1328660067,-2.8176191736,0.9192073025,-0.0030778008,-0.9763500069,-0.6065221754,0.0000000000,1.0000000000,0.0000000000,0.0000000000,0.0000000000
0.0200000000,-0.6500000000,1.3000000000,-0.1264012244,0.0000000000,2.1977426139,3.0404883801,2.8710666187,1.4327460864,-0.9407948585,-1.1976370395,-1.0819593317,2.6607108599,-3.1328660067,-2.8176191736,0.9192073025,-0.0030778008,-0.9763500069,-0.6065221754,0.0000000000,1.0000000000,0.0000000000,0.0000000000,0.0000000000
0.0200000000,-0.6500000000,1.3000000000,-0.1264012244,0.0000000000,2.1970284770,3.0397613681,2.8710666187,1.4341795186,-0.9411734055,-1.1960483868,-1.0819593317,2.6607108599,-3.1328660067,-2.8176191736,0.9192073025,-0.0030778008,-0.9763500069,-0.6065221754,0.0000000000,1.0000000000,0.0000000000,0.0000000000,0.0000000000
0.0200000000,-0.6500000000,1.3000000000,-0.1264012244,0.0000000000,2.1962412796,3.0392290756,2.8710666187,1.4356050361,-0.9414794645,-1.1943979648,-1.0819593317,2.6607108599,-3.1328660067,-2.8176191736,0.9192073025,-0.0030778008,-0.9763500069,-0.6065221754,0.0000000000,1.0000000000,0.0000000000,0.0000000000,0.0000000000
0.0200000000,-0.6500000000,1.3000000000,-0.1264012244,0.0000000000,2.1957326583,3.0388744074,2.8710666187,1.4366145729,-0.9416823524,-1.1932419163,-1.0819593317,2.6607108599,-3.1328660067,-2.8176191736,0.9192073025,-0.0030778008,-0.9763500069,-0.6065221754,0.0000000000,1.0000000000,0.0000000000,0.0000000000,0.0000000000
0.0200000000,-0.6500000000,1.3000000000,-0.1264012244,0.0000000000,2.1957512934,3.0386469986,2.8710666187,1.4369304132,-0.9417762741,-1.1929716702,-1.0819593317,2.6607108599,-3.1328660067,-2.8176191736,0.9192073025,-0.0030778008,-0.9763500069,-0.6065221754,0.0000000000,1.0000000000,0.0000000000,0.0000000000,0.0000000000
0.0200000000,-0.6500000000,1.3000000000,-0.1264012244,0.0000000000,2.1963120839,3.0384785939,2.8710666187,1.4365836622,-0.9417886412,-1.1935745110,-1.0819593317,2.6607108599,-3.1328660067,-2.8176191736,0.9192073025,-0.0030778008,-0.9763500069,-0.6065221754,0.0000000000,1.0000000000,0.0000000000,0.0000000000,0.0000000000
0.0200000000,-0.6500000000,1.3000000000,-0.1264012244,0.0000000000,2.1973618146,3.0383247583,2.8710666187,1.4356632064,-0.9417450965,-1.1949453864,-1.0819593317,2.6607108599,-3.1328660067,-2.8176191736,0.9192073025,-0.0030778008,-0.9763500069,-0.6065221754,0.0000000000,1.0000000000,0.0000000000,0.0000000000,0.0000000000
0.0200000000,-0.6500000000,1.3000000000,-0.1264012244,0.0000000000,2.1988746597,3.0381489504,2.8710666187,1.4342214392,-0.9416639327,-1.1970257088,-1.0819593317,2.6607108599,-3.1328660067,-2.8176191736,0.9192073025,-0.0030778008,-0.9763500069,-0.6065221754,0.0000000000,1.0000000000,0.0000000000,0.0000000000,0.0000000000
0.0200000000,-0.6500000000,1.3000000000,-0.1264012244,0.0000000000,2.2009519449,3.0379116157,2.8710666187,1.4321711334,-0.9415481816,-1.1999512650,-1.0819593317,2.6607108599,-3.1328660067,-2.8176191736,0.9192073025,-0.0030778008,-0.9763500069,-0.6065221754,0.0635877319,1.0000000000,0.0000000000,0.0000000000,0.0000000000
0.0200000000,-0.6500000000,1.3000000000,-0.1264012244,0.0000000000,2.2036340562,3.0375748718,2.8710666187,1.4294913739,-0.9414037658,-1.2037689732,-1.0819593317,2.6607108599,-3.1328660067,-2.8176191736,0.9192073025,-0.0030778008,-0.9763500069,-0.6065221754,0.1302543985,1.0000000000,0.0000000000,0.0000000000,0.0000000000
0.0200000000,-0.6500000000,1.3000000000,-0.1264012244,0.0000000000,2.2066437725,3.0371426764,2.8710666187,1.4264787501,-0.9412576119,-1.2080677758,-1.0819593317,2.6607108599,-3.1328660067,-2.8176191736,0.9192073025,-0.0030778008,-0.9763500069,-0.6065221754,0.1969210652,1.0000000000,0.0000000000,0.0000000000,0.0000000000
0.0200000000,-0.6500000000,1.3000000000,-0.1264012244,0.0000000000,2.2098729942,3.0366059565,2.8710666187,1.4232605305,-0.9411283876,-1.2126726349,-1.0819593317,2.6607108599,-3.1328660067,-2.8176191736,0.9192073025,-0.0030778008,-0.9763500069,-0.6065221754,0.2635877319,1.0000000000,0.0000000000,0.0000000000,0.0000000000
0.0200000000,-0.6500000000,1.3000000000,-0.1264012244,0.0000000000,2.2132691540,3.0359593824,2.8710666187,1.4199030564,-0.9410273115,-1.2174921985,-1.0819593317,2.6607108599,-3.1328660067,-2.8176191736,0.9192073025,-0.0030778008,-0.9763500069,-0.6065221754,0.3302543985,1.0000000000,0.0000000000,0.0000000000,0.0000000000
0.0200000000,-0.6500000000,1.3000000000,-0.1264012244,0.0000000000,2.2167477887,3.0352060605,2.8710666187,1.4165110531,-0.9409651704,-1.2223829680,-1.0819593317,2.6607108599,-3.1328660067,-2.8176191736,0.9192073025,-0.0030778008,-0.9763500069,-0.6065221754,0.3969210652,1.0000000000,0.0000000000,0.0000000000,0.0000000000
0.0200000000,-0.6500000000,1.3000000000,-0.1264012244,0.0000000000,2.2203187037,3.0343499477,2.8710666187,1.4130797599,-0.9409392124,-1.2273534641,-1.0819593317,2.6607108599,-3.1328660067,-2.8176191736,0.9192073025,-0.0030778008,-0.9763500069,-0.6065221754,0.4635877319,1.0000000000,0.0000000000,0.0000000000,0.0000000000
0.0200000000,-0.6500000000,1.3000000000,-0.1264012244,0.0000000000,2.2240845506,3.0333715151,2.8710666187,1.4095263271,-0.9409462734,-1.2325303365,-1.0819593317,2.6607108599,-3.1328660067,-2.8176191736,0.9192073025,-0.0030778008,-0.9763500069,-0.6065221754,0.5302543985,1.0000000000,0.0000000000,0.0000000000,0.0000000000
0.0200000000,-0.6500000000,1.3000000000,-0.1264012244,0.0000000000,2.2278504060,3.0323362819,2.8710666187,1.4060274099,-0.9409793994,-1.2376524754,-1.0819593317,2.6607108599,-3.1328660067,-2.8176191736,0.9192073025,-0.0030778008,-0.9763500069,-0.6065221754,0.5969210652,1.0000000000,0.0000000000,0.0000000000,0.0000000000
0.0200000000,-0.6500000000,1.3000000000,-0.1264012244,0.0000000000,2.2310849780,3.0314134843,2.8710666187,1.4030642762,-0.9410235151,-1.2420091519,-1.0819593317,2.6607108599,-3.1328660067,-2.8176191736,0.9192073025,-0.0030778008,-0.9763500069,-0.6065221754,0.6635877319,1.0000000000,0.0000000000,0.0000000000,0.0000000000
0.0200000000,-0.6500000000,1.3000000000,-0.1264012244,0.0000000000,2.2338676470,3.0305770715,2.8710666187,1.4005708006,-0.9410814407,-1.2457003611,-1.0819593317,2.6607108599,-3.1328660067,-2.8176191736,0.9192073025,-0.0030778008,-0.9763500069,-0.6065221754,0.7302543985,1.0000000000,0.0000000000,0.0000000000,0.0000000000
0.0200000000,-0.6500000000,1.3000000000,-0.1264012244,0.0000000000,2.2368107287,3.0296645943,2.8710666187,1.3979924097,-0.9411569043,-1.2495427518,-1.0819593317,2.6607108599,-3.1328660067,-2.8176191736,0.9192073025,-0.0030778008,-0.9763500069,-0.6065221754,0.7969210652,1.0000000000,0.0000000000,0.0000000000,0.0000000000
0.0200000000,-0.6500000000,1.3000000000,-0.1264012244,0.0000000000,2.2402224161,3.0285883680,2.8710666187,1.3950562269,-0.9412544887,-1.2539411045,-1.0819593317,2.6607108599,-3.1328660067,-2.8176191736,0.9192073025,-0.0030778008,-0.9763500069,-0.6065221754,0.8635877319,1.0000000000,0.0000000000,0.0000000000,0.0000000000
0.0200000000,-0.6500000000,1.3000000000,-0.1264012244,0.0000000000,2.2437687892,3.0274521375,2.8710666187,1.3920485050,-0.9413652076,-1.2584663043,-1.0819593317,2.6607108599,-3.1328660067,-2.8176191736,0.9192073025,-0.0030778008,-0.9763500069,-0.6065221754,0.9302543985,1.0000000000,0.0000000000,0.0000000000,0.0000000000
0.0200000000,-0.6500000000,1.3000000000,-0.1264012244,0.0000000000,2.2468931062,3.0264460557,2.8710666187,1.3894314466,-0.9414662987,-1.2624209594,-1.0819593317,2.6607108599,-3.1328660067,-2.8176191736,0.9192073025,-0.0030778008,-0.9763500069,-0.6065221754,0.9967538449,1.0000000000,0.0000000000,0.0000000000,0.0000000000
0.0200000000,-0.6500000000,1.3000000000,-0.1264012244,0.0000000000,2.2494051507,3.0256285306,2.8710666187,1.3873768622,-0.9415531466,-1.2655673989,-1.0819593317,2.6607108599,-3.1328660067,-2.8176191736,0.9192073025,-0.0030778008,-0.9763500069,-0.6065221754,1.0000000000,1.0000000000,0.0000000000,0.0000000000,0.0000000000
0.0200000000,-0.6500000000,1.3000000000,-0.1264012244,0.0000000000,2.2515791217,3.0249133734,2.8710666187,1.3856419220,-0.9416334259,-1.2682450766,-1.0819593317,2.6607108599,-3.1328660067,-2.8176191736,0.9192073025,-0.0030778008,-0.9763500069,-0.6065221754,1.0000000000,1.0000000000,0.0000000000,0.0000000000,0.0000000000
0.0200000000,-0.6500000000,1.3000000000,-0.1264012244,0.0000000000,2.2536700369,3.0242235595,2.8710666187,1.3839951822,-0.9417128338,-1.2707664552,-1.0819593317,2.6607108599,-3.1328660067,-2.8176191736,0.9192073025,-0.0030778008,-0.9763500069,-0.6065221754,1.0000000000,1.0000000000,0.0000000000,0.0000000000,0.0000000000
0.0200000000,-0.6500000000,1.3000000000,-0.1264012244,0.0000000000,2.2558244197,3.0235159752,2.8710666187,1.3823041419,-0.9417938363,-1.2733378203,-1.0819593317,2.6607108599,-3.1328660067,-2.8176191736,0.9192073025,-0.0030778008,-0.9763500069,-0.6065221754,1.0000000000,1.0000000000,0.0000000000,0.0000000000,0.0000000000
0.0200000000,-0.6500000000,1.3000000000,-0.1264012244,0.0000000000,2.2577968982,3.0228690819,2.8710666187,1.3807922664,-0.9418676271,-1.2757771798,-1.0819593317,2.6607108599,-3.1328660067,-2.8176191736,0.9192073025,-0.0030778008,-0.9763500069,-0.6065221754,1.0000000000,1.0000000000,0.0000000000,0.0000000000,0.0000000000
0.0200000000,-0.6500000000,1.3000000000,-0.1264012244,0.0000000000,2.2596955007,3.0222463422,2.8710666187,1.3793619583,-0.9419396926,-1.2781063135,-1.0819593317,2.6607108599,-3.1328660067,-2.8176191736,0.9192073025,-0.0030778008,-0.9763500069,-0.6065221754,1.0000000000,1.0000000000,0.0000000000,0.0000000000,0.0000000000
0.0200000000,-0.6500000000,1.3000000000,-0.1264012244,0.0000000000,2.2619494562,3.0215087241,2.8710666187,1.3776211226,-0.9420266974,-1.2806007468,-1.0819593317,2.6607108599,-3.1328660067,-2.8176191736,0.9192073025,-0.0030778008,-0.9763500069,-0.6065221754,1.0000000000,1.0000000000,0.0000000000,0.0000000000,0.0000000000
0.0200000000,-0.6500000000,1.3000000000,-0.1264012244,0.0000000000,2.2649264310,3.0205372275,2.8710666187,1.3752396147,-0.9421428330,-1.2835152016,-1.0819593317,2.6607108599,-3.1328660067,-2.8176191736,0.9192073025,-0.0030778008,-0.9763500069,-0.6065221754,1.0000000000,1.0000000000,0.0000000000,0.0000000000,0.0000000000
0.0200000000,-0.6500000000,1.3000000000,-0.1264012244,0.0000000000,2.2687167553,3.0193026661,2.8710666187,1.3721846063,-0.9422913648,-1.2870567314,-1.0819593317,2.6607108599,-3.1328660067,-2.8176191736,0.9192073025,-0.0030778008,-0.9763500069,-0.6065221754,1.0000000000,1.0000000000,0.0000000000,0.0000000000,0.0000000000
0.0200000000,-0.6500000000,1.3000000000,-0.1264012244,0.0000000000,2.2730885990,3.0178799886,2.8710666187,1.3685825818,-0.9424637081,-1.2908212041,-1.0819593317,2.6607108599,-3.1328660067,-2.8176191736,0.9192073025,-0.0030778008,-0.9763500069,-0.6065221754,1.0000000000,1.0000000000,0.0000000000,0.0000000000,0.0000000000
0.0200000000,-0.6500000000,1.3000000000,-0.1264012244,0.0000000000,2.2779333530,3.0163032586,2.8710666187,1.3642659395,-0.9426575802,-1.2939242832,-1.0819593317,2.6607108599,-3.1328660067,-2.8176191736,0.9192073025,-0.0030778008,-0.9763500069,-0.6065221754,1.0000000000,1.0000000000,0.0000000000,0.0000000000,0.0000000000
0.0200000000,-0.6500000000,1.3000000000,-0.1264012244,0.0000000000,2.2832566035,3.0145702157,2.8710666187,1.3592424073,-0.9428733625,-1.2964128114,-1.0819593317,2.6607108599,-3.1328660067,-2.8176191736,0.9192073025,-0.0030778008,-0.9763500069,-0.6065221754,1.0000000000,1.0000000000,0.0000000000,0.0000000000,0.0000000000
0.0200000000,-0.6500000000,1.3000000000,-0.1264012244,0.0000000000,2.2884851315,3.0128746564,2.8710666187,1.3541278462,-0.9430828421,-1.2982383128,-1.0819593317,2.6607108599,-3.1328660067,-2.8176191736,0.9192073025,-0.0030778008,-0.9763500069,-0.6065221754,1.0000000000,1.0000000000,0.0000000000,0.0000000000,0.0000000000
0.0200000000,-0.6500000000,1.3000000000,-0.1264012244,0.0000000000,2.2933597544,3.0113003078,2.8710666187,1.3491592887,-0.9432754027,-1.2992792266,-1.0819593317,2.6607108599,-3.1328660067,-2.8176191736,0.9192073025,-0.0030778008,-0.9763500069,-0.6065221754,1.0000000000,1.0000000000,0.0000000000,0.0000000000,0.0000000000
0.0200000000,-0.6500000000,1.3000000000,-0.1264012244,0.0000000000,2.2982035819,3.0097522562,2.8710666187,1.3440983565,-0.9434593371,-1.2997925479,-1.0819593317,2.6607108599,-3.1328660067,-2.8176191736,0.9192073025,-0.0030778008,-0.9763500069,-0.6065221754,1.0000000000,1.0000000000,0.0000000000,0.0000000000,0.0000000000
0.0200000000,-0.6500000000,1.3000000000,-0.1264012244,0.0000000000,2.3033739200,3.0081312720,2.8710666187,1.3387149546,-0.9436406813,-1.3001290311,-1.0819593317,2.6607108599,-3.1328660067,-2.8176191736,0.9192073025,-0.0030778008,-0.9763500069,-0.6065221754,1.0000000000,1.0000000000,0.0000000000,0.0000000000,0.0000000000
0.0200000000,-0.6500000000,1.3000000000,-0.1264012244,0.0000000000,2.3088140024,3.0064531508,2.8710666187,1.3330486587,-0.9438184863,-1.3002406038,-1.0819593317,2.6607108599,-3.1328660067,-2.8176191736,0.9192073025,-0.0030778008,-0.9763500069,-0.6065221754,1.0000000000,1.0000000000,0.0000000000,0.0000000000,0.0000000000
0.0200000000,-0.6500000000,1.3000000000,-0.1264012244,0.0000000000,2.3149728398,3.0046141548,2.8710666187,1.3267846623,-0.9439913669,-1.3002737147,-1.0819593317,2.6607108599,-3.1328660067,-2.8176191736,0.9192073025,-0.0030778008,-0.9763500069,-0.6065221754,1.0000000000,1.0000000000,0.0000000000,0.0000000000,0.0000000000
0.0200000000,-0.6500000000,1.3000000000,-0.1264012244,0.0000000000,2.3219643639,3.0025906311,2.8710666187,1.3198556811,-0.9441577509,-1.3002760677,-1.0819593317,2.6607108599,-3.1328660067,-2.8176191736,0.9192073025,-0.0030778008,-0.9763500069,-0.6065221754,1.0000000000,1.0000000000,0.0000000000,0.0000000000,0.0000000000
0.0200000000,-0.6500000000,1.3000000000,-0.1264012244,0.0000000000,2.3294970645,3.0004989135,2.8710666187,1.3126720027,-0.9442963260,-1.3002704543,-1.0819593317,2.6607108599,-3.1328660067,-2.8176191736,0.9192073025,-0.0030778008,-0.9763500069,-0.6065221754,1.0000000000,1.0000000000,0.0000000000,0.0000000000,0.0000000000
0.0200000000,-0.6500000000,1.3000000000,-0.1264012244,0.0000000000,2.3373463500,2.9984216666,2.8710666187,1.3055297840,-0.9443939919,-1.3002702927,-1.0819593317,2.6607108599,-3.1328660067,-2.8176191736,0.9192073025,-0.0030778008,-0.9763500069,-0.6065221754,1.0000000000,1.0000000000,0.0000000000,0.0000000000,0.0000000000
0.0200000000,-0.6500000000,1.3000000000,-0.1264012244,0.0000000000,2.3448362334,2.9965408911,2.8710666187,1.2990820562,-0.9444418111,-1.3002702927,-1.0819593317,2.6607108599,-3.1328660067,-2.8176191736,0.9192073025,-0.0030778008,-0.9763500069,-0.6065221754,1.0000000000,1.0000000000,0.0000000000,0.0000000000,0.0000000000
0.0200000000,-0.6500000000,1.3000000000,-0.1264012244,0.0000000000,2.3522173358,2.9947893998,2.8710666187,1.2931117157,-0.9444440447,-1.3002702927,-1.0819593317,2.6607108599,-3.1328660067,-2.8176191736,0.9192073025,-0.0030778008,-0.9763500069,-0.6065221754,1.0000000000,1.0000000000,0.0000000000,0.0000000000,0.0000000000
0.0200000000,-0.6500000000,1.3000000000,-0.1264012244,0.0000000000,2.3594499944,2.9931790148,2.8710666187,1.2876745075,-0.9444006534,-1.3002702927,-1.0819593317,2.6607108599,-3.1328660067,-2.8176191736,0.9192073025,-0.0030778008,-0.9763500069,-0.6065221754,1.0000000000,1.0000000000,0.0000000000,0.0000000000,0.0000000000
0.0200000000,-0.6500000000,1.3000000000,-0.1264012244,0.0000000000,2.3662777674,2.9917749966,2.8710666187,1.2830012274,-0.9443104676,-1.3002702927,-1.0819593317,2.6607108599,-3.1328660067,-2.8176191736,0.9192073025,-0.0030778008,-0.9763500069,-0.6065221754,1.0000000000,1.0000000000,0.0000000000,0.0000000000,0.0000000000
0.0200000000,-0.6500000000,1.3000000000,-0.1264012244,0.0000000000,2.3724031096,2.9906464448,2.8710666187,1.2793373950,-0.9441754846,-1.3002702927,-1.0819593317,2.6607108599,-3.1328660067,-2.8176191736,0.9192073025,-0.0030778008,-0.9763500069,-0.6065221754,1.0000000000,1.0000000000,0.0000000000,0.0000000000,0.0000000000
0.0200000000,-0.6500000000,1.3000000000,-0.1264012244,0.0000000000,2.3778602903,2.9897746746,2.8710666187,1.2766280216,-0.9440010879,-1.3002702927,-1.0819593317,2.6607108599,-3.1328660067,-2.8176191736,0.9192073025,-0.0030778008,-0.9763500069,-0.6065221754,1.0000000000,1.0000000000,0.0000000000,0.0000000000,0.0000000000
0.0200000000,-0.6500000000,1.3000000000,-0.1264012244,0.0000000000,2.3827264244,2.9891297274,2.8710666187,1.2747932567,-0.9437934686,-1.3002702927,-1.0819593317,2.6607108599,-3.1328660067,-2.8176191736,0.9192073025,-0.0030778008,-0.9763500069,-0.6065221754,1.0000000000,1.0000000000,0.0000000000,0.0000000000,0.0000000000
0.0200000000,-0.6500000000,1.3000000000,-0.1264012244,0.0000000000,2.3869743878,2.9887073938,2.8710666187,1.2738493112,-0.9435582080,-1.3002702927,-1.0819593317,2.6607108599,-3.1328660067,-2.8176191736,0.9192073025,-0.0030778008,-0.9763500069,-0.6065221754,1.0000000000,1.0000000000,0.0000000000,0.0000000000,0.0000000000
0.0200000000,-0.6500000000,1.3000000000,-0.1264012244,0.0000000000,2.3906039811,2.9884947859,2.8710666187,1.2738142833,-0.9433025474,-1.3002702927,-1.0819593317,2.6607108599,-3.1328660067,-2.8176191736,0.9192073025,-0.0030778008,-0.9763500069,-0.6065221754,1.0000000000,1.0000000000,0.0000000000,0.0000000000,0.0000000000
0.0200000000,-0.6500000000,1.3000000000,-0.1264012244,0.0000000000,2.3935376122,2.9884954462,2.8710666187,1.2747505973,-0.9430341508,-1.3002705198,-1.0819593317,2.6607108599,-3.1328660067,-2.8176191736,0.9192073025,-0.0030778008,-0.9763500069,-0.6065221754,1.0000000000,1.0000000000,0.0000000000,0.0000000000,0.0000000000
0.0200000000,-0.6500000000,1.3000000000,-0.1264012244,0.0000000000,2.3956097885,2.9886341604,2.8710666187,1.2762821750,-0.9427975450,-1.3002728937,-1.0819593317,2.6607108599,-3.1328660067,-2.8176191736,0.9192073025,-0.0030778008,-0.9763500069,-0.6065221754,1.0000000000,1.0000000000,0.0000000000,0.0000000000,0.0000000000
0.0200000000,-0.6500000000,1.3000000000,-0.1264012244,0.0000000000,2.3970354520,2.9888699169,2.8710666187,1.2782593234,-0.9425878345,-1.3002719473,-1.0819593317,2.6607108599,-3.1328660067,-2.8176191736,0.9192073025,-0.0030778008,-0.9763500069,-0.6065221754,1.0000000000,1.0000000000,0.0000000000,0.0000000000,0.0000000000
0.0200000000,-0.6500000000,1.3000000000,-0.1264012244,0.0000000000,2.3980636053,2.9891493966,2.8710666187,1.2804596467,-0.9424012277,-1.3002762005,-1.0819593317,2.6607108599,-3.1328660067,-2.8176191736,0.9192073025,-0.0030778008,-0.9763500069,-0.6065221754,1.0000000000,1.0000000000,0.0000000000,0.0000000000,0.0000000000
0.0200000000,-0.6500000000,1.3000000000,-0.1264012244,0.0000000000,2.3987767593,2.9894765121,2.8710666187,1.2830210262,-0.9422300480,-1.3002283961,-1.0819593317,2.6607108599,-3.1328660067,-2.8176191736,0.9192073025,-0.0030778008,-0.9763500069,-0.6065221754,1.0000000000,1.0000000000,0.0000000000,0.0000000000,0.0000000000
0.0200000000,-0.6500000000,1.3000000000,-0.1264012244,0.0000000000,2.3993544776,2.9898703287,2.8710666187,1.2863583278,-0.9420549306,-1.2999938379,-1.0819593317,2.6607108599,-3.1328660067,-2.8176191736,0.9192073025,-0.0030778008,-0.9763500069,-0.6065221754,1.0000000000,1.0000000000,0.0000000000,0.0000000000,0.0000000000
0.0200000000,-0.6500000000,1.3000000000,-0.1264012244,0.0000000000,2.3997345215,2.9902769003,2.8710666187,1.2899361861,-0.9418968565,-1.2996334242,-1.0819593317,2.6607108599,-3.1328660067,-2.8176191736,0.9192073025,-0.0030778008,-0.9763500069,-0.6065221754,1.0000000000,1.0000000000,0.0000000000,0.0000000000,0.0000000000
0.0200000000,-0.6500000000,1.3000000000,-0.1264012244,0.0000000000,2.3998719152,2.9906038200,2.8710666187,1.2929575744,-0.9417876554,-1.2991888836,-1.0819593317,2.6607108599,-3.1328660067,-2.8176191736,0.9192073025,-0.0030778008,-0.9763500069,-0.6065221754,1.0000000000,1.0000000000,0.0000000000,0.0000000000,0.0000000000
0.0200000000,-0.6500000000,1.3000000000,-0.1264012244,0.0000000000,2.3997698492,2.9909154404,2.8710666187,1.2958323367,-0.9417055117,-1.2987174500,-1.0819593317,2.6607108599,-3.1328660067,-2.8176191736,0.9192073025,-0.0030778008,-0.9763500069,-0.6065221754,1.0000000000,1.0000000000,0.0000000000,0.0000000000,0.0000000000
0.0200000000,-0.6500000000,1.3000000000,-0.1264012244,0.0000000000,2.3994195779,2.9913252442,2.8710666187,1.2992122263,-0.9416121922,-1.2983596594,-1.0819593317,2.6607108599,-3.1328660067,-2.8176191736,0.9192073025,-0.0030778008,-0.9763500069,-0.6065221754,1.0000000000,1.0000000000,0.0000000000,0.0000000000,0.0000000000
0.0200000000,-0.6500000000,1.3000000000,-0.1264012244,0.0000000000,2.3987999000,2.9918337073,2.8710666187,1.3030964759,-0.9415095050,-1.2981117801,-1.0819593317,2.6607108599,-3.1328660067,-2.8176191736,0.9192073025,-0.0030778008,-0.9763500069,-0.6065221754,1.0000000000,1.0000000000,0.0000000000,0.0000000000,0.0000000000
0.0200000000,-0.6500000000,1.3000000000,-0.1264012244,0.0000000000,2.3978986069,2.9924605813,2.8710666187,1.3075847485,-0.9413914775,-1.2980312603,-1.0819593317,2.6607108599,-3.1328660067,-2.8176191736,0.9192073025,-0.0030778008,-0.9763500069,-0.6065221754,1.0000000000,1.0000000000,0.0000000000,0.0000000000,0.0000000000
0.0200000000,-0.6500000000,1.3000000000,-0.1264012244,0.0000000000,2.3966648384,2.9932462513,2.8710666187,1.3128908000,-0.9412488301,-1.2982050765,-1.0819593317,2.6607108599,-3.1328660067,-2.8176191736,0.9192073025,-0.0030778008,-0.9763500069,-0.6065221754,1.0000000000,1.0000000000,0.0000000000,0.0000000000,0.0000000000
0.0200000000,-0.6500000000,1.3000000000,-0.1264012244,0.0000000000,2.3952111821,2.9941284688,2.8710666187,1.3186866058,-0.9410924894,-1.2985072836,-1.0819593317,2.6607108599,-3.1328660067,-2.8176191736,0.9192073025,-0.0030778008,-0.9763500069,-0.6065221754,1.0000000000,1.0000000000,0.0000000000,0.0000000000,0.0000000000
0.0200000000,-0.6500000000,1.3000000000,-0.1264012244,0.0000000000,2.3938367019,2.9949546950,2.8710666380,1.3241680604,-0.9409469157,-1.2986438116,-1.0819593317,2.6607108599,-3.1328660067,-2.8176191736,0.9192073025,-0.0030778008,-0.9763500069,-0.6065221754,1.0000000000,1.0000000000,0.0000000000,0.0000000000,0.0000000000
0.0200000000,-0.6500000000,1.3000000000,-0.1264012244,0.0000000000,2.3925373674,2.9957236830,2.8710666997,1.3293262308,-0.9408128837,-1.2986206625,-1.0819593317,2.6607108599,-3.1328660067,-2.8176191736,0.9192073025,-0.0030778008,-0.9763500069,-0.6065221754,1.0000000000,1.0000000000,0.0000000000,0.0000000000,0.0000000000
0.0200000000,-0.6500000000,1.3000000000,-0.1264012244,0.0000000000,2.3913975037,2.9964081940,2.8710666674,1.3340242836,-0.9406913730,-1.2982711515,-1.0819593317,2.6607108599,-3.1328660067,-2.8176191736,0.9192073025,-0.0030778008,-0.9763500069,-0.6065221754,1.0000000000,1.0000000000,0.0000000000,0.0000000000,0.0000000000
0.0200000000,-0.6500000000,1.3000000000,-0.1264012244,0.0000000000,2.3904959672,2.9969716827,2.8710667409,1.3380787622,-0.9405876925,-1.2974906134,-1.0819593317,2.6607108599,-3.1328660067,-2.8176191736,0.9192073025,-0.0030778008,-0.9763500069,-0.6065221754,1.0000000000,1.0000000000,0.0000000000,0.0000000000,0.0000000000
0.0200000000,-0.6500000000,1.3000000000,-0.1264012244,0.0000000000,2.3897665530,2.9974536312,2.8710664337,1.3416862633,-0.9404939196,-1.2963395634,-1.0819593317,2.6607108599,-3.1328660067,-2.8176191736,0.9192073025,-0.0030778008,-0.9763500069,-0.6065221754,1.0000000000,1.0000000000,0.0000000000,0.0000000000,0.0000000000
0.0200000000,-0.6500000000,1.3000000000,-0.1264012244,0.0000000000,2.3890930658,2.9979411448,2.8710644947,1.3452816279,-0.9403889388,-1.2948385186,-1.0819593317,2.6607108599,-3.1328660067,-2.8176191736,0.9192073025,-0.0030778008,-0.9763500069,-0.6065221754,1.0000000000,1.0000000000,0.0000000000,0.0000000000,0.0000000000
0.0200000000,-0.6500000000,1.3000000000,-0.1264012244,0.0000000000,2.3884747189,2.9984398316,2.8710613815,1.3489034735,-0.9402703464,-1.2929109894,-1.0819593317,2.6607108599,-3.1328660067,-2.8176191736,0.9192073025,-0.0030778008,-0.9763500069,-0.6065221754,1.0000000000,1.0000000000,0.0000000000,0.0000000000,0.0000000000
0.0200000000,-0.6500000000,1.3000000000,-0.1264012244,0.0000000000,2.3879100280,2.9989446971,2.8710525893,1.3524189601,-0.9401405507,-1.2909003510,-1.0819593317,2.6607108599,-3.1328660067,-2.8176191736,0.9192073025,-0.0030778008,-0.9763500069,-0.6065221754,1.0000000000,1.0000000000,0.0000000000,0.0000000000,0.0000000000
0.0200000000,-0.6500000000,1.3000000000,-0.1264012244,0.0000000000,2.3873888150,2.9994585473,2.8710369756,1.3557861115,-0.9399995796,-1.2889720989,-1.0819593317,2.6607108599,-3.1328660067,-2.8176191736,0.9192073025,-0.0030778008,-0.9763500069,-0.6065221754,1.0000000000,1.0000000000,0.0000000000,0.0000000000,0.0000000000
0.0200000000,-0.6500000000,1.3000000000,-0.1264012244,0.0000000000,2.3869160627,2.9999824729,2.8710112193,1.3590813975,-0.9398475016,-1.2870420063,-1.0819593317,2.6607108599,-3.1328660067,-2.8176191736,0.9192073025,-0.0030778008,-0.9763500069,-0.6065221754,1.0000000000,1.0000000000,0.0000000000,0.0000000000,0.0000000000
0.0200000000,-0.6500000000,1.3000000000,-0.1264012244,0.0000000000,2.3864918537,3.0005237488,2.8709691797,1.3623949027,-0.9396827303,-1.2850942776,-1.0819593317,2.6607108599,-3.1328660067,-2.8176191736,0.9192073025,-0.0030778008,-0.9763500069,-0.6065221754,1.0000000000,1.0000000000,0.0000000000,0.0000000000,0.0000000000
0.0200000000,-0.6500000000,1.3000000000,-0.1264012244,0.0000000000,2.3861236305,3.0010778103,2.8709105751,1.3657058367,-0.9395063119,-1.2831270090,-1.0819593317,2.6607108599,-3.1328660067,-2.8176191736,0.9192073025,-0.0030778008,-0.9763500069,-0.6065221754,1.0000000000,1.0000000000,0.0000000000,0.0000000000,0.0000000000
0.0200000000,-0.6500000000,1.3000000000,-0.1264012244,0.0000000000,2.3858201946,3.0016312295,2.8708352821,1.3690018210,-0.9393235856,-1.2811208848,-1.0819593317,2.6607108599,-3.1328660067,-2.8176191736,0.9192073025,-0.0030778008,-0.9763500069,-0.6065221754,1.0000000000,1.0000000000,0.0000000000,0.0000000000,0.0000000000
0.0200000000,-0.6500000000,1.3000000000,-0.1264012244,0.0000000000,2.3855764804,3.0021787799,2.8707465511,1.3722594515,-0.9391371735,-1.2790970450,-1.0819593317,2.6607108599,-3.1328660067,-2.8176191736,0.9192073025,-0.0030778008,-0.9763500069,-0.6065221754,1.0000000000,1.0000000000,0.0000000000,0.0000000000,0.0000000000
0.0200000000,-0.6500000000,1.3000000000,-0.1264012244,0.0000000000,2.3853829225,3.0026806039,2.8706608779,1.3752878062,-0.9389640324,-1.2772010278,-1.0819593317,2.6607108599,-3.1328660067,-2.8176191736,0.9192073025,-0.0030778008,-0.9763500069,-0.6065221754,1.0000000000,1.0000000000,0.0000000000,0.0000000000,0.0000000000
0.0200000000,-0.6500000000,1.3000000000,-0.1264012244,0.0000000000,2.3852380732,3.0031308354,2.8705806915,1.3780600471,-0.9388066815,-1.2754532235,-1.0819593317,2.6607108599,-3.1328660067,-2.8176191736,0.9192073025,-0.0030778008,-0.9763500069,-0.6065221754,1.0000000000,1.0000000000,0.0000000000,0.0000000000,0.0000000000
0.0200000000,-0.6500000000,1.3000000000,-0.1264012244,0.0000000000,2.3851156418,3.0035486541,2.8705107486,1.3807375345,-0.9386609785,-1.2737715219,-1.0819593317,2.6607108599,-3.1328660067,-2.8176191736,0.9192073025,-0.0030778008,-0.9763500069,-0.6065221754,1.0000000000,1.0000000000,0.0000000000,0.0000000000,0.0000000000
0.0200000000,-0.6500000000,1.3000000000,-0.1264012244,0.0000000000,2.3850049182,3.0039434838,2.8704520936,1.3833879540,-0.9385245244,-1.2721203617,-1.0819593317,2.6607108599,-3.1328660067,-2.8176191736,0.9192073025,-0.0030778008,-0.9763500069,-0.6065221754,1.0000000000,1.0000000000,0.0000000000,0.0000000000,0.0000000000
0.0200000000,-0.6500000000,1.3000000000,-0.1264012244,0.0000000000,2.3849004392,3.0043105474,2.8704070824,1.3859844220,-0.9383996704,-1.2705198221,-1.0819593317,2.6607108599,-3.1328660067,-2.8176191736,0.9192073025,-0.0030778008,-0.9763500069,-0.6065221754,1.0000000000,1.0000000000,0.0000000000,0.0000000000,0.0000000000
0.0200000000,-0.6500000000,1.3000000000,-0.1264012244,0.0000000000,2.3847982320,3.0046386024,2.8703776563,1.3884219715,-0.9382906169,-1.2690404836,-1.0819593317,2.6607108599,-3.1328660067,-2.8176191736,0.9192073025,-0.0030778008,-0.9763500069,-0.6065221754,1.0000000000,1.0000000000,0.0000000000,0.0000000000,0.0000000000
0.0200000000,-0.6500000000,1.3000000000,-0.1264012244,0.0000000000,2.3846931261,3.0049358770,2.8703652947,1.3907952888,-0.9381952983,-1.2676253860,-1.0819593317,2.6607108599,-3.1328660067,-2.8176191736,0.9192073025,-0.0030778008,-0.9763500069,-0.6065221754,1.0000000000,1.0000000000,0.0000000000,0.0000000000,0.0000000000
0.0200000000,-0.6500000000,1.3000000000,-0.1264012244,0.0000000000,2.3845427235,3.0052524263,2.8703842024,1.3937162572,-0.9381026975,-1.2659170531,-1.0819593317,2.6607108599,-3.1328660067,-2.8176191736,0.9192073025,-0.0030778008,-0.9763500069,-0.6065221754,1.0000000000,1.0000000000,0.0000000000,0.0000000000,0.0000000000
0.0200000000,-0.6500000000,1.3000000000,-0.1264012244,0.0000000000,2.3843376667,3.0056031794,2.8704364008,1.3973317185,-0.9380087690,-1.2638301532,-1.0819593317,2.6607108599,-3.1328660067,-2.8176191736,0.9192073025,-0.0030778008,-0.9763500069,-0.6065221754,1.0000000000,1.0000000000,0.0000000000,0.0000000000,0.0000000000
0.0200000000,-0.6500000000,1.3000000000,-0.1264012244,0.0000000000,2.3841008003,3.0059035940,2.8705210038,1.4010689000,-0.9379421864,-1.2616604954,-1.0819593317,2.6607108599,-3.1328660067,-2.8176191736,0.9192073025,-0.0030778008,-0.9763500069,-0.6065221754,1.0000000000,1.0000000000,0.0000000000,0.0000000000,0.0000000000
0.0200000000,-0.6500000000,1.3000000000,-0.1264012244,0.0000000000,2.3838461978,3.0061305693,2.8706296398,1.4046719529,-0.9379087491,-1.2595450702,-1.0819593317,2.6607108599,-3.1328660067,-2.8176191736,0.9192073025,-0.0030778008,-0.9763500069,-0.6065221754,1.0000000000,1.0000000000,0.0000000000,0.0000000000,0.0000000000
0.0200000000,-0.6500000000,1.3000000000,-0.1264012244,0.0000000000,2.3836232707,3.0062835805,2.8707220824,1.4075762185,-0.9378968274,-1.2578159573,-1.0819593317,2.6607108599,-3.1328660067,-2.8176191736,0.9192073025,-0.0030778008,-0.9763500069,-0.6065221754,1.0000000000,1.0000000000,0.0000000000,0.0000000000,0.0000000000
0.0200000000,-0.6500000000,1.3000000000,-0.1264012244,0.0000000000,2.3834380988,3.0063560707,2.8707937662,1.4096801618,-0.9379075083,-1.2565302395,-1.0819593317,2.6607108599,-3.1328660067,-2.8176191736,0.9192073025,-0.0030778008,-0.9763500069,-0.6065221754,1.0000000000,1.0000000000,0.0000000000,0.0000000000,0.0000000000
0.0200000000,-0.6500000000,1.3000000000,-0.1264012244,0.0000000000,2.3832425849,3.0063957161,2.8708553334,1.4116205986,-0.9379316871,-1.2553165879,-1.0819593317,2.6607108599,-3.1328660067,-2.8176191736,0.9192073025,-0.0030778008,-0.9763500069,-0.6065221754,1.0000000000,1.0000000000,0.0000000000,0.0000000000,0.0000000000
0.0200000000,-0.6500000000,1.3000000000,-0.1264012244,0.0000000000,2.3830121977,3.0064293690,2.8709121654,1.4137473086,-0.9379639023,-1.2539721200,-1.0819593317,2.6607108599,-3.1328660067,-2.8176191736,0.9192073025,-0.0030778008,-0.9763500069,-0.6065221754,1.0000000000,1.0000000000,0.0000000000,0.0000000000,0.0000000000
0.0200000000,-0.6500000000,1.3000000000,-0.1264012244,0.0000000000,2.3827565054,3.0064474032,2.8709623753,1.4159291661,-0.9380059719,-1.2525733085,-1.0819593317,2.6607108599,-3.1328660067,-2.8176191736,0.9192073025,-0.0030778008,-0.9763500069,-0.6065221754,1.0000000000,1.0000000000,0.0000000000,0.0000000000,0.0000000000
0.0200000000,-0.6500000000,1.3000000000,-0.1264012244,0.0000000000,2.3824736618,3.0064529975,2.8710031066,1.4181233833,-0.9380560124,-1.2511428303,-1.0819593317,2.6607108599,-3.1328660067,-2.8176191736,0.9192073025,-0.0030778008,-0.9763500069,-0.6065221754,1.0000000000,1.0000000000,0.0000000000,0.0000000000,0.0000000000
0.0200000000,-0.6500000000,1.3000000000,-0.1264012244,0.0000000000,2.3821738575,3.0064457653,2.8710308630,1.4202600227,-0.9381124082,-1.2497283191,-1.0819593317,2.6607108599,-3.1328660067,-2.8176191736,0.9192073025,-0.0030778008,-0.9763500069,-0.6065221754,1.0000000000,1.0000000000,0.0000000000,0.0000000000,0.0000000000
0.0200000000,-0.6500000000,1.3000000000,-0.1264012244,0.0000000000,2.3818433275,3.0064277927,2.8710479231,1.4224129927,-0.9381763410,-1.2482775558,-1.0819593317,2.6607108599,-3.1328660067,-2.8176191736,0.9192073025,-0.0030778008,-0.9763500069,-0.6065221754,1.0000000000,1.0000000000,0.0000000000,0.0000000000,0.0000000000
0.0200000000,-0.6500000000,1.3000000000,-0.1264012244,0.0000000000,2.3814207933,3.0064130331,2.8710589219,1.4248745874,-0.9382504178,-1.2465808527,-1.0819593317,2.6607108599,-3.1328660067,-2.8176191736,0.9192073025,-0.0030778008,-0.9763500069,-0.6065221754,1.0000000000,1.0000000000,0.0000000000,0.0000000000,0.0000000000
0.0200000000,-0.6500000000,1.3000000000,-0.1264012244,0.0000000000,2.3808875705,3.0064009182,2.8710646131,1.4277450436,-0.9383377442,-1.2445679972,-1.0819593317,2.6607108599,-3.1328660067,-2.8176191736,0.9192073025,-0.0030778008,-0.9763500069,-0.6065221754,1.0000000000,1.0000000000,0.0000000000,0.0000000000,0.0000000000
0.0200000000,-0.6500000000,1.3000000000,-0.1264012244,0.0000000000,2.3802641707,3.0064179695,2.8710667031,1.4308389867,-0.9384222906,-1.2423582634,-1.0819593317,2.6607108599,-3.1328660067,-2.8176191736,0.9192073025,-0.0030778008,-0.9763500069,-0.6065221754,1.0000000000,1.0000000000,0.0000000000,0.0000000000,0.0000000000
0.0200000000,-0.6500000000,1.3000000000,-0.1264012244,0.0000000000,2.3795548015,3.0064839915,2.8710673733,1.4340349133,-0.9384931672,-1.2400216789,-1.0819593317,2.6607108599,-3.1328660067,-2.8176191736,0.9192073025,-0.0030778008,-0.9763500069,-0.6065221754,1.0000000000,1.0000000000,0.0000000000,0.0000000000,0.0000000000
0.0200000000,-0.6500000000,1.3000000000,-0.1264012244,0.0000000000,2.3787380526,3.0066481882,2.8710669862,1.4374346469,-0.9385316298,-1.2374902954,-1.0819593317,2.6607108599,-3.1328660067,-2.8176191736,0.9192073025,-0.0030778008,-0.9763500069,-0.6065221754,1.0000000000,1.0000000000,0.0000000000,0.0000000000,0.0000000000
0.0200000000,-0.6500000000,1.3000000000,-0.1264012244,0.0000000000,2.3778088694,3.0069566076,2.8710619243,1.4410801053,-0.9385182127,-1.2347387518,-1.0819593317,2.6607108599,-3.1328660067,-2.8176191736,0.9192073025,-0.0030778008,-0.9763500069,-0.6065221754,1.0000000000,1.0000000000,0.0000000000,0.0000000000,0.0000000000
0.0200000000,-0.6500000000,1.3000000000,-0.1264012244,0.0000000000,2.3767790159,3.0074908396,2.8710343343,1.4449939080,-0.9384160913,-1.2317590616,-1.0819593317,2.6607108599,-3.1328660067,-2.8176191736,0.9192073025,-0.0030778008,-0.9763500069,-0.6065221754,1.0000000000,1.0000000000,0.0000000000,0.0000000000,0.0000000000
0.0200000000,-0.6500000000,1.3000000000,-0.1264012244,0.0000000000,2.3758677100,3.0082214475,2.8709469445,1.4485553263,-0.9382123412,-1.2290252565,-1.0819593317,2.6607108599,-3.1328660067,-2.8176191736,0.9192073025,-0.0030778008,-0.9763500069,-0.6065221754,1.0000000000,1.0000000000,0.0000000000,0.0000000000,0.0000000000
0.0200000000,-0.6500000000,1.3000000000,-0.1264012244,0.0000000000,2.3752502403,3.0091986400,2.8707185859,1.4515062373,-0.9378669537,-1.2267493968,-1.0819593317,2.6607108599,-3.1328660067,-2.8176191736,0.9192073025,-0.0030778008,-0.9763500069,-0.6065221754,1.0000000000,1.0000000000,0.0000000000,0.0000000000,0.0000000000
0.0200000000,-0.6500000000,1.3000000000,-0.1264012244,0.0000000000,2.3750249485,3.0104032617,2.8703175054,1.4537544634,-0.9373794217,-1.2250821211,-1.0819593317,2.6607108599,-3.1328660067,-2.8176191736,0.9192073025,-0.0030778008,-0.9763500069,-0.6065221754,1.0000000000,1.0000000000,0.0000000000,0.0000000000,0.0000000000
0.0200000000,-0.6500000000,1.3000000000,-0.1264012244,0.0000000000,2.3752565394,3.0117092552,2.8697904453,1.4550839954,-0.9367980527,-1.2243344773,-1.0819593317,2.6607108599,-3.1328660067,-2.8176191736,0.9192073025,-0.0030778008,-0.9763500069,-0.6065221754,1.0000000000,1.0000000000,0.0000000000,0.0000000000,0.0000000000
0.0200000000,-0.6500000000,1.3000000000,-0.1264012244,0.0000000000,2.3758965558,3.0130924827,2.8691768381,1.4556297181,-0.9361393592,-1.2244994404,-1.0819593317,2.6607108599,-3.1328660067,-2.8176191736,0.9192073025,-0.0030778008,-0.9763500069,-0.6065221754,1.0000000000,1.0000000000,0.0000000000,0.0000000000,0.0000000000
0.0200000000,-0.6500000000,1.3000000000,-0.1264012244,0.0000000000,2.3769377857,3.0146150067,2.8684619324,1.4554479762,-0.9353772160,-1.2255942526,-1.0819593317,2.6607108599,-3.1328660067,-2.8176191736,0.9192073025,-0.0030778008,-0.9763500069,-0.6065221754,1.0000000000,1.0000000000,0.0000000000,0.0000000000,0.0000000000
0.0200000000,-0.6500000000,1.3000000000,-0.1264012244,0.0000000000,2.3781808770,3.0162108671,2.8676987576,1.4546542264,-0.9345595675,-1.2274384832,-1.0819593317,2.6607108599,-3.1328660067,-2.8176191736,0.9192073025,-0.0030778008,-0.9763500069,-0.6065221754,1.0000000000,1.0000000000,0.0000000000,0.0000000000,0.0000000000
0.0200000000,-0.6500000000,1.3000000000,-0.1264012244,0.0000000000,2.3791123156,3.0176583548,2.8670359270,1.4537456922,-0.9338350297,-1.2292801970,-1.0819593317,2.6607108599,-3.1328660067,-2.8176191736,0.9192073025,-0.0030778008,-0.9763500069,-0.6065221754,1.0000000000,1.0000000000,0.0000000000,0.0000000000,0.0000000000
0.0200000000,-0.6500000000,1.3000000000,-0.1264012244,0.0000000000,2.3794430871,3.0189059371,2.8665282493,1.4531890625,-0.9332575131,-1.2305218673,-1.0819593317,2.6607108599,-3.1328660067,-2.8176191736,0.9192073025,-0.0030778008,-0.9763500069,-0.6065221754,1.0000000000,1.0000000000,0.0000000000,0.0000000000,0.0000000000
0.0200000000,-0.6500000000,1.3000000000,-0.1264012244,0.0000000000,2.3790852473,3.0199190463,2.8662002225,1.4532454877,-0.9328531025,-1.2308496327,-1.0819593317,2.6607108599,-3.1328660067,-2.8176191736,0.9192073025,-0.0030778008,-0.9763500069,-0.6065221754,1.0000000000,1.0000000000,0.0000000000,0.0000000000,0.0000000000
0.0200000000,-0.6500000000,1.3000000000,-0.1264012244,0.0000000000,2.3780938481,3.0207459497,2.8660281592,1.4540009386,-0.9325967068,-1.2302157912,-1.0819593317,2.6607108599,-3.1328660067,-2.8176191736,0.9192073025,-0.0030778008,-0.9763500069,-0.6065221754,1.0000000000,1.0000000000,0.0000000000,0.0000000000,0.0000000000
0.0200000000,-0.6500000000,1.3000000000,-0.1264012244,0.0000000000,2.3765048676,3.0214177875,2.8659990124,1.4555612824,-0.9324724338,-1.2285503113,-1.0819593317,2.6607108599,-3.1328660067,-2.8176191736,0.9192073025,-0.0030778008,-0.9763500069,-0.6065221754,1.0000000000,1.0000000000,0.0000000000,0.0000000000,0.0000000000
0.0200000000,-0.6500000000,1.3000000000,-0.1264012244,0.0000000000,2.3745140827,3.0219508619,2.8660864775,1.4578392313,-0.9324535032,-1.2260335988,-1.0819593317,2.6607108599,-3.1328660067,-2.8176191736,0.9192073025,-0.0030778008,-0.9763500069,-0.6065221754,1.0000000000,1.0000000000,0.0000000000,0.0000000000,0.0000000000
0.0200000000,-0.6500000000,1.3000000000,-0.1264012244,0.0000000000,2.3723944030,3.0223709335,2.8662564667,1.4605799129,-0.9325004550,-1.2230783173,-1.0819593317,2.6607108599,-3.1328660067,-2.8176191736,0.9192073025,-0.0030778008,-0.9763500069,-0.6065221754,1.0000000000,1.0000000000,0.0000000000,0.0000000000,0.0000000000
0.0200000000,-0.6500000000,1.3000000000,-0.1264012244,0.0000000000,2.3703186157,3.0227160587,2.8664724710,1.4635392410,-0.9325779168,-1.2200033136,-1.0819593317,2.6607108599,-3.1328660067,-2.8176191736,0.9192073025,-0.0030778008,-0.9763500069,-0.6065221754,1.0000000000,1.0000000000,0.0000000000,0.0000000000,0.0000000000
0.0200000000,-0.6500000000,1.3000000000,-0.1264012244,0.0000000000,2.3684181653,3.0230037285,2.8666826457,1.4664101745,-0.9326617597,-1.2170134965,-1.0819593317,2.6607108599,-3.1328660067,-2.8176191736,0.9192073025,-0.0030778008,-0.9763500069,-0.6065221754,0.9488753474,1.0000000000,0.0000000000,0.0000000000,0.0000000000
0.0200000000,-0.6500000000,1.3000000000,-0.1264012244,0.0000000000,2.3666803659,3.0232862266,2.8668483232,1.4690190549,-0.9327285885,-1.2141915908,-1.0819593317,2.6607108599,-3.1328660067,-2.8176191736,0.9192073025,-0.0030778008,-0.9763500069,-0.6065221754,0.8822086808,1.0000000000,0.0000000000,0.0000000000,0.0000000000
0.0200000000,-0.6500000000,1.3000000000,-0.1264012244,0.0000000000,2.3649816432,3.0236798343,2.8670318262,1.4713445065,-0.9327484573,-1.2115463384,-1.0819593317,2.6607108599,-3.1328660067,-2.8176191736,0.9192073025,-0.0030778008,-0.9763500069,-0.6065221754,0.8155420141,1.0000000000,0.0000000000,0.0000000000,0.0000000000
0.0200000000,-0.6500000000,1.3000000000,-0.1264012244,0.0000000000,2.3633081208,3.0243388910,2.8675194713,1.4732164717,-0.9326867827,-1.2089455316,-1.0819593317,2.6607108599,-3.1328660067,-2.8176191736,0.9192073025,-0.0030778008,-0.9763500069,-0.6065221754,0.7488753474,1.0000000000,0.0000000000,0.0000000000,0.0000000000
0.0200000000,-0.6500000000,1.3000000000,-0.1264012244,0.0000000000,2.3617414997,3.0252565704,2.8683612488,1.4743548338,-0.9325467731,-1.2061153587,-1.0819593317,2.6607108599,-3.1328660067,-2.8176191736,0.9192073025,-0.0030778008,-0.9763500069,-0.6065221754,0.6822086808,1.0000000000,0.0000000000,0.0000000000,0.0000000000
0.0200000000,-0.6500000000,1.3000000000,-0.1264012244,0.0000000000,2.3603211025,3.0261376932,2.8689538510,1.4747622454,-0.9323947626,-1.2029807936,-1.0819593317,2.6607108599,-3.1328660067,-2.8176191736,0.9192073025,-0.0030778008,-0.9763500069,-0.6065221754,0.6155420141,1.0000000000,0.0000000000,0.0000000000,0.0000000000
0.0200000000,-0.6500000000,1.3000000000,-0.1264012244,0.0000000000,2.3590063638,3.0268585873,2.8689575295,1.4748057114,-0.9322543765,-1.1998683941,-1.0819593317,2.6607108599,-3.1328660067,-2.8176191736,0.9192073025,-0.0030778008,-0.9763500069,-0.6065221754,0.5488753474,1.0000000000,0.0000000000,0.0000000000,0.0000000000
0.0200000000,-0.6500000000,1.3000000000,-0.1264012244,0.0000000000,2.3578075685,3.0275745720,2.8687632810,1.4748032177,-0.9320914707,-1.1970669661,-1.0819593317,2.6607108599,-3.1328660067,-2.8176191736,0.9192073025,-0.0030778008,-0.9763500069,-0.6065221754,0.4822086808,1.0000000000,0.0000000000,0.0000000000,0.0000000000
0.0200000000,-0.6500000000,1.3000000000,-0.1264012244,0.0000000000,2.3567852125,3.0282815049,2.8685583507,1.4748032177,-0.9319154877,-1.1945390448,-1.0819593317,2.6607108599,-3.1328660067,-2.8176191736,0.9192073025,-0.0030778008,-0.9763500069,-0.6065221754,0.4155420141,1.0000000000,0.0000000000,0.0000000000,0.0000000000
0.0200000000,-0.6500000000,1.3000000000,-0.1264012244,0.0000000000,2.3559510339,3.0288971749,2.8683763533,1.4748032177,-0.9317598978,-1.1921374001,-1.0819593317,2.6607108599,-3.1328660067,-2.8176191736,0.9192073025,-0.0030778008,-0.9763500069,-0.6065221754,0.3488753474,1.0000000000,0.0000000000,0.0000000000,0.0000000000
0.0200000000,-0.6500000000,1.3000000000,-0.1264012244,0.0000000000,2.3552459822,3.0293468940,2.8682576942,1.4748032177,-0.9316622461,-1.1896656584,-1.0819593317,2.6607108599,-3.1328660067,-2.8176191736,0.9192073025,-0.0030778008,-0.9763500069,-0.6065221754,0.2822086808,1.0000000000,0.0000000000,0.0000000000,0.0000000000
0.0200000000,-0.6500000000,1.3000000000,-0.1264012244,0.0000000000,2.3545581890,3.0295451543,2.8682531961,1.4748032177,-0.9316693519,-1.1869088258,-1.0819593317,2.6607108599,-3.1328660067,-2.8176191736,0.9192073025,-0.0030778008,-0.9763500069,-0.6065221754,0.2155420141,1.0000000000,0.0000000000,0.0000000000,0.0000000000
0.0200000000,-0.6500000000,1.3000000000,-0.1264012244,0.0000000000,2.3537650935,3.0294494820,2.8683943131,1.4748032177,-0.9318097396,-1.1837963693,-1.0819593317,2.6607108599,-3.1328660067,-2.8176191736,0.9192073025,-0.0030778008,-0.9763500069,-0.6065221754,0.1488753474,1.0000000000,0.0000000000,0.0000000000,0.0000000000
0.0200000000,-0.6500000000,1.3000000000,-0.1264012244,0.0000000000,2.3528053384,3.0290600524,2.8686857625,1.4748032177,-0.9320868868,-1.1804655903,-1.0819593317,2.6607108599,-3.1328660067,-2.8176191736,0.9192073025,-0.0030778008,-0.9763500069,-0.6065221754,0.0822086808,1.0000000000,0.0000000000,0.0000000000,0.0000000000
0.0200000000,-0.6500000000,1.3000000000,-0.1264012244,0.0000000000,2.3516796772,3.0284014111,2.8691140586,1.4748032177,-0.9324871209,-1.1772246137,-1.0819593317,2.6607108599,-3.1328660067,-2.8176191736,0.9192073025,-0.0030778008,-0.9763500069,-0.6065221754,0.0156693926,1.0000000000,0.0000000000,0.0000000000,0.0000000000
0.0200000000,-0.6500000000,1.3000000000,-0.1264012244,0.0000000000,2.3504368787,3.0275452427,2.8696387236,1.4748032177,-0.9329727190,-1.1744621204,-1.0819593317,2.6607108599,-3.1328660067,-2.8176191736,0.9192073025,-0.0030778008,-0.9763500069,-0.6065221754,0.0000000000,1.0000000000,0.0000000000,0.0000000000,0.0000000000
0.0200000000,-0.6500000000,1.3000000000,-0.1264012244,0.0000000000,2.3492128298,3.0266418958,2.8701617576,1.4748032177,-0.9334659870,-1.1726661323,-1.0819593317,2.6607108599,-3.1328660067,-2.8176191736,0.9192073025,-0.0030778008,-0.9763500069,-0.6065221754,0.0000000000,1.0000000000,0.0000000000,0.0000000000,0.0000000000
0.0200000000,-0.6500000000,1.3000000000,-0.1264012244,0.0000000000,2.3480538432,3.0257826867,2.8705857850,1.4748034698,-0.9339272342,-1.1718548662,-1.0819593317,2.6607108599,-3.1328660067,-2.8176191736,0.9192073025,-0.0030778008,-0.9763500069,-0.6065221754,0.0000000000,1.0000000000,0.0000000000,0.0000000000,0.0000000000
0.0200000000,-0.6500000000,1.3000000000,-0.1264012244,0.0000000000,2.3468906107,3.0249523636,2.8708785664,1.4748049539,-0.9343714978,-1.1719231400,-1.0819593317,2.6607108599,-3.1328660067,-2.8176191736,0.9192073025,-0.0030778008,-0.9763500069,-0.6065221754,0.0000000000,1.0000000000,0.0000000000,0.0000000000,0.0000000000
0.0200000000,-0.6500000000,1.3000000000,-0.1264012244,0.0000000000,2.3457781532,3.0242127677,2.8710232124,1.4747924492,-0.9347693590,-1.1728745336,-1.0819593317,2.6607108599,-3.1328660067,-2.8176191736,0.9192073025,-0.0030778008,-0.9763500069,-0.6065221754,0.0000000000,1.0000000000,0.0000000000,0.0000000000,0.0000000000
0.0200000000,-0.6500000000,1.3000000000,-0.1264012244,0.0000000000,2.3447296398,3.0235777266,2.8710639462,1.4746829671,-0.9351145668,-1.1747518843,-1.0819593317,2.6607108599,-3.1328660067,-2.8176191736,0.9192073025,-0.0030778008,-0.9763500069,-0.6065221754,0.0000000000,1.0000000000,0.0000000000,0.0000000000,0.0000000000
0.0200000000,-0.6500000000,1.3000000000,-0.1264012244,0.0000000000,2.3439557697,3.0231640180,2.8710635037,1.4740172896,-0.9353413068,-1.1774959801,-1.0819593317,2.6607108599,-3.1328660067,-2.8176191736,0.9192073025,-0.0030778008,-0.9763500069,-0.6065221754,0.0000000000,1.0000000000,0.0000000000,0.0000000000,0.0000000000
0.0200000000,-0.6500000000,1.3000000000,-0.1264012244,0.0000000000,2.3436115155,3.0230888807,2.8710247834,1.4724450873,-0.9353862783,-1.1807249528,-1.0819593317,2.6607108599,-3.1328660067,-2.8176191736,0.9192073025,-0.0030778008,-0.9763500069,-0.6065221754,0.0000000000,1.0000000000,0.0000000000,0.0000000000,0.0000000000
0.0200000000,-0.6500000000,1.3000000000,-0.1264012244,0.0000000000,2.3436031382,3.0233658130,2.8708910567,1.4700243907,-0.9352478358,-1.1845318199,-1.0819593317,2.6607108599,-3.1328660067,-2.8176191736,0.9192073025,-0.0030778008,-0.9763500069,-0.6065221754,0.0000000000,1.0000000000,0.0000000000,0.0000000000,0.0000000000
0.0200000000,-0.6500000000,1.3000000000,-0.1264012244,0.0000000000,2.3437813252,3.0239581571,2.8706293071,1.4671844929,-0.9349545877,-1.1886617373,-1.0819593317,2.6607108599,-3.1328660067,-2.8176191736,0.9192073025,-0.0030778008,-0.9763500069,-0.6065221754,0.0000000000,1.0000000000,0.0000000000,0.0000000000,0.0000000000
0.0200000000,-0.6500000000,1.3000000000,-0.1264012244,0.0000000000,2.3438816864,3.0246985586,2.8703083068,1.4644944904,-0.9346055516,-1.1924865221,-1.0819593317,2.6607108599,-3.1328660067,-2.8176191736,0.9192073025,-0.0030778008,-0.9763500069,-0.6065221754,0.0000000000,1.0000000000,0.0000000000,0.0000000000,0.0000000000
0.0200000000,-0.6500000000,1.3000000000,-0.1264012244,0.0000000000,2.3435880647,3.0253517320,2.8700635391,1.4624352131,-0.9343349691,-1.1953565140,-1.0819593317,2.6607108599,-3.1328660067,-2.8176191736,0.9192073025,-0.0030778008,-0.9763500069,-0.6065221754,0.0000000000,1.0000000000,0.0000000000,0.0000000000,0.0000000000
0.0200000000,-0.6500000000,1.3000000000,-0.1264012244,0.0000000000,2.3427335725,3.0258111006,2.8699667453,1.4610209505,-0.9342050710,-1.1972491236,-1.0819593317,2.6607108599,-3.1328660067,-2.8176191736,0.9192073025,-0.0030778008,-0.9763500069,-0.6065221754,0.0000000000,1.0000000000,0.0000000000,0.0000000000,0.0000000000
0.0200000000,-0.6500000000,1.3000000000,-0.1264012244,0.0000000000,2.3412200945,3.0260630526,2.8700339934,1.4601350011,-0.9342304762,-1.1983162194,-1.0819593317,2.6607108599,-3.1328660067,-2.8176191736,0.9192073025,-0.0030778008,-0.9763500069,-0.6065221754,0.0000000000,1.0000000000,0.0000000000,0.0000000000,0.0000000000
0.0200000000,-0.6500000000,1.3000000000,-0.1264012244,0.0000000000,2.3389957521,3.0261084947,2.8702373804,1.4597392936,-0.9344149861,-1.1986464731,-1.0819593317,2.6607108599,-3.1328660067,-2.8176191736,0.9192073025,-0.0030778008,-0.9763500069,-0.6065221754,0.0000000000,1.0000000000,0.0000000000,0.0000000000,0.0000000000
0.0200000000,-0.6500000000,1.3000000000,-0.1264012244,0.0000000000,2.3361568468,3.0259568839,2.8705121965,1.4598309688,-0.9347446839,-1.1983215316,-1.0819593317,2.6607108599,-3.1328660067,-2.8176191736,0.9192073025,-0.0030778008,-0.9763500069,-0.6065221754,0.0000000000,1.0000000000,0.0000000000,0.0000000000,0.0000000000
0.0200000000,-0.6500000000,1.3000000000,-0.1264012244,0.0000000000,2.3325056883,3.0256048605,2.8707617821,1.4604090308,-0.9352374862,-1.1974388409,-1.0819593317,2.6607108599,-3.1328660067,-2.8176191736,0.9192073025,-0.0030778008,-0.9763500069,-0.6065221754,0.0000000000,1.0000000000,0.0000000000,0.0000000000,0.0000000000
0.0200000000,-0.6500000000,1.3000000000,-0.1264012244,0.0000000000,2.3281027193,3.0250805678,2.8709401820,1.4614031529,-0.9358744932,-1.1960764369,-1.0819593317,2.6607108599,-3.1328660067,-2.8176191736,0.9192073025,-0.0030778008,-0.9763500069,-0.6065221754,0.0000000000,1.0000000000,0.0000000000,0.0000000000,0.0000000000
0.0200000000,-0.6500000000,1.3000000000,-0.1264012244,0.0000000000,2.3231967600,3.0244523346,2.8710292985,1.4626974517,-0.9366010966,-1.1943789761,-1.0819593317,2.6607108599,-3.1328660067,-2.8176191736,0.9192073025,-0.0030778008,-0.9763500069,-0.6065221754,0.0000000000,1.0000000000,0.0000000000,0.0000000000,0.0000000000
0.0200000000,-0.6500000000,1.3000000000,-0.1264012244,0.0000000000,2.3182072769,3.0238327992,2.8710619234,1.4641759894,-0.9373259963,-1.1925695389,-1.0819593317,2.6607108599,-3.1328660067,-2.8176191736,0.9192073025,-0.0030778008,-0.9763500069,-0.6065221754,0.0000000000,1.0000000000,0.0000000000,0.0000000000,0.0000000000
0.0200000000,-0.6500000000,1.3000000000,-0.1264012244,0.0000000000,2.3132649291,3.0232777800,2.8710678082,1.4657831938,-0.9380100500,-1.1907346170,-1.0819593317,2.6607108599,-3.1328660067,-2.8176191736,0.9192073025,-0.0030778008,-0.9763500069,-0.6065221754,0.0000000000,1.0000000000,0.0000000000,0.0000000000,0.0000000000
0.0200000000,-0.6500000000,1.3000000000,-0.1264012244,0.0000000000,2.3083479701,3.0228301138,2.8710684416,1.4675561197,-0.9386317926,-1.1889132277,-1.0819593317,2.6607108599,-3.1328660067,-2.8176191736,0.9192073025,-0.0030778008,-0.9763500069,-0.6065221754,0.0000000000,1.0000000000,0.0000000000,0.0000000000,0.0000000000
0.0200000000,-0.6500000000,1.3000000000,-0.1264012244,0.0000000000,2.3038899530,3.0224735896,2.8710666888,1.4691897929,-0.9391688487,-1.1871509787,-1.0819593317,2.6607108599,-3.1328660067,-2.8176191736,0.9192073025,-0.0030778008,-0.9763500069,-0.6065221754,0.0000000000,1.0000000000,0.0000000000,0.0000000000,0.0000000000
0.0200000000,-0.6500000000,1.3000000000,-0.1264012244,0.0000000000,2.3002815907,3.0222127828,2.8710666187,1.4704805172,-0.9395888244,-1.1855890513,-1.0819593317,2.6607108599,-3.1328660067,-2.8176191736,0.9192073025,-0.0030778008,-0.9763500069,-0.6065221754,0.0000000000,1.0000000000,0.0000000000,0.0000000000,0.0000000000
0.0200000000,-0.6500000000,1.3000000000,-0.1264012244,0.0000000000,2.2971919797,3.0220249259,2.8710666187,1.4715337766,-0.9399310132,-1.1840364586,-1.0819593317,2.6607108599,-3.1328660067,-2.8176191736,0.9192073025,-0.0030778008,-0.9763500069,-0.6065221754,0.0000000000,1.0000000000,0.0000000000,0.0000000000,0.0000000000
0.0200000000,-0.6500000000,1.3000000000,-0.1264012244,0.0000000000,2.2939768426,3.0218414834,2.8710666187,1.4724500204,-0.9402877704,-1.1819935043,-1.0819593317,2.6607108599,-3.1328660067,-2.8176191736,0.9192073025,-0.0030778008,-0.9763500069,-0.6065221754,0.0000000000,1.0000000000,0.0000000000,0.0000000000,0.0000000000
0.0200000000,-0.6500000000,1.3000000000,-0.1264012244,0.0000000000,2.2902928583,3.0216227352,2.8710666187,1.4732799986,-0.9407081040,-1.1792076780,-1.0819593317,2.6607108599,-3.1328660067,-2.8176191736,0.9192073025,-0.0030778008,-0.9763500069,-0.6065221754,0.0000000000,1.0000000000,0.0000000000,0.0000000000,0.0000000000
0.0200000000,-0.6500000000,1.3000000000,-0.1264012244,0.0000000000,2.2864304057,3.0214055949,2.8710666187,1.4739667601,-0.9411504526,-1.1758466648,-1.0819593317,2.6607108599,-3.1328660067,-2.8176191736,0.9192073025,-0.0030778008,-0.9763500069,-0.6065221754,0.0000000000,1.0000000000,0.0000000000,0.0000000000,0.0000000000
0.0200000000,-0.6500000000,1.3000000000,-0.1264012244,0.0000000000,2.2825437284,3.0212215340,2.8710666187,1.4744439803,-0.9415930832,-1.1718602170,-1.0819593317,2.6607108599,-3.1328660067,-2.8176191736,0.9192073025,-0.0030778008,-0.9763500069,-0.6065221754,0.0000000000,1.0000000000,0.0000000000,0.0000000000,0.0000000000
0.0200000000,-0.6500000000,1.3000000000,-0.1264012244,0.0000000000,2.2786044242,3.0210729035,2.8710666187,1.4746790374,-0.9420398405,-1.1671248262,-1.0819593317,2.6607108599,-3.1328660067,-2.8176191736,0.9192073025,-0.0030778008,-0.9763500069,-0.6065221754,0.0000000000,1.0000000000,0.0000000000,0.0000000000,0.0000000000
0.0200000000,-0.6500000000,1.3000000000,-0.1264012244,0.0000000000,2.2747839888,3.0209636436,2.8710666187,1.4747705798,-0.9424671292,-1.1620936015,-1.0819593317,2.6607108599,-3.1328660067,-2.8176191736,0.9192073025,-0.0030778008,-0.9763500069,-0.6065221754,0.0000000000,1.0000000000,0.0000000000,0.0000000000,0.0000000000
0.0200000000,-0.6500000000,1.3000000000,-0.1264012244,0.0000000000,2.2714794883,3.0209180166,2.8710666187,1.4748408421,-0.9428206328,-1.1575227593,-1.0819593317,2.6607108599,-3.1328660067,-2.8176191736,0.9192073025,-0.0030778008,-0.9763500069,-0.6065221754,0.0000000000,1.0000000000,0.0000000000,0.0000000000,0.0000000000
0.0200000000,-0.6500000000,1.3000000000,-0.1264012244,0.0000000000,2.2686970795,3.0209372350,2.8710666187,1.4748527685,-0.9431007558,-1.1533400401,-1.0819593317,2.6607108599,-3.1328660067,-2.8176191736,0.9192073025,-0.0030778008,-0.9763500069,-0.6065221754,0.0000000000,1.0000000000,0.0000000000,0.0000000000,0.0000000000
0.0200000000,-0.6500000000,1.3000000000,-0.1264012244,0.0000000000,2.2661824668,3.0210019863,2.8710666187,1.4748298522,-0.9433395212,-1.1492881449,-1.0819593317,2.6607108599,-3.1328660067,-2.8176191736,0.9192073025,-0.0030778008,-0.9763500069,-0.6065221754,0.0000000000,1.0000000000,0.0000000000,0.0000000000,0.0000000000
0.0200000000,-0.6500000000,1.3000000000,-0.1264012244,0.0000000000,2.2637147040,3.0210964907,2.8710666187,1.4748073592,-0.9435638568,-1.1451692937,-1.0819593317,2.6607108599,-3.1328660067,-2.8176191736,0.9192073025,-0.0030778008,-0.9763500069,-0.6065221754,0.0000000000,1.0000000000,0.0000000000,0.0000000000,0.0000000000
0.0200000000,-0.6500000000,1.3000000000,-0.1264012244,0.0000000000,2.2611550844,3.0212203029,2.8710666187,1.4748032198,-0.9437876275,-1.1408115912,-1.0819593317,2.6607108599,-3.1328660067,-2.8176191736,0.9192073025,-0.0030778008,-0.9763500069,-0.6065221754,0.0000000000,1.0000000000,0.0000000000,0.0000000000,0.0000000000
0.0200000000,-0.6500000000,1.3000000000,-0.1264012244,0.0000000000,2.2585778131,3.0213874999,2.8710666187,1.4748032177,-0.9439989507,-1.1362390757,-1.0819593317,2.6607108599,-3.1328660067,-2.8176191736,0.9192073025,-0.0030778008,-0.9763500069,-0.6065221754,0.0000000000,1.0000000000,0.0000000000,0.0000000000,0.0000000000
0.0200000000,-0.6500000000,1.3000000000,-0.1264012244,0.0000000000,2.2560780660,3.0215794421,2.8710666187,1.4748032177,-0.9441944036,-1.1316649572,-1.0819593317,2.6607108599,-3.1328660067,-2.8176191736,0.9192073025,-0.0030778008,-0.9763500069,-0.6065221754,0.0000000000,1.0000000000,0.0000000000,0.0000000000,0.0000000000
0.0200000000,-0.6500000000,1.3000000000,-0.1264012244,0.0000000000,2.2537265715,3.0217729552,2.8710666187,1.4748032177,-0.9443744514,-1.1272933813,-1.0819593317,2.6607108599,-3.1328660067,-2.8176191736,0.9192073025,-0.0030778008,-0.9763500069,-0.6065221754,0.0000000000,1.0000000000,0.0000000000,0.0000000000,0.0000000000
0.0200000000,-0.6500000000,1.3000000000,-0.1264012244,0.0000000000,2.2516191623,3.0219489746,2.8710666187,1.4748032177,-0.9445354290,-1.1233519356,-1.0819593317,2.6607108599,-3.1328660067,-2.8176191736,0.9192073025,-0.0030778008,-0.9763500069,-0.6065221754,0.0000000000,1.0000000000,0.0000000000,0.0000000000,0.0000000000
0.0200000000,-0.6500000000,1.3000000000,-0.1264012244,0.0000000000,2.2498676411,3.0221016677,2.8710666187,1.4748032177,-0.9446671864,-1.1200448214,-1.0819593317,2.6607108599,-3.1328660067,-2.8176191736,0.9192073025,-0.0030778008,-0.9763500069,-0.6065221754,0.0000000000,1.0000000000,0.0000000000,0.0000000000,0.0000000000
0.0200000000,-0.6500000000,1.3000000000,-0.1264012244,0.0000000000,2.2484324867,3.0222398336,2.8710666187,1.4748032177,-0.9447710065,-1.1172720955,-1.0819593317,2.6607108599,-3.1328660067,-2.8176191736,0.9192073025,-0.0030778008,-0.9763500069,-0.6065221754,0.0000000000,1.0000000000,0.0000000000,0.0000000000,0.0000000000
0.0200000000,-0.6500000000,1.3000000000,-0.1264012244,0.0000000000,2.2471608452,3.0223773504,2.8710666187,1.4748032177,-0.9448586364,-1.1147329133,-1.0819593317,2.6607108599,-3.1328660067,-2.8176191736,0.9192073025,-0.0030778008,-0.9763500069,-0.6065221754,0.0000000000,1.0000000000,0.0000000000,0.0000000000,0.0000000000
0.0200000000,-0.6500000000,1.3000000000,-0.1264012244,0.0000000000,2.2459066808,3.0225266401,2.8710666187,1.4748032177,-0.9449415238,-1.1121447913,-1.0819593317,2.6607108599,-3.1328660067,-2.8176191736,0.9192073025,-0.0030778008,-0.9763500069,-0.6065221754,0.0000000000,1.0000000000,0.0000000000,0.0000000000,0.0000000000
0.0200000000,-0.6500000000,1.3000000000,-0.1264012244,0.0000000000,2.2445423794,3.0226993225,2.8710666187,1.4748032177,-0.9450294777,-1.1092561072,-1.0819593317,2.6607108599,-3.1328660067,-2.8176191736,0.9192073025,-0.0030778008,-0.9763500069,-0.6065221754,0.0000000000,1.0000000000,0.0000000000,0.0000000000,0.0000000000
0.0200000000,-0.6500000000,1.3000000000,-0.1264012244,0.0000000000,2.2429403264,3.0229070173,2.8710666187,1.4748032177,-0.9451323071,-1.1058152388,-1.0819593317,2.6607108599,-3.1328660067,-2.8176191736,0.9192073025,-0.0030778008,-0.9763500069,-0.6065221754,0.0000000000,1.0000000000,0.0000000000,0.0000000000,0.0000000000
0.0200000000,-0.6500000000,1.3000000000,-0.1264012244,0.0000000000,2.2409467916,3.0231651128,2.8710666187,1.4748032177,-0.9452614136,-1.1015114855,-1.0819593317,2.6607108599,-3.1328660067,-2.8176191736,0.9192073025,-0.0030778008,-0.9763500069,-0.6065221754,0.0000000000,1.0000000000,0.0000000000,0.0000000000,0.0000000000
0.0200000000,-0.6500000000,1.3000000000,-0.1264012244,0.0000000000,2.2386001181,3.0234734657,2.8710666187,1.4748032177,-0.9454124175,-1.0964099177,-1.0819593317,2.6607108599,-3.1328660067,-2.8176191736,0.9192073025,-0.0030778008,-0.9763500069,-0.6065221754,0.0000000000,1.0000000000,0.0000000000,0.0000000000,0.0000000000
0.0200000000,-0.6500000000,1.3000000000,-0.1264012244,0.0000000000,2.2360616527,3.0238139970,2.8710666187,1.4748032177,-0.9455741955,-1.0908423711,-1.0819593317,2.6607108599,-3.1328660067,-2.8176191736,0.9192073025,-0.0030778008,-0.9763500069,-0.6065221754,0.0000000000,1.0000000000,0.0000000000,0.0000000000,0.0000000000
0.0200000000,-0.6500000000,1.3000000000,-0.1264012244,0.0000000000,2.2334401082,3.0241714618,2.8710666187,1.4748032177,-0.9457406424,-1.0850406715,-1.0819593317,2.6607108599,-3.1328660067,-2.8176191736,0.9192073025,-0.0030778008,-0.9763500069,-0.6065221754,0.0000000000,1.0000000000,0.0000000000,0.0000000000,0.0000000000
0.0200000000,-0.6500000000,1.3000000000,-0.1264012244,0.0000000000,2.2308441978,3.0245306150,2.8710666187,1.4748032177,-0.9459056530,-1.0792366447,-1.0819593317,2.6607108599,-3.1328660067,-2.8176191736,0.9192073025,-0.0030778008,-0.9763500069,-0.6065221754,0.0000000000,1.0000000000,0.0000000000,0.0000000000,0.0000000000
0.0200000000,-0.6500000000,1.3000000000,-0.1264012244,0.0000000000,2.2282917317,3.0248908354,2.8710666187,1.4748032177,-0.9460684834,-1.0734420310,-1.0819593317,2.6607108599,-3.1328660067,-2.8176191736,0.9192073025,-0.0030778008,-0.9763500069,-0.6065221754,0.0000000000,1.0000000000,0.0000000000,0.0000000000,0.0000000000
0.0200000000,-0.6500000000,1.3000000000,-0.1264012244,0.0000000000,2.2256748993,3.0252683410,2.8710666187,1.4748032177,-0.9462353872,-1.0674104163,-1.0819593317,2.6607108599,-3.1328660067,-2.8176191736,0.9192073025,-0.0030778008,-0.9763500069,-0.6065221754,0.0000000000,1.0000000000,0.0000000000,0.0000000000,0.0000000000
0.0200000000,-0.6500000000,1.3000000000,-0.1264012244,0.0000000000,2.2230984941,3.0256442955,2.8710666187,1.4748032177,-0.9463998216,-1.0614253199,-1.0819593317,2.6607108599,-3.1328660067,-2.8176191736,0.9192073025,-0.0030778008,-0.9763500069,-0.6065221754,0.0000000000,1.0000000000,0.0000000000,0.0000000000,0.0000000000
0.0200000000,-0.6500000000,1.3000000000,-0.1264012244,0.0000000000,2.2206769414,3.0259988563,2.8710666187,1.4748032177,-0.9465547013,-1.0557871239,-1.0819593317,2.6607108599,-3.1328660067,-2.8176191736,0.9192073025,-0.0030778008,-0.9763500069,-0.6065221754,0.0000000000,1.0000000000,0.0000000000,0.0000000000,0.0000000000
0.0200000000,-0.6500000000,1.3000000000,-0.1264012244,0.0000000000,2.2185301634,3.0263116343,2.8710666187,1.4748032177,-0.9466925845,-1.0508036674,-1.0819593317,2.6607108599,-3.1328660067,-2.8176191736,0.9192073025,-0.0030778008,-0.9763500069,-0.6065221754,0.0000000000,1.0000000000,0.0000000000,0.0000000000,0.0000000000
0.0200000000,-0.6500000000,1.3000000000,-0.1264012244,0.0000000000,2.2168155390,3.0265602655,2.8710666187,1.4748032177,-0.9468035451,-1.0468061483,-1.0819593317,2.6607108599,-3.1328660067,-2.8176191736,0.9192073025,-0.0030778008,-0.9763500069,-0.6065221754,0.0000000000,1.0000000000,0.0000000000,0.0000000000,0.0000000000
0.0200000000,-0.6500000000,1.3000000000,-0.1264012244,0.0000000000,2.2154797106,3.0267537148,2.8710666187,1.4748032177,-0.9468908970,-1.0436591855,-1.0819593317,2.6607108599,-3.1328660067,-2.8176191736,0.9192073025,-0.0030778008,-0.9763500069,-0.6065221754,0.0000000000,1.0000000000,0.0000000000,0.0000000000,0.0000000000
0.0200000000,-0.6500000000,1.3000000000,-0.1264012244,0.0000000000,2.2143912308,3.0269113580,2.8710666187,1.4748032177,-0.9469629009,-1.0410740312,-1.0819593317,2.6607108599,-3.1328660067,-2.8176191736,0.9192073025,-0.0030778008,-0.9763500069,-0.6065221754,0.0000000000,1.0000000000,0.0000000000,0.0000000000,0.0000000000
0.0200000000,-0.6500000000,1.3000000000,-0.1264012244,0.0000000000,2.2134477098,3.0270482823,2.8710666187,1.4748032177,-0.9470260051,-1.0388276545,-1.0819593317,2.6607108599,-3.1328660067,-2.8176191736,0.9192073025,-0.0030778008,-0.9763500069,-0.6065221754,0.0000000000,1.0000000000,0.0000000000,0.0000000000,0.0000000000
0.0200000000,-0.6500000000,1.3000000000,-0.1264012244,0.0000000000,2.2125467575,3.0271795749,2.8710666187,1.4748032177,-0.9470866579,-1.0366970250,-1.0819593317,2.6607108599,-3.1328660067,-2.8176191736,0.9192073025,-0.0030778008,-0.9763500069,-0.6065221754,0.0000000000,1.0000000000,0.0000000000,0.0000000000,0.0000000000
0.0200000000,-0.6500000000,1.3000000000,-0.1264012244,0.0000000000,2.2115734884,3.0273222120,2.8710666187,1.4748032177,-0.9471521117,-1.0344336017,-1.0819593317,2.6607108599,-3.1328660067,-2.8176191736,0.9192073025,-0.0030778008,-0.9763500069,-0.6065221754,0.0000000000,1.0000000000,0.0000000000,0.0000000000,0.0000000000
0.0200000000,-0.6500000000,1.3000000000,-0.1264012244,0.0000000000,2.2104070314,3.0274940001,2.8710666187,1.4748032177,-0.9472299772,-1.0317739666,-1.0819593317,2.6607108599,-3.1328660067,-2.8176191736,0.9192073025,-0.0030778008,-0.9763500069,-0.6065221754,0.0000000000,1.0000000000,0.0000000000,0.0000000000,0.0000000000
0.0200000000,-0.6500000000,1.3000000000,-0.1264012244,0.0000000000,2.2089504053,3.0277091850,2.8710666187,1.4748032177,-0.9473263470,-1.0285052814,-1.0819593317,2.6607108599,-3.1328660067,-2.8176191736,0.9192073025,-0.0030778008,-0.9763500069,-0.6065221754,0.0000000000,1.0000000000,0.0000000000,0.0000000000,0.0000000000
0.0200000000,-0.6500000000,1.3000000000,-0.1264012244,0.0000000000,2.2071520537,3.0279736583,2.8710666187,1.4748032177,-0.9474454958,-1.0244886730,-1.0819593317,2.6607108599,-3.1328660067,-2.8176191736,0.9192073025,-0.0030778008,-0.9763500069,-0.6065221754,0.0000000000,1.0000000000,0.0000000000,0.0000000000,0.0000000000
0.0200000000,-0.6500000000,1.3000000000,-0.1264012244,0.0000000000,2.2051012850,3.0282724434,2.8710666187,1.4748032177,-0.9475828941,-1.0198903660,-1.0819593317,2.6607108599,-3.1328660067,-2.8176191736,0.9192073025,-0.0030778008,-0.9763500069,-0.6065221754,0.0000000000,1.0000000000,0.0000000000,0.0000000000,0.0000000000
0.0200000000,-0.6500000000,1.3000000000,-0.1264012244,0.0000000000,2.2029189135,3.0285914271,2.8710666187,1.4748032177,-0.9477287553,-1.0150319614,-1.0819593317,2.6607108599,-3.1328660067,-2.8176191736,0.9192073025,-0.0030778008,-0.9763500069,-0.6065221754,0.0000000000,1.0000000000,0.0000000000,0.0000000000,0.0000000000
0.0200000000,-0.6500000000,1.3000000000,-0.1264012244,0.0000000000,2.2007358600,3.0289170763,2.8710666187,1.4748032177,-0.9478713609,-1.0102883048,-1.0819593317,2.6607108599,-3.1328660067,-2.8176191736,0.9192073025,-0.0030778008,-0.9763500069,-0.6065221754,0.0000000000,1.0000000000,0.0000000000,0.0000000000,0.0000000000
0.0200000000,-0.6500000000,1.3000000000,-0.1264012244,0.0000000000,2.1986640756,3.0292369295,2.8710666187,1.4748035849,-0.9480011255,-1.0059687249,-1.0819593317,2.6607108599,-3.1328660067,-2.8176191736,0.9192073025,-0.0030778008,-0.9763500069,-0.6065221754,0.0000000000,1.0000000000,0.0000000000,0.0000000000,0.0000000000
0.0200000000,-0.6500000000,1.3000000000,-0.1264012244,0.0000000000,2.1967183971,3.0295444239,2.8710666187,1.4748081373,-0.9481191216,-1.0020738208,-1.0819593317,2.6607108599,-3.1328660067,-2.8176191736,0.9192073025,-0.0030778008,-0.9763500069,-0.6065221754,0.0000000000,1.0000000000,0.0000000000,0.0000000000,0.0000000000
0.0200000000,-0.6500000000,1.3000000000,-0.1264012244,0.0000000000,2.1948417683,3.0298452001,2.8710666187,1.4748170617,-0.9482305790,-0.9984379842,-1.0819593317,2.6607108599,-3.1328660067,-2.8176191736,0.9192073025,-0.0030778008,-0.9763500069,-0.6065221754,0.0000000000,1.0000000000,0.0000000000,0.0000000000,0.0000000000
0.0200000000,-0.6500000000,1.3000000000,-0.1264012244,0.0000000000,2.1930201160,3.0301515570,2.8710666187,1.4748224681,-0.9483315699,-0.9951154574,-1.0819593317,2.6607108599,-3.1328660067,-2.8176191736,0.9192073025,-0.0030778008,-0.9763500069,-0.6065221754,0.0000000000,1.0000000000,0.0000000000,0.0000000000,0.0000000000
0.0200000000,-0.6500000000,1.3000000000,-0.1264012244,0.0000000000,2.1912433043,3.0304768830,2.8710666187,1.4748149786,-0.9484171113,-0.9921798839,-1.0819593317,2.6607108599,-3.1328660067,-2.8176191736,0.9192073025,-0.0030778008,-0.9763500069,-0.6065221754,0.0000000000,1.0000000000,0.0000000000,0.0000000000,0.0000000000
0.0200000000,-0.6500000000,1.3000000000,-0.1264012244,0.0000000000,2.1894830526,3.0308299285,2.8710666187,1.4747909922,-0.9484868458,-0.9896193358,-1.0819593317,2.6607108599,-3.1328660067,-2.8176191736,0.9192073025,-0.0030778008,-0.9763500069,-0.6065221754,0.0000000000,1.0000000000,0.0000000000,0.0000000000,0.0000000000
0.0200000000,-0.6500000000,1.3000000000,-0.1264012244,0.0000000000,2.1877094232,3.0312093502,2.8710666187,1.4747558641,-0.9485453669,-0.9873535806,-1.0819593317,2.6607108599,-3.1328660067,-2.8176191736,0.9192073025,-0.0030778008,-0.9763500069,-0.6065221754,0.0000000000,1.0000000000,0.0000000000,0.0000000000,0.0000000000
0.0200000000,-0.6500000000,1.3000000000,-0.1264012244,0.0000000000,2.1859873675,3.0316064485,2.8710666187,1.4747073459,-0.9485881953,-0.9854718188,-1.0819593317,2.6607108599,-3.1328660067,-2.8176191736,0.9192073025,-0.0030778008,-0.9763500069,-0.6065221754,0.0000000000,1.0000000000,0.0000000000,0.0000000000,0.0000000000
0.0200000000,-0.6500000000,1.3000000000,-0.1264012244,0.0000000000,2.1844440870,3.0320128042,2.8710666187,1.4746344414,-0.9486024568,-0.9842221796,-1.0819593317,2.6607108599,-3.1328660067,-2.8176191737,0.9192073025,-0.0030778008,-0.9763500070,-0.6065221754,0.0000000000,1.0000000000,0.0000000000,0.0000000000,0.0000000000
0.0200000000,-0.6500000000,1.3000000000,-0.1264012244,0.0000000000,2.1831718309,3.0324209753,2.8710666187,1.4745234732,-0.9485796705,-0.9837912531,-1.0819593317,2.6607108623,-3.1328660067,-2.8176191758,0.9192073024,-0.0030777997,-0.9763500083,-0.6065221754,0.0000000000,1.0000000000,0.0000000000,0.0000000000,0.0000000000
0.0200000000,-0.6500000000,1.3000000000,-0.1264012244,0.0000000000,2.1821193910,3.0328332340,2.8710666187,1.4743720925,-0.9485257963,-0.9840925884,-1.0819593317,2.6607108693,-3.1328660067,-2.8176191819,0.9192073020,-0.0030777965,-0.9763500124,-0.6065221754,0.0000000000,1.0000000000,0.0000000000,0.0000000000,0.0000000000
0.0200000000,-0.6500000000,1.3000000000,-0.1264012244,0.0000000000,2.1812392632,3.0332539025,2.8710666187,1.4742046898,-0.9484444199,-0.9849677883,-1.0819593317,2.6607108739,-3.1328660067,-2.8176191860,0.9192073018,-0.0030777944,-0.9763500150,-0.6065221754,0.0000000000,1.0000000000,0.0000000000,0.0000000000,0.0000000000
0.0200000000,-0.6500000000,1.3000000000,-0.1264012244,0.0000000000,2.1804897952,3.0336869542,2.8710666187,1.4740489795,-0.9483383976,-0.9862552900,-1.0819593317,2.6607108678,-3.1328660067,-2.8176191806,0.9192073021,-0.0030777972,-0.9763500115,-0.6065221754,0.0000000000,1.0000000000,0.0000000000,0.0000000000,0.0000000000
0.0200000000,-0.6500000000,1.3000000000,-0.1264012244,0.0000000000,2.1798562886,3.0341296335,2.8710669403,1.4739357673,-0.9482103156,-0.9878375455,-1.0819593317,2.6607108456,-3.1328660067,-2.8176191611,0.9192073031,-0.0030778073,-0.9763499987,-0.6065221754,0.0000000000,1.0000000000,0.0000000000,0.0000000000,0.0000000000
0.0200000000,-0.6500000000,1.3000000000,-0.1264012244,0.0000000000,2.1793834299,3.0345633822,2.8710683598,1.4738691654,-0.9480636077,-0.9897579609,-1.0819593317,2.6607108171,-3.1328660067,-2.8176191360,0.9192073044,-0.0030778203,-0.9763499823,-0.6065221754,0.0000000000,1.0000000000,0.0000000000,0.0000000000,0.0000000000
0.0200000000,-0.6500000000,1.3000000000,-0.1264012244,0.0000000000,2.1790414509,3.0350059001,2.8710699742,1.4738226005,-0.9478938725,-0.9920589091,-1.0819593317,2.6607107780,-3.1328660067,-2.8176191016,0.9192073062,-0.0030778382,-0.9763499598,-0.6065221754,0.0000000000,1.0000000000,0.0000000000,0.0000000000,0.0000000000
0.0200000000,-0.6500000000,1.3000000000,-0.1264012244,0.0000000000,2.1787999448,3.0354789271,2.8710707613,1.4737717824,-0.9476946292,-0.9947935024,-1.0819593317,2.6607107212,-3.1328660067,-2.8176190516,0.9192073088,-0.0030778640,-0.9763499271,-0.6065221754,0.0000000000,1.0000000000,0.0000000000,0.0000000000,0.0000000000
0.0200000000,-0.6500000000,1.3000000000,-0.1264012244,0.0000000000,2.1786285044,3.0360042033,2.8710696987,1.4736924210,-0.9474593971,-0.9980148531,-1.0819593317,2.6607106397,-3.1328660067,-2.8176189798,0.9192073125,-0.0030779012,-0.9763498801,-0.6065221754,0.0000000000,1.0000000000,0.0000000000,0.0000000000,0.0000000000
0.0200000000,-0.6500000000,1.3000000000,-0.1264012244,0.0000000000,2.1784952079,3.0366094442,2.8710660440,1.4735686939,-0.9471787087,-1.0018098369,-1.0819593317,2.6607105193,-3.1328660067,-2.8176188761,0.9192073169,-0.0030779552,-0.9763498122,-0.6065221754,0.0000000000,1.0000000000,0.0000000000,0.0000000000,0.0000000000
0.0200000000,-0.6500000000,1.3000000000,-0.1264012244,0.0000000000,2.1783536473,3.0373022164,2.8710652208,1.4735376874,-0.9468528598,-1.0061293232,-1.0819593317,2.6607103089,-3.1328660067,-2.8176187206,0.9192073123,-0.0030780381,-0.9763497106,-0.6065221754,0.0000000000,1.0000000000,0.0000000000,0.0000000000,0.0000000000
0.0200000000,-0.6500000000,1.3000000000,-0.1264012244,0.0000000000,2.1782474672,3.0380576253,2.8710652859,1.4735477644,-0.9464893718,-1.0109228066,-1.0819593317,2.6607100430,-3.1328660067,-2.8176185304,0.9192073034,-0.0030781402,-0.9763495865,-0.6065221754,0.0000000000,1.0000000000,0.0000000000,0.0000000000,0.0000000000
0.0200000000,-0.6500000000,1.3000000000,-0.1264012244,0.0000000000,2.1782549102,3.0388546364,2.8710594134,1.4734256659,-0.9460910119,-1.0162312756,-1.0819593317,2.6607097945,-3.1328660067,-2.8176183355,0.9192073033,-0.0030782431,-0.9763494591,-0.6065221754,0.0000000000,1.0000000000,0.0000000000,0.0000000000,0.0000000000
0.0200000000,-0.6500000000,1.3000000000,-0.1264012244,0.0000000000,2.1784542190,3.0396722153,2.8710407774,1.4729981329,-0.9456605470,-1.0220957185,-1.0819593317,2.6607096363,-3.1328660067,-2.8176181659,0.9192073250,-0.0030783286,-0.9763493478,-0.6065221754,0.0000000000,1.0000000000,0.0000000000,0.0000000000,0.0000000000
0.0200000000,-0.6500000000,1.3000000000,-0.1264012244,0.0000000000,2.1789353941,3.0404985710,2.8710024354,1.4720801582,-0.9451945408,-1.0286450616,-1.0819593317,2.6607096211,-3.1328660067,-2.8176180335,0.9192073826,-0.0030783876,-0.9763492600,-0.6065221754,0.0000000000,1.0000000000,0.0000000000,0.0000000000,0.0000000000
0.0200000000,-0.6500000000,1.3000000000,-0.1264012244,0.0000000000,2.1796637484,3.0413857046,2.8709510629,1.4707832862,-0.9446691482,-1.0361504963,-1.0819593317,2.6607095721,-3.1328660067,-2.8176178143,0.9192074689,-0.0030784869,-0.9763491149,-0.6065221754,0.0000000000,1.0000000000,0.0000000000,0.0000000000,0.0000000000
0.0200000000,-0.6500000000,1.3000000000,-0.1264012244,0.0000000000,2.1805924274,3.0422895545,2.8708860537,1.4691609722,-0.9441127859,-1.0442056365,-1.0819593317,2.6607096267,-3.1328660067,-2.8176176278,0.9192075785,-0.0030785647,-0.9763489907,-0.6065221754,0.0000000000,1.0000000000,0.0000000000,0.0000000000,0.0000000000
0.0200000000,-0.6500000000,1.3000000000,-0.1264012244,0.0000000000,2.1817161583,3.0431365373,2.8708014410,1.4671642178,-0.9435650139,-1.0522989712,-1.0819593317,2.6607100346,-3.1328660067,-2.8176176674,0.9192077126,-0.0030785185,-0.9763490137,-0.6065221754,0.0000000000,1.0000000000,0.0000000000,0.0000000000,0.0000000000
0.0200000000,-0.6500000000,1.3000000000,-0.1264012244,0.0000000000,2.1830425597,3.0438569840,2.8706908157,1.4647244724,-0.9430619228,-1.0599764947,-1.0819593317,2.6607110286,-3.1328660067,-2.8176180996,0.9192078783,-0.0030782591,-0.9763492933,-0.6065221754,0.0000000000,1.0000000000,0.0000000000,0.0000000000,0.0000000000
0.0200000000,-0.6500000000,1.3000000000,-0.1264012244,0.0000000000,2.1846922603,3.0444371710,2.8705455345,1.4616198344,-0.9425976980,-1.0674318394,-1.0819593317,2.6607126329,-3.1328660067,-2.8176188251,0.9192081269,-0.0030778293,-0.9763497692,-0.6065221754,0.0000000000,1.0000000000,0.0000000000,0.0000000000,0.0000000000
0.0200000000,-0.6500000000,1.3000000000,-0.1264012244,0.0000000000,2.1865884102,3.0449157116,2.8703735085,1.4580159735,-0.9421601958,-1.0747419566,-1.0819593317,2.6607147423,-3.1328660067,-2.8176198479,0.9192084207,-0.0030772340,-0.9763504405,-0.6065221754,0.0000000000,1.0000000000,0.0000000000,0.0000000000,0.0000000000
0.0200000000,-0.6500000000,1.3000000000,-0.1264012244,0.0000000000,2.1885577764,3.0453312456,2.8701886917,1.4542468838,-0.9417477244,-1.0817559905,-1.0819593317,2.6607172632,-3.1328660067,-2.8176212712,0.9192086838,-0.0030764331,-0.9763513679,-0.6065221754,0.0000000000,1.0000000000,0.0000000000,0.0000000000,0.0000000000
0.0200000000,-0.6500000000,1.3000000000,-0.1264012244,0.0000000000,2.1904517318,3.0457128344,2.8700025168,1.4505967231,-0.9413609723,-1.0883139481,-1.0819593317,2.6607201435,-3.1328660067,-2.8176232151,0.9192088468,-0.0030753760,-0.9763526232,-0.6065221754,0.0000000000,1.0000000000,0.0000000000,0.0000000000,0.0000000000
0.0200000000,-0.6500000000,1.3000000000,-0.1264012244,0.0000000000,2.1921840256,3.0460678309,2.8698211113,1.4472268101,-0.9410053380,-1.0942586880,-1.0819593317,2.6607233410,-3.1328660067,-2.8176256644,0.9192089047,-0.0030740718,-0.9763541930,-0.6065221754,0.0000000000,1.0000000000,0.0000000000,0.0000000000,0.0000000000
0.0200000000,-0.6500000000,1.3000000000,-0.1264012244,0.0000000000,2.1938259534,3.0463605964,2.8696375241,1.4439921919,-0.9406918792,-1.0995171785,-1.0819593317,2.6607268845,-3.1328660067,-2.8176284279,0.9192089547,-0.0030726030,-0.9763559554,-0.6065221754,0.0000000000,1.0000000000,0.0000000000,0.0000000000,0.0000000000
0.0200000000,-0.6500000000,1.3000000000,-0.1264012244,0.0000000000,2.1954106877,3.0465987479,2.8694499252,1.4408347140,-0.9404130292,-1.1042201589,-1.0819593317,2.6607308060,-3.1328660067,-2.8176316109,0.9192089584,-0.0030709214,-0.9763579803,-0.6065221754,0.0000000000,1.0000000000,0.0000000000,0.0000000000,0.0000000000
0.0200000000,-0.6500000000,1.3000000000,-0.1264012244,0.0000000000,2.1969505134,3.0468041240,2.8692590021,1.4377405359,-0.9401560082,-1.1085481170,-1.0819593317,2.6607351062,-3.1328660067,-2.8176353539,0.9192088496,-0.0030689652,-0.9763603600,-0.6065221754,0.0000000000,1.0000000000,0.0000000000,0.0000000000,0.0000000000
0.0200000000,-0.6500000000,1.3000000000,-0.1264012244,0.0000000000,2.1984530435,3.0469935877,2.8690651469,1.4347020148,-0.9399111366,-1.1126332877,-1.0819593317,2.6607398107,-3.1328660067,-2.8176398150,0.9192085637,-0.0030666631,-0.9763631978,-0.6065221754,0.0000000000,1.0000000000,0.0000000000,0.0000000000,0.0000000000
0.0200000000,-0.6500000000,1.3000000000,-0.1264012244,0.0000000000,2.1999258912,3.0471840018,2.8688687519,1.4317115080,-0.9396687351,-1.1166079062,-1.0819593317,2.6607449445,-3.1328660067,-2.8176451523,0.9192080360,-0.0030639438,-0.9763665969,-0.6065221754,0.0000000000,1.0000000000,0.0000000000,0.0000000000,0.0000000000
0.0200000000,-0.6500000000,1.3000000000,-0.1264012244,0.0000000000,2.2013743683,3.0473938868,2.8686702946,1.4287662212,-0.9394184805,-1.1206080228,-1.0819593317,2.6607505536,-3.1328660067,-2.8176515682,0.9192071909,-0.0030607148,-0.9763706872,-0.6065221754,0.0000000000,1.0000000000,0.0000000000,0.0000000000,0.0000000000
0.0200000000,-0.6500000000,1.3000000000,-0.1264012244,0.0000000000,2.2027699144,3.0476209048,2.8684755565,1.4259299811,-0.9391645331,-1.1245814126,-1.0819593317,2.6607563489,-3.1328660067,-2.8176582483,0.9192063404,-0.0030573467,-0.9763748974,-0.6065221754,0.0000000000,1.0000000000,0.0000000000,0.0000000000,0.0000000000
0.0200000000,-0.6500000000,1.3000000000,-0.1264012244,0.0000000000,2.2040578260,3.0478304942,2.8682928129,1.4233094532,-0.9389307446,-1.1282159501,-1.0819593317,2.6607618075,-3.1328660067,-2.8176635904,0.9192060979,-0.0030545691,-0.9763781225,-0.6065221754,0.0000000000,1.0000000000,0.0000000000,0.0000000000,0.0000000000
0.0200000000,-0.6500000000,1.3000000000,-0.1264012244,0.0000000000,2.2052730717,3.0480298978,2.8681154234,1.4208288289,-0.9387097085,-1.1316067391,-1.0819593317,2.6607672765,-3.1328660067,-2.8176685917,0.9192060810,-0.0030519283,-0.9763810594,-0.6065221754,0.0000000000,1.0000000000,0.0000000000,0.0000000000,0.0000000000
0.0200000000,-0.6500000000,1.3000000000,-0.1264012244,0.0000000000,2.2064604223,3.0482312923,2.8679352353,1.4183927326,-0.9384904102,-1.1348967288,-1.0819593317,2.6607731904,-3.1328660067,-2.8176745176,0.9192058035,-0.0030488482,-0.9763845910,-0.6065221754,0.0000000000,1.0000000000,0.0000000000,0.0000000000,0.0000000000
0.0200000000,-0.6500000000,1.3000000000,-0.1264012244,0.0000000000,2.2076689537,3.0484486638,2.8677427872,1.4158956258,-0.9382604340,-1.1382418327,-1.0819593317,2.6607800734,-3.1328660067,-2.8176828695,0.9192046952,-0.0030446446,-0.9763897618,-0.6065221754,0.0000000000,1.0000000000,0.0000000000,0.0000000000,0.0000000000
0.0200000000,-0.6500000000,1.3000000000,-0.1264012244,0.0000000000,2.2089522546,3.0486966785,2.8675282456,1.4132232059,-0.9380065469,-1.1418130434,-1.0819593317,2.6607884525,-3.1328660067,-2.8176951784,0.9192021690,-0.0030386204,-0.9763976396,-0.6065221754,0.0000000000,1.0000000000,0.0000000000,0.0000000000,0.0000000000
0.0200000000,-0.6500000000,1.3000000000,-0.1264012244,0.0000000000,2.2103531581,3.0489862572,2.8672844105,1.4102853599,-0.9377186010,-1.1457480164,-1.0819593317,2.6607986891,-3.1328660067,-2.8177125247,0.9191978026,-0.0030302855,-0.9764089822,-0.6065221754,0.0000000000,1.0000000000,0.0000000000,0.0000000000,0.0000000000
0.0200000000,-0.6500000000,1.3000000000,-0.1264012244,0.0000000000,2.2119167921,3.0493296631,2.8670030501,1.4069859456,-0.9373855023,-1.1501906102,-1.0819593317,2.6608112225,-3.1328660067,-2.8177361765,0.9191911113,-0.0030190622,-0.9764246735,-0.6065221754,0.0000000000,1.0000000000,0.0000000000,0.0000000000,0.0000000000
0.0200000000,-0.6500000000,1.3000000000,-0.1264012244,0.0000000000,2.2137119714,3.0497444689,2.8666701267,1.4031777162,-0.9369912445,-1.1553359515,-1.0819593317,2.6608268554,-3.1328660067,-2.8177672959,0.9191818977,-0.0030043737,-0.9764454184,-0.6065221754,0.0000000000,1.0000000000,0.0000000000,0.0000000000,0.0000000000
0.0200000000,-0.6500000000,1.3000000000,-0.1264012244,0.0000000000,2.2157217212,3.0502262860,2.8662876823,1.3988956236,-0.9365399918,-1.1611204123,-1.0819593317,2.6608455173,-3.1328660067,-2.8178052401,0.9191705027,-0.0029864942,-0.9764707278,-0.6065221754,0.0000000000,1.0000000000,0.0000000000,0.0000000000,0.0000000000
0.0200000000,-0.6500000000,1.3000000000,-0.1264012244,0.0000000000,2.2177817937,3.0507328581,2.8658885827,1.3944907140,-0.9360702300,-1.1670691180,-1.0819593317,2.6608653500,-3.1328660067,-2.8178469677,0.9191575925,-0.0029669049,-0.9764986928,-0.6065221754,0.0000000000,1.0000000000,0.0000000000,0.0000000000,0.0000000000
0.0200000000,-0.6500000000,1.3000000000,-0.1264012244,0.0000000000,2.2197243748,3.0512201916,2.8655071348,1.3903229844,-0.9356217124,-1.1726984492,-1.0819593317,2.6608843885,-3.1328660067,-2.8178892368,0.9191438855,-0.0029471830,-0.9765272761,-0.6065221754,0.0000000000,1.0000000000,0.0000000000,0.0000000000,0.0000000000
0.0200000000,-0.6500000000,1.3000000000,-0.1264012244,0.0000000000,2.2214028221,3.0516502784,2.8651729904,1.3867067089,-0.9352289134,-1.1775855452,-1.0819593317,2.6609010038,-3.1328660067,-2.8179291750,0.9191300918,-0.0029287115,-0.9765546389,-0.6065221754,0.0000000000,1.0000000000,0.0000000000,0.0000000000,0.0000000000
0.0200000000,-0.6500000000,1.3000000000,-0.1264012244,0.0000000000,2.2227653716,3.0520072830,2.8648972524,1.3837579741,-0.9349052534,-1.1815692772,-1.0819593317,2.6609150275,-3.1328660067,-2.8179640150,0.9191177834,-0.0029126508,-0.9765786174,-0.6065221754,0.0000000000,1.0000000000,0.0000000000,0.0000000000,0.0000000000
0.0200000000,-0.6500000000,1.3000000000,-0.1264012244,0.0000000000,2.2238492986,3.0523008247,2.8646721889,1.3813975865,-0.9346419538,-1.1847546112,-1.0819593317,2.6609270367,-3.1328660067,-2.8179941123,0.9191071127,-0.0028987832,-0.9765993321,-0.6065221754,0.0000000000,1.0000000000,0.0000000000,0.0000000000,0.0000000000
0.0200000000,-0.6500000000,1.3000000000,-0.1264012244,0.0000000000,2.2247223465,3.0525505716,2.8644835077,1.3794759878,-0.9344219900,-1.1873467916,-1.0819593317,2.6609374594,-3.1328660067,-2.8180222568,0.9190966589,-0.0028859070,-0.9766188913,-0.6065221754,0.0000000000,1.0000000000,0.0000000000,0.0000000000,0.0000000000
0.0200000000,-0.6500000000,1.3000000000,-0.1264012244,0.0000000000,2.2254623696,3.0527778987,2.8643153969,1.3778230600,-0.9342264851,-1.1895789490,-1.0819593317,2.6609467734,-3.1328660067,-2.8180512511,0.9190850221,-0.0028728097,-0.9766394030,-0.6065221754,0.0000000000,1.0000000000,0.0000000000,0.0000000000,0.0000000000
0.0200000000,-0.6500000000,1.3000000000,-0.1264012244,0.0000000000,2.2261275906,3.0529997358,2.8641556002,1.3763101085,-0.9340408001,-1.1916279943,-1.0819593317,2.6609553163,-3.1328660067,-2.8180835687,0.9190709156,-0.0028584313,-0.9766627490,-0.6065221754,0.0000000000,1.0000000000,0.0000000000,0.0000000000,0.0000000000
0.0200000000,-0.6500000000,1.3000000000,-0.1264012244,0.0000000000,2.2267762324,3.0532330127,2.8639918613,1.3748084384,-0.9338502960,-1.1936708385,-1.0819593317,2.6609634257,-3.1328660067,-2.8181216832,0.9190530531,-0.0028417114,-0.9766908106,-0.6065221754,0.0000000000,1.0000000000,0.0000000000,0.0000000000,0.0000000000
0.0200000000,-0.6500000000,1.3000000000,-0.1264012244,0.0000000000,2.2274731992,3.0534976477,2.8638100392,1.3731729554,-0.9336380758,-1.1959075348,-1.0819593317,2.6609714564,-3.1328660067,-2.8181687701,0.9190297352,-0.0028212982,-0.9767260231,-0.6065221754,0.0000000000,1.0000000000,0.0000000000,0.0000000000,0.0000000000
0.0200000000,-0.6500000000,1.3000000000,-0.1264012244,0.0000000000,2.2282860290,3.0538130489,2.8635959820,1.3712547673,-0.9333872633,-1.1985424230,-1.0819593317,2.6609798425,-3.1328660067,-2.8182275524,0.9189995767,-0.0027960187,-0.9767704496,-0.6065221754,0.0000000000,1.0000000000,0.0000000000,0.0000000000,0.0000000000
0.0200000000,-0.6500000000,1.3000000000,-0.1264012244,0.0000000000,2.2292129083,3.0541707115,2.8633531372,1.3690708178,-0.9331023989,-1.2015446682,-1.0819593317,2.6609892901,-3.1328660067,-2.8182939701,0.9189653515,-0.0027674848,-0.9768207950,-0.6065221754,0.0000000000,1.0000000000,0.0000000000,0.0000000000,0.0000000000
0.0200000000,-0.6500000000,1.3000000000,-0.1264012244,0.0000000000,2.2301841527,3.0545448655,2.8630982142,1.3667841312,-0.9328037806,-1.2046845696,-1.0819593317,2.6609999621,-3.1328660067,-2.8183622093,0.9189305800,-0.0027380925,-0.9768724867,-0.6065221754,0.0000000000,1.0000000000,0.0000000000,0.0000000000,0.0000000000
0.0200000000,-0.6500000000,1.3000000000,-0.1264012244,0.0000000000,2.2311704062,3.0549385127,2.8628331184,1.3644407520,-0.9324929714,-1.2079105604,-1.0819593317,2.6610105004,-3.1328660067,-2.8184370009,0.9188917615,-0.0027060152,-0.9769294380,-0.6065221754,0.0000000000,1.0000000000,0.0000000000,0.0000000000,0.0000000000
0.0200000000,-0.6500000000,1.3000000000,-0.1264012244,0.0000000000,2.2321509293,3.0553623507,2.8625559296,1.3620592780,-0.9321667009,-1.2112136208,-1.0819593317,2.6610191472,-3.1328660067,-2.8185260094,0.9188434476,-0.0026682506,-0.9769979264,-0.6065221754,0.0000000000,1.0000000000,0.0000000000,0.0000000000,0.0000000000
0.0200000000,-0.6500000000,1.3000000000,-0.1264012244,0.0000000000,2.2331027041,3.0558268225,2.8622651234,1.3596626208,-0.9318221036,-1.2145795612,-1.0819593317,2.6610240258,-3.1328660067,-2.8186371059,0.9187800111,-0.0026217215,-0.9770844040,-0.6065221754,0.0000000000,1.0000000000,0.0000000000,0.0000000000,0.0000000000
0.0200000000,-0.6500000000,1.3000000000,-0.1264012244,0.0000000000,2.2340266181,3.0563320656,2.8619606307,1.3572513824,-0.9314588723,-1.2180104113,-1.0819593317,2.6610254716,-3.1328660067,-2.8187697429,0.9187014751,-0.0025667157,-0.9771888933,-0.6065221754,0.0000000000,1.0000000000,0.0000000000,0.0000000000,0.0000000000
0.0200000000,-0.6500000000,1.3000000000,-0.1264012244,0.0000000000,2.2349540800,3.0568688270,2.8616425842,1.3547903921,-0.9310780248,-1.2215399632,-1.0819593317,2.6610262880,-3.1328660067,-2.8189145690,0.9186139916,-0.0025069969,-0.9773045196,-0.6065221754,0.0000000000,1.0000000000,0.0000000000,0.0000000000,0.0000000000
0.0200000000,-0.6500000000,1.3000000000,-0.1264012244,0.0000000000,2.2358465976,3.0574443622,2.8613123952,1.3523255358,-0.9306807006,-1.2251150237,-1.0819593317,2.6610227904,-3.1328660067,-2.8190819943,0.9185112752,-0.0024382618,-0.9774381169,-0.6065221754,0.0000000000,1.0000000000,0.0000000000,0.0000000000,0.0000000000
0.0200000000,-0.6500000000,1.3000000000,-0.1264012244,0.0000000000,2.2366145054,3.0580830476,2.8609703488,1.3499555752,-0.9302653790,-1.2286333102,-1.0819593317,2.6610064414,-3.1328660067,-2.8192989149,0.9183762754,-0.0023495568,-0.9776085876,-0.6065221754,0.0000000000,1.0000000000,0.0000000000,0.0000000000,0.0000000000
0.0200000000,-0.6500000000,1.3000000000,-0.1264012244,0.0000000000,2.2372402436,3.0588150490,2.8606058358,1.3476585360,-0.9298186617,-1.2321481434,-1.0819593317,2.6609736102,-3.1328660067,-2.8195835881,0.9181957557,-0.0022337846,-0.9778313715,-0.6065221754,0.0000000000,1.0000000000,0.0000000000,0.0000000000,0.0000000000
0.0200000000,-0.6500000000,1.3000000000,-0.1264012244,0.0000000000,2.2377149272,3.0595926926,2.8602399200,1.3455252898,-0.9293663025,-1.2355046281,-1.0819593317,2.6609272142,-3.1328660067,-2.8199132798,0.9179873275,-0.0020995525,-0.9780854180,-0.6065221754,0.0000000000,1.0000000000,0.0000000000,0.0000000000,0.0000000000
0.0200000000,-0.6500000000,1.3000000000,-0.1264012244,0.0000000000,2.2378800183,3.0603147255,2.8599318230,1.3439645142,-0.9289800696,-1.2380895763,-1.0819593317,2.6608635503,-3.1328660067,-2.8202634126,0.9177731211,-0.0019555300,-0.9783419985,-0.6065221754,0.0000000000,1.0000000000,0.0000000000,0.0000000000,0.0000000000
0.0200000000,-0.6500000000,1.3000000000,-0.1264012244,0.0000000000,2.2377223815,3.0609749584,2.8596861469,1.3430066092,-0.9286648027,-1.2398634846,-1.0819593317,2.6607820228,-3.1328660067,-2.8206326000,0.9175553248,-0.0018020166,-0.9785983485,-0.6065221754,0.0000000000,1.0000000000,0.0000000000,0.0000000000,0.0000000000
0.0200000000,-0.6500000000,1.3000000000,-0.1264012244,0.0000000000,2.2371924531,3.0616023286,2.8595114827,1.3426836418,-0.9284124188,-1.2409335174,-1.0819593317,2.6606738209,-3.1328660067,-2.8210322181,0.9173476476,-0.0016301678,-0.9788383469,-0.6065221754,0.0000000000,1.0000000000,0.0000000000,0.0000000000,0.0000000000
0.0200000000,-0.6500000000,1.3000000000,-0.1264012244,0.0000000000,2.2362710062,3.0622025502,2.8594111828,1.3430158771,-0.9282226424,-1.2413066105,-1.0819593317,2.6605362663,-3.1328660067,-2.8214658915,0.9171528038,-0.0014374986,-0.9790586482,-0.6065221754,0.0000000000,1.0000000000,0.0000000000,0.0000000000,0.0000000000
0.0200000000,-0.6500000000,1.3000000000,-0.1264012244,0.0000000000,2.2349077314,3.0627682754,2.8594122537,1.3441094168,-0.9281045194,-1.2410117668,-1.0819593317,2.6603650252,-3.1328660067,-2.8219196724,0.9170073501,-0.0012240922,-0.9792168133,-0.6065221754,0.0000000000,1.0000000000,0.0000000000,0.0000000000,0.0000000000
0.0200000000,-0.6500000000,1.3000000000,-0.1264012244,0.0000000000,2.2331426037,3.0632842657,2.8595189875,1.3459255058,-0.9280604107,-1.2401103748,-1.0819593317,2.6601632940,-3.1328660067,-2.8223774335,0.9169289461,-0.0009950128,-0.9792929311,-0.6065221754,0.0000000000,1.0000000000,0.0000000000,0.0000000000,0.0000000000
0.0200000000,-0.6500000000,1.3000000000,-0.1264012244,0.0000000000,2.2312787248,3.0636888280,2.8597015667,1.3480708055,-0.9280835777,-1.2388687425,-1.0819593317,2.6599586411,-3.1328660067,-2.8227784819,0.9169351195,-0.0007791954,-0.9792697465,-0.6065221754,0.0000000000,1.0000000000,0.0000000000,0.0000000000,0.0000000000
0.0200000000,-0.6500000000,1.3000000000,-0.1264012244,0.0000000000,2.2293442265,3.0639828648,2.8599535888,1.3504786421,-0.9281695985,-1.2373434630,-1.0819593317,2.6597488203,-3.1328660067,-2.8231281118,0.9170307336,-0.0005728320,-0.9791421012,-0.6065221754,0.0000000000,1.0000000000,0.0000000000,0.0000000000,0.0000000000
0.0200000000,-0.6500000000,1.3000000000,-0.1264012244,0.0000000000,2.2273458868,3.0642041544,2.8602528583,1.3530402268,-0.9282980936,-1.2356419523,-1.0819593317,2.6595250122,-3.1328660067,-2.8234610204,0.9172005011,-0.0003604550,-0.9789281660,-0.6065221754,0.0000000000,1.0000000000,0.0000000000,0.0000000000,0.0000000000
0.0200000000,-0.6500000000,1.3000000000,-0.1264012244,0.0000000000,2.2251097906,3.0643615258,2.8606318357,1.3559850010,-0.9284845138,-1.2336230881,-1.0819593317,2.6592593980,-3.1328660067,-2.8238151179,0.9174784216,-0.0001149437,-0.9785871920,-0.6065221754,0.0000000000,1.0000000000,0.0000000000,0.0000000000,0.0000000000
0.0200000000,-0.6500000000,1.3000000000,-0.1264012244,0.0000000000,2.2223860584,3.0644620914,2.8611403992,1.3596390728,-0.9287531253,-1.2310941467,-1.0819593317,2.6589042722,-3.1328660067,-2.8242533581,0.9179311107,0.0002107708,-0.9780402086,-0.6065221754,0.0000000000,1.0000000000,0.0000000000,0.0000000000,0.0000000000
0.0200000000,-0.6500000000,1.3000000000,-0.1264012244,0.0000000000,2.2190836057,3.0644809965,2.8618166809,1.3641609885,-0.9291235025,-1.2280160445,-1.0819593317,2.6584065379,-3.1328660067,-2.8248332829,0.9186680232,0.0006694157,-0.9771600617,-0.6065221754,0.0000000000,1.0000000000,0.0000000000,0.0000000000,0.0000000000
0.0200000000,-0.6500000000,1.3000000000,-0.1264012244,0.0000000000,2.2158488315,3.0644385830,2.8625285314,1.3687155512,-0.9295083846,-1.2251002746,-1.0819593317,2.6578058292,-3.1328660067,-2.8255229011,0.9196691036,0.0012395737,-0.9759781598,-0.6065221754,0.0000000000,1.0000000000,0.0000000000,0.0000000000,0.0000000000
0.0200000000,-0.6500000000,1.3000000000,-0.1264012244,0.0000000000,2.2130511382,3.0644244423,2.8631534465,1.3728122098,-0.9298240862,-1.2226965689,-1.0819593317,2.6571594261,-3.1328660067,-2.8263094681,0.9208978079,0.0019066863,-0.9745530861,-0.6065221754,0.0000000000,1.0000000000,0.0000000000,0.0000000000,0.0000000000
0.0200000000,-0.6500000000,1.3000000000,-0.1264012244,0.0000000000,2.2108079578,3.0645024236,2.8636136666,1.3762342530,-0.9300327114,-1.2207416434,-1.0819593317,2.6565904902,-3.1328660067,-2.8271198710,0.9222265267,0.0026057387,-0.9730557160,-0.6065221754,0.0000000000,1.0000000000,0.0000000000,0.0000000000,0.0000000000
0.0200000000,-0.6500000000,1.3000000000,-0.1264012244,0.0000000000,2.2089416747,3.0646897239,2.8639288582,1.3792057484,-0.9301492766,-1.2189874891,-1.0819593317,2.6562116149,-3.1328660067,-2.8279003427,0.9235971054,0.0032960821,-0.9715825152,-0.6065221754,0.0000000000,1.0000000000,0.0000000000,0.0000000000,0.0000000000
0.0200000000,-0.6500000000,1.3000000000,-0.1264012244,0.0000000000,2.2072349528,3.0649437797,2.8641705705,1.3820306590,-0.9302183251,-1.2172582533,-1.0819593317,2.6561314238,-3.1328660067,-2.8285941548,0.9249823691,0.0039418071,-0.9701952223,-0.6065221754,0.0000000000,1.0000000000,0.0000000000,0.0000000000,0.0000000000
0.0200000000,-0.6500000000,1.3000000000,-0.1264012244,0.0000000000,2.2056313250,3.0651334852,2.8644201905,1.3847880454,-0.9303065717,-1.2155047899,-1.0819593317,2.6564677153,-3.1328660067,-2.8291286346,0.9263752225,0.0045025261,-0.9689353309,-0.6065221754,0.0000000000,1.0000000000,0.0000000000,0.0000000000,0.0000000000
0.0200000000,-0.6500000000,1.3000000000,-0.1264012244,0.0000000000,2.2042560115,3.0650655537,2.8647529025,1.3873232789,-0.9304884838,-1.2138283063,-1.0819593317,2.6572731891,-3.1328660067,-2.8294495901,0.9277984424,0.0049538204,-0.9677903689,-0.6065221754,0.0000000000,1.0000000000,0.0000000000,0.0000000000,0.0000000000
0.0200000000,-0.6500000000,1.3000000000,-0.1264012244,0.0000000000,2.2032567128,3.0646238857,2.8652149972,1.3895067908,-0.9307986939,-1.2124691741,-1.0819593317,2.6584656106,-3.1328660067,-2.8295679010,0.9292999454,0.0053112168,-0.9666791909,-0.6065221754,0.0000000000,1.0000000000,0.0000000000,0.0000000000,0.0000000000
0.0200000000,-0.6500000000,1.3000000000,-0.1264012244,0.0000000000,2.2027642443,3.0637474990,2.8658352774,1.3912649252,-0.9312476745,-1.2117027944,-1.0819593317,2.6599105102,-3.1328660067,-2.8295215791,0.9309520143,0.0056094968,-0.9654785699,-0.6065221754,0.0000000000,1.0000000000,0.0000000000,0.0000000000,0.0000000000
0.0200000000,-0.6500000000,1.3000000000,-0.1264012244,0.0000000000,2.2028504272,3.0624272865,2.8666147104,1.3925561391,-0.9318299302,-1.2116645805,-1.0819593317,2.6613910243,-3.1328660067,-2.8293761364,0.9328459846,0.0059019650,-0.9640171935,-0.6065221754,0.0000000000,1.0000000000,0.0000000000,0.0000000000,0.0000000000
0.0200000000,-0.6500000000,1.3000000000,-0.1264012244,0.0000000000,2.2034867563,3.0606943285,2.8675393434,1.3934183465,-0.9325338148,-1.2123043935,-1.0819593317,2.6626133306,-3.1328660067,-2.8292051224,0.9351037918,0.0062522526,-0.9620621800,-0.6065221754,0.0000000000,1.0000000000,0.0000000000,0.0000000000,0.0000000000
0.0200000000,-0.6500000000,1.3000000000,-0.1264012244,0.0000000000,2.2044831854,3.0586654810,2.8685692753,1.3940272248,-0.9333272407,-1.2133576241,-1.0819593317,2.6632944083,-3.1328660067,-2.8290740962,0.9378234846,0.0067147720,-0.9594087027,-0.6065221754,0.0156893541,1.0000000000,0.0000000000,0.0000000000,0.0000000000
0.0200000000,-0.6500000000,1.3000000000,-0.1264012244,0.0000000000,2.2056185719,3.0565043867,2.8696118183,1.3945970322,-0.9341561526,-1.2145832552,-1.0819593317,2.6633664465,-3.1328660067,-2.8290279676,0.9409999379,0.0073120026,-0.9560421852,-0.6065221754,0.0823560208,1.0000000000,0.0000000000,0.0000000000,0.0000000000
0.0200000000,-0.6500000000,1.3000000000,-0.1264012244,0.0000000000,2.2068162930,3.0543193826,2.8704727196,1.3952592685,-0.9349668895,-1.2160178644,-1.0819593317,2.6629151022,-3.1328660570,-2.8291297243,0.9446032723,0.0080705806,-0.9520362652,-0.6065221754,0.1490226875,1.0000000000,0.0000000000,0.0000000000,0.0000000000
0.0200000000,-0.6500000000,1.3000000000,-0.1264012244,0.0000000000,2.2082448111,3.0521996695,2.8709447793,1.3959187314,-0.9356973135,-1.2178646870,-1.0819593317,2.6621875184,-3.1328669102,-2.8294738769,0.9485832444,0.0090291723,-0.9475549814,-0.6065221754,0.2156893541,1.0000000000,0.0000000000,0.0000000000,0.0000000000
0.0200000000,-0.6500000000,1.3000000000,-0.1264012244,0.0000000000,2.2100850827,3.0505431041,2.8710621761,1.3961359389,-0.9361796968,-1.2200296295,-1.0819593317,2.6615935349,-3.1328494174,-2.8300344768,0.9523205290,0.0100510431,-0.9434215648,-0.6065221754,0.2823560208,1.0000000000,0.0000000000,0.0000000000,0.0000000000
0.0200000000,-0.6500000000,1.3000000000,-0.1264012244,0.0000000000,2.2123546483,3.0494959718,2.8710358386,1.3957409461,-0.9363647051,-1.2223956157,-1.0819593317,2.6612871776,-3.1327403104,-2.8307196865,0.9554742731,0.0110211419,-0.9400502934,-0.6065221754,0.3490226875,1.0000000000,0.0000000000,0.0000000000,0.0000000000
0.0200000000,-0.6500000000,1.3000000000,-0.1264012244,0.0000000000,2.2151484814,3.0488699816,2.8709325823,1.3948092562,-0.9363180449,-1.2251524130,-1.0819593317,2.6611773715,-3.1324677094,-2.8315419744,0.9583233274,0.0120016810,-0.9371073659,-0.6065221754,0.4156893541,1.0000000000,0.0000000000,0.0000000000,0.0000000000
0.0200000000,-0.6500000000,1.3000000000,-0.1264012244,0.0000000000,2.2186890071,3.0485637855,2.8706934922,1.3933100800,-0.9360507815,-1.2286205617,-1.0819593317,2.6611771370,-3.1319622641,-2.8325642764,0.9611195283,0.0130757981,-0.9342958683,-0.6065221754,0.4823560208,1.0000000000,0.0000000000,0.0000000000,0.0000000000
0.0200000000,-0.6500000000,1.3000000000,-0.1264012244,0.0000000000,2.2230053768,3.0485649797,2.8702666169,1.3912429520,-0.9355608576,-1.2328738966,-1.0819593317,2.6612268660,-3.1312204241,-2.8337822627,0.9638715870,0.0142435599,-0.9315800058,-0.6065221754,0.5490226875,1.0000000000,0.0000000000,0.0000000000,0.0000000000
0.0200000000,-0.6500000000,1.3000000000,-0.1264012244,0.0000000000,2.2276406417,3.0488457969,2.8696618347,1.3888481950,-0.9349100179,-1.2374709097,-1.0819593317,2.6612307491,-3.1303609310,-2.8350538195,0.9663140030,0.0153796849,-0.9291816341,-0.6065221754,0.6156893541,1.0000000000,0.0000000000,0.0000000000,0.0000000000
0.0200000000,-0.6500000000,1.3000000000,-0.1264012244,0.0000000000,2.2321541842,3.0492841813,2.8689764375,1.3864092969,-0.9342023514,-1.2419558983,-1.0819593317,2.6611567859,-3.1294972975,-2.8362613503,0.9683716928,0.0164081344,-0.9271509960,-0.6065221754,0.6823560208,1.0000000000,0.0000000000,0.0000000000,0.0000000000
0.0200000000,-0.6500000000,1.3000000000,-0.1264012244,0.0000000000,2.2362988962,3.0497856397,2.8682809505,1.3841013013,-0.9335079246,-1.2460707503,-1.0819593317,2.6609966540,-3.1286964952,-2.8373430866,0.9700510743,0.0172978017,-0.9254693071,-0.6065221754,0.7490226875,1.0000000000,0.0000000000,0.0000000000,0.0000000000
0.0200000000,-0.6500000000,1.3000000000,-0.1264012244,0.0000000000,2.2401604277,3.0503042532,2.8675978503,1.3819111361,-0.9328371780,-1.2499028727,-1.0819593317,2.6607801251,-3.1279449390,-2.8383290041,0.9714894240,0.0180908323,-0.9240071911,-0.6065221754,0.8156893541,1.0000000000,0.0000000000,0.0000000000,0.0000000000
0.0200000000,-0.6500000000,1.3000000000,-0.1264012244,0.0000000000,2.2436333462,3.0508023854,2.8669606393,1.3799149004,-0.9322190154,-1.2533468441,-1.0819593317,2.6605285495,-3.1272648535,-2.8391972186,0.9726980048,0.0187779525,-0.9227577752,-0.6065221754,0.8823560208,1.0000000000,0.0000000000,0.0000000000,0.0000000000
0.0200000000,-0.6500000000,1.3000000000,-0.1264012244,0.0000000000,2.2471118562,3.0513324502,2.8662973392,1.3778812276,-0.9315842479,-1.2567958832,-1.0819593317,2.6601933867,-3.1265826136,-2.8400384816,0.9737900485,0.0194284426,-0.9215958674,-0.6065221754,0.9490085881,1.0000000000,0.0000000000,0.0000000000,0.0000000000
0.0200000000,-0.6500000000,1.3000000000,-0.1264012244,0.0000000000,2.2512922806,3.0519740307,2.8654875704,1.3754131115,-0.9308168265,-1.2609474817,-1.0819593317,2.6596978868,-3.1257685115,-2.8410168817,0.9749984922,0.0201730083,-0.9202694912,-0.6065221754,1.0000000000,1.0000000000,0.0000000000,0.0000000000,0.0000000000
0.0200000000,-0.6500000000,1.3000000000,-0.1264012244,0.0000000000,2.2560128246,3.0527052221,2.8645621226,1.3726055119,-0.9299453054,-1.2656390456,-1.0819593317,2.6590666968,-3.1248530473,-2.8420964190,0.9762790015,0.0209842844,-0.9188297493,-0.6065221754,1.0000000000,1.0000000000,0.0000000000,0.0000000000,0.0000000000
0.0200000000,-0.6500000000,1.3000000000,-0.1264012244,0.0000000000,2.2605205083,3.0533887633,2.8636942512,1.3698979071,-0.9291151417,-1.2700959972,-1.0819593317,2.6584041307,-3.1239894839,-2.8430986956,0.9774227356,0.0217287274,-0.9175117896,-0.6065221754,1.0000000000,1.0000000000,0.0000000000,0.0000000000,0.0000000000
0.0200000000,-0.6500000000,1.3000000000,-0.1264012244,0.0000000000,2.2646359063,3.0539914883,2.8629251127,1.3673982449,-0.9283607804,-1.2741448872,-1.0819593317,2.6577240187,-3.1232155478,-2.8439780611,0.9783700046,0.0223709508,-0.9163775036,-0.6065221754,1.0000000000,1.0000000000,0.0000000000,0.0000000000,0.0000000000
0.0200000000,-0.6500000000,1.3000000000,-0.1264012244,0.0000000000,2.2684269731,3.0545230137,2.8622429105,1.3650572569,-0.9276711281,-1.2778219599,-1.0819593317,2.6570465172,-3.1225153406,-2.8447580648,0.9791668750,0.0229321714,-0.9153892030,-0.6065221754,1.0000000000,1.0000000000,0.0000000000,0.0000000000,0.0000000000
0.0200000000,-0.6500000000,1.3000000000,-0.1264012244,0.0000000000,2.2717700624,3.0549676070,2.8616739910,1.3629517316,-0.9270695789,-1.2809808983,-1.0819593317,2.6564453375,-3.1219062811,-2.8454301030,0.9798426597,0.0234135939,-0.9145426669,-0.6065221754,1.0000000000,1.0000000000,0.0000000000,0.0000000000,0.0000000000
0.0200000000,-0.6500000000,1.3000000000,-0.1264012244,0.0000000000,2.2744156756,3.0553234057,2.8612423718,1.3612962923,-0.9265883647,-1.2835038358,-1.0819593317,2.6559557814,-3.1214254906,-2.8459558733,0.9803619686,0.0237883987,-0.9138831064,-0.6065221754,1.0000000000,1.0000000000,0.0000000000,0.0000000000,0.0000000000
0.0200000000,-0.6500000000,1.3000000000,-0.1264012244,0.0000000000,2.2766335735,3.0556009303,2.8609145846,1.3598746127,-0.9261891623,-1.2855556143,-1.0819593317,2.6555280981,-3.1210313517,-2.8463774575,0.9807580086,0.0240849550,-0.9133626388,-0.6065221754,1.0000000000,1.0000000000,0.0000000000,0.0000000000,0.0000000000
0.0200000000,-0.6500000000,1.3000000000,-0.1264012244,0.0000000000,2.2789087329,3.0558151614,2.8606344070,1.3582898822,-0.9258052086,-1.2874070338,-1.0819593317,2.6550918550,-3.1206483841,-2.8467746170,0.9811073332,0.0243596746,-0.9128851864,-0.6065221754,1.0000000000,1.0000000000,0.0000000000,0.0000000000,0.0000000000
0.0200000000,-0.6500000000,1.3000000000,-0.1264012244,0.0000000000,2.2817796947,3.0559798369,2.8603424599,1.3560959554,-0.9253632944,-1.2893478919,-1.0819593317,2.6545684677,-3.1201937250,-2.8472341687,0.9814919710,0.0246737049,-0.9123468375,-0.6065221754,1.0000000000,1.0000000000,0.0000000000,0.0000000000,0.0000000000
0.0200000000,-0.6500000000,1.3000000000,-0.1264012244,0.0000000000,2.2856180609,3.0561216875,2.8599989114,1.3530076888,-0.9248042753,-1.2916260344,-1.0819593317,2.6538949662,-3.1196063248,-2.8478189886,0.9819711930,0.0250713010,-0.9116701632,-0.6065221754,1.0000000000,1.0000000000,0.0000000000,0.0000000000,0.0000000000
0.0200000000,-0.6500000000,1.3000000000,-0.1264012244,0.0000000000,2.2900247801,3.0562336177,2.8596452331,1.3493611547,-0.9241812950,-1.2940376984,-1.0819593317,2.6531295670,-3.1189466359,-2.8484663335,0.9824868256,0.0255084885,-0.9109296089,-0.6065221754,1.0000000000,1.0000000000,0.0000000000,0.0000000000,0.0000000000
0.0200000000,-0.6500000000,1.3000000000,-0.1264012244,0.0000000000,2.2946699831,3.0562243984,2.8593127035,1.3453204403,-0.9235805558,-1.2961751934,-1.0819593317,2.6523621707,-3.1182840410,-2.8491086172,0.9829755090,0.0259377792,-0.9102165336,-0.6065221754,1.0000000000,1.0000000000,0.0000000000,0.0000000000,0.0000000000
0.0200000000,-0.6500000000,1.3000000000,-0.1264012244,0.0000000000,2.2994034227,3.0560179454,2.8590210775,1.3408982062,-0.9230574565,-1.2977296922,-1.0819593317,2.6516444339,-3.1176585387,-2.8497053100,0.9833968031,0.0263302128,-0.9095875315,-0.6065221754,1.0000000000,1.0000000000,0.0000000000,0.0000000000,0.0000000000
0.0200000000,-0.6500000000,1.3000000000,-0.1264012244,0.0000000000,2.3043111220,3.0556230081,2.8587664557,1.3360257260,-0.9225962277,-1.2987556032,-1.0819593317,2.6509569146,-3.1170558803,-2.8502692034,0.9837607621,0.0266943963,-0.9090264824,-0.6065221754,1.0000000000,1.0000000000,0.0000000000,0.0000000000,0.0000000000
0.0200000000,-0.6500000000,1.3000000000,-0.1264012244,0.0000000000,2.3091834481,3.0551019740,2.8585410123,1.3310430317,-0.9221966345,-1.2994548841,-1.0819593317,2.6503270299,-3.1164901963,-2.8507955370,0.9840742939,0.0270292370,-0.9085354732,-0.6065221754,1.0000000000,1.0000000000,0.0000000000,0.0000000000,0.0000000000
0.0200000000,-0.6500000000,1.3000000000,-0.1264012244,0.0000000000,2.3137563525,3.0545190918,2.8583383643,1.3263032653,-0.9218651587,-1.2999539959,-1.0819593317,2.6497819115,-3.1159824618,-2.8512706545,0.9843387733,0.0273279209,-0.9081210308,-0.6065221754,1.0000000000,1.0000000000,0.0000000000,0.0000000000,0.0000000000
0.0200000000,-0.6500000000,1.3000000000,-0.1264012244,0.0000000000,2.3179947592,3.0538743323,2.8581600581,1.3218066337,-0.9216066279,-1.3001912646,-1.0819593317,2.6493197464,-3.1155373572,-2.8516879133,0.9845494839,0.0275860605,-0.9077864938,-0.6065221754,1.0000000000,1.0000000000,0.0000000000,0.0000000000,0.0000000000
0.0200000000,-0.6500000000,1.3000000000,-0.1264012244,0.0000000000,2.3222166726,3.0531223347,2.8580053547,1.3172628053,-0.9213985175,-1.3002465913,-1.0819593317,2.6489185484,-3.1151222402,-2.8520790494,0.9847212674,0.0278230715,-0.9075126824,-0.6065221754,1.0000000000,1.0000000000,0.0000000000,0.0000000000,0.0000000000
0.0200000000,-0.6500000000,1.3000000000,-0.1264012244,0.0000000000,2.3268316073,3.0522044463,2.8578727157,1.3123243198,-0.9212118539,-1.3002644319,-1.0819593317,2.6485563279,-3.1146952581,-2.8524868531,0.9848744462,0.0280652048,-0.9072762784,-0.6065221754,1.0000000000,1.0000000000,0.0000000000,0.0000000000,0.0000000000
0.0200000000,-0.6500000000,1.3000000000,-0.1264012244,0.0000000000,2.3319613928,3.0511158955,2.8577541529,1.3068758558,-0.9210323869,-1.3002957748,-1.0819593317,2.6482112471,-3.1142391226,-2.8529277380,0.9850199292,0.0283231207,-0.9070599123,-0.6065221754,1.0000000000,1.0000000000,0.0000000000,0.0000000000,0.0000000000
0.0200000000,-0.6500000000,1.3000000000,-0.1264012244,0.0000000000,2.3374494870,3.0498705338,2.8576573129,1.3010661052,-0.9208749708,-1.3002850433,-1.0819593317,2.6479054681,-3.1137737422,-2.8533825044,0.9851464743,0.0285846410,-0.9068809895,-0.6065221754,1.0000000000,1.0000000000,0.0000000000,0.0000000000,0.0000000000
0.0200000000,-0.6500000000,1.3000000000,-0.1264012244,0.0000000000,2.3435322890,3.0483784444,2.8576117997,1.2947346324,-0.9207477782,-1.3002721430,-1.0819593317,2.6476886808,-3.1132952493,-2.8538601547,0.9852446813,0.0288526882,-0.9067698852,-0.6065221754,1.0000000000,1.0000000000,0.0000000000,0.0000000000,0.0000000000
0.0200000000,-0.6500000000,1.3000000000,-0.1264012244,0.0000000000,2.3503844336,3.0465852358,2.8576257878,1.2877121812,-0.9206512636,-1.3002702927,-1.0819593317,2.6475685138,-3.1127925126,-2.8543727466,0.9853137409,0.0291333978,-0.9067323015,-0.6065221754,1.0000000000,1.0000000000,0.0000000000,0.0000000000,0.0000000000
0.0200000000,-0.6500000000,1.3000000000,-0.1264012244,0.0000000000,2.3577072781,3.0445699650,2.8576990425,1.2803375305,-0.9205911178,-1.3002702927,-1.0819593317,2.6475617041,-3.1122932887,-2.8548938961,0.9853482777,0.0294119945,-0.9067761034,-0.6065221754,1.0000000000,1.0000000000,0.0000000000,0.0000000000,0.0000000000
0.0200000000,-0.6500000000,1.3000000000,-0.1264012244,0.0000000000,2.3650531069,3.0424417710,2.8578405675,1.2731378602,-0.9205796613,-1.3002702927,-1.0819593317,2.6477104600,-3.1118424178,-2.8553820895,0.9853380790,0.0296648997,-0.9069215800,-0.6065221754,1.0000000000,1.0000000000,0.0000000000,0.0000000000,0.0000000000
0.0200000000,-0.6500000000,1.3000000000,-0.1264012244,0.0000000000,2.3725032873,3.0402005188,2.8580378177,1.2660168577,-0.9206067211,-1.3002702927,-1.0819593317,2.6479876073,-3.1114284932,-2.8558470607,0.9852882587,0.0298981674,-0.9071544811,-0.6065221754,1.0000000000,1.0000000000,0.0000000000,0.0000000000,0.0000000000
0.0200000000,-0.6500000000,1.3000000000,-0.1264012244,0.0000000000,2.3801543597,3.0378465545,2.8582801427,1.2589346457,-0.9206625095,-1.3002702927,-1.0819593317,2.6483829536,-3.1110499739,-2.8562920429,0.9851970878,0.0301131870,-0.9074732433,-0.6065221754,1.0000000000,1.0000000000,0.0000000000,0.0000000000,0.0000000000
0.0200000000,-0.6500000000,1.3000000000,-0.1264012244,0.0000000000,2.3878972254,3.0354237514,2.8585579098,1.2519916136,-0.9207418830,-1.3002702927,-1.0819593317,2.6488785372,-3.1107104659,-2.8567118478,0.9850658683,0.0303074934,-0.9078688145,-0.6065221754,1.0000000000,1.0000000000,0.0000000000,0.0000000000,0.0000000000
0.0200000000,-0.6500000000,1.3000000000,-0.1264012244,0.0000000000,2.3950550553,3.0331791057,2.8588253296,1.2457922042,-0.9208228902,-1.3002702927,-1.0819593317,2.6493872931,-3.1104337137,-2.8570735223,0.9849051769,0.0304658734,-0.9082915275,-0.6065221754,1.0000000000,1.0000000000,0.0000000000,0.0000000000,0.0000000000
0.0200000000,-0.6500000000,1.3000000000,-0.1264012244,0.0000000000,2.4016071414,3.0311218549,2.8590802817,1.2403660997,-0.9209044034,-1.3002702927,-1.0819593317,2.6499063950,-3.1102219413,-2.8573749676,0.9847128146,0.0305868113,-0.9087423189,-0.6065221754,1.0000000000,1.0000000000,0.0000000000,0.0000000000,0.0000000000
0.0200000000,-0.6500000000,1.3000000000,-0.1264012244,0.0000000000,2.4085133251,3.0289819076,2.8593388698,1.2349298115,-0.9209845603,-1.3002702927,-1.0819593317,2.6504649048,-3.1100390636,-2.8576634802,0.9844454836,0.0306867273,-0.9092860456,-0.6065221754,1.0000000000,1.0000000000,0.0000000000,0.0000000000,0.0000000000
0.0200000000,-0.6500000000,1.3000000000,-0.1264012244,0.0000000000,2.4159794030,3.0267039802,2.8596030231,1.2293238282,-0.9210619979,-1.3002702927,-1.0819593317,2.6510665608,-3.1098780548,-2.8579486634,0.9840911151,0.0307683266,-0.9099385570,-0.6065221754,1.0000000000,1.0000000000,0.0000000000,0.0000000000,0.0000000000
0.0200000000,-0.6500000000,1.3000000000,-0.1264012244,0.0000000000,2.4234304176,3.0244841720,2.8598388700,1.2240651564,-0.9211230608,-1.3002702927,-1.0819593317,2.6516390079,-3.1097563934,-2.8582048385,0.9836392798,0.0308161177,-0.9106794675,-0.6065221754,1.0000000000,1.0000000000,0.0000000000,0.0000000000,0.0000000000
0.0200000000,-0.6500000000,1.3000000000,-0.1264012244,0.0000000000,2.4306953695,3.0223875058,2.8600322153,1.2193311273,-0.9211611894,-1.3002702927,-1.0819593317,2.6521534979,-3.1096811020,-2.8584229941,0.9830779363,0.0308230568,-0.9115093049,-0.6065221754,1.0000000000,1.0000000000,0.0000000000,0.0000000000,0.0000000000
0.0200000000,-0.6500000000,1.3000000000,-0.1264012244,0.0000000000,2.4378995151,3.0203954449,2.8601723248,1.2151191303,-0.9211702451,-1.3002702927,-1.0819593317,2.6525786961,-3.1096452152,-2.8586115307,0.9823402191,0.0307805993,-0.9124890728,-0.6065221754,1.0000000000,1.0000000000,0.0000000000,0.0000000000,0.0000000000
0.0200000000,-0.6500000000,1.3000000000,-0.1264012244,0.0000000000,2.4450660487,3.0185001054,2.8602593041,1.2114162342,-0.9211508164,-1.3002702927,-1.0819593317,2.6529067501,-3.1096419642,-2.8587762596,0.9814106962,0.0306887648,-0.9136332454,-0.6065221754,1.0000000000,1.0000000000,0.0000000000,0.0000000000,0.0000000000
0.0200000000,-0.6500000000,1.3000000000,-0.1264012244,0.0000000000,2.4522198146,3.0167066823,2.8602845203,1.2083195396,-0.9210998467,-1.3002702927,-1.0819593317,2.6531053025,-3.1096645723,-2.8589237619,0.9802175657,0.0305370670,-0.9150074136,-0.6065221754,1.0000000000,1.0000000000,0.0000000000,0.0000000000,0.0000000000
0.0200000000,-0.6500000000,1.3000000000,-0.1264012244,0.0000000000,2.4591180991,3.0150725142,2.8602490435,1.2059971784,-0.9210225616,-1.3002702927,-1.0819593317,2.6531488744,-3.1097002638,-2.8590590527,0.9787551398,0.0303268648,-0.9166087603,-0.6065221754,1.0000000000,1.0000000000,0.0000000000,0.0000000000,0.0000000000
0.0200000000,-0.6500000000,1.3000000000,-0.1264012244,0.0000000000,2.4655179995,3.0136569036,2.8601531469,1.2046335796,-0.9209237892,-1.3002702927,-1.0819593317,2.6530101901,-3.1097375906,-2.8591862070,0.9770131175,0.0300581358,-0.9184385437,-0.6065221754,1.0000000000,1.0000000000,0.0000000000,0.0000000000,0.0000000000
0.0200000000,-0.6500000000,1.3000000000,-0.1264012244,0.0000000000,2.4714343683,3.0124345248,2.8600130237,1.2042848916,-0.9208166123,-1.3002702927,-1.0819593317,2.6526749924,-3.1097559189,-2.8593226085,0.9749480674,0.0297313428,-0.9205401618,-0.6065221754,1.0000000000,1.0000000000,0.0000000000,0.0000000000,0.0000000000
0.0200000000,-0.6500000000,1.3000000000,-0.1264012244,0.0000000000,2.4768847195,3.0113772657,2.8598457770,1.2048749934,-0.9207112904,-1.3002702927,-1.0819593317,2.6521623147,-3.1097479935,-2.8594741963,0.9725958293,0.0293564064,-0.9228831185,-0.6065221754,1.0000000000,1.0000000000,0.0000000000,0.0000000000,0.0000000000
0.0200000000,-0.6500000000,1.3000000000,-0.1264012244,0.0000000000,2.4817704696,3.0104790549,2.8596729640,1.2063268099,-0.9206210618,-1.3002702927,-1.0819593317,2.6515027223,-3.1097082530,-2.8596426830,0.9700438395,0.0289509724,-0.9253853481,-0.6065221754,1.0000000000,1.0000000000,0.0000000000,0.0000000000,0.0000000000
0.0200000000,-0.6500000000,1.3000000000,-0.1264012244,0.0000000000,2.4858879264,3.0097570711,2.8595154343,1.2084305249,-0.9205557140,-1.3002702927,-1.0819593317,2.6507632979,-3.1096420962,-2.8598173434,0.9674855453,0.0285468237,-0.9278636664,-0.6065221754,1.0000000000,1.0000000000,0.0000000000,0.0000000000,0.0000000000
0.0200000000,-0.6500000000,1.3000000000,-0.1264012244,0.0000000000,2.4894957068,3.0091500579,2.8593744959,1.2112013994,-0.9205159604,-1.3002702927,-1.0819593317,2.6499392244,-3.1095538626,-2.8600023943,0.9648450665,0.0281313967,-0.9303973862,-0.6065221754,1.0000000000,1.0000000000,0.0000000000,0.0000000000,0.0000000000
0.0200000000,-0.6500000000,1.3000000000,-0.1264012244,0.0000000000,2.4927595414,3.0086228253,2.8592484982,1.2146831385,-0.9205012036,-1.3002702927,-1.0819593317,2.6490225655,-3.1094471235,-2.8602003081,0.9620600815,0.0276938593,-0.9330500587,-0.6065221754,1.0000000000,1.0000000000,0.0000000000,0.0000000000,0.0000000000
0.0200000000,-0.6500000000,1.3000000000,-0.1264012244,0.0000000000,2.4956997833,3.0081721232,2.8591362991,1.2188242899,-0.9205089381,-1.3002702927,-1.0819593317,2.6480447751,-3.1093344133,-2.8604025611,0.9591760415,0.0272385484,-0.9357834371,-0.6065221754,1.0000000000,1.0000000000,0.0000000000,0.0000000000,0.0000000000
0.0200000000,-0.6500000000,1.3000000000,-0.1264012244,0.0000000000,2.4983194864,3.0078089221,2.8590322417,1.2237517945,-0.9205371180,-1.3002702927,-1.0819593317,2.6470043747,-3.1092232156,-2.8606058706,0.9561635106,0.0267579223,-0.9386273553,-0.6065221754,1.0000000000,1.0000000000,0.0000000000,0.0000000000,0.0000000000
0.0200000000,-0.6500000000,1.3000000000,-0.1264012244,0.0000000000,2.5005295503,3.0075516304,2.8589338984,1.2291975762,-0.9205780235,-1.3002703067,-1.0819593317,2.6459641049,-3.1091258777,-2.8607963683,0.9531738604,0.0262742850,-0.9414424010,-0.6065221754,1.0000000000,1.0000000000,0.0000000000,0.0000000000,0.0000000000
0.0200000000,-0.6500000000,1.3000000000,-0.1264012244,0.0000000000,2.5019944773,3.0074454944,2.8588490011,1.2341669468,-0.9206165466,-1.3002723449,-1.0819593317,2.6451132422,-3.1090635048,-2.8609388399,0.9507270620,0.0258707983,-0.9437421882,-0.6065221754,1.0000000000,1.0000000000,0.0000000000,0.0000000000,0.0000000000
0.0200000000,-0.6500000000,1.3000000000,-0.1264012244,0.0000000000,2.5029410167,3.0074463040,2.8587706526,1.2387633272,-0.9206501065,-1.3002713810,-1.0819593317,2.6443980705,-3.1090278497,-2.8610460397,0.9486647650,0.0255234437,-0.9456774419,-0.6065221754,1.0000000000,1.0000000000,0.0000000000,0.0000000000,0.0000000000
0.0200000000,-0.6500000000,1.3000000000,-0.1264012244,0.0000000000,2.5036410857,3.0075019252,2.8586914321,1.2431550464,-0.9206773476,-1.3002691517,-1.0819593317,2.6437501233,-3.1090077895,-2.8611344925,0.9467868579,0.0252020600,-0.9474384229,-0.6065221754,1.0000000000,1.0000000000,0.0000000000,0.0000000000,0.0000000000
0.0200000000,-0.6500000000,1.3000000000,-0.1264012244,0.0000000000,2.5041182230,3.0076034381,2.8586121242,1.2473462844,-0.9206987097,-1.3002380767,-1.0819593317,2.6431596544,-3.1090026105,-2.8612055386,0.9450703929,0.0249028455,-0.9490459584,-0.6065221754,1.0000000000,1.0000000000,0.0000000000,0.0000000000,0.0000000000
0.0200000000,-0.6500000000,1.3000000000,-0.1264012244,0.0000000000,2.5045006239,3.0077142047,2.8585345773,1.2512883641,-0.9207150388,-1.3001726934,-1.0819593317,2.6426063687,-3.1090067995,-2.8612655603,0.9434581379,0.0246180837,-0.9505546195,-0.6065221754,1.0000000000,1.0000000000,0.0000000000,0.0000000000,0.0000000000
0.0200000000,-0.6500000000,1.3000000000,-0.1264012244,0.0000000000,2.5047711314,3.0078415256,2.8584566123,1.2550369260,-0.9207253788,-1.3000496633,-1.0819593317,2.6420838406,-3.1090219098,-2.8613140090,0.9419343781,0.0243443647,-0.9519783809,-0.6065221754,1.0000000000,1.0000000000,0.0000000000,0.0000000000,0.0000000000
0.0200000000,-0.6500000000,1.3000000000,-0.1264012244,0.0000000000,2.5049446584,3.0080126012,2.8583581143,1.2592002567,-0.9207235939,-1.2996530304,-1.0819593317,2.6414897722,-3.1090536321,-2.8613570782,0.9402317546,0.0240323653,-0.9535622234,-0.6065221754,1.0000000000,1.0000000000,0.0000000000,0.0000000000,0.0000000000
0.0200000000,-0.6500000000,1.3000000000,-0.1264012244,0.0000000000,2.5050429309,3.0082321169,2.8582333766,1.2639840919,-0.9207087474,-1.2989289914,-1.0819593317,2.6407891897,-3.1091029268,-2.8613977804,0.9382548210,0.0236649258,-0.9553944417,-0.6065221754,1.0000000000,1.0000000000,0.0000000000,0.0000000000,0.0000000000
0.0200000000,-0.6500000000,1.3000000000,-0.1264012244,0.0000000000,2.5050117913,3.0084740045,2.8581058952,1.2684919225,-0.9206847180,-1.2980829452,-1.0819593317,2.6401282424,-3.1091555867,-2.8614300668,0.9364284148,0.0233224871,-0.9570802389,-0.6065221754,1.0000000000,1.0000000000,0.0000000000,0.0000000000,0.0000000000
0.0200000000,-0.6500000000,1.3000000000,-0.1264012244,0.0000000000,2.5048084252,3.0087246240,2.8579882501,1.2721720395,-0.9206519943,-1.2971940450,-1.0819593317,2.6395948556,-3.1092036884,-2.8614496733,0.9350118746,0.0230538346,-0.9583779515,-0.6065221754,1.0000000000,1.0000000000,0.0000000000,0.0000000000,0.0000000000
0.0200000000,-0.6500000000,1.3000000000,-0.1264012244,0.0000000000,2.5044656424,3.0089902814,2.8578750916,1.2753276252,-0.9206120841,-1.2962676951,-1.0819593317,2.6391421225,-3.1092492211,-2.8614604098,0.9338705346,0.0228345173,-0.9594129936,-0.6065221754,1.0000000000,1.0000000000,0.0000000000,0.0000000000,0.0000000000
0.0200000000,-0.6500000000,1.3000000000,-0.1264012244,0.0000000000,2.5040442444,3.0092782814,2.8577603787,1.2784048126,-0.9205692946,-1.2953672427,-1.0819593317,2.6387033736,-3.1092924457,-2.8614695662,0.9328141922,0.0226310574,-0.9603628415,-0.6065221754,1.0000000000,1.0000000000,0.0000000000,0.0000000000,0.0000000000
0.0200000000,-0.6500000000,1.3000000000,-0.1264012244,0.0000000000,2.5035464777,3.0095919874,2.8576426185,1.2814713549,-0.9205238110,-1.2944992262,-1.0819593317,2.6382716406,-3.1093335626,-2.8614779469,0.9318183345,0.0224390657,-0.9612509748,-0.6065221754,1.0000000000,1.0000000000,0.0000000000,0.0000000000,0.0000000000
0.0200000000,-0.6500000000,1.3000000000,-0.1264012244,0.0000000000,2.5029702022,3.0099256741,2.8575239544,1.2844236076,-0.9204752275,-1.2936482595,-1.0819593317,2.6378591609,-3.1093725696,-2.8614841528,0.9309187301,0.0222648246,-0.9620438977,-0.6065221754,1.0000000000,1.0000000000,0.0000000000,0.0000000000,0.0000000000
0.0200000000,-0.6500000000,1.3000000000,-0.1264012244,0.0000000000,2.5023539207,3.0102682006,2.8574062326,1.2872878494,-0.9204256192,-1.2928199171,-1.0819593317,2.6374534624,-3.1094094765,-2.8614895493,0.9300809463,0.0221023057,-0.9627736098,-0.6065221754,1.0000000000,1.0000000000,0.0000000000,0.0000000000,0.0000000000
0.0200000000,-0.6500000000,1.3000000000,-0.1264012244,0.0000000000,2.5017433982,3.0106039601,2.8572928228,1.2900449526,-0.9203775964,-1.2920340763,-1.0819593317,2.6370514088,-3.1094438498,-2.8614952393,0.9292852985,0.0219482482,-0.9634600845,-0.6065221754,1.0000000000,1.0000000000,0.0000000000,0.0000000000,0.0000000000
0.0200000000,-0.6500000000,1.3000000000,-0.1264012244,0.0000000000,2.5011912386,3.0109042012,2.8571926153,1.2924436820,-0.9203345842,-1.2913704470,-1.0819593317,2.6367070707,-3.1094735357,-2.8614998354,0.9286056236,0.0218164779,-0.9640460142,-0.6065221754,1.0000000000,1.0000000000,0.0000000000,0.0000000000,0.0000000000
0.0200000000,-0.6500000000,1.3000000000,-0.1264012244,0.0000000000,2.5006239426,3.0112043231,2.8570953629,1.2947339392,-0.9202919586,-1.2907424014,-1.0819593317,2.6363708819,-3.1095008549,-2.8615040718,0.9279812952,0.0216954091,-0.9645762818,-0.6065221754,1.0000000000,1.0000000000,0.0000000000,0.0000000000,0.0000000000
0.0200000000,-0.6500000000,1.3000000000,-0.1264012244,0.0000000000,2.4999501297,3.0115499848,2.8569877495,1.2972610343,-0.9202440277,-1.2900352458,-1.0819593317,2.6359699739,-3.1095287468,-2.8615094177,0.9273224353,0.0215680804,-0.9651177764,-0.6065221754,1.0000000000,1.0000000000,0.0000000000,0.0000000000,0.0000000000
0.0200000000,-0.6500000000,1.3000000000,-0.1264012244,0.0000000000,2.4990784196,3.0119868453,2.8568564590,1.3003702778,-0.9201850995,-1.2891342864,-1.0819593317,2.6354314781,-3.1095601509,-2.8615173424,0.9265391659,0.0214175304,-0.9657373868,-0.6065221754,1.0000000000,1.0000000000,0.0000000000,0.0000000000,0.0000000000
0.0200000000,-0.6500000000,1.3000000000,-0.1264012244,0.0000000000,2.4979364231,3.0125527617,2.8566895698,1.3043326760,-0.9201096918,-1.2879603589,-1.0819593317,2.6347121947,-3.1095979698,-2.8615285900,0.9255578757,0.0212296005,-0.9664962286,-0.6065221754,1.0000000000,1.0000000000,0.0000000000,0.0000000000,0.0000000000
0.0200000000,-0.6500000000,1.3000000000,-0.1264012244,0.0000000000,2.4966102635,3.0132018915,2.8565018039,1.3088083559,-0.9200244636,-1.2866134330,-1.0819593317,2.6338656977,-3.1096384518,-2.8615422102,0.9244735278,0.0210225554,-0.9673145923,-0.6065221754,1.0000000000,1.0000000000,0.0000000000,0.0000000000,0.0000000000
0.0200000000,-0.6500000000,1.3000000000,-0.1264012244,0.0000000000,2.4952370577,3.0138573486,2.8563197546,1.3132577132,-0.9199421922,-1.2852273526,-1.0819593317,2.6329456715,-3.1096742474,-2.8615576381,0.9234441725,0.0208273816,-0.9680461780,-0.6065221754,1.0000000000,1.0000000000,0.0000000000,0.0000000000,0.0000000000
0.0200000000,-0.6500000000,1.3000000000,-0.1264012244,0.0000000000,2.4938144103,3.0145164957,2.8561459217,1.3176487075,-0.9198641231,-1.2837990387,-1.0819593317,2.6319396965,-3.1097039730,-2.8615752857,0.9224882255,0.0206479476,-0.9686666825,-0.6065221754,1.0000000000,1.0000000000,0.0000000000,0.0000000000,0.0000000000
0.0200000000,-0.6500000000,1.3000000000,-0.1264012244,0.0000000000,2.4924152271,3.0151525222,2.8559839707,1.3218423905,-0.9197918816,-1.2824019487,-1.0819593317,2.6309163173,-3.1097290912,-2.8615934290,0.9216145010,0.0204850692,-0.9691934222,-0.6065221754,1.0000000000,1.0000000000,0.0000000000,0.0000000000,0.0000000000
0.0200000000,-0.6500000000,1.3000000000,-0.1264012244,0.0000000000,2.4912465149,3.0156771434,2.8558534687,1.3253026701,-0.9197343751,-1.2812430476,-1.0819593317,2.6300390252,-3.1097485785,-2.8616086795,0.9209156103,0.0203552332,-0.9695919758,-0.6065221754,1.0000000000,1.0000000000,0.0000000000,0.0000000000,0.0000000000
0.0200000000,-0.6500000000,1.3000000000,-0.1264012244,0.0000000000,2.4903674163,3.0160640014,2.8557610405,1.3278375037,-0.9196942137,-1.2803820607,-1.0819593317,2.6293583854,-3.1097606824,-2.8616207029,0.9204292389,0.0202656715,-0.9698421149,-0.6065221754,1.0000000000,1.0000000000,0.0000000000,0.0000000000,0.0000000000
0.0200000000,-0.6500000000,1.3000000000,-0.1264012244,0.0000000000,2.4895942010,3.0163933786,2.8556875470,1.3299909563,-0.9196634106,-1.2796343469,-1.0819593317,2.6287221696,-3.1097688819,-2.8616313817,0.9200537291,0.0201973681,-0.9699922382,-0.6065221754,1.0000000000,1.0000000000,0.0000000000,0.0000000000,0.0000000000
0.0200000000,-0.6500000000,1.3000000000,-0.1264012244,0.0000000000,2.4887624176,3.0167362302,2.8556164434,1.3322513970,-0.9196352895,-1.2788352050,-1.0819593317,2.6279888692,-3.1097764092,-2.8616422392,0.9197010272,0.0201338151,-0.9700805213,-0.6065221754,1.0000000000,1.0000000000,0.0000000000,0.0000000000,0.0000000000
0.0200000000,-0.6500000000,1.3000000000,-0.1264012244,0.0000000000,2.4877263841,3.0171558715,2.8555328462,1.3350496666,-0.9196037273,-1.2778421890,-1.0819593317,2.6270378163,-3.1097859490,-2.8616547682,0.9192917373,0.0200601758,-0.9701440746,-0.6065221754,1.0000000000,1.0000000000,0.0000000000,0.0000000000,0.0000000000
0.0200000000,-0.6500000000,1.3000000000,-0.1264012244,0.0000000000,2.4865087395,3.0176434473,2.8554386885,1.3383099406,-0.9195692148,-1.2766891365,-1.0819593317,2.6259011196,-3.1097964153,-2.8616691939,0.9188360282,0.0199785291,-0.9701846055,-0.6065221754,1.0000000000,1.0000000000,0.0000000000,0.0000000000,0.0000000000
0.0200000000,-0.6500000000,1.3000000000,-0.1264012244,0.0000000000,2.4852183358,3.0181468744,2.8553475889,1.3417229237,-0.9195384814,-1.2754516095,-1.0819593317,2.6246240542,-3.1098073198,-2.8616830809,0.9184086890,0.0199024487,-0.9701406134,-0.6065221754,1.0000000000,1.0000000000,0.0000000000,0.0000000000,0.0000000000
0.0200000000,-0.6500000000,1.3000000000,-0.1264012244,0.0000000000,2.4839572491,3.0186227167,2.8552688400,1.3450194542,-0.9195155642,-1.2742105415,-1.0819593317,2.6232816442,-3.1098184816,-2.8616945777,0.9180542891,0.0198397510,-0.9699940662,-0.6065221754,1.0000000000,1.0000000000,0.0000000000,0.0000000000,0.0000000000
0.0200000000,-0.6500000000,1.3000000000,-0.1264012244,0.0000000000,2.4827314651,3.0190706045,2.8552017402,1.3481850447,-0.9194997658,-1.2729808538,-1.0819593317,2.6218961235,-3.1098295975,-2.8617039598,0.9177662720,0.0197892346,-0.9697605086,-0.6065221754,1.0000000000,1.0000000000,0.0000000000,0.0000000000,0.0000000000
0.0200000000,-0.6500000000,1.3000000000,-0.1264012244,0.0000000000,2.4813671994,3.0195399872,2.8551444085,1.3516656020,-0.9194947039,-1.2715064811,-1.0819593317,2.6201358543,-3.1098443971,-2.8617100017,0.9175724420,0.0197563468,-0.9692820646,-0.6065221754,1.0000000000,1.0000000000,0.0000000000,0.0000000000,0.0000000000
0.0200000000,-0.6500000000,1.3000000000,-0.1264012244,0.0000000000,2.4796819095,3.0200824826,2.8550951449,1.3559243199,-0.9195042676,-1.2695150694,-1.0819593317,2.6176745164,-3.1098661379,-2.8617113297,0.9174853256,0.0197433584,-0.9684188170,-0.6065221754,1.0000000000,1.0000000000,0.0000000000,0.0000000000,0.0000000000
0.0200000000,-0.6500000000,1.3000000000,-0.1264012244,0.0000000000,2.4779649569,3.0205993047,2.8550661580,1.3602251237,-0.9195296723,-1.2673708625,-1.0819593317,2.6148287627,-3.1098933530,-2.8617070844,0.9176068708,0.0197698270,-0.9671867541,-0.6065221754,1.0000000000,1.0000000000,0.0000000000,0.0000000000,0.0000000000
0.0200000000,-0.6500000000,1.3000000000,-0.1264012244,0.0000000000,2.4763704234,3.0210416736,2.8550623142,1.3641845000,-0.9195703964,-1.2653137801,-1.0819593317,2.6117328954,-3.1099272499,-2.8616987834,0.9180284191,0.0198548005,-0.9655426689,-0.6065221754,1.0000000000,1.0000000000,0.0000000000,0.0000000000,0.0000000000
0.0200000000,-0.6500000000,1.3000000000,-0.1264012244,0.0000000000,2.4746753428,3.0214966738,2.8550714348,1.3683910490,-0.9196233149,-1.2632756105,-1.0819593317,2.6079071963,-3.1099793504,-2.8616965466,0.9188991668,0.0200347406,-0.9631459778,-0.6065221754,1.0000000000,1.0000000000,0.0000000000,0.0000000000,0.0000000000
0.0200000000,-0.6500000000,1.3000000000,-0.1264012244,0.0000000000,2.4731318186,3.0219249795,2.8550786801,1.3722690923,-0.9196701790,-1.2617134026,-1.0819593317,2.6038200333,-3.1100483958,-2.8617150463,0.9201868712,0.0203105597,-0.9602148125,-0.6065221754,1.0000000000,1.0000000000,0.0000000000,0.0000000000,0.0000000000
0.0200000000,-0.6500000000,1.3000000000,-0.1264012244,0.0000000000,2.4718220428,3.0223482844,2.8550621349,1.3756700284,-0.9196912767,-1.2608648190,-1.0819593317,2.5995082016,-3.1101271654,-2.8617665349,0.9219924697,0.0207087525,-0.9566609203,-0.6065221754,1.0000000000,1.0000000000,0.0000000000,0.0000000000,0.0000000000
0.0200000000,-0.6500000000,1.3000000000,-0.1264012244,0.0000000000,2.4707441901,3.0228175651,2.8549961970,1.3786103320,-0.9196655012,-1.2608521668,-1.0819593317,2.5949137554,-3.1101998013,-2.8618481077,0.9244617037,0.0212560599,-0.9523107511,-0.6065221754,1.0000000000,1.0000000000,0.0000000000,0.0000000000,0.0000000000
0.0200000000,-0.6500000000,1.3000000000,-0.1264012244,0.0000000000,2.4699192141,3.0233318410,2.8548757359,1.3809562826,-0.9195873416,-1.2616256657,-1.0819593317,2.5904121050,-3.1102614991,-2.8619351570,0.9274732661,0.0219134629,-0.9474336689,-0.6065221754,1.0000000000,1.0000000000,0.0000000000,0.0000000000,0.0000000000
0.0200000000,-0.6500000000,1.3000000000,-0.1264012244,0.0000000000,2.4692899674,3.0238680717,2.8547177185,1.3827269228,-0.9194712858,-1.2629524892,-1.0819593317,2.5863098218,-3.1103346707,-2.8619968243,0.9308669442,0.0226316383,-0.9423106760,-0.6065221754,1.0000000000,1.0000000000,0.0000000000,0.0000000000,0.0000000000
0.0200000000,-0.6500000000,1.3000000000,-0.1264012244,0.0000000000,2.4687195028,3.0244057504,2.8545504406,1.3841518240,-0.9193434148,-1.2645188749,-1.0819593317,2.5826270045,-3.1104543099,-2.8620024011,0.9345736472,0.0233804117,-0.9370160195,-0.6065221754,1.0000000000,1.0000000000,0.0000000000,0.0000000000,0.0000000000
0.0200000000,-0.6500000000,1.3000000000,-0.1264012244,0.0000000000,2.4680699087,3.0249206050,2.8544053961,1.3854787440,-0.9192326288,-1.2660498227,-1.0819593317,2.5792668168,-3.1106591076,-2.8619183615,0.9385976503,0.0241428792,-0.9315017821,-0.6065221754,1.0000000000,1.0000000000,0.0000000000,0.0000000000,0.0000000000
0.0200000000,-0.6500000000,1.3000000000,-0.1264012244,0.0000000000,2.4673368113,3.0253376256,2.8543195012,1.3867441801,-0.9191706273,-1.2672437632,-1.0819593317,2.5764024118,-3.1109415776,-2.8617444527,0.9424902303,0.0248292811,-0.9263029271,-0.6065221754,1.0000000000,1.0000000000,0.0000000000,0.0000000000,0.0000000000
0.0200000000,-0.6500000000,1.3000000000,-0.1264012244,0.0000000000,2.4665569071,3.0256404987,2.8542968261,1.3879467229,-0.9191610820,-1.2681370902,-1.0819593317,2.5739318007,-3.1112784060,-2.8615053440,0.9461138127,0.0254257399,-0.9215273657,-0.6065221754,1.0000000000,1.0000000000,0.0000000000,0.0000000000,0.0000000000
0.0200000000,-0.6500000000,1.3000000000,-0.1264012244,0.0000000000,2.4657843058,3.0258421784,2.8543246385,1.3890362116,-0.9191929644,-1.2689068287,-1.0819593317,2.5717230318,-3.1116454822,-2.8612287579,0.9494858087,0.0259509399,-0.9171102239,-0.6065221754,1.0000000000,1.0000000000,0.0000000000,0.0000000000,0.0000000000
0.0200000000,-0.6500000000,1.3000000000,-0.1264012244,0.0000000000,2.4651467023,3.0259349579,2.8543877233,1.3898332226,-0.9192520410,-1.2696375555,-1.0819593317,2.5699288527,-3.1119898025,-2.8609608233,0.9523034733,0.0263693081,-0.9134337858,-0.6065221754,1.0000000000,1.0000000000,0.0000000000,0.0000000000,0.0000000000
0.0200000000,-0.6500000000,1.3000000000,-0.1264012244,0.0000000000,2.4646497194,3.0259437037,2.8544736011,1.3903405976,-0.9193278159,-1.2704440954,-1.0819593317,2.5684378711,-3.1123092103,-2.8607076580,0.9547007867,0.0267110544,-0.9103160119,-0.6065221754,1.0000000000,1.0000000000,0.0000000000,0.0000000000,0.0000000000
0.0200000000,-0.6500000000,1.3000000000,-0.1264012244,0.0000000000,2.4642958702,3.0259055644,2.8545625162,1.3905997296,-0.9194040178,-1.2713373715,-1.0819593317,2.5672169757,-3.1125875027,-2.8604857233,0.9567005848,0.0269898526,-0.9077226641,-0.6065221754,1.0000000000,1.0000000000,0.0000000000,0.0000000000,0.0000000000
0.0200000000,-0.6500000000,1.3000000000,-0.1264012244,0.0000000000,2.4640463917,3.0258246828,2.8546618620,1.3906436421,-0.9194868693,-1.2725397154,-1.0819593317,2.5661000475,-3.1128600920,-2.8602676640,0.9585871838,0.0272474749,-0.9052886069,-0.6065221754,1.0000000000,1.0000000000,0.0000000000,0.0000000000,0.0000000000
0.0200000000,-0.6500000000,1.3000000000,-0.1264012244,0.0000000000,2.4638521932,3.0256973590,2.8547882608,1.3904863607,-0.9195899302,-1.2745024084,-1.0819593317,2.5648127110,-3.1131900139,-2.8600044275,0.9608433779,0.0275532967,-0.9023964676,-0.6065221754,1.0000000000,1.0000000000,0.0000000000,0.0000000000,0.0000000000
0.0200000000,-0.6500000000,1.3000000000,-0.1264012244,0.0000000000,2.4637506432,3.0255727216,2.8549025034,1.3902124670,-0.9196813564,-1.2767043922,-1.0819593317,2.5636923783,-3.1134870394,-2.8597686702,0.9628825591,0.0278300656,-0.8997998995,-0.6065221754,1.0000000000,1.0000000000,0.0000000000,0.0000000000,0.0000000000
0.0200000000,-0.6500000000,1.3000000000,-0.1264012244,0.0000000000,2.4637660798,3.0254767009,2.8549842359,1.3898516435,-0.9197443679,-1.2789452524,-1.0819593317,2.5629077487,-3.1137063948,-2.8595969024,0.9644310517,0.0280430029,-0.8978552736,-0.6065221754,1.0000000000,1.0000000000,0.0000000000,0.0000000000,0.0000000000
0.0200000000,-0.6500000000,1.3000000000,-0.1264012244,0.0000000000,2.4638854621,3.0253870486,2.8550584223,1.3892921151,-0.9197979057,-1.2820046763,-1.0819593317,2.5621576988,-3.1139263130,-2.8594293903,0.9661292689,0.0282861765,-0.8957687623,-0.6065221754,1.0000000000,1.0000000000,0.0000000000,0.0000000000,0.0000000000
0.0200000000,-0.6500000000,1.3000000000,-0.1264012244,0.0000000000,2.4640948619,3.0253152030,2.8551158313,1.3885813469,-0.9198350430,-1.2856147021,-1.0819593317,2.5615276322,-3.1141207566,-2.8592869291,0.9678478335,0.0285452871,-0.8937108478,-0.6065221754,1.0000000000,1.0000000000,0.0000000000,0.0000000000,0.0000000000
0.0200000000,-0.6500000000,1.3000000000,-0.1264012244,0.0000000000,2.4643545401,3.0252853787,2.8551450901,1.3878472079,-0.9198472845,-1.2892093842,-1.0819593317,2.5611772643,-3.1142414424,-2.8592074544,0.9693080251,0.0287859601,-0.8920388406,-0.6065221754,1.0000000000,1.0000000000,0.0000000000,0.0000000000,0.0000000000
0.0200000000,-0.6500000000,1.3000000000,-0.1264012244,0.0000000000,2.4645777503,3.0253065143,2.8551569195,1.3872788407,-0.9198445482,-1.2922268159,-1.0819593317,2.5611114812,-3.1142808333,-2.8591939829,0.9703672054,0.0289826661,-0.8909037113,-0.6065221754,1.0000000000,1.0000000000,0.0000000000,0.0000000000,0.0000000000
0.0200000000,-0.6500000000,1.3000000000,-0.1264012244,0.0000000000,2.4647320449,3.0253953984,2.8551830138,1.3869282696,-0.9198481950,-1.2947547979,-1.0819593317,2.5612930081,-3.1142487489,-2.8592406435,0.9711426390,0.0291550464,-0.8901683279,-0.6065221754,1.0000000000,1.0000000000,0.0000000000,0.0000000000,0.0000000000
0.0200000000,-0.6500000000,1.3000000000,-0.1264012244,0.0000000000,2.4648107251,3.0255627517,2.8552451292,1.3867983044,-0.9198723389,-1.2969184127,-1.0819593317,2.5617130581,-3.1141483546,-2.8593473629,0.9717280778,0.0293210327,-0.8897318963,-0.6065221754,1.0000000000,1.0000000000,0.0000000000,0.0000000000,0.0000000000
0.0200000000,-0.6500000000,1.3000000000,-0.1264012244,0.0000000000,2.4648507859,3.0257808397,2.8553511065,1.3867838707,-0.9199232492,-1.2986348772,-1.0819593317,2.5624410404,-3.1139621516,-2.8595329051,0.9721439139,0.0294937666,-0.8896036391,-0.6065221754,1.0000000000,1.0000000000,0.0000000000,0.0000000000,0.0000000000
0.0200000000,-0.6500000000,1.3000000000,-0.1264012244,0.0000000000,2.4648992657,3.0259776408,2.8554695747,1.3867441147,-0.9199841246,-1.2997423963,-1.0819593317,2.5635180712,-3.1136801214,-2.8598070603,0.9723528458,0.0296709430,-0.8898403309,-0.6065221754,1.0000000000,1.0000000000,0.0000000000,0.0000000000,0.0000000000
0.0200000000,-0.6500000000,1.3000000000,-0.1264012244,0.0000000000,2.4649984640,3.0260671821,2.8555481135,1.3865431065,-0.9200253461,-1.3002042963,-1.0819593317,2.5652257464,-3.1132356800,-2.8602347051,0.9722633854,0.0298674306,-0.8906563621,-0.6065221754,1.0000000000,1.0000000000,0.0000000000,0.0000000000,0.0000000000
0.0200000000,-0.6500000000,1.3000000000,-0.1264012244,0.0000000000,2.4650813531,3.0260675881,2.8555684678,1.3863454538,-0.9200357128,-1.3002766851,-1.0819593317,2.5675272271,-3.1126611830,-2.8607890717,0.9718401961,0.0300631319,-0.8920703069,-0.6065221754,1.0000000000,1.0000000000,0.0000000000,0.0000000000,0.0000000000
0.0200000000,-0.6500000000,1.3000000000,-0.1264012244,0.0000000000,2.4650927296,3.0260624843,2.8555675377,1.3863158791,-0.9200350799,-1.3002702927,-1.0819593317,2.5700227524,-3.1121070633,-2.8613357767,0.9712029404,0.0302138097,-0.8937816066,-0.6065221754,1.0000000000,1.0000000000,0.0000000000,0.0000000000,0.0000000000
0.0200000000,-0.6500000000,1.3000000000,-0.1264012244,0.0000000000,2.4650871841,3.0260643282,2.8555674282,1.3863297701,-0.9200350728,-1.3002702927,-1.0819593317,2.5725425676,-3.1116533430,-2.8618060096,0.9705085264,0.0303149770,-0.8955491603,-0.6065221754,1.0000000000,1.0000000000,0.0000000000,0.0000000000,0.0000000000
0.0200000000,-0.6500000000,1.3000000000,-0.1264012244,0.0000000000,2.4650850204,3.0260650596,2.8555674271,1.3863352267,-0.9200350953,-1.3002702927,-1.0819593317,2.5750056674,-3.1113491548,-2.8621580478,0.9698254335,0.0303586476,-0.8972631796,-0.6065221754,1.0000000000,1.0000000000,0.0000000000,0.0000000000,0.0000000000
0.0200000000,-0.6500000000,1.3000000000,-0.1264012244,0.0000000000,2.4650849250,3.0260650947,2.8555674301,1.3863354684,-0.9200350977,-1.3002702927,-1.0819593317,2.5773826189,-3.1112093518,-2.8623787694,0.9691699245,0.0303411712,-0.8988933040,-0.6065221754,1.0000000000,1.0000000000,0.0000000000,0.0000000000,0.0000000000
0.0200000000,-0.6500000000,1.3000000000,-0.1264012244,0.0000000000,2.4650849372,3.0260650906,2.8555674303,1.3863354377,-0.9200350976,-1.3002702927,-1.0819593317,2.5796816019,-3.1112164314,-2.8624818937,0.9685163962,0.0302644174,-0.9004721247,-0.6065221754,1.0000000000,1.0000000000,0.0000000000,0.0000000000,0.0000000000
0.0200000000,-0.6500000000,1.3000000000,-0.1264012244,0.0000000000,2.4650849372,3.0260650906,2.8555674302,1.3863354377,-0.9200350976,-1.3002702927,-1.0819593317,2.5819279859,-3.1113191283,-2.8625084409,0.9678127779,0.0301390603,-0.9020712771,-0.6065221754,1.0000000000,1.0000000000,0.0000000000,0.0000000000,0.0000000000
0.0200000000,-0.6500000000,1.3000000000,-0.1264012244,0.0000000000,2.4650849372,3.0260650906,2.8555674302,1.3863354377,-0.9200350976,-1.3002702927,-1.0819593317,2.5841339005,-3.1114467090,-2.8625142873,0.9670270803,0.0299873192,-0.9037385731,-0.6065221754,1.0000000000,1.0000000000,0.0000000000,0.0000000000,0.0000000000
0.0200000000,-0.6500000000,1.3000000000,-0.1264012244,0.0000000000,2.4650849372,3.0260650906,2.8555674302,1.3863354377,-0.9200350976,-1.3002702927,-1.0819593317,2.5862671612,-3.1115570406,-2.8625312370,0.9661528491,0.0298241929,-0.9054739695,-0.6065221754,1.0000000000,1.0000000000,0.0000000000,0.0000000000,0.0000000000
0.0200000000,-0.6500000000,1.3000000000,-0.1264012244,0.0000000000,2.4650849372,3.0260650906,2.8555674302,1.3863354377,-0.9200350976,-1.3002702927,-1.0819593317,2.5882655069,-3.1116323224,-2.8625707751,0.9652095063,0.0296593668,-0.9072352225,-0.6065221754,1.0000000000,1.0000000000,0.0000000000,0.0000000000,0.0000000000
0.0200000000,-0.6500000000,1.3000000000,-0.1264012244,0.0000000000,2.4650849372,3.0260650906,2.8555674302,1.3863354377,-0.9200350976,-1.3002702927,-1.0819593317,2.5900517761,-3.1116794209,-2.8626243440,0.9642304588,0.0294949997,-0.9089562760,-0.6065221754,1.0000000000,1.0000000000,0.0000000000,0.0000000000,0.0000000000
0.0200000000,-0.6500000000,1.3000000000,-0.1264012244,0.0000000000,2.4650849372,3.0260650906,2.8555674302,1.3863354377,-0.9200350976,-1.3002702927,-1.0819593317,2.5915710557,-3.1117249304,-2.8626686673,0.9632456091,0.0293249878,-0.9105807635,-0.6065221754,1.0000000000,1.0000000000,0.0000000000,0.0000000000,0.0000000000
0.0200000000,-0.6500000000,1.3000000000,-0.1264012244,0.0000000000,2.4650849372,3.0260650906,2.8555674302,1.3863354377,-0.9200350976,-1.3002702927,-1.0819593317,2.5928767940,-3.1117920302,-2.8626875111,0.9622558252,0.0291410847,-0.9121253247,-0.6065221754,1.0000000000,1.0000000000,0.0000000000,0.0000000000,0.0000000000
0.0200000000,-0.6500000000,1.3000000000,-0.1264012244,0.0000000000,2.4650849372,3.0260650906,2.8555674302,1.3863354377,-0.9200350976,-1.3002702927,-1.0819593317,2.5940548916,-3.1118824585,-2.8626830652,0.9612278045,0.0289378235,-0.9136581583,-0.6065221754,1.0000000000,1.0000000000,0.0000000000,0.0000000000,0.0000000000
0.0200000000,-0.6500000000,1.3000000000,-0.1264012244,0.0000000000,2.4650849372,3.0260650906,2.8555674302,1.3863354377,-0.9200350976,-1.3002702927,-1.0819593317,2.5952268397,-3.1119712839,-2.8626803048,0.9601025046,0.0287164130,-0.9152919593,-0.6065221754,1.0000000000,1.0000000000,0.0000000000,0.0000000000,0.0000000000
0.0200000000,-0.6500000000,1.3000000000,-0.1264012244,0.0000000000,2.4650849372,3.0260650906,2.8555674302,1.3863354377,-0.9200350976,-1.3002702927,-1.0819593317,2.5965300536,-3.1120034519,-2.8627291346,0.9587975715,0.0284863435,-0.9171741896,-0.6065221754,1.0000000000,1.0000000000,0.0000000000,0.0000000000,0.0000000000
0.0200000000,-0.6500000000,1.3000000000,-0.1264012244,0.0000000000,2.4650849372,3.0260650906,2.8555674302,1.3863354377,-0.9200350976,-1.3002702927,-1.0819593317,2.5980987837,-3.1118957357,-2.8629023935,0.9572106811,0.0282650349,-0.9194759243,-0.6065221754,1.0000000000,1.0000000000,0.0000000000,0.0000000000,0.0000000000
0.0200000000,-0.6500000000,1.3000000000,-0.1264012244,0.0000000000,2.4650849372,3.0260650906,2.8555674302,1.3863354377,-0.9200350976,-1.3002702927,-1.0819593317,2.5999655432,-3.1116021977,-2.8632392462,0.9552974646,0.0280639555,-0.9222627578,-0.6065221754,1.0000000000,1.0000000000,0.0000000000,0.0000000000,0.0000000000
0.0200000000,-0.6500000000,1.3000000000,-0.1264012244,0.0000000000,2.4650849372,3.0260650906,2.8555674302,1.3863354377,-0.9200350976,-1.3002702927,-1.0819593317,2.6021221857,-3.1111050608,-2.8637552073,0.9530032393,0.0278803142,-0.9255919355,-0.6065221754,1.0000000000,1.0000000000,0.0000000000,0.0000000000,0.0000000000
0.0200000000,-0.6500000000,1.3000000000,-0.1264012244,0.0000000000,2.4650849372,3.0260650906,2.8555674302,1.3863354377,-0.9200350976,-1.3002702927,-1.0819593317,2.6045025502,-3.1104347079,-2.8644249008,0.9502802858,0.0276914576,-0.9294846630,-0.6065221754,1.0000000000,1.0000000000,0.0000000000,0.0000000000,0.0000000000
0.0200000000,-0.6500000000,1.3000000000,-0.1264012244,0.0000000000,2.4650849372,3.0260650906,2.8555674302,1.3863354377,-0.9200350976,-1.3002702927,-1.0819593317,2.6069812399,-3.1096695297,-2.8651816485,0.9470679752,0.0274505742,-0.9339464771,-0.6065221754,1.0000000000,1.0000000000,0.0000000000,0.0000000000,0.0000000000
0.0200000000,-0.6500000000,1.3000000000,-0.1264012244,0.0000000000,2.4650849372,3.0260650906,2.8555674302,1.3863354377,-0.9200350976,-1.3002702927,-1.0819593317,2.6093411820,-3.1089365404,-2.8659145233,0.9432945355,0.0270852577,-0.9389521790,-0.6065221754,1.0000000000,1.0000000000,0.0000000000,0.0000000000,0.0000000000
0.0200000000,-0.6500000000,1.3000000000,-0.1264012244,0.0000000000,2.4650849372,3.0260650906,2.8555674302,1.3863354377,-0.9200350976,-1.3002702927,-1.0819593317,2.6113386053,-3.1083487294,-2.8665196963,0.9389997196,0.0265486499,-0.9443488826,-0.6065221754,1.0000000000,1.0000000000,0.0000000000,0.0000000000,0.0000000000
0.0200000000,-0.6500000000,1.3000000000,-0.1264012244,0.0000000000,2.4650849372,3.0260650906,2.8555674302,1.3863354377,-0.9200350976,-1.3002702927,-1.0819593317,2.6126998168,-3.1079790724,-2.8669234222,0.9342670628,0.0258180216,-0.9499300472,-0.6065221754,1.0000000000,1.0000000000,0.0000000000,0.0000000000,0.0000000000
0.0200000000,-0.6500000000,1.3000000000,-0.1264012244,0.0000000000,2.4650849372,3.0260650906,2.8555674302,1.3863354377,-0.9200350976,-1.3002702927,-1.0819593317,2.6132028652,-3.1078411021,-2.8671010329,0.9294115429,0.0249425166,-0.9552721065,-0.6065221754,1.0000000000,1.0000000000,0.0000000000,0.0000000000,0.0000000000
0.0200000000,-0.6500000000,1.3000000000,-0.1264012244,0.0000000000,2.4650849372,3.0260650906,2.8555674302,1.3863354377,-0.9200350976,-1.3002702927,-1.0819593317,2.6127470488,-3.1078862477,-2.8670871845,0.9245772883,0.0239685637,-0.9601874627,-0.6065221754,1.0000000000,1.0000000000,0.0000000000,0.0000000000,0.0000000000
0.0200000000,-0.6500000000,1.3000000000,-0.1264012244,0.0000000000,2.4650849372,3.0260650906,2.8555674302,1.3863354377,-0.9200350976,-1.3002702927,-1.0819593317,2.6112974920,-3.1080340432,-2.8669493708,0.9197772807,0.0229339767,-0.9646572220,-0.6065221754,1.0000000000,1.0000000000,0.0000000000,0.0000000000,0.0000000000
0.0200000000,-0.6500000000,1.3000000000,-0.1264012244,0.0000000000,2.4650849372,3.0260650906,2.8555674302,1.3863354377,-0.9200350976,-1.3002702927,-1.0819593317,2.6089585187,-3.1081926953,-2.8667715143,0.9151094274,0.0219027892,-0.9686303944,-0.6065221754,1.0000000000,1.0000000000,0.0000000000,0.0000000000,0.0000000000
0.0200000000,-0.6500000000,1.3000000000,-0.1264012244,0.0000000000,2.4650849372,3.0260650906,2.8555674302,1.3863354377,-0.9200350976,-1.3002702927,-1.0819593317,2.6058726056,-3.1082824816,-2.8666293005,0.9107608872,0.0209529019,-0.9719763034,-0.6065221754,1.0000000000,1.0000000000,0.0000000000,0.0000000000,0.0000000000
0.0200000000,-0.6500000000,1.3000000000,-0.1264012244,0.0000000000,2.4650849372,3.0260650906,2.8555674302,1.3863354377,-0.9200350976,-1.3002702927,-1.0819593317,2.6024414036,-3.1082380905,-2.8665926652,0.9071656788,0.0202092586,-0.9744063237,-0.6065221754,1.0000000000,1.0000000000,0.0000000000,0.0000000000,0.0000000000
0.0200000000,-0.6500000000,1.3000000000,-0.1264012244,0.0000000000,2.4650849372,3.0260650906,2.8555674302,1.3863354377,-0.9200350976,-1.3002702927,-1.0819593317,2.5988034548,-3.1080252738,-2.8666982814,0.9043743974,0.0197023224,-0.9759284693,-0.6065221754,1.0000000000,0.9973066177,0.0000000000,0.0000000000,0.0000000000
0.0200000000,-0.6500000000,1.3000000000,-0.1264012244,0.0000000000,2.4650849372,3.0260650906,2.8555674302,1.3863354377,-0.9200350976,-1.3002702927,-1.0819593317,2.5950656724,-3.1076271777,-2.8669646001,0.9024844347,0.0194622954,-0.9764872085,-0.6065221754,1.0000000000,0.9306399510,0.0000000000,0.0000000000,0.0000000000
0.0200000000,-0.6500000000,1.3000000000,-0.1264012244,0.0000000000,2.4650849372,3.0260650906,2.8555674302,1.3863354377,-0.9200350976,-1.3002702927,-1.0819593317,2.5914039825,-3.1070888808,-2.8673555655,0.9014706993,0.0194656042,-0.9761748569,-0.6065221754,1.0000000000,0.8639732844,0.0000000000,0.0000000000,0.0000000000
0.0200000000,-0.6500000000,1.3000000000,-0.1264012244,0.0000000000,2.4650849372,3.0260650906,2.8555674302,1.3863354377,-0.9200350976,-1.3002702927,-1.0819593317,2.5878251771,-3.1064517290,-2.8678347479,0.9012681057,0.0196799155,-0.9750585371,-0.6065221754,1.0000000000,0.7973066177,0.0000000000,0.0000000000,0.0000000000
0.0200000000,-0.6500000000,1.3000000000,-0.1264012244,0.0000000000,2.4650849372,3.0260650906,2.8555674302,1.3863354377,-0.9200350976,-1.3002702927,-1.0819593317,2.5841518328,-3.1057223269,-2.8683935869,0.9017939125,0.0200834322,-0.9731547972,-0.6065221754,1.0000000000,0.7306399510,0.0000000000,0.0000000000,0.0000000000
0.0200000000,-0.6500000000,1.3000000000,-0.1264012244,0.0000000000,2.4650849372,3.0260650906,2.8555674302,1.3863354377,-0.9200350976,-1.3002702927,-1.0819593317,2.5801123366,-3.1048867044,-2.8690162819,0.9030686069,0.0206811764,-0.9703384512,-0.6065221754,1.0000000000,0.6639732844,0.0000000000,0.0000000000,0.0000000000
0.0200000000,-0.6500000000,1.3000000000,-0.1264012244,0.0000000000,2.4650849372,3.0260650906,2.8555674302,1.3863354377,-0.9200350976,-1.3002702927,-1.0819593317,2.5758561481,-3.1039893980,-2.8696252244,0.9049495190,0.0214220692,-0.9668131910,-0.6065221754,1.0000000000,0.5973066177,0.0000000000,0.0000000000,0.0000000000
0.0200000000,-0.6500000000,1.3000000000,-0.1264012244,0.0000000000,2.4650849372,3.0260650906,2.8555674302,1.3863354377,-0.9200350976,-1.3002702927,-1.0819593317,2.5717458821,-3.1031145768,-2.8701093574,0.9070793635,0.0221958562,-0.9630858527,-0.6065221754,1.0000000000,0.5306399510,0.0000000000,0.0000000000,0.0000000000
0.0200000000,-0.6500000000,1.3000000000,-0.1264012244,0.0000000000,2.4650849372,3.0260650906,2.8555674302,1.3863354377,-0.9200350976,-1.3002702927,-1.0819593317,2.5674336633,-3.1021844286,-2.8704864338,0.9095166551,0.0230440380,-0.9589691188,-0.6065221754,1.0000000000,0.4639732844,0.0000000000,0.0000000000,0.0000000000
0.0200000000,-0.6500000000,1.3000000000,-0.1264012244,0.0000000000,2.4650849372,3.0260650906,2.8555674302,1.3863354377,-0.9200350976,-1.3002702927,-1.0819593317,2.5628432609,-3.1011857507,-2.8707585354,0.9122310556,0.0239626149,-0.9544684096,-0.6065221754,1.0000000000,0.3973066177,0.0000000000,0.0000000000,0.0000000000
0.0200000000,-0.6500000000,1.3000000000,-0.1264012244,0.0000000000,2.4650849372,3.0260650906,2.8555674302,1.3863354377,-0.9200350976,-1.3002702927,-1.0819593317,2.5580468257,-3.1001536836,-2.8709305926,0.9151230842,0.0249030589,-0.9497213099,-0.6065221754,1.0000000000,0.3306399510,0.0000000000,0.0000000000,0.0000000000
0.0200000000,-0.6500000000,1.3000000000,-0.1264012244,0.0000000000,2.4650849372,3.0260650906,2.8555674302,1.3863354377,-0.9200350976,-1.3002702927,-1.0819593317,2.5531586122,-3.0991155803,-2.8710068573,0.9181133867,0.0258382876,-0.9448525735,-0.6065221754,1.0000000000,0.2639732844,0.0000000000,0.0000000000,0.0000000000
0.0200000000,-0.6500000000,1.3000000000,-0.1264012244,0.0000000000,2.4650849372,3.0260650906,2.8555674302,1.3863354377,-0.9200350976,-1.3002702927,-1.0819593317,2.5489579043,-3.0982417648,-2.8710557884,0.9206810153,0.0266134084,-0.9406819281,-0.6065221754,1.0000000000,0.1973066177,0.0000000000,0.0000000000,0.0000000000
0.0200000000,-0.6500000000,1.3000000000,-0.1264012244,0.0000000000,2.4650849372,3.0260650906,2.8555674302,1.3863354377,-0.9200350976,-1.3002702927,-1.0819593317,2.5455771480,-3.0975633414,-2.8710763944,0.9227425321,0.0271981688,-0.9373456296,-0.6065221754,1.0000000000,0.1306399510,0.0000000000,0.0000000000,0.0000000000
0.0200000000,-0.6500000000,1.3000000000,-0.1264012244,0.0000000000,2.4650849372,3.0260650906,2.8555674302,1.3863354377,-0.9200350976,-1.3002702927,-1.0819593317,2.5427323075,-3.0970131910,-2.8710735134,0.9244755828,0.0276582012,-0.9345523462,-0.6065221754,1.0000000000,0.0639732844,0.0000000000,0.0000000000,0.0000000000
0.0200000000,-0.6500000000,1.3000000000,-0.1264012244,0.0000000000,2.4650849372,3.0260650906,2.8555674302,1.3863354377,-0.9200350976,-1.3002702927,-1.0819593317,2.5401429830,-3.0965227870,-2.8710663975,0.9260486770,0.0280624708,-0.9320190346,-0.6065221754,1.0000000000,0.0000000000,0.0000000000,0.0000000000,0.0000000000
0.0200000000,-0.6500000000,1.3000000000,-0.1264012244,0.0000000000,2.4650849372,3.0260650906,2.8555674302,1.3863354377,-0.9200350976,-1.3002702927,-1.0819593317,2.5376588473,-3.0960528983,-2.8710691879,0.9275519317,0.0284515818,-0.9295927882,-0.6065221754,1.0000000000,0.0000000000,0.0000000000,0.0000000000,0.0000000000
0.0200000000,-0.6500000000,1.3000000000,-0.1264012244,0.0000000000,2.4650849372,3.0260650906,2.8555674302,1.3863354377,-0.9200350976,-1.3002702927,-1.0819593317,2.5354966768,-3.0956525408,-2.8710713949,0.9288558424,0.0287774114,-0.9274899766,-0.6065221754,1.0000000000,0.0000000000,0.0000000000,0.0000000000,0.0000000000
0.0200000000,-0.6500000000,1.3000000000,-0.1264012244,0.0000000000,2.4650849372,3.0260650906,2.8555674302,1.3863354377,-0.9200350976,-1.3002702927,-1.0819593317,2.5336063490,-3.0953130494,-2.8710717195,0.9299903480,0.0290473254,-0.9256619463,-0.6065221754,1.0000000000,0.0000000000,0.0000000000,0.0000000000,0.0000000000
0.0200000000,-0.6500000000,1.3000000000,-0.1264012244,0.0000000000,2.4650849372,3.0260650906,2.8555674302,1.3863354377,-0.9200350976,-1.3002702927,-1.0819593317,2.5318918929,-3.0950154627,-2.8710707736,0.9310129180,0.0292786963,-0.9240142423,-0.6065221754,1.0000000000,0.0000000000,0.0000000000,0.0000000000,0.0000000000
0.0200000000,-0.6500000000,1.3000000000,-0.1264012244,0.0000000000,2.4650849372,3.0260650906,2.8555674302,1.3863354377,-0.9200350976,-1.3002702927,-1.0819593317,2.5302565351,-3.0947408863,-2.8710691696,0.9319812935,0.0294888302,-0.9224518480,-0.6065221754,1.0000000000,0.0000000000,0.0000000000,0.0000000000,0.0000000000
0.0200000000,-0.6500000000,1.3000000000,-0.1264012244,0.0000000000,2.4650849372,3.0260650906,2.8555674302,1.3863354377,-0.9200350976,-1.3002702927,-1.0819593317,2.5285876416,-3.0944676361,-2.8710676140,0.9329623951,0.0296975822,-0.9208644842,-0.6065221754,1.0000000000,0.0000000000,0.0000000000,0.0000000000,0.0000000000
0.0200000000,-0.6500000000,1.3000000000,-0.1264012244,0.0000000000,2.4650849372,3.0260650906,2.8555674302,1.3863354377,-0.9200350976,-1.3002702927,-1.0819593317,2.5267904774,-3.0941758419,-2.8710667584,0.9340139938,0.0299232157,-0.9191577344,-0.6065221754,1.0000000000,0.0000000000,0.0000000000,0.0000000000,0.0000000000
0.0200000000,-0.6500000000,1.3000000000,-0.1264012244,0.0000000000,2.4650849372,3.0260650906,2.8555674302,1.3863354377,-0.9200350976,-1.3002702927,-1.0819593317,2.5249827256,-3.0938799206,-2.8710666187,0.9350731784,0.0301535531,-0.9174381716,-0.6065221754,1.0000000000,0.0000000000,0.0000000000,0.0000000000,0.0000000000
0.0200000000,-0.6500000000,1.3000000000,-0.1264012244,0.0000000000,2.4650849372,3.0260650906,2.8555674302,1.3863354377,-0.9200350976,-1.3002702927,-1.0819593317,2.5233616287,-3.0936109841,-2.8710666187,0.9360285607,0.0303610067,-0.9158916935,-0.6065221754,1.0000000000,0.0000000000,0.0000000000,0.0000000000,0.0000000000
0.0200000000,-0.6500000000,1.3000000000,-0.1264012244,0.0000000000,2.4650849372,3.0260650906,2.8555674302,1.3863354377,-0.9200350976,-1.3002702927,-1.0819593317,2.5218155389,-3.0933569598,-2.8710666187,0.9369384367,0.0305554931,-0.9144188653,-0.6065221754,1.0000000000,0.0000000000,0.0000000000,0.0000000000,0.0000000000
0.0200000000,-0.6500000000,1.3000000000,-0.1264012244,0.0000000000,2.4650849372,3.0260650906,2.8555674302,1.3863354377,-0.9200350976,-1.3002702927,-1.0819593317,2.5201311108,-3.0930918223,-2.8710666187,0.9379167221,0.0307590303,-0.9128265773,-0.6065221754,1.0000000000,0.0000000000,0.0000000000,0.0000000000,0.0000000000
0.0200000000,-0.6500000000,1.3000000000,-0.1264012244,0.0000000000,2.4650849372,3.0260650906,2.8555674302,1.3863354377,-0.9200350976,-1.3002702927,-1.0819593317,2.5181269074,-3.0927924545,-2.8710666187,0.9390612269,0.0309912357,-0.9109496185,-0.6065221754,1.0000000000,0.0000000000,0.0000000000,0.0000000000,0.0000000000
0.0200000000,-0.6500000000,1.3000000000,-0.1264012244,0.0000000000,2.4650849372,3.0260650906,2.8555674302,1.3863354377,-0.9200350976,-1.3002702927,-1.0819593317,2.5156258699,-3.0924368915,-2.8710666187,0.9404668382,0.0312707145,-0.9086273582,-0.6065221754,1.0000000000,0.0000000000,0.0000000000,0.0000000000,0.0000000000
0.0200000000,-0.6500000000,1.3000000000,-0.1264012244,0.0000000000,2.4650849372,3.0260650906,2.8555674302,1.3863354377,-0.9200350976,-1.3002702927,-1.0819593317,2.5124441674,-3.0920022531,-2.8710666187,0.9422322172,0.0316167823,-0.9056929039,-0.6065221754,1.0000000000,0.0000000000,0.0000000000,0.0000000000,0.0000000000
0.0200000000,-0.6500000000,1.3000000000,-0.1264012244,0.0000000000,2.4650849372,3.0260650906,2.8555674302,1.3863354377,-0.9200350976,-1.3002702927,-1.0819593317,2.5083421821,-3.0914573744,-2.8710666187,0.9444887266,0.0320544463,-0.9019264996,-0.6065221754,1.0000000000,0.0000000000,0.0000000000,0.0000000000,0.0000000000
0.0200000000,-0.6500000000,1.3000000000,-0.1264012244,0.0000000000,2.4650849372,3.0260650906,2.8555674302,1.3863354377,-0.9200350976,-1.3002702927,-1.0819593317,2.5037715135,-3.0908605740,-2.8710666187,0.9469903494,0.0325358722,-0.8977412116,-0.6065221754,1.0000000000,0.0000000000,0.0000000000,0.0000000000,0.0000000000
0.0200000000,-0.6500000000,1.3000000000,-0.1264012244,0.0000000000,2.4650849354,3.0260650909,2.8555674303,1.3863354391,-0.9200350977,-1.3002702927,-1.0819593317,2.4996062256,-3.0903240638,-2.8710666187,0.9492607731,0.0329698027,-0.8939363071,-0.6065221754,1.0000000000,0.0000000000,0.0000000000,0.0000000000,0.0000000000
0.0200000000,-0.6500000000,1.3000000000,-0.1264012244,0.0000000000,2.4650849010,3.0260650968,2.8555674322,1.3863354664,-0.9200350994,-1.3002702927,-1.0819593317,2.4963013654,-3.0899076823,-2.8710666187,0.9510501055,0.0333079580,-0.8909294727,-0.6065221754,1.0000000000,0.0000000000,0.0000000000,0.0000000000,0.0000000000
0.0200000000,-0.6500000000,1.3000000000,-0.1264012244,0.0000000000,2.4650848114,3.0260651122,2.8555674371,1.3863355377,-0.9200351038,-1.3002702927,-1.0819593317,2.4937410888,-3.0895971504,-2.8710666187,0.9524206437,0.0335621323,-0.8886153924,-0.6065221754,1.0000000000,0.0000000000,0.0000000000,0.0000000000,0.0000000000
0.0200000000,-0.6500000000,1.3000000000,-0.1264012244,0.0000000000,2.4650847009,3.0260651311,2.8555674431,1.3863356255,-0.9200351093,-1.3002702927,-1.0819593317,2.4917267081,-3.0893659139,-2.8710666187,0.9534821203,0.0337536034,-0.8868112608,-0.6065221754,1.0000000000,0.0000000000,0.0000000000,0.0000000000,0.0000000000
0.0200000000,-0.6500000000,1.3000000000,-0.1264012244,0.0000000000,2.4650846208,3.0260651448,2.8555674475,1.3863356892,-0.9200351132,-1.3002702927,-1.0819593317,2.4900715775,-3.0891888753,-2.8710666187,0.9543378880,0.0339023905,-0.8853452377,-0.6065221754,1.0000000000,0.0000000000,0.0000000000,0.0000000000,0.0000000000
0.0200000000,-0.6500000000,1.3000000000,-0.1264012244,0.0000000000,2.4650846151,3.0260651458,2.8555674478,1.3863356937,-0.9200351135,-1.3002702927,-1.0819593317,2.4885331665,-3.0890323939,-2.8710666187,0.9551234292,0.0340352321,-0.8839927466,-0.6065221754,1.0000000000,0.0000000000,0.0000000000,0.0000000000,0.0000000000
0.0200000000,-0.6500000000,1.3000000000,-0.1264012244,0.0000000000,2.4650847265,3.0260651267,2.8555674417,1.3863356052,-0.9200351080,-1.3002702927,-1.0819593317,2.4869250306,-3.0888710111,-2.8710666187,0.9559424320,0.0341723995,-0.8825816475,-0.6065221754,1.0000000000,0.0000000000,0.0000000000,0.0000000000,0.0000000000
0.0200000000,-0.6500000000,1.3000000000,-0.1264012244,0.0000000000,2.4650849866,3.0260650822,2.8555674276,1.3863353984,-0.9200350952,-1.3002702927,-1.0819593317,2.4850778813,-3.0886814715,-2.8710666187,0.9568891547,0.0343323810,-0.8809555239,-0.6065221754,1.0000000000,0.0000000000,0.0000000000,0.0000000000,0.0000000000
0.0200000000,-0.6500000000,1.3000000000,-0.1264012244,0.0000000000,2.4650852567,3.0260650359,2.8555674129,1.3863351838,-0.9200350819,-1.3002702927,-1.0819593317,2.4831333288,-3.0884811389,-2.8710666187,0.9578863664,0.0345009270,-0.8792435247,-0.6065221754,1.0000000000,0.0000000000,0.0000000000,0.0000000000,0.0000000000
0.0200000000,-0.6500000000,1.3000000000,-0.1264012244,0.0000000000,2.4650855161,3.0260649916,2.8555673989,1.3863349776,-0.9200350691,-1.3002702927,-1.0819593317,2.4812260110,-3.0882888223,-2.8710666187,0.9588587125,0.0346631034,-0.8775704758,-0.6065221754,1.0000000000,0.0000000000,0.0000000000,0.0000000000,0.0000000000
0.0200000000,-0.6500000000,1.3000000000,-0.1264012244,0.0000000000,2.4650858840,3.0260649286,2.8555673789,1.3863346852,-0.9200350510,-1.3002702927,-1.0819593317,2.4793209482,-3.0881015855,-2.8710666187,0.9598243682,0.0348216896,-0.8759054041,-0.6065221754,1.0000000000,0.0000000000,0.0000000000,0.0000000000,0.0000000000
0.0200000000,-0.6500000000,1.3000000000,-0.1264012244,0.0000000000,2.4650864752,3.0260648273,2.8555673468,1.3863342153,-0.9200350219,-1.3002702927,-1.0819593317,2.4773795493,-3.0879162012,-2.8710666187,0.9608031700,0.0349796779,-0.8742143880,-0.6065221754,1.0000000000,0.0000000000,0.0000000000,0.0000000000,0.0000000000
0.0200000000,-0.6500000000,1.3000000000,-0.1264012244,0.0000000000,2.4650874044,3.0260646681,2.8555672961,1.3863334767,-0.9200349760,-1.3002702927,-1.0819593317,2.4753632231,-3.0877294416,-2.8710666187,0.9618149541,0.0351400611,-0.8724635057,-0.6065221754,1.0000000000,0.0000000000,0.0000000000,0.0000000000,0.0000000000
0.0200000000,-0.6500000000,1.3000000000,-0.1264012244,0.0000000000,2.4650888106,3.0260644271,2.8555672193,1.3863323609,-0.9200349064,-1.3002702927,-1.0819593317,2.4732324673,-3.0875380933,-2.8710666187,0.9628798986,0.0353058380,-0.8706181702,-0.6065221754,1.0000000000,0.0000000000,0.0000000000,0.0000000000,0.0000000000
0.0200000000,-0.6500000000,1.3000000000,-0.1264012244,0.0000000000,2.4650912420,3.0260640164,2.8555670852,1.3863305297,-0.9200347856,-1.3002702927,-1.0819593317,2.4710989991,-3.0873497568,-2.8710666187,0.9639413779,0.0354695154,-0.8687756366,-0.6065221754,1.0000000000,0.0000000000,0.0000000000,0.0000000000,0.0000000000
0.0200000000,-0.6500000000,1.3000000000,-0.1264012244,0.0000000000,2.4650948442,3.0260634154,2.8555668854,1.3863279356,-0.9200346061,-1.3002702927,-1.0819593317,2.4691142938,-3.0871750212,-2.8710666187,0.9649230632,0.0356207665,-0.8670673359,-0.6065221754,1.0000000000,0.0000000000,0.0000000000,0.0000000000,0.0000000000
0.0200000000,-0.6500000000,1.3000000000,-0.1264012244,0.0000000000,2.4650985652,3.0260627909,2.8555666795,1.3863251974,-0.9200344209,-1.3002702927,-1.0819593317,2.4669796085,-3.0869937353,-2.8710666187,0.9659756584,0.0357794867,-0.8652339431,-0.6065221754,1.0000000000,0.0000000000,0.0000000000,0.0000000000,0.0000000000
0.0200000000,-0.6500000000,1.3000000000,-0.1264012244,0.0000000000,2.4651012864,3.0260623200,2.8555665311,1.3863229711,-0.9200342865,-1.3002702927,-1.0819593317,2.4643707744,-3.0867839765,-2.8710666187,0.9672627271,0.0359673030,-0.8629940237,-0.6065221754,1.0000000000,0.0000000000,0.0000000000,0.0000000000,0.0000000000
0.0200000000,-0.6500000000,1.3000000000,-0.1264012244,0.0000000000,2.4651021440,3.0260621363,2.8555664900,1.3863217106,-0.9200342469,-1.3002702927,-1.0819593317,2.4609388615,-3.0865222351,-2.8710666187,0.9689596532,0.0362073755,-0.8600453166,-0.6065221754,1.0000000000,0.0000000000,0.0000000000,0.0000000000,0.0000000000
0.0200000000,-0.6500000000,1.3000000000,-0.1264012244,0.0000000000,2.4651086597,3.0260609697,2.8555661413,1.3863157587,-0.9200339285,-1.3002702927,-1.0819593317,2.4565481774,-3.0861994150,-2.8710666187,0.9711211159,0.0365073001,-0.8562835279,-0.6065221754,1.0000000000,0.0000000000,0.0000000000,0.0000000000,0.0000000000
0.0200000000,-0.6500000000,1.3000000000,-0.1264012244,0.0000000000,2.4650992296,3.0260624720,2.8555666685,1.3863210910,-0.9200343963,-1.3002702927,-1.0819593317,2.4517055430,-3.0858510204,-2.8710666187,0.9735335004,0.0368369601,-0.8521075655,-0.6065221754,1.0000000000,0.0000000000,0.0000000000,0.0000000000,0.0000000000
0.0200000000,-0.6500000000,1.3000000000,-0.1264012244,0.0000000000,2.4650622809,3.0260685969,2.8555686839,1.3863451960,-0.9200361986,-1.3002702927,-1.0819593317,2.4466090262,-3.0854941932,-2.8710666187,0.9761258875,0.0371842865,-0.8476613728,-0.6065221754,1.0000000000,0.0000000000,0.0000000000,0.0000000000,0.0000000000
0.0200000000,-0.6500000000,1.3000000000,-0.1264012244,0.0000000000,2.4649187829,3.0260929911,2.8555766201,1.3864568911,-0.9200433502,-1.3002713116,-1.0819593317,2.4413233839,-3.0851098957,-2.8710666187,0.9789401058,0.0375636019,-0.8429258022,-0.6065221754,1.0000000000,0.0000000000,0.0000000000,0.0000000000,0.0000000000
0.0200000000,-0.6500000000,1.3000000000,-0.1264012244,0.0000000000,2.4645716149,3.0261513374,2.8555963156,1.3867373926,-0.9200611355,-1.3002718937,-1.0819593317,2.4359840408,-3.0846815095,-2.8710666187,0.9819903086,0.0379862705,-0.8379349460,-0.6065221754,1.0000000000,0.0000000000,0.0000000000,0.0000000000,0.0000000000
0.0200000000,-0.6500000000,1.3000000000,-0.1264012244,0.0000000000,2.4637635604,3.0262785025,2.8556456697,1.3873827899,-0.9201057353,-1.3002517320,-1.0819593317,2.4311389798,-3.0841880043,-2.8710666187,0.9851500997,0.0384570651,-0.8330111105,-0.6065221754,1.0000000000,0.0000000000,0.0000000000,0.0000000000,0.0000000000
0.0200000000,-0.6500000000,1.3000000000,-0.1264012244,0.0000000000,2.4623048853,3.0264877026,2.8557388611,1.3884592050,-0.9201906558,-1.3000515252,-1.0819593317,2.4264461177,-3.0835576035,-2.8710666187,0.9887342262,0.0390339289,-0.8277112294,-0.6065221754,1.0000000000,0.0000000000,0.0000000000,0.0000000000,0.0000000000
0.0200000000,-0.6500000000,1.3000000000,-0.1264012244,0.0000000000,2.4603334322,3.0267565080,2.8558621056,1.3898227321,-0.9203048910,-1.2994584385,-1.0819593317,2.4222792017,-3.0828345486,-2.8710666187,0.9924701300,0.0396736876,-0.8224415560,-0.6065221754,1.0000000000,0.0000000000,0.0000000000,0.0000000000,0.0000000000
0.0200000000,-0.6500000000,1.3000000000,-0.1264012244,0.0000000000,2.4581702019,3.0270689531,2.8559780087,1.3913270396,-0.9204164004,-1.2983387111,-1.0819593317,2.4188187081,-3.0821023883,-2.8710666187,0.9960498473,0.0403096051,-0.8175755545,-0.6065221754,1.0000000000,0.0000000000,0.0000000000,0.0000000000,0.0000000000
0.0200000000,-0.6500000000,1.3000000000,-0.1264012244,0.0000000000,2.4560004652,3.0274219452,2.8560673117,1.3929294808,-0.9205075982,-1.2968149127,-1.0819593317,2.4158638129,-3.0813989396,-2.8710666187,0.9994336688,0.0409182095,-0.8130817646,-0.6065221754,1.0000000000,0.0000000000,0.0000000000,0.0000000000,0.0000000000
0.0200000000,-0.6500000000,1.3000000000,-0.1264012244,0.0000000000,2.4541135172,3.0277861333,2.8561131060,1.3944749454,-0.9205613998,-1.2952226413,-1.0819593317,2.4134277310,-3.0808012678,-2.8710666187,1.0023803491,0.0414419012,-0.8092103006,-0.6065221754,1.0000000000,0.0000000000,0.0000000000,0.0000000000,0.0000000000
0.0200000000,-0.6500000000,1.3000000000,-0.1264012244,0.0000000000,2.4524959552,3.0281302741,2.8561347666,1.3958835773,-0.9205933723,-1.2937248781,-1.0819593317,2.4113709903,-3.0802942137,-2.8710666187,1.0049431336,0.0418917840,-0.8058610363,-0.6065221754,1.0000000000,0.0000000000,0.0000000000,0.0000000000,0.0000000000
0.0200000000,-0.6500000000,1.3000000000,-0.1264012244,0.0000000000,2.4512095430,3.0284262768,2.8561402673,1.3970606083,-0.9206092200,-1.2924765138,-1.0819593317,2.4096768304,-3.0798898976,-2.8710666187,1.0070613715,0.0422568111,-0.8030918768,-0.6065221754,1.0000000000,0.0000000000,0.0000000000,0.0000000000,0.0000000000
0.0200000000,-0.6500000000,1.3000000000,-0.1264012244,0.0000000000,2.4501727473,3.0286911269,2.8561307115,1.3980790154,-0.9206106337,-1.2913898265,-1.0819593317,2.4082594388,-3.0795641288,-2.8710666187,1.0088552135,0.0425583775,-0.8007493853,-0.6065221754,1.0000000000,0.0000000000,0.0000000000,0.0000000000,0.0000000000
0.0200000000,-0.6500000000,1.3000000000,-0.1264012244,0.0000000000,2.4492037669,3.0289504116,2.8561156621,1.3990695410,-0.9206070163,-1.2903403224,-1.0819593317,2.4068623672,-3.0792580101,-2.8710666554,1.0106163740,0.0428482699,-0.7984453965,-0.6065221754,1.0000000000,0.0000000000,0.0000000000,0.0000000000,0.0000000000
0.0200000000,-0.6500000000,1.3000000000,-0.1264012244,0.0000000000,2.4483131874,3.0291941474,2.8560989779,1.3999912996,-0.9206013307,-1.2893655749,-1.0819593317,2.4055535076,-3.0789760011,-2.8710679197,1.0122614194,0.0431171449,-0.7962912624,-0.6065221754,1.0000000000,0.0000000000,0.0000000000,0.0000000000,0.0000000000
0.0200000000,-0.6500000000,1.3000000000,-0.1264012244,0.0000000000,2.4474948235,3.0294314179,2.8560767102,1.4008807583,-0.9205904986,-1.2884318664,-1.0819593317,2.4042743836,-3.0787151564,-2.8710692458,1.0138632357,0.0433727483,-0.7941898177,-0.6065221754,1.0000000000,0.0000000000,0.0000000000,0.0000000000,0.0000000000
0.0200000000,-0.6500000000,1.3000000000,-0.1264012244,0.0000000000,2.4466189207,3.0296996742,2.8560457532,1.4019077789,-0.9205733363,-1.2873834283,-1.0819593317,2.4027094588,-3.0784306121,-2.8710680348,1.0157914377,0.0436675307,-0.7916472271,-0.6065221754,1.0000000000,0.0000000000,0.0000000000,0.0000000000,0.0000000000
0.0200000000,-0.6500000000,1.3000000000,-0.1264012244,0.0000000000,2.4455613215,3.0300368871,2.8560018708,1.4032260564,-0.9205475771,-1.2860702239,-1.0819593317,2.4006006555,-3.0780816671,-2.8710651642,1.0183552169,0.0440465746,-0.7882526568,-0.6065221754,1.0000000000,0.0000000000,0.0000000000,0.0000000000,0.0000000000
0.0200000000,-0.6500000000,1.3000000000,-0.1264012244,0.0000000000,2.4443856310,3.0304233154,2.8559474336,1.4047609950,-0.9205145800,-1.2845683145,-1.0819593317,2.3980635269,-3.0776884166,-2.8710591644,1.0214134199,0.0444886952,-0.7841927301,-0.6065221754,1.0000000000,0.0000000000,0.0000000000,0.0000000000,0.0000000000
0.0200000000,-0.6500000000,1.3000000000,-0.1264012244,0.0000000000,2.4433962412,3.0307573005,2.8558980681,1.4061854799,-0.9204846783,-1.2832457808,-1.0819593317,2.3954976084,-3.0773395584,-2.8710332963,1.0244456742,0.0449100524,-0.7801450583,-0.6065221754,1.0000000000,0.0000000000,0.0000000000,0.0000000000,0.0000000000
0.0200000000,-0.6500000000,1.3000000000,-0.1264012244,0.0000000000,2.4426031659,3.0310343915,2.8558547990,1.4074785852,-0.9204585783,-1.2821199970,-1.0819593317,2.3929465386,-3.0770391347,-2.8709882383,1.0274021497,0.0453044541,-0.7761769053,-0.6065221754,1.0000000000,0.0000000000,0.0000000000,0.0000000000,0.0000000000
0.0200000000,-0.6500000000,1.3000000000,-0.1264012244,0.0000000000,2.4419463311,3.0312600700,2.8558227317,1.4087457688,-0.9204415757,-1.2811237385,-1.0819593317,2.3901534487,-3.0767549968,-2.8708899953,1.0305702261,0.0457134141,-0.7719014906,-0.6065221754,1.0000000000,0.0000000000,0.0000000000,0.0000000000,0.0000000000
0.0200000000,-0.6500000000,1.3000000000,-0.1264012244,0.0000000000,2.4414188365,3.0314311365,2.8558045731,1.4100068373,-0.9204361585,-1.2802513465,-1.0819593317,2.3870558322,-3.0764811698,-2.8707262322,1.0340166817,0.0461462872,-0.7672280253,-0.6065221754,1.0000000000,0.0000000000,0.0000000000,0.0000000000,0.0000000000
0.0200000000,-0.6500000000,1.3000000000,-0.1264012244,0.0000000000,2.4410776000,3.0315074297,2.8558144715,1.4111983684,-0.9204539379,-1.2795892657,-1.0819593317,2.3837698143,-3.0762495031,-2.8704675021,1.0375907748,0.0465799575,-0.7623541628,-0.6065221754,1.0000000000,0.0000000000,0.0000000000,0.0000000000,0.0000000000
0.0200000000,-0.6500000000,1.3000000000,-0.1264012244,0.0000000000,2.4409404455,3.0314751515,2.8558572459,1.4122709557,-0.9204986783,-1.2791740433,-1.0819593317,2.3804544960,-3.0760827593,-2.8701165406,1.0411148931,0.0469902272,-0.7575201844,-0.6065221754,1.0000000000,0.0000000000,0.0000000000,0.0000000000,0.0000000000
0.0200000000,-0.6500000000,1.3000000000,-0.1264012244,0.0000000000,2.4409342736,3.0313685037,2.8559224324,1.4131348308,-0.9205609324,-1.2789586597,-1.0819593317,2.3776694727,-3.0760140897,-2.8697596744,1.0440233198,0.0473098024,-0.7535101489,-0.6065221754,1.0000000000,0.0000000000,0.0000000000,0.0000000000,0.0000000000
0.0200000000,-0.6500000000,1.3000000000,-0.1264012244,0.0000000000,2.4410237316,3.0311949486,2.8560110807,1.4138887548,-0.9206423880,-1.2788802109,-1.0819593317,2.3752290286,-3.0760411957,-2.8693853523,1.0465290796,0.0475615615,-0.7500357946,-0.6065221754,1.0000000000,0.0000000000,0.0000000000,0.0000000000,0.0000000000
0.0200000000,-0.6500000000,1.3000000000,-0.1264012244,0.0000000000,2.4411695316,3.0309634245,2.8561238689,1.4146263540,-0.9207443875,-1.2788735246,-1.0819593317,2.3729799680,-3.0761642514,-2.8689867316,1.0488119534,0.0477642820,-0.7468547803,-0.6065221754,1.0000000000,0.0000000000,0.0000000000,0.0000000000,0.0000000000
0.0200000000,-0.6500000000,1.3000000000,-0.1264012244,0.0000000000,2.4413600604,3.0306708172,2.8562642628,1.4153907807,-0.9208702335,-1.2789148947,-1.0819593317,2.3710214792,-3.0764242069,-2.8685587818,1.0507956900,0.0479006282,-0.7440778599,-0.6065221754,1.0000000000,0.0000000000,0.0000000000,0.0000000000,0.0000000000
0.0200000000,-0.6500000000,1.3000000000,-0.1264012244,0.0000000000,2.4415820563,3.0303219410,2.8564314919,1.4161985630,-0.9210193850,-1.2789861063,-1.0819593317,2.3695037815,-3.0768532070,-2.8681064889,1.0523527976,0.0479502450,-0.7418877697,-0.6065221754,1.0000000000,0.0000000000,0.0000000000,0.0000000000,0.0000000000
0.0200000000,-0.6500000000,1.3000000000,-0.1264012244,0.0000000000,2.4417906707,3.0299632112,2.8566061210,1.4170296944,-0.9211750021,-1.2790431321,-1.0819593317,2.3686610297,-3.0774408079,-2.8676655811,1.0532966048,0.0478986717,-0.7405608527,-0.6065221754,1.0000000000,0.0000000000,0.0000000000,0.0000000000,0.0000000000
0.0200000000,-0.6500000000,1.3000000000,-0.1264012244,0.0000000000,2.4419637328,3.0296239358,2.8567751798,1.4178686504,-0.9213257967,-1.2790690454,-1.0819593317,2.3685528071,-3.0781631889,-2.8672549426,1.0535954965,0.0477499073,-0.7401515588,-0.6065221754,1.0000000000,0.0000000000,0.0000000000,0.0000000000,0.0000000000
0.0200000000,-0.6500000000,1.3000000000,-0.1264012244,0.0000000000,2.4420797688,3.0293332449,2.8569259060,1.4187082659,-0.9214606775,-1.2790509750,-1.0819593317,2.3692132575,-3.0789906833,-2.8668854843,1.0532525020,0.0475094490,-0.7406703929,-0.6065221754,1.0000000000,0.0000000000,0.0000000000,0.0000000000,0.0000000000
0.0200000000,-0.6500000000,1.3000000000,-0.1264012244,0.0000000000,2.4421242833,3.0291100836,2.8570501995,1.4195483904,-0.9215725989,-1.2789832564,-1.0819593317,2.3706365459,-3.0798921728,-2.8665552546,1.0523020214,0.0471809342,-0.7420835455,-0.6065221754,1.0000000000,0.0016868075,0.0000000000,0.0000000000,0.0000000000
0.0200000000,-0.6500000000,1.3000000000,-0.1264012244,0.0000000000,2.4420644644,3.0289903350,2.8571332776,1.4203836086,-0.9216486700,-1.2788491146,-1.0819593317,2.3728370171,-3.0807991583,-2.8662549208,1.0507763753,0.0467609767,-0.7443753742,-0.6065221754,1.0000000000,0.0683534741,0.0000000000,0.0000000000,0.0000000000
0.0200000000,-0.6500000000,1.3000000000,-0.1264012244,0.0000000000,2.4418805955,3.0289844701,2.8571720812,1.4212254669,-0.9216863026,-1.2786271019,-1.0819593317,2.3756541263,-3.0816452118,-2.8659791817,1.0488252070,0.0462700403,-0.7473468635,-0.6065221754,1.0000000000,0.1350201408,0.0000000000,0.0000000000,0.0000000000
0.0200000000,-0.6500000000,1.3000000000,-0.1264012244,0.0000000000,2.4415597723,3.0290981119,2.8571649579,1.4220667518,-0.9216840472,-1.2783008750,-1.0819593317,2.3789216358,-3.0823722140,-2.8657496940,1.0465820971,0.0457419015,-0.7508078285,-0.6065221754,1.0000000000,0.2016868075,0.0000000000,0.0000000000,0.0000000000
0.0200000000,-0.6500000000,1.3000000000,-0.1264012244,0.0000000000,2.4411071100,3.0293152557,2.8571194781,1.4229052092,-0.9216484805,-1.2778657827,-1.0819593317,2.3824505953,-3.0829485315,-2.8655980497,1.0441834084,0.0452183549,-0.7545500457,-0.6065221754,1.0000000000,0.2683534741,0.0000000000,0.0000000000,0.0000000000
0.0200000000,-0.6500000000,1.3000000000,-0.1264012244,0.0000000000,2.4405291404,3.0296161468,2.8570453998,1.4237583095,-0.9215881577,-1.2773194908,-1.0819593317,2.3861783967,-3.0833797723,-2.8655421228,1.0416711959,0.0447177470,-0.7585040018,-0.6065221754,1.0000000000,0.3350201408,0.0000000000,0.0000000000,0.0000000000
0.0200000000,-0.6500000000,1.3000000000,-0.1264012244,0.0000000000,2.4399109220,3.0299369126,2.8569653244,1.4245698423,-0.9215223424,-1.2767458619,-1.0819593317,2.3898143860,-3.0836542790,-2.8655852923,1.0392329082,0.0442782246,-0.7623663638,-0.6065221754,1.0000000000,0.4016868075,0.0000000000,0.0000000000,0.0000000000
0.0200000000,-0.6500000000,1.3000000000,-0.1264012244,0.0000000000,2.4393081554,3.0302448190,2.8568895418,1.4253166836,-0.9214598070,-1.2762033446,-1.0819593317,2.3933363660,-3.0838052284,-2.8657058256,1.0368721040,0.0438903084,-0.7661209336,-0.6065221754,1.0000000000,0.4683534741,0.0000000000,0.0000000000,0.0000000000
0.0200000000,-0.6500000000,1.3000000000,-0.1264012244,0.0000000000,2.4387804602,3.0305082885,2.8568271089,1.4259656339,-0.9214082076,-1.2757555446,-1.0819593317,2.3967620451,-3.0838589144,-2.8658875324,1.0345615580,0.0435412121,-0.7697995650,-0.6065221754,1.0000000000,0.5350201408,0.0000000000,0.0000000000,0.0000000000
0.0200000000,-0.6500000000,1.3000000000,-0.1264012244,0.0000000000,2.4383746308,3.0307072573,2.8567818925,1.4264713602,-0.9213707733,-1.2754380887,-1.0819593317,2.4000691831,-3.0838310549,-2.8661190285,1.0322998903,0.0432252979,-0.7733936063,-0.6065221754,1.0000000000,0.6016868075,0.0000000000,0.0000000000,0.0000000000
0.0200000000,-0.6500000000,1.3000000000,-0.1264012244,0.0000000000,2.4381030309,3.0308375749,2.8567540547,1.4268209773,-0.9213476732,-1.2752519748,-1.0819593317,2.4032306497,-3.0837357652,-2.8663893997,1.0300927785,0.0429384414,-0.7768853947,-0.6065221754,1.0000000000,0.6683534741,0.0000000000,0.0000000000,0.0000000000
0.0200000000,-0.6500000000,1.3000000000,-0.1264012244,0.0000000000,2.4379630409,3.0309040328,2.8567405134,1.4270079873,-0.9213364132,-1.2751675410,-1.0819593317,2.4061779764,-3.0835932428,-2.8666811360,1.0279632070,0.0426766149,-0.7802231795,-0.6065221754,1.0000000000,0.7350201408,0.0000000000,0.0000000000,0.0000000000
0.0200000000,-0.6500000000,1.3000000000,-0.1264012244,0.0000000000,2.4378988786,3.0309333575,2.8567353009,1.4270995280,-0.9213320616,-1.2751398391,-1.0819593317,2.4089278481,-3.0834219428,-2.8669821354,1.0259075377,0.0424332660,-0.7834145907,-0.6065221754,1.0000000000,0.8016868075,0.0000000000,0.0000000000,0.0000000000
0.0200000000,-0.6500000000,1.3000000000,-0.1264012244,0.0000000000,2.4378669896,3.0309468256,2.8567333960,1.4271462225,-0.9213304775,-1.2751297151,-1.0819593317,2.4114654677,-3.0832385480,-2.8672798617,1.0239334957,0.0422037989,-0.7864440089,-0.6065221754,1.0000000000,0.8683534741,0.0000000000,0.0000000000,0.0000000000
0.0200000000,-0.6500000000,1.3000000000,-0.1264012244,0.0000000000,2.4378435694,3.0309545031,2.8567333403,1.4271838963,-0.9213304599,-1.2751268901,-1.0819593317,2.4138220723,-3.0830488054,-2.8675720278,1.0220271077,0.0419844285,-0.7893368517,-0.6065221754,1.0000000000,0.9350201408,0.0000000000,0.0000000000,0.0000000000
0.0200000000,-0.6500000000,1.3000000000,-0.1264012244,0.0000000000,2.4378003985,3.0309682135,2.8567333883,1.4272522362,-0.9213305688,-1.2751193581,-1.0819593317,2.4160336935,-3.0828569997,-2.8678580753,1.0201571490,0.0417689492,-0.7921386516,-0.6065221754,1.0000000000,1.0000000000,0.0000000000,0.0000000000,0.0000000000
0.0200000000,-0.6500000000,1.3000000000,-0.1264012244,0.0000000000,2.4377395006,3.0309881829,2.8567329750,1.4273500291,-0.9213303499,-1.2751000138,-1.0819593317,2.4180430740,-3.0826713292,-2.8681279062,1.0183879139,0.0415646321,-0.7947597248,-0.6065221754,1.0000000000,1.0000000000,0.0000000000,0.0000000000,0.0000000000
0.0200000000,-0.6500000000,1.3000000000,-0.1264012244,0.0000000000,2.4376603758,3.0310161617,2.8567311050,1.4274785880,-0.9213289823,-1.2750605961,-1.0819593317,2.4197958605,-3.0825062526,-2.8683665491,1.0168052975,0.0413804813,-0.7970879053,-0.6065221754,1.0000000000,1.0000000000,0.0000000000,0.0000000000,0.0000000000
0.0200000000,-0.6500000000,1.3000000000,-0.1264012244,0.0000000000,2.4375638679,3.0310513690,2.8567281033,1.4276362577,-0.9213267312,-1.2750043381,-1.0819593317,2.4212908176,-3.0823602415,-2.8685751577,1.0154041450,0.0412160834,-0.7991283673,-0.6065221754,1.0000000000,1.0000000000,0.0000000000,0.0000000000,0.0000000000
0.0200000000,-0.6500000000,1.3000000000,-0.1264012244,0.0000000000,2.4374479994,3.0310962737,2.8567227913,1.4278283704,-0.9213226416,-1.2749177509,-1.0819593317,2.4226622588,-3.0822223901,-2.8687705068,1.0140755590,0.0410589346,-0.8010462410,-0.6065221754,1.0000000000,1.0000000000,0.0000000000,0.0000000000,0.0000000000
0.0200000000,-0.6500000000,1.3000000000,-0.1264012244,0.0000000000,2.4373090845,3.0311541068,2.8567138130,1.4280628907,-0.9213156222,-1.2747842753,-1.0819593317,2.4240454377,-3.0820824089,-2.8689690987,1.0127125931,0.0408957803,-0.8030053782,-0.6065221754,1.0000000000,1.0000000000,0.0000000000,0.0000000000,0.0000000000
0.0200000000,-0.6500000000,1.3000000000,-0.1264012244,0.0000000000,2.4371415814,3.0312258889,2.8567014592,1.4283469554,-0.9213059490,-1.2746009848,-1.0819593317,2.4254091165,-3.0819415268,-2.8691688695,1.0113356915,0.0407249003,-0.8049750693,-0.6065221754,1.0000000000,1.0000000000,0.0000000000,0.0000000000,0.0000000000
0.0200000000,-0.6500000000,1.3000000000,-0.1264012244,0.0000000000,2.4369555406,3.0313090136,2.8566856884,1.4286667908,-0.9212935168,-1.2743785433,-1.0819593317,2.4267370115,-3.0818029025,-2.8693649040,1.0099634401,0.0405559100,-0.8069249841,-0.6065221754,1.0000000000,1.0000000000,0.0000000000,0.0000000000,0.0000000000
0.0200000000,-0.6500000000,1.3000000000,-0.1264012244,0.0000000000,2.4367593248,3.0314026069,2.8566657291,1.4290127890,-0.9212776234,-1.2741202675,-1.0819593317,2.4280361026,-3.0816681760,-2.8695548364,1.0085944627,0.0403969238,-0.8088539388,-0.6065221754,1.0000000000,1.0000000000,0.0000000000,0.0000000000,0.0000000000
0.0200000000,-0.6500000000,1.3000000000,-0.1264012244,0.0000000000,2.4365646607,3.0314952974,2.8566456013,1.4293539530,-0.9212616567,-1.2738485544,-1.0819593317,2.4292107690,-3.0815456590,-2.8697308876,1.0073478751,0.0402452870,-0.8106109143,-0.6065221754,1.0000000000,1.0000000000,0.0000000000,0.0000000000,0.0000000000
0.0200000000,-0.6500000000,1.3000000000,-0.1264012244,0.0000000000,2.4363694161,3.0315865691,2.8566258660,1.4296914246,-0.9212461091,-1.2735635761,-1.0819593317,2.4302494468,-3.0814355760,-2.8698931012,1.0062348757,0.0400980321,-0.8121824620,-0.6065221754,1.0000000000,1.0000000000,0.0000000000,0.0000000000,0.0000000000
0.0200000000,-0.6500000000,1.3000000000,-0.1264012244,0.0000000000,2.4361488064,3.0317075050,2.8565944400,1.4301027032,-0.9212207551,-1.2732040240,-1.0819593317,2.4314148390,-3.0813174100,-2.8700596157,1.0049317887,0.0399712537,-0.8139743246,-0.6065221754,1.0000000000,1.0000000000,0.0000000000,0.0000000000,0.0000000000
0.0200000000,-0.6500000000,1.3000000000,-0.1264012244,0.0000000000,2.4358788852,3.0318859890,2.8565407427,1.4306590448,-0.9211766495,-1.2727148364,-1.0819593317,2.4329689514,-3.0811705921,-2.8702507426,1.0031251134,0.0398773831,-0.8163842440,-0.6065221754,1.0000000000,1.0000000000,0.0000000000,0.0000000000,0.0000000000
0.0200000000,-0.6500000000,1.3000000000,-0.1264012244,0.0000000000,2.4355342340,3.0321332007,2.8564623870,1.4314025298,-0.9211119578,-1.2720530720,-1.0819593317,2.4349998364,-3.0809885700,-2.8704817120,1.0007149169,0.0398117958,-0.8195449172,-0.6065221754,1.0000000000,1.0000000000,0.0000000000,0.0000000000,0.0000000000
0.0200000000,-0.6500000000,1.3000000000,-0.1264012244,0.0000000000,2.4351814806,3.0324253359,2.8563629762,1.4322328157,-0.9210291922,-1.2713261523,-1.0819593317,2.4373286552,-3.0807843901,-2.8707139500,0.9978981375,0.0397921602,-0.8231885733,-0.6065221754,1.0000000000,1.0000000000,0.0000000000,0.0000000000,0.0000000000
0.0200000000,-0.6500000000,1.3000000000,-0.1264012244,0.0000000000,2.4349381023,3.0327491466,2.8562349101,1.4330247093,-0.9209207288,-1.2706927189,-1.0819593317,2.4398753889,-3.0805635934,-2.8708807899,0.9947149774,0.0398880383,-0.8272098327,-0.6065221754,1.0000000000,1.0000000000,0.0000000000,0.0000000000,0.0000000000
0.0200000000,-0.6500000000,1.3000000000,-0.1264012244,0.0000000000,2.4348030466,3.0330806693,2.8560900448,1.4337361776,-0.9207967989,-1.2701810306,-1.0819593317,2.4424790353,-3.0803362185,-2.8709880218,0.9913913369,0.0400536897,-0.8313542144,-0.6065221754,1.0000000000,1.0000000000,0.0000000000,0.0000000000,0.0000000000
0.0200000000,-0.6500000000,1.3000000000,-0.1264012244,0.0000000000,2.4347737984,3.0333366741,2.8559694111,1.4342206041,-0.9206928048,-1.2698889318,-1.0819593317,2.4445699709,-3.0801388534,-2.8710497966,0.9887180603,0.0401500718,-0.8347161421,-0.6065221754,1.0000000000,1.0000000000,0.0000000000,0.0000000000,0.0000000000
0.0200000000,-0.6500000000,1.3000000000,-0.1264012244,0.0000000000,2.4348485065,3.0335260774,2.8558688688,1.4344955339,-0.9206051930,-1.2698034143,-1.0819593317,2.4462094029,-3.0799676086,-2.8710658499,0.9866115423,0.0401906082,-0.8373923653,-0.6065221754,1.0000000000,1.0000000000,0.0000000000,0.0000000000,0.0000000000
0.0200000000,-0.6500000000,1.3000000000,-0.1264012244,0.0000000000,2.4349934308,3.0336881632,2.8557733911,1.4346601171,-0.9205212786,-1.2698450956,-1.0819593317,2.4477299225,-3.0798028831,-2.8710643970,0.9846611083,0.0401848371,-0.8399008997,-0.6065221754,1.0000000000,1.0000000000,0.0000000000,0.0000000000,0.0000000000
0.0200000000,-0.6500000000,1.3000000000,-0.1264012244,0.0000000000,2.4351792609,3.0338508723,2.8556729253,1.4347894916,-0.9204326374,-1.2699503645,-1.0819593317,2.4493635281,-3.0796279773,-2.8710686993,0.9825831711,0.0401319542,-0.8426055293,-0.6065221754,1.0000000000,1.0000000000,0.0000000000,0.0000000000,0.0000000000
0.0200000000,-0.6500000000,1.3000000000,-0.1264012244,0.0000000000,2.4354201205,3.0340021070,2.8555716530,1.4348498529,-0.9203427574,-1.2701479997,-1.0819593317,2.4510072135,-3.0794464280,-2.8710689819,0.9805035227,0.0400256481,-0.8453502038,-0.6065221754,1.0000000000,1.0000000000,0.0000000000,0.0000000000,0.0000000000
0.0200000000,-0.6500000000,1.3000000000,-0.1264012244,0.0000000000,2.4357265281,3.0341431876,2.8554677689,1.4348341853,-0.9202499556,-1.2704587343,-1.0819593317,2.4527348284,-3.0792717329,-2.8710672523,0.9783374581,0.0398780485,-0.8482315390,-0.6065221754,1.0000000000,1.0000000000,0.0000000000,0.0000000000,0.0000000000
0.0200000000,-0.6500000000,1.3000000000,-0.1264012244,0.0000000000,2.4361095460,3.0342775548,2.8553583315,1.4347383804,-0.9201515753,-1.2708985335,-1.0819593317,2.4546223147,-3.0791080066,-2.8710666700,0.9759928737,0.0396923093,-0.8513627875,-0.6065221754,1.0000000000,1.0000000000,0.0000000000,0.0000000000,0.0000000000
0.0200000000,-0.6500000000,1.3000000000,-0.1264012244,0.0000000000,2.4365677543,3.0344050890,2.8552435421,1.4345633862,-0.9200478108,-1.2714637037,-1.0819593317,2.4566562099,-3.0789525826,-2.8710666774,0.9734840152,0.0394671780,-0.8547270194,-0.6065221754,1.0000000000,1.0000000000,0.0000000000,0.0000000000,0.0000000000
0.0200000000,-0.6500000000,1.3000000000,-0.1264012244,0.0000000000,2.4370943027,3.0345196912,2.8551273629,1.4343063663,-0.9199420968,-1.2721624041,-1.0819593317,2.4588235366,-3.0788257108,-2.8710666220,0.9708492721,0.0392089268,-0.8582711347,-0.6065221754,1.0000000000,1.0000000000,0.0000000000,0.0000000000,0.0000000000
0.0200000000,-0.6500000000,1.3000000000,-0.1264012244,0.0000000000,2.4376954259,3.0346157715,2.8550119887,1.4339528196,-0.9198362080,-1.2730231201,-1.0819593317,2.4611430844,-3.0787490195,-2.8710666187,0.9680850802,0.0389220203,-0.8619948044,-0.6065221754,1.0000000000,1.0000000000,0.0000000000,0.0000000000,0.0000000000
0.0200000000,-0.6500000000,1.3000000000,-0.1264012244,0.0000000000,2.4383594791,3.0346958601,2.8548974637,1.4335179748,-0.9197303239,-1.2740198707,-1.0819593317,2.4635957551,-3.0787133720,-2.8710666187,0.9652100078,0.0386067265,-0.8658762478,-0.6065221754,1.0000000000,1.0000000000,0.0000000000,0.0000000000,0.0000000000
0.0200000000,-0.6500000000,1.3000000000,-0.1264012244,0.0000000000,2.4390620747,3.0347555015,2.8547889652,1.4330195377,-0.9196291175,-1.2751290382,-1.0819593317,2.4661560571,-3.0787315225,-2.8710666187,0.9622843666,0.0382656832,-0.8698413220,-0.6065221754,1.0000000000,1.0000000000,0.0000000000,0.0000000000,0.0000000000
0.0200000000,-0.6500000000,1.3000000000,-0.1264012244,0.0000000000,2.4397934734,3.0347952372,2.8546873842,1.4324661661,-0.9195334435,-1.2763367476,-1.0819593317,2.4687903249,-3.0788015280,-2.8710666187,0.9593432523,0.0379038615,-0.8738415152,-0.6065221754,1.0000000000,1.0000000000,0.0000000000,0.0000000000,0.0000000000
0.0200000000,-0.6500000000,1.3000000000,-0.1264012244,0.0000000000,2.4405939276,3.0348078077,2.8545915914,1.4318183015,-0.9194419615,-1.2777106284,-1.0819593317,2.4716849678,-3.0789467132,-2.8710666274,0.9562206813,0.0374928916,-0.8781137302,-0.6065221754,1.0000000000,1.0000000000,0.0000000000,0.0000000000,0.0000000000
0.0200000000,-0.6500000000,1.3000000000,-0.1264012244,0.0000000000,2.4415216880,3.0347831452,2.8544999028,1.4310166664,-0.9193526204,-1.2793602985,-1.0819593317,2.4751063124,-3.0792037611,-2.8710671756,0.9526781423,0.0369927274,-0.8829963211,-0.6065221754,1.0000000000,1.0000000000,0.0000000000,0.0000000000,0.0000000000
0.0200000000,-0.6500000000,1.3000000000,-0.1264012244,0.0000000000,2.4425369996,3.0347218402,2.8544163875,1.4300994854,-0.9192694326,-1.2812041387,-1.0819593317,2.4789113617,-3.0795585729,-2.8710670684,0.9488683670,0.0364225653,-0.8882827842,-0.6065221754,1.0000000000,1.0000000000,0.0000000000,0.0000000000,0.0000000000
0.0200000000,-0.6500000000,1.3000000000,-0.1264012244,0.0000000000,2.4436210089,3.0346086149,2.8543503558,1.4290731473,-0.9192008778,-1.2832018961,-1.0819593317,2.4830918772,-3.0800344964,-2.8710657261,0.9448678332,0.0357770315,-0.8938900635,-0.6065221754,1.0000000000,1.0000000000,0.0000000000,0.0000000000,0.0000000000
0.0200000000,-0.6500000000,1.3000000000,-0.1264012244,0.0000000000,2.4447554477,3.0344461343,2.8543025664,1.4279602818,-0.9191477227,-1.2853109590,-1.0819593317,2.4875781460,-3.0806176289,-2.8710597125,0.9407446831,0.0350644435,-0.8997268040,-0.6065221754,1.0000000000,1.0000000000,0.0000000000,0.0000000000,0.0000000000
0.0200000000,-0.6500000000,1.3000000000,-0.1264012244,0.0000000000,2.4458729156,3.0342433302,2.8542764004,1.4268450167,-0.9191133093,-1.2873877102,-1.0819593317,2.4921250629,-3.0812608495,-2.8710381869,0.9367443872,0.0343129194,-0.9054659842,-0.6065221754,1.0000000000,1.0000000000,0.0000000000,0.0000000000,0.0000000000
0.0200000000,-0.6500000000,1.3000000000,-0.1264012244,0.0000000000,2.4469719814,3.0339962180,2.8542738872,1.4257263106,-0.9190993797,-1.2894213009,-1.0819593317,2.4967333651,-3.0819684394,-2.8709981903,0.9328830128,0.0335193728,-0.9110924538,-0.6065221754,1.0000000000,1.0000000000,0.0000000000,0.0000000000,0.0000000000
0.0200000000,-0.6500000000,1.3000000000,-0.1264012244,0.0000000000,2.4480540211,3.0337189953,2.8542870955,1.4246053011,-0.9190988144,-1.2913249448,-1.0819593317,2.5013013450,-3.0826976283,-2.8709272113,0.9291878193,0.0327073108,-0.9165456051,-0.6065221754,1.0000000000,1.0000000000,0.0000000000,0.0000000000,0.0000000000
0.0200000000,-0.6500000000,1.3000000000,-0.1264012244,0.0000000000,2.4491088469,3.0334159791,2.8543151640,1.4234974785,-0.9191107785,-1.2930826028,-1.0819593317,2.5057880028,-3.0834371509,-2.8708237795,0.9256885093,0.0318828968,-0.9217822374,-0.6065221754,1.0000000000,1.0000000000,0.0000000000,0.0000000000,0.0000000000
0.0200000000,-0.6500000000,1.3000000000,-0.1264012244,0.0000000000,2.4501804543,3.0330745786,2.8543581123,1.4223344353,-0.9191355335,-1.2946860223,-1.0819593317,2.5102960771,-3.0842087618,-2.8706821514,0.9222938542,0.0310338636,-0.9269280048,-0.6065221754,1.0000000000,1.0000000000,0.0000000000,0.0000000000,0.0000000000
0.0200000000,-0.6500000000,1.3000000000,-0.1264012244,0.0000000000,2.4513275099,3.0326795036,2.8544149356,1.4210235481,-0.9191723694,-1.2960979273,-1.0819593317,2.5149365571,-3.0850312635,-2.8704905974,0.9188963092,0.0301481693,-0.9321287213,-0.6065221754,1.0000000000,1.0000000000,0.0000000000,0.0000000000,0.0000000000
0.0200000000,-0.6500000000,1.3000000000,-0.1264012244,0.0000000000,2.4525436625,3.0322282534,2.8544875839,1.4195710060,-0.9192228364,-1.2973078527,-1.0819593317,2.5196962456,-3.0859046898,-2.8702468338,0.9155229329,0.0292242501,-0.9373541116,-0.6065221754,1.0000000000,1.0000000000,0.0000000000,0.0000000000,0.0000000000
0.0200000000,-0.6500000000,1.3000000000,-0.1264012244,0.0000000000,2.4538382980,3.0317240211,2.8545734502,1.4179686531,-0.9192855603,-1.2983086713,-1.0819593317,2.5245919192,-3.0868365685,-2.8699495512,0.9121440742,0.0282664207,-0.9426340714,-0.6065221754,1.0000000000,1.0000000000,0.0000000000,0.0000000000,0.0000000000
0.0200000000,-0.6500000000,1.3000000000,-0.1264012244,0.0000000000,2.4552162845,3.0311669812,2.8546712087,1.4161966772,-0.9193600025,-1.2990660938,-1.0819593317,2.5295855578,-3.0878198690,-2.8696024613,0.9087752068,0.0272868240,-0.9479355408,-0.6065221754,1.0000000000,1.0000000000,0.0000000000,0.0000000000,0.0000000000
0.0200000000,-0.6500000000,1.3000000000,-0.1264012244,0.0000000000,2.4566773274,3.0305566184,2.8547814302,1.4142618016,-0.9194464381,-1.2995939530,-1.0819593317,2.5346997061,-3.0888594511,-2.8692029626,0.9054052564,0.0262793560,-0.9532791495,-0.6065221754,1.0000000000,1.0000000000,0.0000000000,0.0000000000,0.0000000000
0.0200000000,-0.6500000000,1.3000000000,-0.1264012244,0.0000000000,2.4582597434,3.0298792139,2.8549080064,1.4121654686,-0.9195477664,-1.2999582136,-1.0819593317,2.5402144166,-3.0900267280,-2.8687121223,0.9018677486,0.0251853818,-0.9589363686,-0.6065221754,1.0000000000,1.0000000000,0.0000000000,0.0000000000,0.0000000000
0.0200000000,-0.6500000000,1.3000000000,-0.1264012244,0.0000000000,2.4600577337,3.0290935175,2.8550595973,1.4098018649,-0.9196713572,-1.3001624512,-1.0819593317,2.5464951434,-3.0914109589,-2.8680829186,0.8979483542,0.0239317634,-0.9652588469,-0.6065221754,1.0000000000,1.0000000000,0.0000000000,0.0000000000,0.0000000000
0.0200000000,-0.6500000000,1.3000000000,-0.1264012244,0.0000000000,2.4619397007,3.0282592350,2.8552245925,1.4073558594,-0.9198071119,-1.3002430148,-1.0819593317,2.5531389516,-3.0929191998,-2.8673612090,0.8938856055,0.0225969181,-0.9718555933,-0.6065221754,1.0000000000,1.0000000000,0.0000000000,0.0000000000,0.0000000000
0.0200000000,-0.6500000000,1.3000000000,-0.1264012244,0.0000000000,2.4637130406,3.0274637088,2.8553882673,1.4051567958,-0.9199419830,-1.3002830562,-1.0819593317,2.5597238841,-3.0944731746,-2.8665720973,0.8899522040,0.0212566698,-0.9782909996,-0.6065221754,1.0000000000,1.0000000000,0.0000000000,0.0000000000,0.0000000000
0.0200000000,-0.6500000000,1.3000000000,-0.1264012244,0.0000000000,2.4653726709,3.0267090961,2.8555504076,1.4032161356,-0.9200757607,-1.3002849109,-1.0819593317,2.5662460486,-3.0960735989,-2.8657139963,0.8861529418,0.0199112744,-0.9845585508,-0.6065221754,1.0000000000,1.0000000000,0.0000000000,0.0000000000,0.0000000000
0.0200000000,-0.6500000000,1.3000000000,-0.1264012244,0.0000000000,2.4668575954,3.0260268924,2.8557017964,1.4015655768,-0.9202008065,-1.3002705280,-1.0819593317,2.5723819758,-3.0976229483,-2.8648536289,0.8826374547,0.0186304682,-0.9903894532,-0.6065221754,1.0000000000,1.0000000000,0.0000000000,0.0000000000,0.0000000000
0.0200000000,-0.6500000000,1.3000000000,-0.1264012244,0.0000000000,2.4680244479,3.0254855375,2.8558266249,1.4003642583,-0.9203038319,-1.3002703086,-1.0819593317,2.5775584735,-3.0989706484,-2.8640796573,0.8797166600,0.0175335100,-0.9952578323,-0.6065221754,1.0000000000,1.0000000000,0.0000000000,0.0000000000,0.0000000000
0.0200000000,-0.6500000000,1.3000000000,-0.1264012244,0.0000000000,2.4689585671,3.0250450889,2.8559336792,1.3995103510,-0.9203922020,-1.3002703315,-1.0819593317,2.5820950319,-3.1001969847,-2.8633471961,0.8772115587,0.0165549939,-0.9994630914,-0.6065221754,1.0000000000,1.0000000000,0.0000000000,0.0000000000,0.0000000000
0.0200000000,-0.6500000000,1.3000000000,-0.1264012244,0.0000000000,2.4697722002,3.0246527839,2.8560342860,1.3988648702,-0.9204755265,-1.3002703206,-1.0819593317,2.5864742790,-3.1014255291,-2.8625885584,0.8748360010,0.0155911530,-1.0034734553,-0.6065221754,1.0000000000,1.0000000000,0.0000000000,0.0000000000,0.0000000000
0.0200000000,-0.6500000000,1.3000000000,-0.1264012244,0.0000000000,2.4705558331,3.0242650555,2.8561385242,1.3983292186,-0.9205623676,-1.3002706179,-1.0819593317,2.5911421224,-3.1027769710,-2.8617334077,0.8723333217,0.0145435919,-1.0077128651,-0.6065221754,1.0000000000,1.0000000000,0.0000000000,0.0000000000,0.0000000000
0.0200000000,-0.6500000000,1.3000000000,-0.1264012244,0.0000000000,2.4712919635,3.0238883087,2.8562462775,1.3979481814,-0.9206526488,-1.3002718481,-1.0819593317,2.5961210360,-3.1042683865,-2.8607650360,0.8697036988,0.0134031255,-1.0121879717,-0.6065221754,1.0000000000,1.0000000000,0.0000000000,0.0000000000,0.0000000000
0.0200000000,-0.6500000000,1.3000000000,-0.1264012244,0.0000000000,2.4719309792,3.0235511113,2.8563474714,1.3977088222,-0.9207378096,-1.3002717689,-1.0819593317,2.6009003029,-3.1057347271,-2.8597965204,0.8672068810,0.0122923236,-1.0164513749,-0.6065221754,1.0000000000,1.0000000000,0.0000000000,0.0000000000,0.0000000000
0.0200000000,-0.6500000000,1.3000000000,-0.1264012244,0.0000000000,2.4724537763,3.0232705796,2.8564330182,1.3975366861,-0.9208100235,-1.3002690246,-1.0819593317,2.6049735566,-3.1069969265,-2.8589578282,0.8650852002,0.0113392414,-1.0200769102,-0.6065221754,1.0000000000,1.0000000000,0.0000000000,0.0000000000,0.0000000000
0.0200000000,-0.6500000000,1.3000000000,-0.1264012244,0.0000000000,2.4728300628,3.0230627709,2.8564983159,1.3974488886,-0.9208654088,-1.3002670851,-1.0819593317,2.6081285506,-3.1079902082,-2.8582913689,0.8634506405,0.0105931638,-1.0228741108,-0.6065221754,1.0000000000,1.0000000000,0.0000000000,0.0000000000,0.0000000000
0.0200000000,-0.6500000000,1.3000000000,-0.1264012244,0.0000000000,2.4730700843,3.0229206848,2.8565463860,1.3974606729,-0.9209065456,-1.3002661507,-1.0819593317,2.6105256514,-3.1087692156,-2.8577583402,0.8622246592,0.0100144655,-1.0249800291,-0.6065221754,1.0000000000,1.0000000000,0.0000000000,0.0000000000,0.0000000000
0.0200000000,-0.6500000000,1.3000000000,-0.1264012244,0.0000000000,2.4732071988,3.0228266815,2.8565822298,1.3975519589,-0.9209376532,-1.3002621547,-1.0819593317,2.6123944428,-3.1094037950,-2.8573131537,0.8612857915,0.0095499136,-1.0266010531,-0.6065221754,1.0000000000,1.0000000000,0.0000000000,0.0000000000,0.0000000000
0.0200000000,-0.6500000000,1.3000000000,-0.1264012244,0.0000000000,2.4732722690,3.0227637732,2.8566108047,1.3977058316,-0.9209629440,-1.3002496313,-1.0819593317,2.6139658027,-3.1099658841,-2.8569081959,0.8605126411,0.0091450988,-1.0279437349,-0.6065221754,1.0000000000,1.0000000000,0.0000000000,0.0000000000,0.0000000000
0.0200000000,-0.6500000000,1.3000000000,-0.1264012244,0.0000000000,2.4733118844,3.0227082294,2.8566386319,1.3978915917,-0.9209878791,-1.3002250883,-1.0819593317,2.6155342627,-3.1105427419,-2.8564874453,0.8597482568,0.0087329264,-1.0292743126,-0.6065221754,1.0000000000,1.0000000000,0.0000000000,0.0000000000,0.0000000000
0.0200000000,-0.6500000000,1.3000000000,-0.1264012244,0.0000000000,2.4733601705,3.0226420832,2.8566707822,1.3980883320,-0.9210167332,-1.3001845148,-1.0819593317,2.6173320624,-3.1112048042,-2.8560050220,0.8588696364,0.0082596544,-1.0308017253,-0.6065221754,1.0000000000,1.0000000000,0.0000000000,0.0000000000,0.0000000000
0.0200000000,-0.6500000000,1.3000000000,-0.1264012244,0.0000000000,2.4734290797,3.0225612711,2.8567079183,1.3982850985,-0.9210499832,-1.3001354224,-1.0819593317,2.6193824448,-3.1119534497,-2.8554621365,0.8578621916,0.0077228408,-1.0325500087,-0.6065221754,1.0000000000,1.0000000000,0.0000000000,0.0000000000,0.0000000000
0.0200000000,-0.6500000000,1.3000000000,-0.1264012244,0.0000000000,2.4734926114,3.0224816840,2.8567450777,1.3984942946,-0.9210833653,-1.3000897601,-1.0819593317,2.6214512061,-3.1127120487,-2.8549107811,0.8568477250,0.0071795813,-1.0343115331,-0.6065221754,1.0000000000,1.0000000000,0.0000000000,0.0000000000,0.0000000000
0.0200000000,-0.6500000000,1.3000000000,-0.1264012244,0.0000000000,2.4735312210,3.0224093328,2.8567814955,1.3987356650,-0.9211163983,-1.3000338398,-1.0819593317,2.6235184681,-3.1134854939,-2.8543436644,0.8558412692,0.0066288299,-1.0360622883,-0.6065221754,1.0000000000,1.0000000000,0.0000000000,0.0000000000,0.0000000000
0.0200000000,-0.6500000000,1.3000000000,-0.1264012244,0.0000000000,2.4735373904,3.0223439871,2.8568181433,1.3990197780,-0.9211500480,-1.2999505762,-1.0819593317,2.6256404896,-3.1143014630,-2.8537388581,0.8548171660,0.0060520610,-1.0378471558,-0.6065221754,1.0000000000,1.0000000000,0.0000000000,0.0000000000,0.0000000000
0.0200000000,-0.6500000000,1.3000000000,-0.1264012244,0.0000000000,2.4735017789,3.0222862017,2.8568558116,1.3993594641,-0.9211851409,-1.2998236169,-1.0819593317,2.6278674091,-3.1151862606,-2.8530751017,0.8537533186,0.0054319255,-1.0397051279,-0.6065221754,1.0000000000,1.0000000000,0.0000000000,0.0000000000,0.0000000000
0.0200000000,-0.6500000000,1.3000000000,-0.1264012244,0.0000000000,2.4734171494,3.0222362746,2.8568951633,1.3997647571,-0.9212223676,-1.2996392735,-1.0819593317,2.6302405446,-3.1161613950,-2.8523351040,0.8526314257,0.0047546025,-1.0416688874,-0.6065221754,1.0000000000,1.0000000000,0.0000000000,0.0000000000,0.0000000000
0.0200000000,-0.6500000000,1.3000000000,-0.1264012244,0.0000000000,2.4733260209,3.0221886964,2.8569337320,1.4001793771,-0.9212590952,-1.2994488192,-1.0819593317,2.6325874541,-3.1171326271,-2.8515971384,0.8515254300,0.0040906542,-1.0436168936,-0.6065221754,1.0000000000,1.0000000000,0.0000000000,0.0000000000,0.0000000000
0.0200000000,-0.6500000000,1.3000000000,-0.1264012244,0.0000000000,2.4732067309,3.0221470432,2.8569724058,1.4006316839,-0.9212963307,-1.2992308045,-1.0819593317,2.6349784390,-3.1181406912,-2.8508267009,0.8504063138,0.0034088890,-1.0455958575,-0.6065221754,1.0000000000,1.0000000000,0.0000000000,0.0000000000,0.0000000000
0.0200000000,-0.6500000000,1.3000000000,-0.1264012244,0.0000000000,2.4729754412,3.0221222649,2.8570160827,1.4012323812,-0.9213392708,-1.2988859465,-1.0819593317,2.6377547040,-3.1193712901,-2.8498694555,0.8491274721,0.0025681304,-1.0478445064,-0.6065221754,1.0000000000,1.0000000000,0.0000000000,0.0000000000,0.0000000000
0.0200000000,-0.6500000000,1.3000000000,-0.1264012244,0.0000000000,2.4725537585,3.0221239944,2.8570696126,1.4020907553,-0.9213930765,-1.2983189091,-1.0819593317,2.6412523800,-3.1210088231,-2.8485777660,0.8475444096,0.0014385980,-1.0506068340,-0.6065221754,1.0000000000,1.0000000000,0.0000000000,0.0000000000,0.0000000000
0.0200000000,-0.6500000000,1.3000000000,-0.1264012244,0.0000000000,2.4719307120,3.0221516618,2.8571346701,1.4032356134,-0.9214594667,-1.2975096356,-1.0819593317,2.6455752033,-3.1231103195,-2.8469187436,0.8456109891,0.0000002037,-1.0539770543,-0.6065221754,1.0000000000,1.0000000000,0.0000000000,0.0000000000,0.0000000000
0.0200000000,-0.6500000000,1.3000000000,-0.1264012244,0.0000000000,2.4711943329,3.0222058377,2.8571998916,1.4044641863,-0.9215267285,-1.2966048676,-1.0819593317,2.6500083152,-3.1252839770,-2.8451318802,0.8436436293,-0.0015889662,-1.0573244015,-0.6065221754,1.0000000000,1.0000000000,0.0000000000,0.0000000000,0.0000000000
0.0200000000,-0.6500000000,1.3000000000,-0.1264012244,0.0000000000,2.4703789964,3.0222959836,2.8572559298,1.4056378874,-0.9215854752,-1.2956854397,-1.0819593317,2.6539636912,-3.1272566706,-2.8434223013,0.8419028846,-0.0032193732,-1.0601035581,-0.6065221754,1.0000000000,1.0000000000,0.0000000000,0.0000000000,0.0000000000
0.0200000000,-0.6500000000,1.3000000000,-0.1264012244,0.0000000000,2.4695124060,3.0224078805,2.8573070049,1.4067766386,-0.9216395221,-1.2947810035,-1.0819593317,2.6577747561,-3.1290241222,-2.8415771895,0.8402484043,-0.0049980723,-1.0626041671,-0.6065221754,1.0000000000,1.0000000000,0.0000000000,0.0000000000,0.0000000000
0.0200000000,-0.6500000000,1.3000000000,-0.1264012244,0.0000000000,2.4686120016,3.0225362192,2.8573538696,1.4078663983,-0.9216893607,-1.2939263222,-1.0819593317,2.6615499245,-3.1305127615,-2.8394756914,0.8386374227,-0.0070011237,-1.0648916774,-0.6065221754,1.0000000000,1.0000000000,0.0000000000,0.0000000000,0.0000000000
0.0200000000,-0.6500000000,1.3000000000,-0.1264012244,0.0000000000,2.4677637878,3.0226663430,2.8573933747,1.4088296506,-0.9217316308,-1.2931940013,-1.0819593317,2.6650595370,-3.1316478151,-2.8372303330,0.8371907325,-0.0090188336,-1.0669097931,-0.6065221754,1.0000000000,1.0000000000,0.0000000000,0.0000000000,0.0000000000
0.0200000000,-0.6500000000,1.3000000000,-0.1264012244,0.0000000000,2.4670556818,3.0227826041,2.8574226203,1.4095813546,-0.9217631168,-1.2926568220,-1.0819593317,2.6680263651,-3.1323030668,-2.8349740403,0.8360368172,-0.0108473320,-1.0685543618,-0.6065221754,1.0000000000,1.0000000000,0.0000000000,0.0000000000,0.0000000000
0.0200000000,-0.6500000000,1.3000000000,-0.1264012244,0.0000000000,2.4664365886,3.0228958352,2.8574426098,1.4101797361,-0.9217851453,-1.2923011155,-1.0819593317,2.6708372672,-3.1326229944,-2.8324374933,0.8350517135,-0.0126721887,-1.0700589511,-0.6065221754,1.0000000000,1.0000000000,0.0000000000,0.0000000000,0.0000000000
0.0200000000,-0.6500000000,1.3000000000,-0.1264012244,0.0000000000,2.4658426447,3.0230145713,2.8574570182,1.4107134409,-0.9218016615,-1.2920661408,-1.0819593317,2.6738544058,-3.1328049749,-2.8294515732,0.8340929181,-0.0146352714,-1.0716730191,-0.6065221754,1.0000000000,1.0000000000,0.0000000000,0.0000000000,0.0000000000
0.0200000000,-0.6500000000,1.3000000000,-0.1264012244,0.0000000000,2.4653207512,3.0231413927,2.8574588621,1.4111180055,-0.9218060157,-1.2920733746,-1.0819593317,2.6771922808,-3.1328636593,-2.8259011991,0.8331637129,-0.0168210176,-1.0733980194,-0.6065221754,1.0000000000,1.0000000000,0.0000000000,0.0000000000,0.0000000000
0.0200000000,-0.6500000000,1.3000000000,-0.1264012244,0.0000000000,2.4649127128,3.0232816056,2.8574405136,1.4113371417,-0.9217910442,-1.2924573726,-1.0819593317,2.6810882429,-3.1328689674,-2.8215968728,0.8322316433,-0.0193679777,-1.0753054430,-0.6065221754,1.0000000000,1.0000000000,0.0000000000,0.0000000000,0.0000000000
0.0200000000,-0.6500000000,1.3000000000,-0.1264012244,0.0000000000,2.4647357451,3.0234096046,2.8574026290,1.4113275002,-0.9217562888,-1.2931949615,-1.0819593317,2.6845982913,-3.1328660067,-2.8176656660,0.8315188817,-0.0216570740,-1.0768980336,-0.6065221754,1.0000000000,1.0000000000,0.0000000000,0.0000000000,0.0000000000
0.0200000000,-0.6500000000,1.3000000000,-0.1264012244,0.0000000000,2.4648333339,3.0235181997,2.8573454285,1.4110533642,-0.9217009761,-1.2942619304,-1.0819593317,2.6874987660,-3.1328660067,-2.8143780381,0.8310803142,-0.0235410796,-1.0780534872,-0.6065221754,1.0000000000,1.0000000000,0.0000000000,0.0000000000,0.0000000000
0.0200000000,-0.6500000000,1.3000000000,-0.1264012244,0.0000000000,2.4651085999,3.0236192980,2.8572769338,1.4105823206,-0.9216318831,-1.2954922404,-1.0819593317,2.6901757990,-3.1328660067,-2.8113212496,0.8307759760,-0.0252730323,-1.0790116477,-0.6065221754,1.0000000000,1.0000000000,0.0000000000,0.0000000000,0.0000000000
0.0200000000,-0.6500000000,1.3000000000,-0.1264012244,0.0000000000,2.4656634932,3.0236832585,2.8571937364,1.4097017279,-0.9215459144,-1.2967993486,-1.0819593317,2.6927095999,-3.1328660067,-2.8083950145,0.8306091968,-0.0269064065,-1.0797874678,-0.6065221754,1.0000000000,1.0000000000,0.0000000000,0.0000000000,0.0000000000
0.0200000000,-0.6500000000,1.3000000000,-0.1264012244,0.0000000000,2.4666355966,3.0236756206,2.8570906712,1.4081253115,-0.9214377044,-1.2980868333,-1.0819593317,2.6952749184,-3.1328660067,-2.8053913733,0.8305728506,-0.0285557777,-1.0804288979,-0.6065221754,1.0000000000,1.0000000000,0.0000000000,0.0000000000,0.0000000000
0.0200000000,-0.6500000000,1.3000000000,-0.1264012244,0.0000000000,2.4678762652,3.0235902861,2.8569809813,1.4060633359,-0.9213231369,-1.2991417750,-1.0819593317,2.6976106360,-3.1328660067,-2.8026188775,0.8306438790,-0.0300567683,-1.0808988200,-0.6065221754,1.0000000000,1.0000000000,0.0000000000,0.0000000000,0.0000000000
0.0200000000,-0.6500000000,1.3000000000,-0.1264012244,0.0000000000,2.4692668002,3.0234093967,2.8568793884,1.4036656930,-0.9212192023,-1.2996923929,-1.0819593317,2.6993801504,-3.1328660067,-2.8004734786,0.8308108385,-0.0311950214,-1.0811301650,-0.6065221754,1.0000000000,1.0000000000,0.0000000000,0.0000000000,0.0000000000
0.0200000000,-0.6500000000,1.3000000000,-0.1264012244,0.0000000000,2.4709025926,3.0231498374,2.8567692978,1.4008156386,-0.9211088361,-1.3000031331,-1.0819593317,2.7009714705,-3.1328660067,-2.7984914203,0.8310796663,-0.0322224752,-1.0812065017,-0.6065221754,1.0000000000,1.0000000000,0.0000000000,0.0000000000,0.0000000000
0.0200000000,-0.6500000000,1.3000000000,-0.1264012244,0.0000000000,2.4728734876,3.0228081961,2.8566397494,1.3973716759,-0.9209814337,-1.3001875329,-1.0819593317,2.7026079426,-3.1328660067,-2.7964037535,0.8314561010,-0.0332847110,-1.0811732001,-0.6065221754,1.0000000000,1.0000000000,0.0000000000,0.0000000000,0.0000000000
0.0200000000,-0.6500000000,1.3000000000,-0.1264012244,0.0000000000,2.4751044051,3.0224019471,2.8564946639,1.3934848661,-0.9208405716,-1.3002570311,-1.0819593317,2.7042210245,-3.1328660067,-2.7942843178,0.8319506051,-0.0343389626,-1.0810021930,-0.6065221754,1.0000000000,1.0000000000,0.0000000000,0.0000000000,0.0000000000
0.0200000000,-0.6500000000,1.3000000000,-0.1264012244,0.0000000000,2.4775295290,3.0219565490,2.8563336761,1.3893279737,-0.9206855055,-1.3002842075,-1.0819593317,2.7057761718,-3.1328660067,-2.7921449726,0.8326107737,-0.0353681149,-1.0806312132,-0.6065221754,1.0000000000,1.0000000000,0.0000000000,0.0000000000,0.0000000000
0.0200000000,-0.6500000000,1.3000000000,-0.1264012244,0.0000000000,2.4799988047,3.0215012754,2.8561665585,1.3851593621,-0.9205255690,-1.3002729080,-1.0819593317,2.7071981947,-3.1328660067,-2.7900897352,0.8334034701,-0.0363222764,-1.0800795396,-0.6065221754,1.0000000000,1.0000000000,0.0000000000,0.0000000000,0.0000000000
0.0200000000,-0.6500000000,1.3000000000,-0.1264012244,0.0000000000,2.4820249298,3.0211339791,2.8560256689,1.3817997949,-0.9203910775,-1.3002702927,-1.0819593317,2.7083095022,-3.1328660067,-2.7884085326,0.8341639678,-0.0370781344,-1.0794897014,-0.6065221754,1.0000000000,1.0000000000,0.0000000000,0.0000000000,0.0000000000
0.0200000000,-0.6500000000,1.3000000000,-0.1264012244,0.0000000000,2.4837388217,3.0208304429,2.8559018525,1.3790312845,-0.9202734470,-1.3002702927,-1.0819593317,2.7091799413,-3.1328660067,-2.7869884531,0.8349547877,-0.0376839205,-1.0788081396,-0.6065221754,1.0000000000,1.0000000000,0.0000000000,0.0000000000,0.0000000000
0.0200000000,-0.6500000000,1.3000000000,-0.1264012244,0.0000000000,2.4855027972,3.0205279224,2.8557686106,1.3762615523,-0.9201478047,-1.3002702927,-1.0819593317,2.7100370255,-3.1328660067,-2.7854607302,0.8359804876,-0.0382969080,-1.0778592603,-0.6065221754,1.0000000000,1.0000000000,0.0000000000,0.0000000000,0.0000000000
0.0200000000,-0.6500000000,1.3000000000,-0.1264012244,0.0000000000,2.4873631480,3.0202184742,2.8556225346,1.3734154341,-0.9200109461,-1.3002702927,-1.0819593317,2.7109100565,-3.1328660067,-2.7837783700,0.8372663483,-0.0389373120,-1.0766216381,-0.6065221754,1.0000000000,1.0000000000,0.0000000000,0.0000000000,0.0000000000
0.0200000000,-0.6500000000,1.3000000000,-0.1264012244,0.0000000000,2.4890424073,3.0199582088,2.8554801342,1.3709694936,-0.9198793591,-1.3002702927,-1.0819593317,2.7116536615,-3.1328660067,-2.7820554729,0.8389223370,-0.0395179200,-1.0749373659,-0.6065221754,1.0000000000,1.0000000000,0.0000000000,0.0000000000,0.0000000000
0.0200000000,-0.6500000000,1.3000000000,-0.1264012244,0.0000000000,2.4904874961,3.0197546693,2.8553464291,1.3689878089,-0.9197576397,-1.3002702927,-1.0819593317,2.7122426596,-3.1328660067,-2.7803255407,0.8409429049,-0.0400215333,-1.0728068299,-0.6065221754,1.0000000000,1.0000000000,0.0000000000,0.0000000000,0.0000000000
0.0200000000,-0.6500000000,1.3000000000,-0.1264012244,0.0000000000,2.4915873246,3.0196236447,2.8552318713,1.3676049994,-0.9196553251,-1.3002702927,-1.0819593317,2.7126056301,-3.1328660067,-2.7786452763,0.8433855309,-0.0404042849,-1.0701487647,-0.6065221754,1.0000000000,1.0000000000,0.0000000000,0.0000000000,0.0000000000
0.0200000000,-0.6500000000,1.3000000000,-0.1264012244,0.0000000000,2.4922994007,3.0195617118,2.8551455265,1.3668213691,-0.9195798660,-1.3002702927,-1.0819593317,2.7127026396,-3.1328660067,-2.7771219183,0.8461350114,-0.0406328983,-1.0670831259,-0.6065221754,1.0000000000,1.0000000000,0.0000000000,0.0000000000,0.0000000000
0.0200000000,-0.6500000000,1.3000000000,-0.1264012244,0.0000000000,2.4926866217,3.0195475807,2.8550882108,1.3664841549,-0.9195309633,-1.3002702927,-1.0819593317,2.7125098876,-3.1328660067,-2.7757746341,0.8492133100,-0.0406923471,-1.0635797140,-0.6065221754,1.0000000000,1.0000000000,0.0000000000,0.0000000000,0.0000000000
0.0200000000,-0.6500000000,1.3000000000,-0.1264012244,0.0000000000,2.4928303195,3.0195591572,2.8550579994,1.3664301062,-0.9195059879,-1.3002702927,-1.0819593317,2.7119526674,-3.1328660067,-2.7745794940,0.8528534351,-0.0405449272,-1.0593599204,-0.6065221754,1.0000000000,1.0000000000,0.0000000000,0.0000000000,0.0000000000
0.0200000000,-0.6500000000,1.3000000000,-0.1264012244,0.0000000000,2.4928631566,3.0195725007,2.8550453676,1.3664597086,-0.9194958795,-1.3002702927,-1.0819593317,2.7110013519,-3.1328660067,-2.7735458760,0.8571465079,-0.0401663836,-1.0543175506,-0.6065221754,1.0000000000,1.0000000000,0.0000000000,0.0000000000,0.0000000000
0.0200000000,-0.6500000000,1.3000000000,-0.1264012244,0.0000000000,2.4928590504,3.0195787665,2.8550427171,1.3664870995,-0.9194938903,-1.3002702927,-1.0819593317,2.7097638265,-3.1328660067,-2.7728530027,0.8615772029,-0.0395730102,-1.0490643447,-0.6065221754,1.0000000000,1.0000000000,0.0000000000,0.0000000000,0.0000000000
0.0200000000,-0.6500000000,1.3000000000,-0.1264012244,0.0000000000,2.4928557020,3.0195794238,2.8550429379,1.3664920625,-0.9194940997,-1.3002702927,-1.0819593317,2.7084306067,-3.1328660067,-2.7725741818,0.8656717371,-0.0388292503,-1.0441877395,-0.6065221754,1.0000000000,1.0000000000,0.0000000000,0.0000000000,0.0000000000
0.0200000000,-0.6500000000,1.3000000000,-0.1264012244,0.0000000000,2.4928550216,3.0195791199,2.8550432136,1.3664913826,-0.9194943204,-1.3002702927,-1.0819593317,2.7071840468,-3.1328660067,-2.7727126445,0.8691030921,-0.0380048015,-1.0401079809,-0.6065221754,1.0000000000,1.0000000000,0.0000000000,0.0000000000,0.0000000000
0.0200000000,-0.6500000000,1.3000000000,-0.1264012244,0.0000000000,2.4928549801,3.0195790996,2.8550432312,1.3664913346,-0.9194943345,-1.3002702927,-1.0819593317,2.7061554389,-3.1328660067,-2.7732971190,0.8716482723,-0.0371321592,-1.0371199846,-0.6065221754,1.0000000000,1.0000000000,0.0000000000,0.0000000000,0.0000000000
0.0200000000,-0.6500000000,1.3000000000,-0.1264012244,0.0000000000,2.4928549851,3.0195791020,2.8550432291,1.3664913403,-0.9194943328,-1.3002702927,-1.0819593317,2.7053310206,-3.1328660067,-2.7742540924,0.8734475699,-0.0362197102,-1.0350607443,-0.6065221754,1.0000000000,1.0000000000,0.0000000000,0.0000000000,0.0000000000
0.0200000000,-0.6500000000,1.3000000000,-0.1264012244,0.0000000000,2.4928549851,3.0195791020,2.8550432291,1.3664913403,-0.9194943328,-1.3002702927,-1.0819593317,2.7046656740,-3.1328660067,-2.7755535589,0.8746051404,-0.0352604478,-1.0337982443,-0.6065221754,1.0000000000,1.0000000000,0.0000000000,0.0000000000,0.0000000000
0.0200000000,-0.6500000000,1.3000000000,-0.1264012244,0.0000000000,2.4928549851,3.0195791020,2.8550432291,1.3664913403,-0.9194943328,-1.3002702927,-1.0819593317,2.7040758105,-3.1328660067,-2.7771491911,0.8752988184,-0.0342405156,-1.0331039860,-0.6065221754,1.0000000000,1.0000000000,0.0000000000,0.0000000000,0.0000000000
0.0200000000,-0.6500000000,1.3000000000,-0.1264012244,0.0000000000,2.4928549851,3.0195791020,2.8550432291,1.3664913403,-0.9194943328,-1.3002702927,-1.0819593317,2.7034796256,-3.1328660067,-2.7789713480,0.8757298642,-0.0331540407,-1.0327212262,-0.6065221754,1.0000000000,1.0000000000,0.0000000000,0.0000000000,0.0000000000
0.0200000000,-0.6500000000,1.3000000000,-0.1264012244,0.0000000000,2.4928549851,3.0195791020,2.8550432291,1.3664913403,-0.9194943328,-1.3002702927,-1.0819593317,2.7028263438,-3.1328660067,-2.7809279747,0.8760874904,-0.0320104529,-1.0324144914,-0.6065221754,1.0000000000,1.0000000000,0.0000000000,0.0000000000,0.0000000000
0.0200000000,-0.6500000000,1.3000000000,-0.1264012244,0.0000000000,2.4928549851,3.0195791020,2.8550432291,1.3664913403,-0.9194943328,-1.3002702927,-1.0819593317,2.7021503832,-3.1328660067,-2.7828748957,0.8765100313,-0.0308588982,-1.0320279028,-0.6065221754,1.0000000000,1.0000000000,0.0000000000,0.0000000000,0.0000000000
0.0200000000,-0.6500000000,1.3000000000,-0.1264012244,0.0000000000,2.4928549851,3.0195791020,2.8550432291,1.3664913403,-0.9194943328,-1.3002702927,-1.0819593317,2.7015329608,-3.1328660067,-2.7846959954,0.8770372450,-0.0297546455,-1.0315330478,-0.6065221754,1.0000000000,1.0000000000,0.0000000000,0.0000000000,0.0000000000
0.0200000000,-0.6500000000,1.3000000000,-0.1264012244,0.0000000000,2.4928549851,3.0195791020,2.8550432291,1.3664913403,-0.9194943328,-1.3002702927,-1.0819593317,2.7010773650,-3.1328660067,-2.7862878994,0.8776495138,-0.0287587056,-1.0309751166,-0.6065221754,1.0000000000,1.0000000000,0.0000000000,0.0000000000,0.0000000000
0.0200000000,-0.6500000000,1.3000000000,-0.1264012244,0.0000000000,2.4928549851,3.0195791020,2.8550432291,1.3664913403,-0.9194943328,-1.3002702927,-1.0819593317,2.7008672707,-3.1328660067,-2.7875722256,0.8782932107,-0.0279254515,-1.0304313327,-0.6065221754,1.0000000000,1.0000000000,0.0000000000,0.0000000000,0.0000000000
0.0200000000,-0.6500000000,1.3000000000,-0.1264012244,0.0000000000,2.4928549851,3.0195791020,2.8550432291,1.3664913403,-0.9194943328,-1.3002702927,-1.0819593317,2.7009535458,-3.1328660067,-2.7884551842,0.8789057066,-0.0273191790,-1.0299724687,-0.6065221754,1.0000000000,1.0000000000,0.0000000000,0.0000000000,0.0000000000
0.0200000000,-0.6500000000,1.3000000000,-0.1264012244,0.0000000000,2.4928549851,3.0195791020,2.8550432291,1.3664913403,-0.9194943328,-1.3002702927,-1.0819593317,2.7012063719,-3.1328660067,-2.7889923264,0.8794700377,-0.0269120096,-1.0295733159,-0.6065221754,1.0000000000,1.0000000000,0.0000000000,0.0000000000,0.0000000000
0.0200000000,-0.6500000000,1.3000000000,-0.1264012244,0.0000000000,2.4928549851,3.0195791020,2.8550432291,1.3664913403,-0.9194943328,-1.3002702927,-1.0819593317,2.7014667114,-3.1328660067,-2.7892399633,0.8800102622,-0.0266668794,-1.0291537064,-0.6065221754,1.0000000000,1.0000000000,0.0000000000,0.0000000000,0.0000000000
0.0200000000,-0.6500000000,1.3000000000,-0.1264012244,0.0000000000,2.4928549851,3.0195791020,2.8550432291,1.3664913403,-0.9194943328,-1.3002702927,-1.0819593317,2.7015601421,-3.1328660067,-2.7893037695,0.8805761723,-0.0265144700,-1.0286084131,-0.6065221754,1.0000000000,1.0000000000,0.0000000000,0.0000000000,0.0000000000
0.0200000000,-0.6500000000,1.3000000000,-0.1264012244,0.0000000000,2.4928549851,3.0195791020,2.8550432291,1.3664913403,-0.9194943328,-1.3002702927,-1.0819593317,2.7013638137,-3.1328660067,-2.7893344989,0.8812192927,-0.0263611638,-1.0278588245,-0.6065221754,1.0000000000,1.0000000000,0.0000000000,0.0000000000,0.0000000000
0.0200000000,-0.6500000000,1.3000000000,-0.1264012244,0.0000000000,2.4928549851,3.0195791020,2.8550432291,1.3664913403,-0.9194943328,-1.3002702927,-1.0819593317,2.7008208203,-3.1328660067,-2.7895498107,0.8819912335,-0.0260777685,-1.0268642115,-0.6065221754,1.0000000000,1.0000000000,0.0000000000,0.0000000000,0.0000000000
0.0200000000,-0.6500000000,1.3000000000,-0.1264012244,0.0000000000,2.4928549851,3.0195791020,2.8550432291,1.3664913403,-0.9194943328,-1.3002702927,-1.0819593317,2.7000893795,-3.1328660067,-2.7900959943,0.8828816514,-0.0255888286,-1.0257241344,-0.6065221754,1.0000000000,1.0000000000,0.0000000000,0.0000000000,0.0000000000
0.0200000000,-0.6500000000,1.3000000000,-0.1264012244,0.0000000000,2.4928549851,3.0195791020,2.8550432291,1.3664913403,-0.9194943328,-1.3002702927,-1.0819593317,2.6993430456,-3.1328660067,-2.7910576726,0.8838742026,-0.0248537681,-1.0245400751,-0.6065221754,1.0000000000,1.0000000000,0.0000000000,0.0000000000,0.0000000000
0.0200000000,-0.6500000000,1.3000000000,-0.1264012244,0.0000000000,2.4928549851,3.0195791020,2.8550432291,1.3664913403,-0.9194943328,-1.3002702927,-1.0819593317,2.6987559525,-3.1328660067,-2.7924346153,0.8849412596,-0.0238802980,-1.0234111024,-0.6065221754,1.0000000000,1.0000000000,0.0000000000,0.0000000000,0.0000000000
0.0200000000,-0.6500000000,1.3000000000,-0.1264012244,0.0000000000,2.4928549851,3.0195791020,2.8550432291,1.3664913403,-0.9194943328,-1.3002702927,-1.0819593317,2.6984430782,-3.1328660067,-2.7941392037,0.8860484948,-0.0227241604,-1.0224046246,-0.6065221754,1.0000000000,1.0000000000,0.0000000000,0.0000000000,0.0000000000
0.0200000000,-0.6500000000,1.3000000000,-0.1264012244,0.0000000000,2.4928549851,3.0195791020,2.8550432291,1.3664913403,-0.9194943328,-1.3002702927,-1.0819593317,2.6984547731,-3.1328660067,-2.7960207600,0.8871541233,-0.0214760814,-1.0215591528,-0.6065221754,1.0000000000,1.0000000000,0.0000000000,0.0000000000,0.0000000000
0.0200000000,-0.6500000000,1.3000000000,-0.1264012244,0.0000000000,2.4928549851,3.0195791020,2.8550432291,1.3664913403,-0.9194943328,-1.3002702927,-1.0819593317,2.6986397400,-3.1328660067,-2.7978708976,0.8882218955,-0.0202548347,-1.0208170660,-0.6065221754,1.0000000000,1.0000000000,0.0000000000,0.0000000000,0.0000000000
0.0200000000,-0.6500000000,1.3000000000,-0.1264012244,0.0000000000,2.4928549851,3.0195791020,2.8550432291,1.3664913403,-0.9194943328,-1.3002702927,-1.0819593317,2.6988170127,-3.1328660067,-2.7995615627,0.8892381817,-0.0191309451,-1.0200986197,-0.6065221754,1.0000000000,1.0000000000,0.0000000000,0.0000000000,0.0000000000
0.0200000000,-0.6500000000,1.3000000000,-0.1264012244,0.0000000000,2.4928549851,3.0195791020,2.8550432291,1.3664913403,-0.9194943328,-1.3002702927,-1.0819593317,2.6987749451,-3.1328660067,-2.8010258752,0.8902141544,-0.0181365845,-1.0192959764,-0.6065221754,1.0000000000,1.0000000000,0.0000000000,0.0000000000,0.0000000000
0.0200000000,-0.6500000000,1.3000000000,-0.1264012244,0.0000000000,2.4928549851,3.0195791020,2.8550432291,1.3664913403,-0.9194943328,-1.3002702927,-1.0819593317,2.6983252673,-3.1328660067,-2.8022605189,0.8911784117,-0.0172662468,-1.0183030211,-0.6065221754,1.0000000000,1.0000000000,0.0000000000,0.0000000000,0.0000000000
0.0200000000,-0.6500000000,1.3000000000,-0.1264012244,0.0000000000,2.4928549851,3.0195791020,2.8550432291,1.3664913403,-0.9194943328,-1.3002702927,-1.0819593317,2.6972899802,-3.1328660067,-2.8033007698,0.8921560230,-0.0164945509,-1.0170279980,-0.6065221754,1.0000000000,1.0000000000,0.0000000000,0.0000000000,0.0000000000
0.0200000000,-0.6500000000,1.3000000000,-0.1264012244,0.0000000000,2.4928549851,3.0195791020,2.8550432291,1.3664913403,-0.9194943328,-1.3002702927,-1.0819593317,2.6957954204,-3.1328660067,-2.8042702905,0.8931246546,-0.0157602498,-1.0155661847,-0.6065221754,1.0000000000,1.0000000000,0.0000000000,0.0000000000,0.0000000000
0.0200000000,-0.6500000000,1.3000000000,-0.1264012244,0.0000000000,2.4928549851,3.0195791020,2.8550432291,1.3664913403,-0.9194943328,-1.3002702927,-1.0819593317,2.6940266512,-3.1328660067,-2.8052811915,0.8940165154,-0.0150182049,-1.0140820508,-0.6065221754,1.0000000000,1.0000000000,0.0000000000,0.0000000000,0.0000000000
0.0200000000,-0.6500000000,1.3000000000,-0.1264012244,0.0000000000,2.4928549851,3.0195791020,2.8550432291,1.3664913403,-0.9194943328,-1.3002702927,-1.0819593317,2.6922367003,-3.1328660067,-2.8064539622,0.8947360385,-0.0142249509,-1.0127974575,-0.6065221754,1.0000000000,1.0000000000,0.0000000000,0.0000000000,0.0000000000
0.0200000000,-0.6500000000,1.3000000000,-0.1264012244,0.0000000000,2.4928549851,3.0195791020,2.8550432291,1.3664913403,-0.9194943328,-1.3002702927,-1.0819593317,2.6906655756,-3.1328660067,-2.8079009633,0.8951965094,-0.0133395154,-1.0119177958,-0.6065221754,1.0000000000,1.0000000000,0.0000000000,0.0000000000,0.0000000000
0.0200000000,-0.6500000000,1.3000000000,-0.1264012244,0.0000000000,2.4928549851,3.0195791020,2.8550432291,1.3664913403,-0.9194943328,-1.3002702927,-1.0819593317,2.6895171706,-3.1328643125,-2.8096587157,0.8953182041,-0.0123593974,-1.0116121983,-0.6065221754,1.0000000000,1.0000000000,0.0000000000,0.0000000000,0.0000000000
0.0200000000,-0.6500000000,1.3000000000,-0.1264012244,0.0000000000,2.4928549851,3.0195791020,2.8550432291,1.3664913403,-0.9194943328,-1.3002702927,-1.0819593317,2.6887165387,-3.1327826812,-2.8114766275,0.8951904787,-0.0113980002,-1.0117104890,-0.6065221754,1.0000000000,1.0000000000,0.0000000000,0.0000000000,0.0000000000
0.0200000000,-0.6500000000,1.3000000000,-0.1264012244,0.0000000000,2.4928549851,3.0195791020,2.8550432291,1.3664913403,-0.9194943328,-1.3002702927,-1.0819593317,2.6880920095,-3.1324433855,-2.8132908032,0.8949296690,-0.0104631927,-1.0120076148,-0.6065221754,1.0000000000,1.0000000000,0.0000000000,0.0000000000,0.0000000000
0.0200000000,-0.6500000000,1.3000000000,-0.1264012244,0.0000000000,2.4928549851,3.0195791020,2.8550432291,1.3664913403,-0.9194943328,-1.3002702927,-1.0819593317,2.6873972454,-3.1317983314,-2.8152031489,0.8946791625,-0.0094717399,-1.0122748212,-0.6065221754,1.0000000000,1.0000000000,0.0000000000,0.0000000000,0.0000000000
0.0200000000,-0.6500000000,1.3000000000,-0.1264012244,0.0000000000,2.4928549851,3.0195791020,2.8550432291,1.3664913403,-0.9194943328,-1.3002702927,-1.0819593317,2.6864000054,-3.1310203463,-2.8171731676,0.8945470103,-0.0084261215,-1.0123065202,-0.6065221754,1.0000000000,1.0000000000,0.0000000000,0.0000000000,0.0000000000
0.0200000000,-0.6500000000,1.3000000000,-0.1264012244,0.0000000000,2.4928549851,3.0195791020,2.8550432291,1.3664913403,-0.9194943328,-1.3002702927,-1.0819593317,2.6848760504,-3.1302937512,-2.8190574877,0.8945780070,-0.0073960927,-1.0119479859,-0.6065221754,1.0000000000,1.0000000000,0.0000000000,0.0000000000,0.0000000000
0.0200000000,-0.6500000000,1.3000000000,-0.1264012244,0.0000000000,2.4928549851,3.0195791020,2.8550432291,1.3664913403,-0.9194943328,-1.3002702927,-1.0819593317,2.6828588444,-3.1296686961,-2.8208142434,0.8946740523,-0.0064234124,-1.0113090070,-0.6065221754,1.0000000000,1.0000000000,0.0000000000,0.0000000000,0.0000000000
0.0200000000,-0.6500000000,1.3000000000,-0.1264012244,0.0000000000,2.4928549851,3.0195791020,2.8550432291,1.3664913403,-0.9194943328,-1.3002702927,-1.0819593317,2.6804270773,-3.1291403042,-2.8224462154,0.8947010488,-0.0055327683,-1.0105613749,-0.6065221754,1.0000000000,1.0000000000,0.0000000000,0.0000000000,0.0000000000
0.0200000000,-0.6500000000,1.3000000000,-0.1264012244,0.0000000000,2.4928549851,3.0195791020,2.8550432291,1.3664913403,-0.9194943328,-1.3002702927,-1.0819593317,2.6777303144,-3.1286750121,-2.8239821052,0.8945060102,-0.0047385939,-1.0099282217,-0.6065221754,1.0000000000,1.0000000000,0.0000000000,0.0000000000,0.0000000000
0.0200000000,-0.6500000000,1.3000000000,-0.1264012244,0.0000000000,2.4928549851,3.0195791020,2.8550432291,1.3664913403,-0.9194943328,-1.3002702927,-1.0819593317,2.6749803417,-3.1282232413,-2.8254655308,0.8939448231,-0.0040456526,-1.0096497987,-0.6065221754,1.0000000000,0.9447017080,0.0000000000,0.0000000000,0.0000000000
0.0200000000,-0.6500000000,1.3000000000,-0.1264012244,0.0000000000,2.4928549851,3.0195791020,2.8550432291,1.3664913403,-0.9194943328,-1.3002702927,-1.0819593317,2.6725052696,-3.1277254748,-2.8269441114,0.8928201194,-0.0034674206,-1.0100678922,-0.6065221754,1.0000000000,0.8780350413,0.0000000000,0.0000000000,0.0000000000
0.0200000000,-0.6500000000,1.3000000000,-0.1264012244,0.0000000000,2.4928549851,3.0195791020,2.8550432291,1.3664913403,-0.9194943328,-1.3002702927,-1.0819593317,2.6705740965,-3.1271504758,-2.8284524749,0.8911206789,-0.0029877196,-1.0113041497,-0.6065221754,1.0000000000,0.8113683747,0.0000000000,0.0000000000,0.0000000000
0.0200000000,-0.6500000000,1.3000000000,-0.1264012244,0.0000000000,2.4928549851,3.0195791020,2.8550432291,1.3664913403,-0.9194943328,-1.3002702927,-1.0819593317,2.6693631808,-3.1264761565,-2.8300152088,0.8888502196,-0.0025930470,-1.0134267017,-0.6065221754,1.0000000000,0.7447017080,0.0000000000,0.0000000000,0.0000000000
0.0200000000,-0.6500000000,1.3000000000,-0.1264012244,0.0000000000,2.4928549851,3.0195791020,2.8550432291,1.3664913403,-0.9194943328,-1.3002702927,-1.0819593317,2.6688673495,-3.1257089184,-2.8315997142,0.8862259437,-0.0022583444,-1.0162012083,-0.6065221754,1.0000000000,0.6780350413,0.0000000000,0.0000000000,0.0000000000
0.0200000000,-0.6500000000,1.3000000000,-0.1264012244,0.0000000000,2.4928549851,3.0195791020,2.8550432291,1.3664913403,-0.9194943328,-1.3002702927,-1.0819593317,2.6688132724,-3.1248036287,-2.8332610809,0.8834659429,-0.0019106361,-1.0192997621,-0.6065221754,1.0000000000,0.6113683747,0.0000000000,0.0000000000,0.0000000000
0.0200000000,-0.6500000000,1.3000000000,-0.1264012244,0.0000000000,2.4928549851,3.0195791020,2.8550432291,1.3664913403,-0.9194943328,-1.3002702927,-1.0819593317,2.6687177353,-3.1237907558,-2.8349097722,0.8811155525,-0.0014892213,-1.0219496303,-0.6065221754,1.0000000000,0.5447017080,0.0000000000,0.0000000000,0.0000000000
0.0200000000,-0.6500000000,1.3000000000,-0.1264012244,0.0000000000,2.4928549851,3.0195791020,2.8550432291,1.3664913403,-0.9194943328,-1.3002702927,-1.0819593317,2.6683389458,-3.1228196713,-2.8363655163,0.8794554471,-0.0010345633,-1.0237380808,-0.6065221754,1.0000000000,0.4780350413,0.0000000000,0.0000000000,0.0000000000
0.0200000000,-0.6500000000,1.3000000000,-0.1264012244,0.0000000000,2.4928549851,3.0195791020,2.8550432291,1.3664913403,-0.9194943328,-1.3002702927,-1.0819593317,2.6675306098,-3.1218198990,-2.8377607378,0.8783197437,-0.0005077603,-1.0247997559,-0.6065221754,1.0000000000,0.4113683747,0.0000000000,0.0000000000,0.0000000000
0.0200000000,-0.6500000000,1.3000000000,-0.1264012244,0.0000000000,2.4928549851,3.0195791020,2.8550432291,1.3664913403,-0.9194943328,-1.3002702927,-1.0819593317,2.6661594303,-3.1206551455,-2.8393109049,0.8774664072,0.0001594291,-1.0253653044,-0.6065221754,1.0000000000,0.3447017080,0.0000000000,0.0000000000,0.0000000000
0.0200000000,-0.6500000000,1.3000000000,-0.1264012244,0.0000000000,2.4928549851,3.0195791020,2.8550432291,1.3664913403,-0.9194943328,-1.3002702927,-1.0819593317,2.6642159886,-3.1194132339,-2.8409063413,0.8769978229,0.0009282186,-1.0253090279,-0.6065221754,1.0000000000,0.2780350413,0.0000000000,0.0000000000,0.0000000000
0.0200000000,-0.6500000000,1.3000000000,-0.1264012244,0.0000000000,2.4928549851,3.0195791020,2.8550432291,1.3664913403,-0.9194943328,-1.3002702927,-1.0819593317,2.6616939609,-3.1181488940,-2.8425081406,0.8769322895,0.0017808045,-1.0246044872,-0.6065221754,1.0000000000,0.2113683747,0.0000000000,0.0000000000,0.0000000000
0.0200000000,-0.6500000000,1.3000000000,-0.1264012244,0.0000000000,2.4928549851,3.0195791020,2.8550432291,1.3664913403,-0.9194943328,-1.3002702927,-1.0819593317,2.6587185852,-3.1169066436,-2.8440964744,0.8771762985,0.0026873803,-1.0233965391,-0.6065221754,1.0000000000,0.1447017080,0.0000000000,0.0000000000,0.0000000000
0.0200000000,-0.6500000000,1.3000000000,-0.1264012244,0.0000000000,2.4928549851,3.0195791020,2.8550432291,1.3664913403,-0.9194943328,-1.3002702927,-1.0819593317,2.6558257812,-3.1158205858,-2.8454991386,0.8775545351,0.0035200103,-1.0220558090,-0.6065221754,1.0000000000,0.0780350413,0.0000000000,0.0000000000,0.0000000000
0.0200000000,-0.6500000000,1.3000000000,-0.1264012244,0.0000000000,2.4928549851,3.0195791020,2.8550432291,1.3664913403,-0.9194943328,-1.3002702927,-1.0819593317,2.6532887332,-3.1149683771,-2.8466208730,0.8779869184,0.0042112601,-1.0207604371,-0.6065221754,1.0000000000,0.0115090954,0.0000000000,0.0000000000,0.0000000000
0.0200000000,-0.6500000000,1.3000000000,-0.1264012244,0.0000000000,2.4928549851,3.0195791020,2.8550432291,1.3664913403,-0.9194943328,-1.3002702927,-1.0819593317,2.6506336221,-3.1141855455,-2.8476637226,0.8785463772,0.0048846917,-1.0192761065,-0.6065221754,1.0000000000,0.0000000000,0.0000000000,0.0000000000,0.0000000000
0.0200000000,-0.6500000000,1.3000000000,-0.1264012244,0.0000000000,2.4928549851,3.0195791020,2.8550432291,1.3664913403,-0.9194943328,-1.3002702927,-1.0819593317,2.6471110151,-3.1132301738,-2.8489295041,0.8793529181,0.0057268845,-1.0172252747,-0.6065221754,1.0000000000,0.0000000000,0.0000000000,0.0000000000,0.0000000000
0.0200000000,-0.6500000000,1.3000000000,-0.1264012244,0.0000000000,2.4928549851,3.0195791020,2.8550432291,1.3664913403,-0.9194943328,-1.3002702927,-1.0819593317,2.6429967094,-3.1121791336,-2.8503208372,0.8803498312,0.0066741235,-1.0147618023,-0.6065221754,1.0000000000,0.0000000000,0.0000000000,0.0000000000,0.0000000000
0.0200000000,-0.6500000000,1.3000000000,-0.1264012244,0.0000000000,2.4928549851,3.0195791020,2.8550432291,1.3664913403,-0.9194943328,-1.3002702927,-1.0819593317,2.6392003223,-3.1112475631,-2.8515449584,0.8813009747,0.0075219740,-1.0124490044,-0.6065221754,1.0000000000,0.0000000000,0.0000000000,0.0000000000,0.0000000000
0.0200000000,-0.6500000000,1.3000000000,-0.1264012244,0.0000000000,2.4928549851,3.0195791020,2.8550432291,1.3664913403,-0.9194943328,-1.3002702927,-1.0819593317,2.6360033819,-3.1105082358,-2.8525014250,0.8821378164,0.0082027310,-1.0104552556,-0.6065221754,1.0000000000,0.0000000000,0.0000000000,0.0000000000,0.0000000000
0.0200000000,-0.6500000000,1.3000000000,-0.1264012244,0.0000000000,2.4928549851,3.0195791020,2.8550432291,1.3664913403,-0.9194943328,-1.3002702927,-1.0819593317,2.6331900374,-3.1099029070,-2.8532707792,0.8829108670,0.0087698180,-1.0086540322,-0.6065221754,1.0000000000,0.0000000000,0.0000000000,0.0000000000,0.0000000000
0.0200000000,-0.6500000000,1.3000000000,-0.1264012244,0.0000000000,2.4928549851,3.0195791020,2.8550432291,1.3664913403,-0.9194943328,-1.3002702927,-1.0819593317,2.6305867750,-3.1093694302,-2.8539398740,0.8836480861,0.0092756693,-1.0069596813,-0.6065221754,1.0000000000,0.0000000000,0.0000000000,0.0000000000,0.0000000000
0.0200000000,-0.6500000000,1.3000000000,-0.1264012244,0.0000000000,2.4928549851,3.0195791020,2.8550432291,1.3664913403,-0.9194943328,-1.3002702927,-1.0819593317,2.6280444920,-3.1088511002,-2.8545883943,0.8843703903,0.0097674697,-1.0053023413,-0.6065221754,1.0000000000,0.0000000000,0.0000000000,0.0000000000,0.0000000000
0.0200000000,-0.6500000000,1.3000000000,-0.1264012244,0.0000000000,2.4928549851,3.0195791020,2.8550432291,1.3664913403,-0.9194943328,-1.3002702927,-1.0819593317,2.6256630948,-3.1083761951,-2.8551779199,0.8850549454,0.0102199803,-1.0037397154,-0.6065221754,1.0000000000,0.0000000000,0.0000000000,0.0000000000,0.0000000000
0.0200000000,-0.6500000000,1.3000000000,-0.1264012244,0.0000000000,2.4928549851,3.0195791020,2.8550432291,1.3664913403,-0.9194943328,-1.3002702927,-1.0819593317,2.6234477250,-3.1079521151,-2.8556973340,0.8857059199,0.0106280023,-1.0022681409,-0.6065221754,1.0000000000,0.0000000000,0.0000000000,0.0000000000,0.0000000000
0.0200000000,-0.6500000000,1.3000000000,-0.1264012244,0.0000000000,2.4928549851,3.0195791020,2.8550432291,1.3664913403,-0.9194943328,-1.3002702927,-1.0819593317,2.6213107694,-3.1075589977,-2.8561727439,0.8863477695,0.0110104315,-1.0008315123,-0.6065221754,1.0000000000,0.0000000000,0.0000000000,0.0000000000,0.0000000000
0.0200000000,-0.6500000000,1.3000000000,-0.1264012244,0.0000000000,2.4928549851,3.0195791020,2.8550432291,1.3664913403,-0.9194943328,-1.3002702927,-1.0819593317,2.6191514207,-3.1071757756,-2.8566313916,0.8870103616,0.0113878334,-0.9993632062,-0.6065221754,1.0000000000,0.0000000000,0.0000000000,0.0000000000,0.0000000000
0.0200000000,-0.6500000000,1.3000000000,-0.1264012244,0.0000000000,2.4928549851,3.0195791020,2.8550432291,1.3664913403,-0.9194943328,-1.3002702927,-1.0819593317,2.6168810222,-3.1067806609,-2.8571023182,0.8877166109,0.0117803906,-0.9978085945,-0.6065221754,1.0000000000,0.0000000000,0.0000000000,0.0000000000,0.0000000000
0.0200000000,-0.6500000000,1.3000000000,-0.1264012244,0.0000000000,2.4928549851,3.0195791020,2.8550432291,1.3664913403,-0.9194943328,-1.3002702927,-1.0819593317,2.6145015822,-3.1063740353,-2.8575848860,0.8884643582,0.0121873334,-0.9961705191,-0.6065221754,1.0000000000,0.0000000000,0.0000000000,0.0000000000,0.0000000000
0.0200000000,-0.6500000000,1.3000000000,-0.1264012244,0.0000000000,2.4928549851,3.0195791020,2.8550432291,1.3664913403,-0.9194943328,-1.3002702927,-1.0819593317,2.6120730372,-3.1059694917,-2.8580611913,0.8892365232,0.0125956425,-0.9944876980,-0.6065221754,1.0000000000,0.0000000000,0.0000000000,0.0000000000,0.0000000000
0.0200000000,-0.6500000000,1.3000000000,-0.1264012244,0.0000000000,2.4928549851,3.0195791020,2.8550432291,1.3664913403,-0.9194943328,-1.3002702927,-1.0819593317,2.6096035492,-3.1055688458,-2.8585291062,0.8900332600,0.0130042021,-0.9927630238,-0.6065221754,1.0000000000,0.0000000000,0.0000000000,0.0000000000,0.0000000000
0.0200000000,-0.6500000000,1.3000000000,-0.1264012244,0.0000000000,2.4928549851,3.0195791020,2.8550432291,1.3664913403,-0.9194943328,-1.3002702927,-1.0819593317,2.6070898924,-3.1051730938,-2.8589872395,0.8908606086,0.0134134448,-0.9909890923,-0.6065221754,1.0000000000,0.0000000000,0.0000000000,0.0000000000,0.0000000000
0.0200000000,-0.6500000000,1.3000000000,-0.1264012244,0.0000000000,2.4928549851,3.0195791020,2.8550432291,1.3664913403,-0.9194943328,-1.3002702927,-1.0819593317,2.6045430390,-3.1047825866,-2.8594359429,0.8917158505,0.0138230366,-0.9891730899,-0.6065221754,1.0000000000,0.0000000000,0.0000000000,0.0000000000,0.0000000000
0.0200000000,-0.6500000000,1.3000000000,-0.1264012244,0.0000000000,2.4928549851,3.0195791020,2.8550432291,1.3664913403,-0.9194943328,-1.3002702927,-1.0819593317,2.6020822732,-3.1044116396,-2.8598601860,0.8925497341,0.0142152316,-0.9874099026,-0.6065221754,1.0000000000,0.0000000000,0.0000000000,0.0000000000,0.0000000000
0.0200000000,-0.6500000000,1.3000000000,-0.1264012244,0.0000000000,2.4928549851,3.0195791020,2.8550432291,1.3664913403,-0.9194943328,-1.3002702927,-1.0819593317,2.5998051663,-3.1040718833,-2.8602475642,0.8933194382,0.0145749544,-0.9857796067,-0.6065221754,1.0000000000,0.0000000000,0.0000000000,0.0000000000,0.0000000000
0.0200000000,-0.6500000000,1.3000000000,-0.1264012244,0.0000000000,2.4928549851,3.0195791020,2.8550432291,1.3664913403,-0.9194943328,-1.3002702927,-1.0819593317,2.5975010057,-3.1037379557,-2.8606248285,0.8941128158,0.0149338294,-0.9841137835,-0.6065221754,1.0000000000,0.0000000000,0.0000000000,0.0000000000,0.0000000000
0.0200000000,-0.6500000000,1.3000000000,-0.1264012244,0.0000000000,2.4928549851,3.0195791020,2.8550432291,1.3664913403,-0.9194943328,-1.3002702927,-1.0819593317,2.5948139335,-3.1033682936,-2.8610353496,0.8950808652,0.0153448024,-0.9821251937,-0.6065221754,1.0000000000,0.0000000000,0.0000000000,0.0000000000,0.0000000000
0.0200000000,-0.6500000000,1.3000000000,-0.1264012244,0.0000000000,2.4928549851,3.0195791020,2.8550432291,1.3664913403,-0.9194943328,-1.3002702927,-1.0819593317,2.5914736127,-3.1029291537,-2.8615153194,0.8963349567,0.0158491978,-0.9795993258,-0.6065221754,1.0000000000,0.0000000000,0.0000000000,0.0000000000,0.0000000000
0.0200000000,-0.6500000000,1.3000000000,-0.1264012244,0.0000000000,2.4928549851,3.0195791020,2.8550432291,1.3664913403,-0.9194943328,-1.3002702927,-1.0819593317,2.5873159538,-3.1023981784,-2.8620897099,0.8979309154,0.0164714250,-0.9764179951,-0.6065221754,1.0000000000,0.0000000000,0.0000000000,0.0000000000,0.0000000000
0.0200000000,-0.6500000000,1.3000000000,-0.1264012244,0.0000000000,2.4928549851,3.0195791020,2.8550432291,1.3664913403,-0.9194943328,-1.3002702927,-1.0819593317,2.5825352340,-3.1017997470,-2.8627322399,0.8997923960,0.0171823598,-0.9727316729,-0.6065221754,1.0000000000,0.0000000000,0.0000000000,0.0000000000,0.0000000000
0.0200000000,-0.6500000000,1.3000000000,-0.1264012244,0.0000000000,2.4928549851,3.0195791020,2.8550432291,1.3664913403,-0.9194943328,-1.3002702927,-1.0819593317,2.5775210198,-3.1011924304,-2.8633749620,0.9018153981,0.0179249378,-0.9687916486,-0.6065221754,1.0000000000,0.0000000000,0.0000000000,0.0000000000,0.0000000000
0.0200000000,-0.6500000000,1.3000000000,-0.1264012244,0.0000000000,2.4928549851,3.0195791020,2.8550432291,1.3664913403,-0.9194943328,-1.3002702927,-1.0819593317,2.5723116772,-3.1005961122,-2.8639894687,0.9040438593,0.0186923873,-0.9645663804,-0.6065221754,1.0000000000,0.0000000000,0.0000000000,0.0000000000,0.0000000000
0.0200000000,-0.6500000000,1.3000000000,-0.1264012244,0.0000000000,2.4928549851,3.0195791020,2.8550432291,1.3664913403,-0.9194943328,-1.3002702927,-1.0819593317,2.5670834294,-3.1000173349,-2.8645756544,0.9063555269,0.0194607523,-0.9602477453,-0.6065221754,1.0000000000,0.0000000000,0.0000000000,0.0000000000,0.0000000000
0.0200000000,-0.6500000000,1.3000000000,-0.1264012244,0.0000000000,2.4928549851,3.0195791020,2.8550432291,1.3664913403,-0.9194943328,-1.3002702927,-1.0819593317,2.5625252040,-3.0995224959,-2.8650705291,0.9084253406,0.0201324436,-0.9564268368,-0.6065221754,1.0000000000,0.0000000000,0.0000000000,0.0000000000,0.0000000000
0.0200000000,-0.6500000000,1.3000000000,-0.1264012244,0.0000000000,2.4928549851,3.0195791020,2.8550432291,1.3664913403,-0.9194943328,-1.3002702927,-1.0819593317,2.5588001396,-3.0991296292,-2.8654559352,0.9101809124,0.0206835269,-0.9532386212,-0.6065221754,1.0000000000,0.0000000000,0.0000000000,0.0000000000,0.0000000000
0.0200000000,-0.6500000000,1.3000000000,-0.1264012244,0.0000000000,2.4928549851,3.0195791020,2.8550432291,1.3664913403,-0.9194943328,-1.3002702927,-1.0819593317,2.5555251506,-3.0987963902,-2.8657745064,0.9117922313,0.0211702042,-0.9503661611,-0.6065221754,1.0000000000,0.0000000000,0.0000000000,0.0000000000,0.0000000000
0.0200000000,-0.6500000000,1.3000000000,-0.1264012244,0.0000000000,2.4928549851,3.0195791020,2.8550432291,1.3664913403,-0.9194943328,-1.3002702927,-1.0819593317,2.5522037798,-3.0984654067,-2.8660846599,0.9134790446,0.0216668518,-0.9473997805,-0.6065221754,1.0000000000,0.0000000000,0.0000000000,0.0000000000,0.0000000000
0.0200000000,-0.6500000000,1.3000000000,-0.1264012244,0.0000000000,2.4928549851,3.0195791020,2.8550432291,1.3664913403,-0.9194943328,-1.3002702927,-1.0819593317,2.5487013329,-3.0981186060,-2.8664067784,0.9152853785,0.0221931579,-0.9442439972,-0.6065221754,1.0000000000,0.0000000000,0.0000000000,0.0000000000,0.0000000000
0.0200000000,-0.6500000000,1.3000000000,-0.1264012244,0.0000000000,2.4928549851,3.0195791020,2.8550432291,1.3664913403,-0.9194943328,-1.3002702927,-1.0819593317,2.5451737778,-3.0977752541,-2.8667202728,0.9171493529,0.0227258860,-0.9410203563,-0.6065221754,1.0000000000,0.0000000000,0.0000000000,0.0000000000,0.0000000000
0.0200000000,-0.6500000000,1.3000000000,-0.1264012244,0.0000000000,2.4928549851,3.0195791020,2.8550432291,1.3664913403,-0.9194943328,-1.3002702927,-1.0819593317,2.5414188517,-3.0974172166,-2.8670395142,0.9191886578,0.0232954603,-0.9375339169,-0.6065221754,1.0000000000,0.0000000000,0.0000000000,0.0000000000,0.0000000000
0.0200000000,-0.6500000000,1.3000000000,-0.1264012244,0.0000000000,2.4928549851,3.0195791020,2.8550432291,1.3664913403,-0.9194943328,-1.3002702927,-1.0819593317,2.5373152358,-3.0970321470,-2.8673754904,0.9214720198,0.0239211745,-0.9336692563,-0.6065221754,1.0000000000,0.0000000000,0.0000000000,0.0000000000,0.0000000000
0.0200000000,-0.6500000000,1.3000000000,-0.1264012244,0.0000000000,2.4928549851,3.0195791020,2.8550432291,1.3664913403,-0.9194943328,-1.3002702927,-1.0819593317,2.5328758559,-3.0966235821,-2.8677233244,0.9239988817,0.0246001371,-0.9294322269,-0.6065221754,1.0000000000,0.0000000000,0.0000000000,0.0000000000,0.0000000000
0.0200000000,-0.6500000000,1.3000000000,-0.1264012244,0.0000000000,2.4928549851,3.0195791020,2.8550432291,1.3664913403,-0.9194943328,-1.3002702927,-1.0819593317,2.5281111963,-3.0961967850,-2.8680750827,0.9267640606,0.0253265365,-0.9248336569,-0.6065221754,1.0000000000,0.0000000000,0.0000000000,0.0000000000,0.0000000000
0.0200000000,-0.6500000000,1.3000000000,-0.1264012244,0.0000000000,2.4928549851,3.0195791020,2.8550432291,1.3664913403,-0.9194943328,-1.3002702927,-1.0819593317,2.5229939788,-3.0957511918,-2.8684302258,0.9297808476,0.0261025116,-0.9198502838,-0.6065221754,1.0000000000,0.0000000000,0.0000000000,0.0000000000,0.0000000000
0.0200000000,-0.6500000000,1.3000000000,-0.1264012244,0.0000000000,2.4928549851,3.0195791020,2.8550432291,1.3664913403,-0.9194943328,-1.3002702927,-1.0819593317,2.5171469125,-3.0952671908,-2.8687980811,0.9332459643,0.0269702865,-0.9141437903,-0.6065221754,1.0000000000,0.0000000000,0.0000000000,0.0000000000,0.0000000000
0.0200000000,-0.6500000000,1.3000000000,-0.1264012244,0.0000000000,2.4928549851,3.0195791020,2.8550432291,1.3664913403,-0.9194943328,-1.3002702927,-1.0819593317,2.5108038513,-3.0947750982,-2.8691530829,0.9369823616,0.0278814367,-0.9079830834,-0.6065221754,1.0000000000,0.0000000000,0.0000000000,0.0000000000,0.0000000000
0.0200000000,-0.6500000000,1.3000000000,-0.1264012244,0.0000000000,2.4928549851,3.0195791020,2.8550432291,1.3664913403,-0.9194943328,-1.3002702927,-1.0819593317,2.5047672381,-3.0943629497,-2.8694241447,0.9404374098,0.0286901589,-0.9022323831,-0.6065221754,1.0000000000,0.0000000000,0.0000000000,0.0000000000,0.0000000000
0.0200000000,-0.6500000000,1.3000000000,-0.1264012244,0.0000000000,2.4928549851,3.0195791020,2.8550432291,1.3664913403,-0.9194943328,-1.3002702927,-1.0819593317,2.4981528505,-3.0940044313,-2.8696257268,0.9439966885,0.0294781209,-0.8961729385,-0.6065221754,1.0000000000,0.0000000000,0.0000000000,0.0000000000,0.0000000000
0.0200000000,-0.6500000000,1.3000000000,-0.1264012244,0.0000000000,2.4928549851,3.0195791020,2.8550432291,1.3664913403,-0.9194943328,-1.3002702927,-1.0819593317,2.4914749444,-3.0937629332,-2.8697151488,0.9472858034,0.0301508783,-0.8903758957,-0.6065221754,1.0000000000,0.0000000000,0.0000000000,0.0000000000,0.0000000000
0.0200000000,-0.6500000000,1.3000000000,-0.1264012244,0.0000000000,2.4928549851,3.0195791020,2.8550432291,1.3664913403,-0.9194943328,-1.3002702927,-1.0819593317,2.4851934972,-3.0936957272,-2.8696573146,0.9499854332,0.0306292960,-0.8853345481,-0.6065221754,1.0000000000,0.0000000000,0.0000000000,0.0000000000,0.0000000000
0.0200000000,-0.6500000000,1.3000000000,-0.1264012244,0.0000000000,2.4928549851,3.0195791020,2.8550432291,1.3664913403,-0.9194943328,-1.3002702927,-1.0819593317,2.4791017077,-3.0938209759,-2.8694409248,0.9521654055,0.0309217624,-0.8808995363,-0.6065221754,1.0000000000,0.0000000000,0.0000000000,0.0000000000,0.0000000000
0.0200000000,-0.6500000000,1.3000000000,-0.1264012244,0.0000000000,2.4928549851,3.0195791020,2.8550432291,1.3664913403,-0.9194943328,-1.3002702927,-1.0819593317,2.4730778072,-3.0941781673,-2.8690362703,0.9538209186,0.0310129352,-0.8770283532,-0.6065221754,1.0000000000,0.0000000000,0.0000000000,0.0000000000,0.0000000000
0.0200000000,-0.6500000000,1.3000000000,-0.1264012244,0.0000000000,2.4928549851,3.0195791020,2.8550432291,1.3664913403,-0.9194943328,-1.3002702927,-1.0819593317,2.4673567916,-3.0946942401,-2.8685329188,0.9550649195,0.0309665673,-0.8737207652,-0.6065221754,1.0000000000,0.0000000000,0.0000000000,0.0000000000,0.0000000000
0.0200000000,-0.6500000000,1.3000000000,-0.1264012244,0.0000000000,2.4928549851,3.0195791020,2.8550432291,1.3664913403,-0.9194943328,-1.3002702927,-1.0819593317,2.4617345919,-3.0953896554,-2.8680838215,0.9562108931,0.0308681262,-0.8708285252,-0.6065221754,1.0000000000,0.0000000000,0.0000000000,0.0000000000,0.0000000000
0.0200000000,-0.6500000000,1.3000000000,-0.1264012244,0.0000000000,2.4928549851,3.0195791020,2.8550432291,1.3664913403,-0.9194943328,-1.3002702927,-1.0819593317,2.4560127881,-3.0962691886,-2.8677874303,0.9574839802,0.0307750637,-0.8682225452,-0.6065221754,1.0000000000,0.0000000000,0.0000000000,0.0000000000,0.0000000000
0.0200000000,-0.6500000000,1.3000000000,-0.1264012244,0.0000000000,2.4928549851,3.0195791020,2.8550432291,1.3664913403,-0.9194943328,-1.3002702927,-1.0819593317,2.4502521948,-3.0971139368,-2.8674648528,0.9586911084,0.0306664403,-0.8656513706,-0.6065221754,1.0000000000,0.0000000000,0.0000000000,0.0000000000,0.0000000000
0.0200000000,-0.6500000000,1.3000000000,-0.1264012244,0.0000000000,2.4928549851,3.0195791020,2.8550432291,1.3664913403,-0.9194943328,-1.3002702927,-1.0819593317,2.4447232462,-3.0977511829,-2.8669380711,0.9594630670,0.0304887808,-0.8631077457,-0.6065221754,1.0000000000,0.0000000000,0.0000000000,0.0000000000,0.0000000000
0.0200000000,-0.6500000000,1.3000000000,-0.1264012244,0.0000000000,2.4928549851,3.0195791020,2.8550432291,1.3664913403,-0.9194943328,-1.3002702927,-1.0819593317,2.4396458408,-3.0983379778,-2.8663534359,0.9597549733,0.0302375498,-0.8610183175,-0.6065221754,1.0000000000,0.0000000000,0.0000000000,0.0000000000,0.0000000000
0.0200000000,-0.6500000000,1.3000000000,-0.1264012244,0.0000000000,2.4928549851,3.0195791020,2.8550432291,1.3664913403,-0.9194943328,-1.3002702927,-1.0819593317,2.4352313992,-3.0989442815,-2.8658106172,0.9595046663,0.0299093356,-0.8597031081,-0.6065221754,1.0000000000,0.0000000000,0.0000000000,0.0000000000,0.0000000000
0.0200000000,-0.6500000000,1.3000000000,-0.1264012244,0.0000000000,2.4928549851,3.0195791020,2.8550432291,1.3664913403,-0.9194943328,-1.3002702927,-1.0819593317,2.4316325023,-3.0995299260,-2.8653541347,0.9586844545,0.0295166910,-0.8592623308,-0.6065221754,1.0000000000,0.0000000000,0.0000000000,0.0000000000,0.0000000000
0.0200000000,-0.6500000000,1.3000000000,-0.1264012244,0.0000000000,2.4928549851,3.0195791020,2.8550432291,1.3664913403,-0.9194943328,-1.3002702927,-1.0819593317,2.4288968028,-3.1000131559,-2.8650284968,0.9574040444,0.0291026497,-0.8596021446,-0.6065221754,1.0000000000,0.0000000000,0.0000000000,0.0000000000,0.0000000000
0.0200000000,-0.6500000000,1.3000000000,-0.1264012244,0.0000000000,2.4928549851,3.0195791020,2.8550432291,1.3664913403,-0.9194943328,-1.3002702927,-1.0819593317,2.4271006900,-3.1002728469,-2.8648924929,0.9559137590,0.0287439015,-0.8604997337,-0.6065221754,1.0000000000,0.0000000000,0.0000000000,0.0000000000,0.0000000000
0.0200000000,-0.6500000000,1.3000000000,-0.1264012244,0.0000000000,2.4928549782,3.0195790996,2.8550432312,1.3664913246,-0.9194943344,-1.3002702927,-1.0819593317,2.4260842263,-3.1002731678,-2.8649340022,0.9545831027,0.0285041687,-0.8615259802,-0.6065221754,1.0000000000,0.0000000000,0.0000000000,0.0000000000,0.0000000000
0.0200000000,-0.6500000000,1.3000000000,-0.1264012244,0.0000000000,2.4928550804,3.0195791350,2.8550432000,1.3664915563,-0.9194943103,-1.3002702927,-1.0819593317,2.4257697204,-3.1000316954,-2.8651312218,0.9536827982,0.0284259289,-0.8623722095,-0.6065221754,1.0000000000,0.0000000000,0.0000000000,0.0000000000,0.0000000000
0.0200000000,-0.6500000000,1.3000000000,-0.1264012244,0.0000000000,2.4928558530,3.0195793832,2.8550429714,1.3664931212,-0.9194941330,-1.3002702927,-1.0819593317,2.4260473673,-3.0996114701,-2.8654358935,0.9534018180,0.0285242100,-0.8627916204,-0.6065221754,1.0000000000,0.0000000000,0.0000000000,0.0000000000,0.0000000000
0.0200000000,-0.6500000000,1.3000000000,-0.1264012244,0.0000000000,2.4928558303,3.0195796278,2.8550428813,1.3664955186,-0.9194940745,-1.3002702927,-1.0819593317,2.4267201234,-3.0990946908,-2.8657701055,0.9538540535,0.0287810032,-0.8625948476,-0.6065221754,1.0000000000,0.0000000000,0.0000000000,0.0000000000,0.0000000000
0.0200000000,-0.6500000000,1.3000000000,-0.1264012244,0.0000000000,2.4928440230,3.0195767239,2.8550460325,1.3664801534,-0.9194965585,-1.3002702927,-1.0819593317,2.4274849428,-3.0985721536,-2.8660476203,0.9551550768,0.0291722637,-0.8615613466,-0.6065221754,1.0000000000,0.0000000000,0.0000000000,0.0000000000,0.0000000000
0.0200000000,-0.6500000000,1.3000000000,-0.1264012244,0.0000000000,2.4928084937,3.0195614123,2.8550580153,1.3663683294,-0.9195056548,-1.3002702927,-1.0819593317,2.4279720629,-3.0981077122,-2.8662283844,0.9571393014,0.0296453441,-0.8597258511,-0.6065221754,1.0000000000,0.0210471993,0.0000000000,0.0000000000,0.0000000000
0.0200000000,-0.6500000000,1.3000000000,-0.1264012244,0.0000000000,2.4927502290,3.0195188092,2.8550843964,1.3660146795,-0.9195249678,-1.3002702927,-1.0819593317,2.4278800990,-3.0977091199,-2.8663056309,0.9596801197,0.0301718517,-0.8571102702,-0.6065221754,1.0000000000,0.0877138659,0.0000000000,0.0000000000,0.0000000000
0.0200000000,-0.6500000000,1.3000000000,-0.1264012244,0.0000000000,2.4927011076,3.0194363644,2.8551248882,1.3652791936,-0.9195532991,-1.3002702927,-1.0819593317,2.4269813278,-3.0973449342,-2.8662984740,0.9626464425,0.0307350058,-0.8537732651,-0.6065221754,1.0000000000,0.1543805326,0.0000000000,0.0000000000,0.0000000000
0.0200000000,-0.6500000000,1.3000000000,-0.1264012244,0.0000000000,2.4927199283,3.0193094647,2.8551724081,1.3641074835,-0.9195843852,-1.3002702927,-1.0819593317,2.4251596097,-3.0969584899,-2.8662461692,0.9658991505,0.0313268405,-0.8498238988,-0.6065221754,1.0000000000,0.2210471993,0.0000000000,0.0000000000,0.0000000000
0.0200000000,-0.6500000000,1.3000000000,-0.1264012244,0.0000000000,2.4928786642,3.0191359245,2.8552188981,1.3625485023,-0.9196117797,-1.3002702927,-1.0819593317,2.4223345378,-3.0964667065,-2.8662050873,0.9692865826,0.0319455733,-0.8454000549,-0.6065221754,1.0000000000,0.2877138659,0.0000000000,0.0000000000,0.0000000000
0.0200000000,-0.6500000000,1.3000000000,-0.1264012244,0.0000000000,2.4931841731,3.0189311069,2.8552596983,1.3608454934,-0.9196332305,-1.3002702927,-1.0819593317,2.4188467729,-3.0958268134,-2.8662293089,0.9725749891,0.0325743943,-0.8408658731,-0.6065221754,1.0000000000,0.3543805326,0.0000000000,0.0000000000,0.0000000000
0.0200000000,-0.6500000000,1.3000000000,-0.1264012244,0.0000000000,2.4936037779,3.0187148927,2.8552921970,1.3592008352,-0.9196480111,-1.3002702927,-1.0819593317,2.4151573323,-3.0950490188,-2.8663481175,0.9754997488,0.0331789129,-0.8366528400,-0.6065221754,1.0000000000,0.4210471993,0.0000000000,0.0000000000,0.0000000000
0.0200000000,-0.6500000000,1.3000000000,-0.1264012244,0.0000000000,2.4940531674,3.0185188509,2.8553137960,1.3578033893,-0.9196554342,-1.3002702927,-1.0819593317,2.4119032967,-3.0942285437,-2.8665526119,0.9777378426,0.0336955712,-0.8333039298,-0.6065221754,1.0000000000,0.4877138659,0.0000000000,0.0000000000,0.0000000000
0.0200000000,-0.6500000000,1.3000000000,-0.1264012244,0.0000000000,2.4944838918,3.0183506218,2.8553262870,1.3566283247,-0.9196568857,-1.3002702927,-1.0819593317,2.4092845463,-3.0934120543,-2.8668240991,0.9792997472,0.0341182343,-0.8308715038,-0.6065221754,1.0000000000,0.5543805326,0.0000000000,0.0000000000,0.0000000000
0.0200000000,-0.6500000000,1.3000000000,-0.1264012244,0.0000000000,2.4948750459,3.0182067070,2.8553329270,1.3555923483,-0.9196544554,-1.3002702927,-1.0819593317,2.4073960333,-3.0926088210,-2.8671625281,0.9801948323,0.0344492000,-0.8293771240,-0.6065221754,1.0000000000,0.6210471993,0.0000000000,0.0000000000,0.0000000000
0.0200000000,-0.6500000000,1.3000000000,-0.1264012244,0.0000000000,2.4952254704,3.0180705503,2.8553411270,1.3545674148,-0.9196532439,-1.3002702927,-1.0819593317,2.4061930499,-3.0918124586,-2.8675669567,0.9805148900,0.0347046762,-0.8287144593,-0.6065221754,1.0000000000,0.6877138659,0.0000000000,0.0000000000,0.0000000000
0.0200000000,-0.6500000000,1.3000000000,-0.1264012244,0.0000000000,2.4954978741,3.0179403343,2.8553583353,1.3535841655,-0.9196595271,-1.3002702927,-1.0819593317,2.4058124822,-3.0910915761,-2.8680030945,0.9802392801,0.0348622873,-0.8289538974,-0.6065221754,1.0000000000,0.7543805326,0.0000000000,0.0000000000,0.0000000000
0.0200000000,-0.6500000000,1.3000000000,-0.1264012244,0.0000000000,2.4956747809,3.0178114875,2.8553906579,1.3526684637,-0.9196784573,-1.3002702927,-1.0819593317,2.4062418292,-3.0904785978,-2.8684413660,0.9794338223,0.0349183538,-0.8300270220,-0.6065221754,1.0000000000,0.8210471993,0.0000000000,0.0000000000,0.0000000000
0.0200000000,-0.6500000000,1.3000000000,-0.1264012244,0.0000000000,2.4957610032,3.0176682339,2.8554462883,1.3517776465,-0.9197163141,-1.3002702927,-1.0819593317,2.4074545552,-3.0899370927,-2.8688899637,0.9781196042,0.0348795064,-0.8319123375,-0.6065221754,1.0000000000,0.8877138659,0.0000000000,0.0000000000,0.0000000000
0.0200000000,-0.6500000000,1.3000000000,-0.1264012244,0.0000000000,2.4957434154,3.0174971682,2.8555348881,1.3508788181,-0.9197805999,-1.3002702927,-1.0819593317,2.4095741842,-3.0894339110,-2.8693690149,0.9762003813,0.0347366774,-0.8347594681,-0.6065221754,1.0000000000,0.9543493053,0.0000000000,0.0000000000,0.0000000000
0.0200000000,-0.6500000000,1.3000000000,-0.1264012244,0.0000000000,2.4956306845,3.0173177172,2.8556453488,1.3500715253,-0.9198631450,-1.3002702927,-1.0819593317,2.4122251014,-3.0889960670,-2.8698316683,0.9739770134,0.0345267213,-0.8381091316,-0.6065221754,1.0000000000,1.0000000000,0.0000000000,0.0000000000,0.0000000000
0.0200000000,-0.6500000000,1.3000000000,-0.1264012244,0.0000000000,2.4954710746,3.0171520750,2.8557604456,1.3495189807,-0.9199513801,-1.3002702927,-1.0819593317,2.4147474889,-3.0887156013,-2.8701754812,0.9720021331,0.0343084374,-0.8411280266,-0.6065221754,1.0000000000,1.0000000000,0.0000000000,0.0000000000,0.0000000000
0.0200000000,-0.6500000000,1.3000000000,-0.1264012244,0.0000000000,2.4953683809,3.0169445007,2.8558962268,1.3490652890,-0.9200569381,-1.3002702927,-1.0819593317,2.4171217285,-3.0885711574,-2.8704131557,0.9702757793,0.0340849223,-0.8438171727,-0.6065221754,1.0000000000,1.0000000000,0.0000000000,0.0000000000,0.0000000000
0.0200000000,-0.6500000000,1.3000000000,-0.1264012244,0.0000000000,2.4953859899,3.0166006149,2.8560961366,1.3484166809,-0.9202122003,-1.3002702927,-1.0819593317,2.4199961923,-3.0884722706,-2.8706283494,0.9682593108,0.0338231702,-0.8469629366,-0.6065221754,1.0000000000,1.0000000000,0.0000000000,0.0000000000,0.0000000000
0.0200000000,-0.6500000000,1.3000000000,-0.1264012244,0.0000000000,2.4955386649,3.0161394099,2.8563455842,1.3475429661,-0.9204049530,-1.3002702927,-1.0819593317,2.4232744401,-3.0883802214,-2.8708126302,0.9659504842,0.0335821838,-0.8504843326,-0.6065221754,1.0000000000,1.0000000000,0.0000000000,0.0000000000,0.0000000000
0.0200000000,-0.6500000000,1.3000000000,-0.1264012244,0.0000000000,2.4958617623,3.0155689575,2.8566342498,1.3464224939,-0.9206263809,-1.3002702927,-1.0819593317,2.4268414411,-3.0882854840,-2.8709429942,0.9634050592,0.0333973577,-0.8542584779,-0.6065221754,1.0000000000,1.0000000000,0.0000000000,0.0000000000,0.0000000000
0.0200000000,-0.6500000000,1.3000000000,-0.1264012244,0.0000000000,2.4965363049,3.0147522487,2.8570161082,1.3447334750,-0.9209161239,-1.3002702927,-1.0819593317,2.4312611873,-3.0881788911,-2.8710282294,0.9602425757,0.0332166885,-0.8588947311,-0.6065221754,1.0000000000,1.0000000000,0.0000000000,0.0000000000,0.0000000000
0.0200000000,-0.6500000000,1.3000000000,-0.1264012244,0.0000000000,2.4977792116,3.0136184195,2.8575010192,1.3422543570,-0.9212787508,-1.3002702927,-1.0819593317,2.4364461719,-3.0880811168,-2.8710620601,0.9565737258,0.0329903266,-0.8643222252,-0.6065221754,1.0000000000,1.0000000000,0.0000000000,0.0000000000,0.0000000000
0.0200000000,-0.6500000000,1.3000000000,-0.1264012244,0.0000000000,2.4996461121,3.0122486330,2.8580338019,1.3390822720,-0.9216694303,-1.3002702927,-1.0819593317,2.4417221422,-3.0880332928,-2.8710678082,0.9529244123,0.0326854184,-0.8698513565,-0.6065221754,1.0000000000,1.0000000000,0.0000000000,0.0000000000,0.0000000000
0.0200000000,-0.6500000000,1.3000000000,-0.1264012244,0.0000000000,2.5021626365,3.0106930185,2.8585833286,1.3352841725,-0.9220620059,-1.3002702927,-1.0819593317,2.4468738157,-3.0880573081,-2.8710666187,0.9494546039,0.0323193470,-0.8752221698,-0.6065221754,1.0000000000,1.0000000000,0.0000000000,0.0000000000,0.0000000000
0.0200000000,-0.6500000000,1.3000000000,-0.1264012244,0.0000000000,2.5051080921,3.0090541181,2.8591227322,1.3311457570,-0.9224381873,-1.3002702927,-1.0819593317,2.4518263368,-3.0881375176,-2.8710666187,0.9461900437,0.0319390430,-0.8803288803,-0.6065221754,1.0000000000,1.0000000000,0.0000000000,0.0000000000,0.0000000000
0.0200000000,-0.6500000000,1.3000000000,-0.1264012244,0.0000000000,2.5083264306,3.0074040042,2.8596339977,1.3268908533,-0.9227858925,-1.3002702927,-1.0819593317,2.4565287653,-3.0882562353,-2.8710666187,0.9431698169,0.0315723873,-0.8850933995,-0.6065221754,1.0000000000,1.0000000000,0.0000000000,0.0000000000,0.0000000000
0.0200000000,-0.6500000000,1.3000000000,-0.1264012244,0.0000000000,2.5122822556,3.0055109769,2.8601889024,1.3219510291,-0.9231534672,-1.3002702927,-1.0819593317,2.4616982765,-3.0884236288,-2.8710666187,0.9399603674,0.0311688272,-0.8902179037,-0.6065221754,1.0000000000,1.0000000000,0.0000000000,0.0000000000,0.0000000000
0.0200000000,-0.6500000000,1.3000000000,-0.1264012244,0.0000000000,2.5164321582,3.0036263398,2.8607173723,1.3170319132,-0.9234956529,-1.3002702927,-1.0819593317,2.4667364562,-3.0886043455,-2.8710666187,0.9369524852,0.0307845622,-0.8950910380,-0.6065221754,1.0000000000,1.0000000000,0.0000000000,0.0000000000,0.0000000000
0.0200000000,-0.6500000000,1.3000000000,-0.1264012244,0.0000000000,2.5203023072,3.0019657996,2.8611593082,1.3127305414,-0.9237740909,-1.3002702927,-1.0819593317,2.4711064713,-3.0887698663,-2.8710666187,0.9344866664,0.0304673334,-0.8991743100,-0.6065221754,1.0000000000,1.0000000000,0.0000000000,0.0000000000,0.0000000000
0.0200000000,-0.6500000000,1.3000000000,-0.1264012244,0.0000000000,2.5237577930,3.0005406865,2.8615239002,1.3091005842,-0.9239996440,-1.3002702927,-1.0819593317,2.4748557364,-3.0889063960,-2.8710666187,0.9324844263,0.0302134956,-0.9025647316,-0.6065221754,1.0000000000,1.0000000000,0.0000000000,0.0000000000,0.0000000000
0.0200000000,-0.6500000000,1.3000000000,-0.1264012244,0.0000000000,2.5270862345,2.9992245148,2.8618450697,1.3058295257,-0.9241946020,-1.3002702927,-1.0819593317,2.4783315047,-3.0890229012,-2.8710666187,0.9307542487,0.0300005882,-0.9055824052,-0.6065221754,1.0000000000,1.0000000000,0.0000000000,0.0000000000,0.0000000000
0.0200000000,-0.6500000000,1.3000000000,-0.1264012244,0.0000000000,2.5304201967,2.9979588823,2.8621379764,1.3027909606,-0.9243696189,-1.3002702927,-1.0819593317,2.4817084745,-3.0891200102,-2.8710666187,0.9292102367,0.0298207616,-0.9083778504,-0.6065221754,1.0000000000,1.0000000000,0.0000000000,0.0000000000,0.0000000000
0.0200000000,-0.6500000000,1.3000000000,-0.1264012244,0.0000000000,2.5337576850,2.9967581157,2.8623938206,1.3000704486,-0.9245196821,-1.3002702927,-1.0819593317,2.4849727045,-3.0891886103,-2.8710666187,0.9279078513,0.0296862316,-0.9108901743,-0.6065221754,1.0000000000,1.0000000000,0.0000000000,0.0000000000,0.0000000000
0.0200000000,-0.6500000000,1.3000000000,-0.1264012244,0.0000000000,2.5366753486,2.9957892168,2.8625698276,1.2981112451,-0.9246203699,-1.3002702927,-1.0819593317,2.4876944303,-3.0892121763,-2.8710666187,0.9270830725,0.0296283678,-0.9127223849,-0.6065221754,1.0000000000,1.0000000000,0.0000000000,0.0000000000,0.0000000000
0.0200000000,-0.6500000000,1.3000000000,-0.1264012244,0.0000000000,2.5389041314,2.9951385827,2.8626501035,1.2970973338,-0.9246636246,-1.3002702927,-1.0819593317,2.4896278573,-3.0891908571,-2.8710666187,0.9268184634,0.0296531701,-0.9136991786,-0.6065221754,1.0000000000,1.0000000000,0.0000000000,0.0000000000,0.0000000000
0.0200000000,-0.6500000000,1.3000000000,-0.1264012244,0.0000000000,2.5403316207,2.9948260038,2.8626374832,1.2970347263,-0.9246525012,-1.3002702927,-1.0819593317,2.4906767352,-3.0891375777,-2.8710666187,0.9271146398,0.0297528298,-0.9137816765,-0.6065221754,1.0000000000,1.0000000000,0.0000000000,0.0000000000,0.0000000000
0.0200000000,-0.6500000000,1.3000000000,-0.1264012244,0.0000000000,2.5409572585,2.9948410447,2.8625386427,1.2978890884,-0.9245915770,-1.3002702927,-1.0819593317,2.4908290161,-3.0890636736,-2.8710666187,0.9279703559,0.0299220571,-0.9129644929,-0.6065221754,1.0000000000,1.0000000000,0.0000000000,0.0000000000,0.0000000000
0.0200000000,-0.6500000000,1.3000000000,-0.1264012244,0.0000000000,2.5407702106,2.9951606419,2.8623705373,1.2995615650,-0.9244918002,-1.3002702927,-1.0819593317,2.4900670300,-3.0889900086,-2.8710666187,0.9293478940,0.0301455238,-0.9112768198,-0.6065221754,1.0000000000,1.0000000000,0.0000000000,0.0000000000,0.0000000000
0.0200000000,-0.6500000000,1.3000000000,-0.1264012244,0.0000000000,2.5398680430,2.9957111014,2.8621661133,1.3017959936,-0.9243734262,-1.3002702927,-1.0819593317,2.4885080145,-3.0889393865,-2.8710666187,0.9311021281,0.0303940283,-0.9089082966,-0.6065221754,1.0000000000,1.0000000000,0.0000000000,0.0000000000,0.0000000000
0.0200000000,-0.6500000000,1.3000000000,-0.1264012244,0.0000000000,2.5384861811,2.9963891476,2.8619560963,1.3043172611,-0.9242548614,-1.3002702927,-1.0819593317,2.4863956612,-3.0889238000,-2.8710667530,0.9330856859,0.0306475844,-0.9060977323,-0.6065221754,1.0000000000,1.0000000000,0.0000000000,0.0000000000,0.0000000000
0.0200000000,-0.6500000000,1.3000000000,-0.1264012244,0.0000000000,2.5366850486,2.9971737145,2.8617465437,1.3071580857,-0.9241410207,-1.3002702927,-1.0819593317,2.4837237307,-3.0889533600,-2.8710664366,0.9353848810,0.0309239970,-0.9027474318,-0.6065221754,1.0000000000,1.0000000000,0.0000000000,0.0000000000,0.0000000000
0.0200000000,-0.6500000000,1.3000000000,-0.1264012244,0.0000000000,2.5346059613,2.9979963477,2.8615595100,1.3101366960,-0.9240457766,-1.3002702927,-1.0819593317,2.4806642344,-3.0890390155,-2.8710624794,0.9378889201,0.0312208362,-0.8990235509,-0.6065221754,1.0000000000,1.0000000000,0.0000000000,0.0000000000,0.0000000000
0.0200000000,-0.6500000000,1.3000000000,-0.1264012244,0.0000000000,2.5328576370,2.9986271395,2.8614432845,1.3124864501,-0.9239941059,-1.3002702927,-1.0819593317,2.4780799714,-3.0891605280,-2.8710495781,0.9399628254,0.0314733218,-0.8958962039,-0.6065221754,1.0000000000,1.0000000000,0.0000000000,0.0000000000,0.0000000000
0.0200000000,-0.6500000000,1.3000000000,-0.1264012244,0.0000000000,2.5314815141,2.9990716672,2.8613871721,1.3142589742,-0.9239791737,-1.3002702927,-1.0819593317,2.4760343639,-3.0893176458,-2.8710197504,0.9416267885,0.0316722404,-0.8933773992,-0.6065221754,1.0000000000,1.0000000000,0.0000000000,0.0000000000,0.0000000000
0.0200000000,-0.6500000000,1.3000000000,-0.1264012244,0.0000000000,2.5303811239,2.9993870648,2.8613697724,1.3156484794,-0.9239879401,-1.3002702927,-1.0819593317,2.4744163347,-3.0895090833,-2.8709703652,0.9429950610,0.0318200781,-0.8913175416,-0.6065221754,1.0000000000,1.0000000000,0.0000000000,0.0000000000,0.0000000000
0.0200000000,-0.6500000000,1.3000000000,-0.1264012244,0.0000000000,2.5295544935,2.9995875921,2.8613819895,1.3167016807,-0.9240143289,-1.3002702927,-1.0819593317,2.4733159779,-3.0897492269,-2.8708888843,0.9440123642,0.0318914541,-0.8898135483,-0.6065221754,1.0000000000,1.0000000000,0.0000000000,0.0000000000,0.0000000000
0.0200000000,-0.6500000000,1.3000000000,-0.1264012244,0.0000000000,2.5289192329,2.9996949291,2.8614243652,1.3175587948,-0.9240611004,-1.3002702927,-1.0819593317,2.4728188159,-3.0901185299,-2.8707297333,0.9446457039,0.0318473443,-0.8889230719,-0.6065221754,1.0000000000,1.0000000000,0.0000000000,0.0000000000,0.0000000000
0.0200000000,-0.6500000000,1.3000000000,-0.1264012244,0.0000000000,2.5284871659,2.9997200262,2.8614879161,1.3182493125,-0.9241217783,-1.3002702927,-1.0819593317,2.4730520583,-3.0906227294,-2.8704823106,0.9447758853,0.0316655211,-0.8888172583,-0.6065221754,1.0000000000,1.0000000000,0.0000000000,0.0000000000,0.0000000000
0.0200000000,-0.6500000000,1.3000000000,-0.1264012244,0.0000000000,2.5283042562,2.9996628708,2.8615665438,1.3188450683,-0.9241927353,-1.3002702927,-1.0819593317,2.4741761265,-3.0912539387,-2.8701507124,0.9442506558,0.0313248227,-0.8897154888,-0.6065221754,1.0000000000,1.0000000000,0.0000000000,0.0000000000,0.0000000000
0.0200000000,-0.6500000000,1.3000000000,-0.1264012244,0.0000000000,2.5281934042,2.9995969246,2.8616467212,1.3198465366,-0.9242712078,-1.3002702927,-1.0819593317,2.4756769102,-3.0919162197,-2.8698274469,0.9434150453,0.0309201435,-0.8910765278,-0.6065221754,1.0000000000,1.0000000000,0.0000000000,0.0000000000,0.0000000000
0.0200000000,-0.6500000000,1.3000000000,-0.1264012244,0.0000000000,2.5280300301,2.9996262056,2.8616744138,1.3211020521,-0.9243123881,-1.3002702927,-1.0819593317,2.4767108163,-3.0923299123,-2.8696552823,0.9427340620,0.0306382790,-0.8921300627,-0.6065221754,1.0000000000,1.0000000000,0.0000000000,0.0000000000,0.0000000000
0.0200000000,-0.6500000000,1.3000000000,-0.1264012244,0.0000000000,2.5277816178,2.9997352057,2.8616609810,1.3223492428,-0.9243210390,-1.3002702927,-1.0819593317,2.4776861764,-3.0926961912,-2.8694864518,0.9419692319,0.0303582301,-0.8932536856,-0.6065221754,1.0000000000,1.0000000000,0.0000000000,0.0000000000,0.0000000000
0.0200000000,-0.6500000000,1.3000000000,-0.1264012244,0.0000000000,2.5274873964,2.9998773804,2.8616309785,1.3235248321,-0.9243154609,-1.3002702927,-1.0819593317,2.4788862315,-3.0931341460,-2.8692527449,0.9409937569,0.0300123399,-0.8946722551,-0.6065221754,1.0000000000,1.0000000000,0.0000000000,0.0000000000,0.0000000000
0.0200000000,-0.6500000000,1.3000000000,-0.1264012244,0.0000000000,2.5270712139,3.0000844181,2.8615793105,1.3248739485,-0.9242952513,-1.3002702927,-1.0819593317,2.4805625979,-3.0937539967,-2.8688947430,0.9395528899,0.0295108570,-0.8967331043,-0.6065221754,1.0000000000,1.0000000000,0.0000000000,0.0000000000,0.0000000000
0.0200000000,-0.6500000000,1.3000000000,-0.1264012244,0.0000000000,2.5264712327,3.0003828705,2.8615016544,1.3266162329,-0.9242602499,-1.3002702927,-1.0819593317,2.4828078006,-3.0946112216,-2.8683888319,0.9375055920,0.0288054250,-0.8996116514,-0.6065221754,1.0000000000,1.0000000000,0.0000000000,0.0000000000,0.0000000000
0.0200000000,-0.6500000000,1.3000000000,-0.1264012244,0.0000000000,2.5257554647,3.0007388834,2.8614061613,1.3285003170,-0.9242129192,-1.3002702927,-1.0819593317,2.4850056314,-3.0955271486,-2.8678459918,0.9352380548,0.0280327674,-0.9026937759,-0.6065221754,1.0000000000,1.0000000000,0.0000000000,0.0000000000,0.0000000000
0.0200000000,-0.6500000000,1.3000000000,-0.1264012244,0.0000000000,2.5250210186,3.0011049218,2.8613055860,1.3302790628,-0.9241595806,-1.3002702927,-1.0819593317,2.4866740550,-3.0963709044,-2.8673488386,0.9330962654,0.0273053691,-0.9054522062,-0.6065221754,1.0000000000,1.0000000000,0.0000000000,0.0000000000,0.0000000000
0.0200000000,-0.6500000000,1.3000000000,-0.1264012244,0.0000000000,2.5243924848,3.0014219817,2.8612158554,1.3317070641,-0.9241093255,-1.3002702927,-1.0819593317,2.4876265393,-3.0971068413,-2.8669191970,0.9313050374,0.0266798619,-0.9075860424,-0.6065221754,1.0000000000,1.0000000000,0.0000000000,0.0000000000,0.0000000000
0.0200000000,-0.6500000000,1.3000000000,-0.1264012244,0.0000000000,2.5239828033,3.0016346092,2.8611528939,1.3325887098,-0.9240721285,-1.3002702927,-1.0819593317,2.4878369534,-3.0977093275,-2.8665752406,0.9300970318,0.0262139500,-0.9088461447,-0.6065221754,1.0000000000,1.0000000000,0.0000000000,0.0000000000,0.0000000000
0.0200000000,-0.6500000000,1.3000000000,-0.1264012244,0.0000000000,2.5237776202,3.0017461775,2.8611178330,1.3330123904,-0.9240503924,-1.3002702927,-1.0819593317,2.4874814213,-3.0981647259,-2.8663348504,0.9295773032,0.0259383856,-0.9091922201,-0.6065221754,1.0000000000,1.0000000000,0.0000000000,0.0000000000,0.0000000000
0.0200000000,-0.6500000000,1.3000000000,-0.1264012244,0.0000000000,2.5237043680,3.0017893915,2.8611030408,1.3331586011,-0.9240407556,-1.3002702927,-1.0819593317,2.4867726298,-3.0984707782,-2.8662201055,0.9298076526,0.0258725898,-0.9086413634,-0.6065221754,1.0000000000,1.0000000000,0.0000000000,0.0000000000,0.0000000000
0.0200000000,-0.6500000000,1.3000000000,-0.1264012244,0.0000000000,2.5236926669,3.0017980753,2.8610994892,1.3331805222,-0.9240382601,-1.3002702927,-1.0819593317,2.4860603199,-3.0986249371,-2.8662633497,0.9307767663,0.0260240718,-0.9073387113,-0.6065221754,1.0000000000,1.0000000000,0.0000000000,0.0000000000,0.0000000000
0.0200000000,-0.6500000000,1.3000000000,-0.1264012244,0.0000000000,2.5236938773,3.0017978208,2.8610994217,1.3331776662,-0.9240381695,-1.3002702927,-1.0819593317,2.4856802494,-3.0986499595,-2.8664685468,0.9323413927,0.0263609178,-0.9055578099,-0.6065221754,1.0000000000,1.0000000000,0.0000000000,0.0000000000,0.0000000000
0.0200000000,-0.6500000000,1.3000000000,-0.1264012244,0.0000000000,2.5236947719,3.0017972103,2.8610996577,1.3331759146,-0.9240383323,-1.3002702927,-1.0819593317,2.4858384939,-3.0985384004,-2.8668182439,0.9344006173,0.0268617769,-0.9034820791,-0.6065221754,1.0000000000,1.0000000000,0.0000000000,0.0000000000,0.0000000000
0.0200000000,-0.6500000000,1.3000000000,-0.1264012244,0.0000000000,2.5236949377,3.0017971007,2.8610996993,1.3331755869,-0.9240383605,-1.3002702927,-1.0819593317,2.4864074259,-3.0982885147,-2.8672696803,0.9368278733,0.0274912420,-0.9011942769,-0.6065221754,1.0000000000,1.0000000000,0.0000000000,0.0000000000,0.0000000000
0.0200000000,-0.6500000000,1.3000000000,-0.1264012244,0.0000000000,2.5236949237,3.0017971099,2.8610996958,1.3331756145,-0.9240383580,-1.3002702927,-1.0819593317,2.4871748852,-3.0978970089,-2.8678100037,0.9395681865,0.0282330117,-0.8986708147,-0.6065221754,1.0000000000,1.0000000000,0.0000000000,0.0000000000,0.0000000000
0.0200000000,-0.6500000000,1.3000000000,-0.1264012244,0.0000000000,2.5236949237,3.0017971099,2.8610996958,1.3331756145,-0.9240383580,-1.3002702927,-1.0819593317,2.4879444960,-3.0973665443,-2.8684279527,0.9425314739,0.0290626351,-0.8959303591,-0.6065221754,1.0000000000,1.0000000000,0.0000000000,0.0000000000,0.0000000000
0.0200000000,-0.6500000000,1.3000000000,-0.1264012244,0.0000000000,2.5236949237,3.0017971099,2.8610996958,1.3331756145,-0.9240383580,-1.3002702927,-1.0819593317,2.4886089796,-3.0967188788,-2.8691001869,0.9455165473,0.0299281516,-0.8931395317,-0.6065221754,1.0000000000,1.0000000000,0.0000000000,0.0000000000,0.0000000000
0.0200000000,-0.6500000000,1.3000000000,-0.1264012244,0.0000000000,2.5236949237,3.0017971099,2.8610996958,1.3331756145,-0.9240383580,-1.3002702927,-1.0819593317,2.4892034219,-3.0960121487,-2.8697707336,0.9480945059,0.0307231206,-0.8907532244,-0.6065221754,1.0000000000,1.0000000000,0.0000000000,0.0000000000,0.0000000000
0.0200000000,-0.6500000000,1.3000000000,-0.1264012244,0.0000000000,2.5236949237,3.0017971099,2.8610996958,1.3331756145,-0.9240383580,-1.3002702927,-1.0819593317,2.4898167157,-3.0953877745,-2.8702989127,0.9497499957,0.0312972157,-0.8893281079,-0.6065221754,1.0000000000,1.0000000000,0.0000000000,0.0000000000,0.0000000000
0.0200000000,-0.6500000000,1.3000000000,-0.1264012244,0.0000000000,2.5236949237,3.0017971099,2.8610996958,1.3331756145,-0.9240383580,-1.3002702927,-1.0819593317,2.4905604072,-3.0948428342,-2.8706614861,0.9505823926,0.0316744135,-0.8888031282,-0.6065221754,1.0000000000,1.0000000000,0.0000000000,0.0000000000,0.0000000000
0.0200000000,-0.6500000000,1.3000000000,-0.1264012244,0.0000000000,2.5236949237,3.0017971099,2.8610996958,1.3331756145,-0.9240383580,-1.3002702927,-1.0819593317,2.4915393777,-3.0943327564,-2.8708916596,0.9507433621,0.0319039518,-0.8890643303,-0.6065221754,1.0000000000,1.0000000000,0.0000000000,0.0000000000,0.0000000000
0.0200000000,-0.6500000000,1.3000000000,-0.1264012244,0.0000000000,2.5236949237,3.0017971099,2.8610996958,1.3331756145,-0.9240383580,-1.3002702927,-1.0819593317,2.4928172847,-3.0938634228,-2.8710121765,0.9502548875,0.0319907520,-0.8901128394,-0.6065221754,1.0000000000,1.0000000000,0.0000000000,0.0000000000,0.0000000000
0.0200000000,-0.6500000000,1.3000000000,-0.1264012244,0.0000000000,2.5236949237,3.0017971099,2.8610996958,1.3331756145,-0.9240383580,-1.3002702927,-1.0819593317,2.4945369640,-3.0934778863,-2.8710565609,0.9489810880,0.0319039765,-0.8921316475,-0.6065221754,1.0000000000,1.0000000000,0.0000000000,0.0000000000,0.0000000000
0.0200000000,-0.6500000000,1.3000000000,-0.1264012244,0.0000000000,2.5236949237,3.0017971099,2.8610996958,1.3331756145,-0.9240383580,-1.3002702927,-1.0819593317,2.4967254613,-3.0932059209,-2.8710663504,0.9469511585,0.0316482108,-0.8950885736,-0.6065221754,1.0000000000,1.0000000000,0.0000000000,0.0000000000,0.0000000000
0.0200000000,-0.6500000000,1.3000000000,-0.1264012244,0.0000000000,2.5236949237,3.0017971099,2.8610996958,1.3331756145,-0.9240383580,-1.3002702927,-1.0819593317,2.4992938088,-3.0930942503,-2.8710668671,0.9442831242,0.0312393793,-0.8988088135,-0.6065221754,1.0000000000,1.0000000000,0.0000000000,0.0000000000,0.0000000000
0.0200000000,-0.6500000000,1.3000000000,-0.1264012244,0.0000000000,2.5236949237,3.0017971099,2.8610996958,1.3331756145,-0.9240383580,-1.3002702927,-1.0819593317,2.5018364508,-3.0931068107,-2.8710623070,0.9415018940,0.0307727669,-0.9026131839,-0.6065221754,1.0000000000,1.0000000000,0.0000000000,0.0000000000,0.0000000000
0.0200000000,-0.6500000000,1.3000000000,-0.1264012244,0.0000000000,2.5236949237,3.0017971099,2.8610996958,1.3331756145,-0.9240383580,-1.3002702927,-1.0819593317,2.5040643372,-3.0932181654,-2.8710539767,0.9389744339,0.0303146594,-0.9060251968,-0.6065221754,1.0000000000,1.0000000000,0.0000000000,0.0000000000,0.0000000000
0.0200000000,-0.6500000000,1.3000000000,-0.1264012244,0.0000000000,2.5236949237,3.0017971099,2.8610996958,1.3331756145,-0.9240383580,-1.3002702927,-1.0819593317,2.5061616944,-3.0933912570,-2.8710347275,0.9365507547,0.0298455949,-0.9092817914,-0.6065221754,1.0000000000,1.0000000000,0.0000000000,0.0000000000,0.0000000000
0.0200000000,-0.6500000000,1.3000000000,-0.1264012244,0.0000000000,2.5236949237,3.0017971099,2.8610996958,1.3331756145,-0.9240383580,-1.3002702927,-1.0819593317,2.5082504642,-3.0935956659,-2.8710019535,0.9341367973,0.0293555258,-0.9125356006,-0.6065221754,1.0000000000,1.0000000000,0.0000000000,0.0000000000,0.0000000000
0.0200000000,-0.6500000000,1.3000000000,-0.1264012244,0.0000000000,2.5236949237,3.0017971099,2.8610996958,1.3331756145,-0.9240383580,-1.3002702927,-1.0819593317,2.5102786553,-3.0938352166,-2.8709571297,0.9317796565,0.0288546770,-0.9157133694,-0.6065221754,1.0000000000,1.0000000000,0.0000000000,0.0000000000,0.0000000000
0.0200000000,-0.6500000000,1.3000000000,-0.1264012244,0.0000000000,2.5236949237,3.0017971099,2.8610996958,1.3331756145,-0.9240383580,-1.3002702927,-1.0819593317,2.5122091732,-3.0940849106,-2.8709003538,0.9295410322,0.0283656984,-0.9187359477,-0.6065221754,1.0000000000,1.0000000000,0.0000000000,0.0000000000,0.0000000000
0.0200000000,-0.6500000000,1.3000000000,-0.1264012244,0.0000000000,2.5236949237,3.0017971099,2.8610996958,1.3331756145,-0.9240383580,-1.3002702927,-1.0819593317,2.5139174798,-3.0943186683,-2.8708415558,0.9275608825,0.0279233828,-0.9214143599,-0.6065221754,1.0000000000,1.0000000000,0.0000000000,0.0000000000,0.0000000000
0.0200000000,-0.6500000000,1.3000000000,-0.1264012244,0.0000000000,2.5236949237,3.0017971099,2.8610996958,1.3331756145,-0.9240383580,-1.3002702927,-1.0819593317,2.5155246411,-3.0945657222,-2.8707688716,0.9257037383,0.0274918788,-0.9239319865,-0.6065221754,1.0000000000,1.0000000000,0.0000000000,0.0000000000,0.0000000000
0.0200000000,-0.6500000000,1.3000000000,-0.1264012244,0.0000000000,2.5236949237,3.0017971099,2.8610996958,1.3331756145,-0.9240383580,-1.3002702927,-1.0819593317,2.5173498217,-3.0948820234,-2.8706572595,0.9236196235,0.0269891653,-0.9267629851,-0.6065221754,1.0000000000,1.0000000000,0.0000000000,0.0000000000,0.0000000000
0.0200000000,-0.6500000000,1.3000000000,-0.1264012244,0.0000000000,2.5236949237,3.0017971099,2.8610996958,1.3331756145,-0.9240383580,-1.3002702927,-1.0819593317,2.5196393575,-3.0953114936,-2.8704876953,0.9210340568,0.0263498462,-0.9302793011,-0.6065221754,1.0000000000,1.0000000000,0.0000000000,0.0000000000,0.0000000000
0.0200000000,-0.6500000000,1.3000000000,-0.1264012244,0.0000000000,2.5236949237,3.0017971099,2.8610996958,1.3331756145,-0.9240383580,-1.3002702927,-1.0819593317,2.5223203562,-3.0958408908,-2.8702662431,0.9180269483,0.0255929695,-0.9343725512,-0.6065221754,1.0000000000,1.0000000000,0.0000000000,0.0000000000,0.0000000000
0.0200000000,-0.6500000000,1.3000000000,-0.1264012244,0.0000000000,2.5236949237,3.0017971099,2.8610996958,1.3331756145,-0.9240383580,-1.3002702927,-1.0819593317,2.5249589218,-3.0963915721,-2.8700226113,0.9151029009,0.0248418653,-0.9383596594,-0.6065221754,1.0000000000,1.0000000000,0.0000000000,0.0000000000,0.0000000000
0.0200000000,-0.6500000000,1.3000000000,-0.1264012244,0.0000000000,2.5236949237,3.0017971099,2.8610996958,1.3331756145,-0.9240383580,-1.3002702927,-1.0819593317,2.5271049451,-3.0968685186,-2.8697990110,0.9127538716,0.0242244990,-0.9415667542,-0.6065221754,1.0000000000,1.0000000000,0.0000000000,0.0000000000,0.0000000000
0.0200000000,-0.6500000000,1.3000000000,-0.1264012244,0.0000000000,2.5236949237,3.0017971099,2.8610996958,1.3331756145,-0.9240383580,-1.3002702927,-1.0819593317,2.5290967267,-3.0973486081,-2.8695587391,0.9106231311,0.0236449709,-0.9444855598,-0.6065221754,1.0000000000,1.0000000000,0.0000000000,0.0000000000,0.0000000000
0.0200000000,-0.6500000000,1.3000000000,-0.1264012244,0.0000000000,2.5236949237,3.0017971099,2.8610996958,1.3331756145,-0.9240383580,-1.3002702927,-1.0819593317,2.5314675240,-3.0979717432,-2.8692270252,0.9081882692,0.0229520857,-0.9478457068,-0.6065221754,1.0000000000,1.0000000000,0.0000000000,0.0000000000,0.0000000000
0.0200000000,-0.6500000000,1.3000000000,-0.1264012244,0.0000000000,2.5236949237,3.0017971099,2.8610996958,1.3331756145,-0.9240383580,-1.3002702927,-1.0819593317,2.5343637125,-3.0987652461,-2.8687934153,0.9052698071,0.0221022592,-0.9518868397,-0.6065221754,1.0000000000,1.0000000000,0.0000000000,0.0000000000,0.0000000000
0.0200000000,-0.6500000000,1.3000000000,-0.1264012244,0.0000000000,2.5236949237,3.0017971099,2.8610996958,1.3331756145,-0.9240383580,-1.3002702927,-1.0819593317,2.5378230990,-3.0997755137,-2.8682194906,0.9019472500,0.0210912129,-0.9565333987,-0.6065221754,1.0000000000,1.0000000000,0.0000000000,0.0000000000,0.0000000000
0.0200000000,-0.6500000000,1.3000000000,-0.1264012244,0.0000000000,2.5236949237,3.0017971099,2.8610996958,1.3331756145,-0.9240383580,-1.3002702927,-1.0819593317,2.5422319068,-3.1011807771,-2.8673823287,0.8980574196,0.0198173847,-0.9620770994,-0.6065221754,1.0000000000,1.0000000000,0.0000000000,0.0000000000,0.0000000000
0.0200000000,-0.6500000000,1.3000000000,-0.1264012244,0.0000000000,2.5236949237,3.0017971099,2.8610996958,1.3331756145,-0.9240383580,-1.3002702927,-1.0819593317,2.5469371938,-3.1027733146,-2.8663995560,0.8943133586,0.0184945058,-0.9675550040,-0.6065221754,1.0000000000,1.0000000000,0.0000000000,0.0000000000,0.0000000000
0.0200000000,-0.6500000000,1.3000000000,-0.1264012244,0.0000000000,2.5236948863,3.0017971185,2.8610996971,1.3331756914,-0.9240383602,-1.3002702927,-1.0819593317,2.5515788256,-3.1044203997,-2.8653455477,0.8911169258,0.0172481110,-0.9724309966,-0.6065221754,1.0000000000,1.0000000000,0.0000000000,0.0000000000,0.0000000000
0.0200000000,-0.6500000000,1.3000000000,-0.1264012244,0.0000000000,2.5236949415,3.0017971058,2.8610996951,1.3331755779,-0.9240383570,-1.3002702927,-1.0819593317,2.5561146816,-3.1060537542,-2.8642608224,0.8885135041,0.0161113812,-0.9766547631,-0.6065221754,1.0000000000,1.0000000000,0.0000000000,0.0000000000,0.0000000000
0.0200000000,-0.6500000000,1.3000000000,-0.1264012244,0.0000000000,2.5236956319,3.0017969476,2.8610996708,1.3331741578,-0.9240383176,-1.3002702927,-1.0819593317,2.5607724463,-3.1077081145,-2.8631186706,0.8863974127,0.0150489047,-0.9804217967,-0.6065221754,1.0000000000,1.0000000000,0.0000000000,0.0000000000,0.0000000000
0.0200000000,-0.6500000000,1.3000000000,-0.1264012244,0.0000000000,2.5236978439,3.0017964349,2.8610995942,1.3331695459,-0.9240381916,-1.3002702927,-1.0819593317,2.5649315636,-3.1091256714,-2.8621166215,0.8849547529,0.0142049777,-0.9833337780,-0.6065221754,1.0000000000,1.0000000000,0.0000000000,0.0000000000,0.0000000000
0.0200000000,-0.6500000000,1.3000000000,-0.1264012244,0.0000000000,2.5237001232,3.0017959330,2.8610995008,1.3331651433,-0.9240380552,-1.3002702927,-1.0819593317,2.5689209407,-3.1104097043,-2.8612007205,0.8839733253,0.0135038711,-0.9857217640,-0.6065221754,1.0000000000,1.0000000000,0.0000000000,0.0000000000,0.0000000000
0.0200000000,-0.6500000000,1.3000000000,-0.1264012244,0.0000000000,2.5236978357,3.0017965767,2.8610995204,1.3331712731,-0.9240381574,-1.3002702927,-1.0819593317,2.5730685142,-3.1116790160,-2.8603024931,0.8832121006,0.0128564827,-0.9879443630,-0.6065221754,1.0000000000,1.0000000000,0.0000000000,0.0000000000,0.0000000000
0.0200000000,-0.6500000000,1.3000000000,-0.1264012244,0.0000000000,2.5236817902,3.0018004986,2.8610999729,1.3332071093,-0.9240390227,-1.3002702927,-1.0819593317,2.5767768573,-3.1127590874,-2.8595462149,0.8827210106,0.0123409401,-0.9897421838,-0.6065221754,1.0000000000,1.0000000000,0.0000000000,0.0000000000,0.0000000000
0.0200000000,-0.6500000000,1.3000000000,-0.1264012244,0.0000000000,2.5236252461,3.0018134092,2.8611020541,1.3333249168,-0.9240423379,-1.3002702927,-1.0819593317,2.5804453955,-3.1137871743,-2.8588325028,0.8823273178,0.0118677389,-0.9914307814,-0.6065221754,1.0000000000,1.0000000000,0.0000000000,0.0000000000,0.0000000000
0.0200000000,-0.6500000000,1.3000000000,-0.1264012244,0.0000000000,2.5234975676,3.0018414213,2.8611073374,1.3335792541,-0.9240501176,-1.3002702927,-1.0819593317,2.5840034445,-3.1147663063,-2.8581536300,0.8819231579,0.0114111424,-0.9930949465,-0.6065221754,1.0000000000,1.0000000000,0.0000000000,0.0000000000,0.0000000000
0.0200000000,-0.6500000000,1.3000000000,-0.1264012244,0.0000000000,2.5232829917,3.0018874429,2.8611167195,1.3339934867,-0.9240633971,-1.3002702927,-1.0819593317,2.5871847703,-3.1156462485,-2.8575388986,0.8814345038,0.0109726920,-0.9947157429,-0.6065221754,1.0000000000,1.0000000000,0.0000000000,0.0000000000,0.0000000000
0.0200000000,-0.6500000000,1.3000000000,-0.1264012244,0.0000000000,2.5229739092,3.0019536817,2.8611300179,1.3345727908,-0.9240820922,-1.3002702927,-1.0819593317,2.5902417644,-3.1165172134,-2.8569225823,0.8807595714,0.0104955849,-0.9964842712,-0.6065221754,1.0000000000,1.0000000000,0.0000000000,0.0000000000,0.0000000000
0.0200000000,-0.6500000000,1.3000000000,-0.1264012244,0.0000000000,2.5225731943,3.0020409470,2.8611459809,1.3352996700,-0.9241049485,-1.3002702927,-1.0819593317,2.5932883654,-3.1174316244,-2.8562670409,0.8798076146,0.0099403385,-0.9985312766,-0.6065221754,1.0000000000,1.0000000000,0.0000000000,0.0000000000,0.0000000000
0.0200000000,-0.6500000000,1.3000000000,-0.1264012244,0.0000000000,2.5220852238,3.0021496554,2.8611633622,1.3361554245,-0.9241306995,-1.3002702927,-1.0819593317,2.5964001526,-3.1184250861,-2.8555484275,0.8785138186,0.0092802488,-1.0009478766,-0.6065221754,1.0000000000,1.0000000000,0.0000000000,0.0000000000,0.0000000000
0.0200000000,-0.6500000000,1.3000000000,-0.1264012244,0.0000000000,2.5215213119,3.0022818577,2.8611781788,1.3370847260,-0.9241553790,-1.3002702927,-1.0819593317,2.5998219937,-3.1196382267,-2.8546550650,0.8765823508,0.0083929966,-1.0041165215,-0.6065221754,1.0000000000,1.0000000000,0.0000000000,0.0000000000,0.0000000000
0.0200000000,-0.6500000000,1.3000000000,-0.1264012244,0.0000000000,2.5209251658,3.0024284742,2.8611883880,1.3380077210,-0.9241762532,-1.3002702927,-1.0819593317,2.6034967149,-3.1210589563,-2.8535931976,0.8740567229,0.0072910958,-1.0079721925,-0.6065221754,1.0000000000,1.0000000000,0.0000000000,0.0000000000,0.0000000000
0.0200000000,-0.6500000000,1.3000000000,-0.1264012244,0.0000000000,2.5204520243,3.0025522872,2.8611906096,1.3386777726,-0.9241872395,-1.3002702927,-1.0819593317,2.6067812466,-3.1224486805,-2.8525382128,0.8714348718,0.0061744302,-1.0117866817,-0.6065221754,1.0000000000,1.0000000000,0.0000000000,0.0000000000,0.0000000000
0.0200000000,-0.6500000000,1.3000000000,-0.1264012244,0.0000000000,2.5200959959,3.0026534512,2.8611859027,1.3391110408,-0.9241894186,-1.3002702927,-1.0819593317,2.6097785805,-3.1238204450,-2.8514493229,0.8686901119,0.0050129430,-1.0156108703,-0.6065221754,1.0000000000,1.0000000000,0.0000000000,0.0000000000,0.0000000000
0.0200000000,-0.6500000000,1.3000000000,-0.1264012244,0.0000000000,2.5198271106,3.0027370361,2.8611765780,1.3393718737,-0.9241855433,-1.3002702927,-1.0819593317,2.6126792922,-3.1252203258,-2.8502992089,0.8658119724,0.0037880034,-1.0195180182,-0.6065221754,1.0000000000,1.0000000000,0.0000000000,0.0000000000,0.0000000000
0.0200000000,-0.6500000000,1.3000000000,-0.1264012244,0.0000000000,2.5196608042,3.0027992781,2.8611621722,1.3394260888,-0.9241747755,-1.3002702927,-1.0819593317,2.6155689340,-3.1266511395,-2.8489789452,0.8626510900,0.0024045524,-1.0236575413,-0.6065221754,1.0000000000,1.0000000000,0.0000000000,0.0000000000,0.0000000000
0.0200000000,-0.6500000000,1.3000000000,-0.1264012244,0.0000000000,2.5196004115,3.0028378831,2.8611433167,1.3392535563,-0.9241573560,-1.3002702927,-1.0819593317,2.6188277773,-3.1281468565,-2.8471732431,0.8587720546,0.0005857298,-1.0285106362,-0.6065221754,1.0000000000,1.0000000000,0.0000000000,0.0000000000,0.0000000000
0.0200000000,-0.6500000000,1.3000000000,-0.1264012244,0.0000000000,2.5196458518,3.0028519753,2.8611206692,1.3388589442,-0.9241338719,-1.3002702927,-1.0819593317,2.6224380787,-3.1296769612,-2.8448698943,0.8541984326,-0.0016699400,-1.0340451806,-0.6065221754,1.0000000000,1.0000000000,0.0000000000,0.0000000000,0.0000000000
0.0200000000,-0.6500000000,1.3000000000,-0.1264012244,0.0000000000,2.5198248371,3.0028280221,2.8610986305,1.3382308125,-0.9241076637,-1.3002702927,-1.0819593317,2.6261444130,-3.1309422462,-2.8419846436,0.8491739330,-0.0043565826,-1.0399002408,-0.6065221754,1.0000000000,1.0000000000,0.0000000000,0.0000000000,0.0000000000
0.0200000000,-0.6500000000,1.3000000000,-0.1264012244,0.0000000000,2.5201425999,3.0027627015,2.8610785739,1.3373694838,-0.9240798215,-1.3002702927,-1.0819593317,2.6299034191,-3.1318836562,-2.8384736054,0.8437326634,-0.0074886111,-1.0460279823,-0.6065221754,1.0000000000,1.0000000000,0.0000000000,0.0000000000,0.0000000000
0.0200000000,-0.6500000000,1.3000000000,-0.1264012244,0.0000000000,2.5206145751,3.0026450054,2.8610652621,1.3362699921,-0.9240539974,-1.3002702927,-1.0819593317,2.6337348880,-3.1324627770,-2.8340413214,0.8377449456,-0.0112299428,-1.0526376045,-0.6065221754,1.0000000000,1.0000000000,0.0000000000,0.0000000000,0.0000000000
0.0200000000,-0.6500000000,1.3000000000,-0.1264012244,0.0000000000,2.5212102720,3.0024827152,2.8610593046,1.3349941794,-0.9240315138,-1.3002702927,-1.0819593317,2.6375370207,-3.1327391366,-2.8288600730,0.8313899767,-0.0154448442,-1.0595557183,-0.6065221754,1.0000000000,1.0000000000,0.0000000000,0.0000000000,0.0000000000
0.0200000000,-0.6500000000,1.3000000000,-0.1264012244,0.0000000000,2.5218534445,3.0022944693,2.8610629264,1.3337057794,-0.9240163525,-1.3002702927,-1.0819593317,2.6409577150,-3.1328520184,-2.8234260486,0.8252207105,-0.0197373081,-1.0662121920,-0.6065221754,1.0000000000,1.0000000000,0.0000000000,0.0000000000,0.0000000000
0.0200000000,-0.6500000000,1.3000000000,-0.1264012244,0.0000000000,2.5225340215,3.0020848616,2.8610749103,1.3324177553,-0.9240077072,-1.3002702927,-1.0819593317,2.6440250911,-3.1328684550,-2.8177280026,0.8191776397,-0.0241354070,-1.0726371053,-0.6065221754,1.0000000000,1.0000000000,0.0000000000,0.0000000000,0.0000000000
0.0200000000,-0.6500000000,1.3000000000,-0.1264012244,0.0000000000,2.5232476590,3.0018562390,2.8610944692,1.3311320416,-0.9240049526,-1.3002702927,-1.0819593317,2.6468087448,-3.1328689986,-2.8116954341,0.8131211259,-0.0287191407,-1.0789391670,-0.6065221754,1.0000000000,1.0000000000,0.0000000000,0.0000000000,0.0000000000
0.0200000000,-0.6500000000,1.3000000000,-0.1264012244,0.0000000000,2.5239548288,3.0016279692,2.8611159833,1.3299122388,-0.9240045213,-1.3002702927,-1.0819593317,2.6491407258,-3.1328660067,-2.8055552317,0.8073371275,-0.0333094115,-1.0847632357,-0.6065221754,1.0000000000,1.0000000000,0.0000000000,0.0000000000,0.0000000000
0.0200000000,-0.6500000000,1.3000000000,-0.1264012244,0.0000000000,2.5246325902,3.0014123631,2.8611353003,1.3287860191,-0.9240035362,-1.3002702927,-1.0819593317,2.6509837308,-3.1328660067,-2.7994858608,0.8019790143,-0.0377774247,-1.0899517410,-0.6065221754,1.0000000000,1.0000000000,0.0000000000,0.0000000000,0.0000000000
0.0200000000,-0.6500000000,1.3000000000,-0.1264012244,0.0000000000,2.5252546797,3.0012273437,2.8611448893,1.3277760103,-0.9239964205,-1.3002702927,-1.0819593317,2.6523048344,-3.1328660067,-2.7938376132,0.7973241475,-0.0418671066,-1.0942726724,-0.6065221754,1.0000000000,1.0000000000,0.0000000000,0.0000000000,0.0000000000
0.0200000000,-0.6500000000,1.3000000000,-0.1264012244,0.0000000000,2.5258572800,3.0010726236,2.8611379681,1.3268091639,-0.9239767887,-1.3002702927,-1.0819593317,2.6531623501,-3.1328660067,-2.7884864648,0.7932572888,-0.0456684944,-1.0978472506,-0.6065221754,1.0000000000,1.0000000000,0.0000000000,0.0000000000,0.0000000000
0.0200000000,-0.6500000000,1.3000000000,-0.1264012244,0.0000000000,2.5264830540,3.0009458120,2.8611079641,1.3258026595,-0.9239382809,-1.3002702927,-1.0819593317,2.6536276355,-3.1328660067,-2.7832699968,0.7896244187,-0.0493012109,-1.1008353593,-0.6065221754,1.0000000000,1.0000000000,0.0000000000,0.0000000000,0.0000000000
0.0200000000,-0.6500000000,1.3000000000,-0.1264012244,0.0000000000,2.5271338849,3.0008654055,2.8610414025,1.3247305942,-0.9238699579,-1.3002702927,-1.0819593317,2.6536902949,-3.1328660067,-2.7786801980,0.7867320519,-0.0524280448,-1.1030071062,-0.6065221754,1.0000000000,1.0000000000,0.0000000000,0.0000000000,0.0000000000
0.0200000000,-0.6500000000,1.3000000000,-0.1264012244,0.0000000000,2.5278744220,3.0008303024,2.8609264134,1.3234737759,-0.9237607968,-1.3002702927,-1.0819593317,2.6534392427,-3.1328660067,-2.7745997836,0.7844047979,-0.0551508801,-1.1045583904,-0.6065221754,1.0000000000,1.0000000000,0.0000000000,0.0000000000,0.0000000000
0.0200000000,-0.6500000000,1.3000000000,-0.1264012244,0.0000000000,2.5287722151,3.0008403799,2.8607496447,1.3219071810,-0.9235985767,-1.3002702927,-1.0819593317,2.6529903747,-3.1328660067,-2.7709789367,0.7824696283,-0.0575353018,-1.1057052464,-0.6065221754,1.0000000000,1.0000000000,0.0000000000,0.0000000000,0.0000000000
0.0200000000,-0.6500000000,1.3000000000,-0.1264012244,0.0000000000,2.5298655067,3.0009017866,2.8604983504,1.3199539176,-0.9233723960,-1.3002702927,-1.0819593317,2.6524613932,-3.1328660067,-2.7680026272,0.7808757188,-0.0594944478,-1.1065793056,-0.6065221754,1.0000000000,1.0000000000,0.0000000000,0.0000000000,0.0000000000
0.0200000000,-0.6500000000,1.3000000000,-0.1264012244,0.0000000000,2.5312915453,3.0010278640,2.8601352615,1.3173557636,-0.9230495569,-1.3002702927,-1.0819593317,2.6519397735,-3.1328660067,-2.7655240611,0.7793641018,-0.0611677137,-1.1074519870,-0.6065221754,1.0000000000,1.0000000000,0.0000000000,0.0000000000,0.0000000000
0.0200000000,-0.6500000000,1.3000000000,-0.1264012244,0.0000000000,2.5330408719,3.0012509458,2.8596349125,1.3140649576,-0.9226103639,-1.3002702927,-1.0819593317,2.6516160327,-3.1328660067,-2.7637500024,0.7778010119,-0.0624780032,-1.1085710359,-0.6065221754,1.0000000000,1.0000000000,0.0000000000,0.0000000000,0.0000000000
0.0200000000,-0.6500000000,1.3000000000,-0.1264012244,0.0000000000,2.5347969927,3.0016022805,2.8590331811,1.3105369235,-0.9220903181,-1.3002702927,-1.0819593317,2.6515198910,-3.1328660067,-2.7626342338,0.7762496583,-0.0634362666,-1.1098803922,-0.6065221754,1.0000000000,1.0000000000,0.0000000000,0.0000000000,0.0000000000
0.0200000000,-0.6500000000,1.3000000000,-0.1264012244,0.0000000000,2.5360289489,3.0020301517,2.8584732291,1.3077345144,-0.9216148639,-1.3002702927,-1.0819593317,2.6515325503,-3.1328660067,-2.7621100530,0.7751067354,-0.0639841538,-1.1109281522,-0.6065221754,1.0000000000,1.0000000000,0.0000000000,0.0000000000,0.0000000000
0.0200000000,-0.6500000000,1.3000000000,-0.1264012244,0.0000000000,2.5366922252,3.0025035741,2.8579893837,1.3057865137,-0.9212119699,-1.3002702927,-1.0819593317,2.6515368965,-3.1328660067,-2.7619725204,0.7744552179,-0.0642102457,-1.1115499932,-0.6065221754,1.0000000000,1.0000000000,0.0000000000,0.0000000000,0.0000000000
0.0200000000,-0.6500000000,1.3000000000,-0.1264012244,0.0000000000,2.5368979733,3.0030410058,2.8575485402,1.3044785093,-0.9208522319,-1.3002702927,-1.0819593317,2.6514458061,-3.1328660067,-2.7620953609,0.7743025813,-0.0641789991,-1.1116813233,-0.6065221754,1.0000000000,1.0000000000,0.0000000000,0.0000000000,0.0000000000
0.0200000000,-0.6500000000,1.3000000000,-0.1264012244,0.0000000000,2.5366509240,3.0036391702,2.8571537408,1.3038104721,-0.9205376055,-1.3002702927,-1.0819593317,2.6511991638,-3.1328660067,-2.7624885000,0.7747760881,-0.0638546247,-1.1111725792,-0.6065221754,1.0000000000,1.0000000000,0.0000000000,0.0000000000,0.0000000000
0.0200000000,-0.6500000000,1.3000000000,-0.1264012244,0.0000000000,2.5360111265,3.0042515842,2.8568290590,1.3037685753,-0.9202860072,-1.3002702927,-1.0819593317,2.6507554669,-3.1328660067,-2.7631403218,0.7759678462,-0.0632215818,-1.1099130970,-0.6065221754,1.0000000000,1.0000000000,0.0000000000,0.0000000000,0.0000000000
0.0200000000,-0.6500000000,1.3000000000,-0.1264012244,0.0000000000,2.5350663850,3.0048579675,2.8565723439,1.3042437382,-0.9200939357,-1.3002702927,-1.0819593317,2.6500870140,-3.1328660067,-2.7640558453,0.7779397064,-0.0622634703,-1.1078298925,-0.6065221754,1.0000000000,1.0000000000,0.0000000000,0.0000000000,0.0000000000
0.0200000000,-0.6500000000,1.3000000000,-0.1264012244,0.0000000000,2.5339748014,3.0054180644,2.8563811905,1.3050460268,-0.9199568124,-1.3002702927,-1.0819593317,2.6492613618,-3.1328660067,-2.7651332870,0.7804544718,-0.0610914492,-1.1051689285,-0.6065221754,1.0000000000,1.0000000000,0.0000000000,0.0000000000,0.0000000000
0.0200000000,-0.6500000000,1.3000000000,-0.1264012244,0.0000000000,2.5330473906,3.0058419822,2.8562579360,1.3058207426,-0.9198716767,-1.3002702927,-1.0819593317,2.6484881792,-3.1328660067,-2.7661044770,0.7828309928,-0.0600106239,-1.1026483502,-0.6065221754,1.0000000000,1.0000000000,0.0000000000,0.0000000000,0.0000000000
0.0200000000,-0.6500000000,1.3000000000,-0.1264012244,0.0000000000,2.5322809473,3.0061354451,2.8561989543,1.3065627818,-0.9198356589,-1.3002702927,-1.0819593317,2.6477587770,-3.1328660067,-2.7669784759,0.7850909311,-0.0590112276,-1.1002443272,-0.6065221754,1.0000000000,1.0000000000,0.0000000000,0.0000000000,0.0000000000
0.0200000000,-0.6500000000,1.3000000000,-0.1264012244,0.0000000000,2.5315674946,3.0063907841,2.8561575147,1.3072848101,-0.9198128764,-1.3002702927,-1.0819593317,2.6470043732,-3.1328660067,-2.7678548108,0.7874177931,-0.0579965378,-1.0977623397,-0.6065221754,1.0000000000,1.0000000000,0.0000000000,0.0000000000,0.0000000000
0.0200000000,-0.6500000000,1.3000000000,-0.1264012244,0.0000000000,2.5308763181,3.0066371025,2.8561181986,1.3079853164,-0.9197914088,-1.3002702927,-1.0819593317,2.6462115694,-3.1328660067,-2.7687579698,0.7898469591,-0.0569447989,-1.0951659036,-0.6065221754,1.0000000000,1.0000000000,0.0000000000,0.0000000000,0.0000000000
0.0200000000,-0.6500000000,1.3000000000,-0.1264012244,0.0000000000,2.5302281926,3.0068543716,2.8560916942,1.3086659657,-0.9197795272,-1.3002702927,-1.0819593317,2.6453923429,-3.1328660067,-2.7696691143,0.7923472672,-0.0558735424,-1.0924878125,-0.6065221754,1.0000000000,1.0000000000,0.0000000000,0.0000000000,0.0000000000
0.0200000000,-0.6500000000,1.3000000000,-0.1264012244,0.0000000000,2.5296145023,3.0070512498,2.8560732871,1.3093254119,-0.9197735892,-1.3002702927,-1.0819593317,2.6445240368,-3.1328660067,-2.7706079670,0.7949732034,-0.0547601175,-1.0896670804,-0.6065221754,1.0000000000,1.0000000000,0.0000000000,0.0000000000,0.0000000000
0.0200000000,-0.6500000000,1.3000000000,-0.1264012244,0.0000000000,2.5290246997,3.0072385209,2.8560570716,1.3099615374,-0.9197690193,-1.3002702927,-1.0819593317,2.6435726770,-3.1328660067,-2.7716046311,0.7978098781,-0.0535693789,-1.0866090489,-0.6065221754,1.0000000000,1.0000000000,0.0000000000,0.0000000000,0.0000000000
0.0200000000,-0.6500000000,1.3000000000,-0.1264012244,0.0000000000,2.5284536072,3.0074150831,2.8560449770,1.3105847579,-0.9197674287,-1.3002702927,-1.0819593317,2.6425421619,-3.1328660067,-2.7726603342,0.8008575940,-0.0523000385,-1.0833157578,-0.6065221754,1.0000000000,1.0000000000,0.0000000000,0.0000000000,0.0000000000
0.0200000000,-0.6500000000,1.3000000000,-0.1264012244,0.0000000000,2.5279119234,3.0075778457,2.8560370688,1.3111832788,-0.9197687294,-1.3002702927,-1.0819593317,2.6414498143,-3.1328660067,-2.7737543385,0.8040587227,-0.0509768141,-1.0798481978,-0.6065221754,1.0000000000,1.0000000000,0.0000000000,0.0000000000,0.0000000000
0.0200000000,-0.6500000000,1.3000000000,-0.1264012244,0.0000000000,2.5274125960,3.0077259165,2.8560312765,1.3117377357,-0.9197710979,-1.3002702927,-1.0819593317,2.6403082087,-3.1328660067,-2.7748669288,0.8073598764,-0.0496233358,-1.0762609151,-0.6065221754,1.0000000000,1.0000000000,0.0000000000,0.0000000000,0.0000000000
0.0200000000,-0.6500000000,1.3000000000,-0.1264012244,0.0000000000,2.5269672094,3.0078575569,2.8560264528,1.3122323556,-0.9197734612,-1.3002702927,-1.0819593317,2.6391496374,-3.1328660067,-2.7759673716,0.8106665681,-0.0482777336,-1.0726566070,-0.6065221754,1.0000000000,1.0000000000,0.0000000000,0.0000000000,0.0000000000
0.0200000000,-0.6500000000,1.3000000000,-0.1264012244,0.0000000000,2.5265793697,3.0079700652,2.8560238677,1.3126657803,-0.9197767731,-1.3002702927,-1.0819593317,2.6379956084,-3.1328660067,-2.7770417685,0.8139316619,-0.0469575197,-1.0690896352,-0.6065221754,1.0000000000,1.0000000000,0.0000000000,0.0000000000,0.0000000000
0.0200000000,-0.6500000000,1.3000000000,-0.1264012244,0.0000000000,2.5262328252,3.0080690926,2.8560227164,1.3130548423,-0.9197806274,-1.3002702927,-1.0819593317,2.6367522054,-3.1328660067,-2.7781617226,0.8173907864,-0.0455722298,-1.0652957966,-0.6065221754,1.0000000000,1.0000000000,0.0000000000,0.0000000000,0.0000000000
0.0200000000,-0.6500000000,1.3000000000,-0.1264012244,0.0000000000,2.5259135665,3.0081600299,2.8560219170,1.3134131886,-0.9197843658,-1.3002702927,-1.0819593317,2.6353209010,-3.1328660067,-2.7794004486,0.8212875285,-0.0440289978,-1.0610010320,-0.6065221754,1.0000000000,1.0000000000,0.0000000000,0.0000000000,0.0000000000
0.0200000000,-0.6500000000,1.3000000000,-0.1264012244,0.0000000000,2.5256120499,3.0082459960,2.8560211500,1.3137508740,-0.9197878656,-1.3002702927,-1.0819593317,2.6336660764,-3.1328660067,-2.7807925487,0.8257255410,-0.0422854922,-1.0560927032,-0.6065221754,1.0000000000,1.0000000000,0.0000000000,0.0000000000,0.0000000000
0.0200000000,-0.6500000000,1.3000000000,-0.1264012244,0.0000000000,2.5253340812,3.0083249149,2.8560207440,1.3140620335,-0.9197913065,-1.3002702927,-1.0819593317,2.6318215057,-3.1328660067,-2.7823104752,0.8306165224,-0.0403762116,-1.0506689454,-0.6065221754,1.0000000000,1.0000000000,0.0000000000,0.0000000000,0.0000000000
0.0200000000,-0.6500000000,1.3000000000,-0.1264012244,0.0000000000,2.5251035399,3.0083904024,2.8560204386,1.3143194113,-0.9197941636,-1.3002702927,-1.0819593317,2.6297506061,-3.1328660067,-2.7839427981,0.8359793245,-0.0383076442,-1.0446899547,-0.6065221754,1.0000000000,1.0000000000,0.0000000000,0.0000000000,0.0000000000
0.0200000000,-0.6500000000,1.3000000000,-0.1264012244,0.0000000000,2.5249319063,3.0084396328,2.8560199305,1.3145095123,-0.9197960437,-1.3002702927,-1.0819593317,2.6273897717,-3.1328660067,-2.7857147589,0.8419320091,-0.0360427919,-1.0380125048,-0.6065221754,1.0000000000,1.0000000000,0.0000000000,0.0000000000,0.0000000000
0.0200000000,-0.6500000000,1.3000000000,-0.1264012244,0.0000000000,2.5248082858,3.0084754290,2.8560193883,1.3146451114,-0.9197972324,-1.3002702927,-1.0819593317,2.6248482418,-3.1328660067,-2.7875617486,0.8482302475,-0.0336682945,-1.0309188356,-0.6065221754,1.0000000000,1.0000000000,0.0000000000,0.0000000000,0.0000000000
0.0200000000,-0.6500000000,1.3000000000,-0.1264012244,0.0000000000,2.5247235613,3.0085000884,2.8560189502,1.3147376198,-0.9197979871,-1.3002702927,-1.0819593317,2.6224858706,-3.1328660067,-2.7892256329,0.8539827972,-0.0315182277,-1.0244137594,-0.6065221754,1.0000000000,1.0000000000,0.0000000000,0.0000000000,0.0000000000
0.0200000000,-0.6500000000,1.3000000000,-0.1264012244,0.0000000000,2.5246820822,3.0085123501,2.8560186335,1.3147823064,-0.9197982663,-1.3002702927,-1.0819593317,2.6203559713,-3.1328660067,-2.7906624916,0.8590480900,-0.0296478626,-1.0186542412,-0.6065221754,1.0000000000,1.0000000000,0.0000000000,0.0000000000,0.0000000000
0.0200000000,-0.6500000000,1.3000000000,-0.1264012244,0.0000000000,2.5246689035,3.0085164695,2.8560184175,1.3147957657,-0.9197982511,-1.3002702927,-1.0819593317,2.6183791819,-3.1328660067,-2.7919447534,0.8636475272,-0.0279680375,-1.0133977444,-0.6065221754,1.0000000000,1.0000000000,0.0000000000,0.0000000000,0.0000000000
0.0200000000,-0.6500000000,1.3000000000,-0.1264012244,0.0000000000,2.5246585694,3.0085196483,2.8560182874,1.3148064963,-0.9197982725,-1.3002702927,-1.0819593317,2.6165008274,-3.1328660067,-2.7931387813,0.8679634231,-0.0264000505,-1.0084515174,-0.6065221754,1.0000000000,1.0000000000,0.0000000000,0.0000000000,0.0000000000
0.0200000000,-0.6500000000,1.3000000000,-0.1264012244,0.0000000000,2.5246546797,3.0085208564,2.8560182533,1.3148105067,-0.9197982904,-1.3002702927,-1.0819593317,2.6147340427,-3.1328660067,-2.7942319069,0.8719596018,-0.0249589689,-1.0038550495,-0.6065221754,1.0000000000,1.0000000000,0.0000000000,0.0000000000,0.0000000000
0.0200000000,-0.6500000000,1.3000000000,-0.1264012244,0.0000000000,2.5246569327,3.0085202381,2.8560182758,1.3148079380,-0.9197982751,-1.3002702927,-1.0819593317,2.6130455023,-3.1328660067,-2.7952486997,0.8757148507,-0.0236143249,-0.9995192418,-0.6065221754,1.0000000000,1.0000000000,0.0000000000,0.0000000000,0.0000000000
0.0200000000,-0.6500000000,1.3000000000,-0.1264012244,0.0000000000,2.5246592686,3.0085195834,2.8560183007,1.3148053226,-0.9197982616,-1.3002702927,-1.0819593317,2.6113766075,-3.1328660067,-2.7962370598,0.8793778124,-0.0223072524,-0.9952784835,-0.6065221754,1.0000000000,1.0000000000,0.0000000000,0.0000000000,0.0000000000
0.0200000000,-0.6500000000,1.3000000000,-0.1264012244,0.0000000000,2.5246623914,3.0085186810,2.8560183358,1.3148019166,-0.9197982472,-1.3002702927,-1.0819593317,2.6097070833,-3.1328660067,-2.7972034577,0.8829836755,-0.0210275811,-0.9910891623,-0.6065221754,1.0000000000,1.0000000000,0.0000000000,0.0000000000,0.0000000000
0.0200000000,-0.6500000000,1.3000000000,-0.1264012244,0.0000000000,2.5246660535,3.0085176101,2.8560183755,1.3147979576,-0.9197982304,-1.3002702927,-1.0819593317,2.6081063288,-3.1328660067,-2.7981141566,0.8863889573,-0.0198228637,-0.9871207055,-0.6065221754,1.0000000000,1.0000000000,0.0000000000,0.0000000000,0.0000000000
0.0200000000,-0.6500000000,1.3000000000,-0.1264012244,0.0000000000,2.5246685283,3.0085168860,2.8560184005,1.3147952772,-0.9197982177,-1.3002702927,-1.0819593317,2.6066424712,-3.1328660067,-2.7989382524,0.8894599846,-0.0187367720,-0.9835327379,-0.6065221754,1.0000000000,1.0000000000,0.0000000000,0.0000000000,0.0000000000
0.0200000000,-0.6500000000,1.3000000000,-0.1264012244,0.0000000000,2.5246698770,3.0085164903,2.8560184115,1.3147938109,-0.9197982088,-1.3002702927,-1.0819593317,2.6053170836,-3.1328660067,-2.7996739421,0.8921941952,-0.0177709104,-0.9803281065,-0.6065221754,1.0000000000,1.0000000000,0.0000000000,0.0000000000,0.0000000000
0.0200000000,-0.6500000000,1.3000000000,-0.1264012244,0.0000000000,2.5246706374,3.0085162656,2.8560184161,1.3147929838,-0.9197982027,-1.3002702927,-1.0819593317,2.6040620705,-3.1328660067,-2.8003652514,0.8947208023,-0.0168740044,-0.9773554249,-0.6065221754,1.0000000000,1.0000000000,0.0000000000,0.0000000000,0.0000000000
0.0200000000,-0.6500000000,1.3000000000,-0.1264012244,0.0000000000,2.5246708459,3.0085162029,2.8560184162,1.3147927568,-0.9197982003,-1.3002702927,-1.0819593317,2.6027875916,-3.1328660067,-2.8010677470,0.8972060978,-0.0159811773,-0.9744183713,-0.6065221754,1.0000000000,1.0000000000,0.0000000000,0.0000000000,0.0000000000
0.0200000000,-0.6500000000,1.3000000000,-0.1264012244,0.0000000000,2.5246707483,3.0085162300,2.8560184140,1.3147928625,-0.9197981999,-1.3002702927,-1.0819593317,2.6016596022,-3.1328660067,-2.8016920328,0.8993233835,-0.0152077168,-0.9719033390,-0.6065221754,1.0000000000,1.0000000000,0.0000000000,0.0000000000,0.0000000000
0.0200000000,-0.6500000000,1.3000000000,-0.1264012244,0.0000000000,2.5246707350,3.0085162336,2.8560184135,1.3147928770,-0.9197981998,-1.3002702927,-1.0819593317,2.6008767695,-3.1328660067,-2.8021349770,0.9006764132,-0.0146901788,-0.9702792599,-0.6065221754,1.0000000000,1.0000000000,0.0000000000,0.0000000000,0.0000000000
0.0200000000,-0.6500000000,1.3000000000,-0.1264012244,0.0000000000,2.5246707350,3.0085162336,2.8560184135,1.3147928770,-0.9197981998,-1.3002702927,-1.0819593317,2.6003787946,-3.1328660067,-2.8024302124,0.9013816476,-0.0143858174,-0.9694088220,-0.6065221754,1.0000000000,1.0000000000,0.0000000000,0.0000000000,0.0000000000
0.0200000000,-0.6500000000,1.3000000000,-0.1264012244,0.0000000000,2.5246707350,3.0085162336,2.8560184135,1.3147928770,-0.9197981998,-1.3002702927,-1.0819593317,2.6001407960,-3.1328660067,-2.8025924818,0.9014854425,-0.0142765907,-0.9692375027,-0.6065221754,1.0000000000,1.0000000000,0.0000000000,0.0000000000,0.0000000000
0.0200000000,-0.6500000000,1.3000000000,-0.1264012244,0.0000000000,2.5246707350,3.0085162336,2.8560184135,1.3147928770,-0.9197981998,-1.3002702927,-1.0819593317,2.6001759285,-3.1328660067,-2.8026138568,0.9009613244,-0.0143720268,-0.9697964338,-0.6065221754,1.0000000000,0.9366201898,0.0000000000,0.0000000000,0.0000000000
0.0200000000,-0.6500000000,1.3000000000,-0.1264012244,0.0000000000,2.5246707350,3.0085162336,2.8560184135,1.3147928770,-0.9197981998,-1.3002702927,-1.0819593317,2.6004941990,-3.1328660067,-2.8025034679,0.8997245272,-0.0146848699,-0.9711781871,-0.6065221754,1.0000000000,0.8699535231,0.0000000000,0.0000000000,0.0000000000
0.0200000000,-0.6500000000,1.3000000000,-0.1264012244,0.0000000000,2.5246707350,3.0085162336,2.8560184135,1.3147928770,-0.9197981998,-1.3002702927,-1.0819593317,2.6010794654,-3.1328660067,-2.8023059438,0.8977671940,-0.0151935846,-0.9733911875,-0.6065221754,1.0000000000,0.8032868565,0.0000000000,0.0000000000,0.0000000000
0.0200000000,-0.6500000000,1.3000000000,-0.1264012244,0.0000000000,2.5246707350,3.0085162336,2.8560184135,1.3147928770,-0.9197981998,-1.3002702927,-1.0819593317,2.6017709814,-3.1328660067,-2.8021861570,0.8955396673,-0.0157186583,-0.9759345327,-0.6065221754,1.0000000000,0.7366201898,0.0000000000,0.0000000000,0.0000000000
0.0200000000,-0.6500000000,1.3000000000,-0.1264012244,0.0000000000,2.5246707350,3.0085162336,2.8560184135,1.3147928770,-0.9197981998,-1.3002702927,-1.0819593317,2.6023823548,-3.1328660067,-2.8023470950,0.8935305112,-0.0160516527,-0.9782650830,-0.6065221754,1.0000000000,0.6699535231,0.0000000000,0.0000000000,0.0000000000
0.0200000000,-0.6500000000,1.3000000000,-0.1264012244,0.0000000000,2.5246707350,3.0085162336,2.8560184135,1.3147928770,-0.9197981998,-1.3002702927,-1.0819593317,2.6028076797,-3.1328660067,-2.8029861686,0.8919885850,-0.0160362790,-0.9801173238,-0.6065221754,1.0000000000,0.6032868565,0.0000000000,0.0000000000,0.0000000000
0.0200000000,-0.6500000000,1.3000000000,-0.1264012244,0.0000000000,2.5246707350,3.0085162336,2.8560184135,1.3147928770,-0.9197981998,-1.3002702927,-1.0819593317,2.6030522455,-3.1328660067,-2.8041447110,0.8908387022,-0.0156657551,-0.9815775327,-0.6065221754,1.0000000000,0.5366201898,0.0000000000,0.0000000000,0.0000000000
0.0200000000,-0.6500000000,1.3000000000,-0.1264012244,0.0000000000,2.5246707350,3.0085162336,2.8560184135,1.3147928770,-0.9197981998,-1.3002702927,-1.0819593317,2.6031477473,-3.1328660067,-2.8057768033,0.8899091778,-0.0149997165,-0.9828270637,-0.6065221754,1.0000000000,0.4699535231,0.0000000000,0.0000000000,0.0000000000
0.0200000000,-0.6500000000,1.3000000000,-0.1264012244,0.0000000000,2.5246707350,3.0085162336,2.8560184135,1.3147928770,-0.9197981998,-1.3002702927,-1.0819593317,2.6031133835,-3.1328660067,-2.8077968572,0.8890257949,-0.0141194890,-0.9840383351,-0.6065221754,1.0000000000,0.4032868565,0.0000000000,0.0000000000,0.0000000000
0.0200000000,-0.6500000000,1.3000000000,-0.1264012244,0.0000000000,2.5246707350,3.0085162336,2.8560184135,1.3147928770,-0.9197981998,-1.3002702927,-1.0819593317,2.6029438342,-3.1328676216,-2.8100362661,0.8880400419,-0.0131439078,-0.9853346932,-0.6065221754,1.0000000000,0.3366201898,0.0000000000,0.0000000000,0.0000000000
0.0200000000,-0.6500000000,1.3000000000,-0.1264012244,0.0000000000,2.5246707350,3.0085162336,2.8560184135,1.3147928770,-0.9197981998,-1.3002702927,-1.0819593317,2.6025743326,-3.1328368894,-2.8121451630,0.8868373362,-0.0122748454,-0.9867526545,-0.6065221754,1.0000000000,0.2699535231,0.0000000000,0.0000000000,0.0000000000
0.0200000000,-0.6500000000,1.3000000000,-0.1264012244,0.0000000000,2.5246707350,3.0085162336,2.8560184135,1.3147928770,-0.9197981998,-1.3002702927,-1.0819593317,2.6019247086,-3.1326462943,-2.8139725621,0.8854172453,-0.0115867289,-0.9882368036,-0.6065221754,1.0000000000,0.2032868565,0.0000000000,0.0000000000,0.0000000000
0.0200000000,-0.6500000000,1.3000000000,-0.1264012244,0.0000000000,2.5246707350,3.0085162336,2.8560184135,1.3147928770,-0.9197981998,-1.3002702927,-1.0819593317,2.6008960644,-3.1322220778,-2.8157482948,0.8838596584,-0.0109464309,-0.9897029367,-0.6065221754,1.0000000000,0.1366201898,0.0000000000,0.0000000000,0.0000000000
0.0200000000,-0.6500000000,1.3000000000,-0.1264012244,0.0000000000,2.5246707350,3.0085162336,2.8560184135,1.3147928770,-0.9197981998,-1.3002702927,-1.0819593317,2.5993716765,-3.1316075218,-2.8176206427,0.8822910544,-0.0102563739,-0.9910000131,-0.6065221754,1.0000000000,0.0699535231,0.0000000000,0.0000000000,0.0000000000
0.0200000000,-0.6500000000,1.3000000000,-0.1264012244,0.0000000000,2.5246707350,3.0085162336,2.8560184135,1.3147928770,-0.9197981998,-1.3002702927,-1.0819593317,2.5972571608,-3.1307932307,-2.8196426161,0.8808691785,-0.0094591598,-0.9919367251,-0.6065221754,1.0000000000,0.0034534121,0.0000000000,0.0000000000,0.0000000000
0.0200000000,-0.6500000000,1.3000000000,-0.1264012244,0.0000000000,2.5246707350,3.0085162336,2.8560184135,1.3147928770,-0.9197981998,-1.3002702927,-1.0819593317,2.5944619746,-3.1295816577,-2.8219907415,0.8797984692,-0.0084206074,-0.9922913101,-0.6065221754,1.0000000000,0.0000000000,0.0000000000,0.0000000000,0.0000000000
0.0200000000,-0.6500000000,1.3000000000,-0.1264012244,0.0000000000,2.5246707350,3.0085162336,2.8560184135,1.3147928770,-0.9197981998,-1.3002702927,-1.0819593317,2.5910807962,-3.1277571736,-2.8248610874,0.8792186421,-0.0070086043,-0.9919840006,-0.6065221754,1.0000000000,0.0000000000,0.0000000000,0.0000000000,0.0000000000
0.0200000000,-0.6500000000,1.3000000000,-0.1264012244,0.0000000000,2.5246707350,3.0085162336,2.8560184135,1.3147928770,-0.9197981998,-1.3002702927,-1.0819593317,2.5872848527,-3.1252256851,-2.8283299158,0.8792363078,-0.0051617290,-0.9909827570,-0.6065221754,1.0000000000,0.0000000000,0.0000000000,0.0000000000,0.0000000000
0.0200000000,-0.6500000000,1.3000000000,-0.1264012244,0.0000000000,2.5246707350,3.0085162336,2.8560184135,1.3147928770,-0.9197981998,-1.3002702927,-1.0819593317,2.5834027065,-3.1222673055,-2.8321443354,0.8798835550,-0.0030089927,-0.9893481043,-0.6065221754,1.0000000000,0.0000000000,0.0000000000,0.0000000000,0.0000000000
0.0200000000,-0.6500000000,1.3000000000,-0.1264012244,0.0000000000,2.5246707350,3.0085162336,2.8560184135,1.3147928770,-0.9197981998,-1.3002702927,-1.0819593317,2.5793937769,-3.1191110012,-2.8361887182,0.8811461604,-0.0006157831,-0.9870651033,-0.6065221754,1.0000000000,0.0000000000,0.0000000000,0.0000000000,0.0000000000
0.0200000000,-0.6500000000,1.3000000000,-0.1264012244,0.0000000000,2.5246707350,3.0085162336,2.8560184135,1.3147928770,-0.9197981998,-1.3002702927,-1.0819593317,2.5748445731,-3.1157176515,-2.8405388841,0.8831347545,0.0020792448,-0.9838728983,-0.6065221754,1.0000000000,0.0000000000,0.0000000000,0.0000000000,0.0000000000
0.0200000000,-0.6500000000,1.3000000000,-0.1264012244,0.0000000000,2.5246707350,3.0085162336,2.8560184135,1.3147928770,-0.9197981998,-1.3002702927,-1.0819593317,2.5696070078,-3.1121805505,-2.8449665601,0.8858118201,0.0049482733,-0.9797222671,-0.6065221754,1.0000000000,0.0000000000,0.0000000000,0.0000000000,0.0000000000
0.0200000000,-0.6500000000,1.3000000000,-0.1264012244,0.0000000000,2.5246707350,3.0085162336,2.8560184135,1.3147928770,-0.9197981998,-1.3002702927,-1.0819593317,2.5637297751,-3.1086978259,-2.8491487956,0.8890324492,0.0077924285,-0.9747371850,-0.6065221754,1.0000000000,0.0000000000,0.0000000000,0.0000000000,0.0000000000
0.0200000000,-0.6500000000,1.3000000000,-0.1264012244,0.0000000000,2.5246707350,3.0085162336,2.8560184135,1.3147928770,-0.9197981998,-1.3002702927,-1.0819593317,2.5571434241,-3.1053068780,-2.8530608804,0.8927460745,0.0105887048,-0.9689409971,-0.6065221754,1.0000000000,0.0000000000,0.0000000000,0.0000000000,0.0000000000
0.0200000000,-0.6500000000,1.3000000000,-0.1264012244,0.0000000000,2.5246707350,3.0085162336,2.8560184135,1.3147928770,-0.9197981998,-1.3002702927,-1.0819593317,2.5502500036,-3.1022319653,-2.8564802515,0.8966461846,0.0131592117,-0.9627735424,-0.6065221754,1.0000000000,0.0000000000,0.0000000000,0.0000000000,0.0000000000
0.0200000000,-0.6500000000,1.3000000000,-0.1264012244,0.0000000000,2.5246707350,3.0085162336,2.8560184135,1.3147928770,-0.9197981998,-1.3002702927,-1.0819593317,2.5433643278,-3.0995554272,-2.8593506649,0.9005013204,0.0154262938,-0.9565849294,-0.6065221754,1.0000000000,0.0000000000,0.0000000000,0.0000000000,0.0000000000
0.0200000000,-0.6500000000,1.3000000000,-0.1264012244,0.0000000000,2.5246707350,3.0085162336,2.8560184135,1.3147928770,-0.9197981998,-1.3002702927,-1.0819593317,2.5366516381,-3.0972435666,-2.8617477158,0.9041950962,0.0174099530,-0.9505702957,-0.6065221754,1.0000000000,0.0000000000,0.0000000000,0.0000000000,0.0000000000
0.0200000000,-0.6500000000,1.3000000000,-0.1264012244,0.0000000000,2.5246707350,3.0085162336,2.8560184135,1.3147928770,-0.9197981998,-1.3002702927,-1.0819593317,2.5303339139,-3.0952719487,-2.8637498790,0.9076119650,0.0191744554,-0.9449776680,-0.6065221754,1.0000000000,0.0000000000,0.0000000000,0.0000000000,0.0000000000
0.0200000000,-0.6500000000,1.3000000000,-0.1264012244,0.0000000000,2.5246707350,3.0085162336,2.8560184135,1.3147928770,-0.9197981998,-1.3002702927,-1.0819593317,2.5244583131,-3.0936163678,-2.8653914567,0.9107329639,0.0207531055,-0.9398622389,-0.6065221754,1.0000000000,0.0000000000,0.0000000000,0.0000000000,0.0000000000
0.0200000000,-0.6500000000,1.3000000000,-0.1264012244,0.0000000000,2.5246707350,3.0085162336,2.8560184135,1.3147928770,-0.9197981998,-1.3002702927,-1.0819593317,2.5190250625,-3.0922004270,-2.8667514785,0.9135813510,0.0222526389,-0.9352528203,-0.6065221754,1.0000000000,0.0000000000,0.0000000000,0.0000000000,0.0000000000
0.0200000000,-0.6500000000,1.3000000000,-0.1264012244,0.0000000000,2.5246707350,3.0085162336,2.8560184135,1.3147928770,-0.9197981998,-1.3002702927,-1.0819593317,2.5140712124,-3.0910472460,-2.8678025004,0.9161334554,0.0236739203,-0.9311996357,-0.6065221754,1.0000000000,0.0000000000,0.0000000000,0.0000000000,0.0000000000
0.0200000000,-0.6500000000,1.3000000000,-0.1264012244,0.0000000000,2.5246707350,3.0085162336,2.8560184135,1.3147928770,-0.9197981998,-1.3002702927,-1.0819593317,2.5097358407,-3.0900747331,-2.8686431532,0.9183472826,0.0249342585,-0.9277095716,-0.6065221754,1.0000000000,0.0000000000,0.0000000000,0.0000000000,0.0000000000
0.0200000000,-0.6500000000,1.3000000000,-0.1264012244,0.0000000000,2.5246707350,3.0085162336,2.8560184135,1.3147928770,-0.9197981998,-1.3002702927,-1.0819593317,2.5062321093,-3.0892775430,-2.8692916644,0.9201291649,0.0259626455,-0.9249110059,-0.6065221754,1.0000000000,0.0000000000,0.0000000000,0.0000000000,0.0000000000
0.0200000000,-0.6500000000,1.3000000000,-0.1264012244,0.0000000000,2.5246707350,3.0085162336,2.8560184135,1.3147928770,-0.9197981998,-1.3002702927,-1.0819593317,2.5035890595,-3.0886932567,-2.8697083798,0.9214569747,0.0267607670,-0.9228540795,-0.6065221754,1.0000000000,0.0000000000,0.0000000000,0.0000000000,0.0000000000
0.0200000000,-0.6500000000,1.3000000000,-0.1264012244,0.0000000000,2.5246707350,3.0085162336,2.8560184135,1.3147928770,-0.9197981998,-1.3002702927,-1.0819593317,2.5015310165,-3.0882511893,-2.8699570462,0.9224715863,0.0273977748,-0.9213055007,-0.6065221754,1.0000000000,0.0000000000,0.0000000000,0.0000000000,0.0000000000
0.0200000000,-0.6500000000,1.3000000000,-0.1264012244,0.0000000000,2.5246707350,3.0085162336,2.8560184135,1.3147928770,-0.9197981998,-1.3002702927,-1.0819593317,2.4997583430,-3.0878673642,-2.8701108367,0.9233263129,0.0279455575,-0.9200075274,-0.6065221754,1.0000000000,0.0000000000,0.0000000000,0.0000000000,0.0000000000
0.0200000000,-0.6500000000,1.3000000000,-0.1264012244,0.0000000000,2.5246707350,3.0085162336,2.8560184135,1.3147928770,-0.9197981998,-1.3002702927,-1.0819593317,2.4979141877,-3.0874447351,-2.8702603535,0.9242056607,0.0284925777,-0.9186524764,-0.6065221754,1.0000000000,0.0000000000,0.0000000000,0.0000000000,0.0000000000
0.0200000000,-0.6500000000,1.3000000000,-0.1264012244,0.0000000000,2.5246707350,3.0085162336,2.8560184135,1.3147928770,-0.9197981998,-1.3002702927,-1.0819593317,2.4958764756,-3.0869521828,-2.8704410191,0.9251765624,0.0290725567,-0.9171321455,-0.6065221754,1.0000000000,0.0000000000,0.0000000000,0.0000000000,0.0000000000
0.0200000000,-0.6500000000,1.3000000000,-0.1264012244,0.0000000000,2.5246707350,3.0085162336,2.8560184135,1.3147928770,-0.9197981998,-1.3002702927,-1.0819593317,2.4938722099,-3.0864542638,-2.8706015110,0.9261271981,0.0296341363,-0.9156378938,-0.6065221754,1.0000000000,0.0000000000,0.0000000000,0.0000000000,0.0000000000
0.0200000000,-0.6500000000,1.3000000000,-0.1264012244,0.0000000000,2.5246707350,3.0085162336,2.8560184135,1.3147928770,-0.9197981998,-1.3002702927,-1.0819593317,2.4919432205,-3.0859600702,-2.8707253626,0.9270305391,0.0301624308,-0.9142102198,-0.6065221754,1.0000000000,0.0000000000,0.0000000000,0.0000000000,0.0000000000
0.0200000000,-0.6500000000,1.3000000000,-0.1264012244,0.0000000000,2.5246707350,3.0085162336,2.8560184135,1.3147928770,-0.9197981998,-1.3002702927,-1.0819593317,2.4900101713,-3.0854415625,-2.8708191390,0.9279159772,0.0306664910,-0.9127896519,-0.6065221754,1.0000000000,0.0000000000,0.0000000000,0.0000000000,0.0000000000
0.0200000000,-0.6500000000,1.3000000000,-0.1264012244,0.0000000000,2.5246707350,3.0085162336,2.8560184135,1.3147928770,-0.9197981998,-1.3002702927,-1.0819593317,2.4879889007,-3.0848720655,-2.8708938841,0.9288172950,0.0311592320,-0.9113117396,-0.6065221754,1.0000000000,0.0000000000,0.0000000000,0.0000000000,0.0000000000
0.0200000000,-0.6500000000,1.3000000000,-0.1264012244,0.0000000000,2.5246707350,3.0085162336,2.8560184135,1.3147928770,-0.9197981998,-1.3002702927,-1.0819593317,2.4858346022,-3.0842379962,-2.8709580946,0.9297544945,0.0316478981,-0.9097394534,-0.6065221754,1.0000000000,0.0000000000,0.0000000000,0.0000000000,0.0000000000
0.0200000000,-0.6500000000,1.3000000000,-0.1264012244,0.0000000000,2.5246707350,3.0085162336,2.8560184135,1.3147928770,-0.9197981998,-1.3002702927,-1.0819593317,2.4836910053,-3.0835873495,-2.8710081508,0.9306819236,0.0321110680,-0.9081654486,-0.6065221754,1.0000000000,0.0000000000,0.0000000000,0.0000000000,0.0000000000
0.0200000000,-0.6500000000,1.3000000000,-0.1264012244,0.0000000000,2.5246707350,3.0085162336,2.8560184135,1.3147928770,-0.9197981998,-1.3002702927,-1.0819593317,2.4815408802,-3.0829140924,-2.8710398582,0.9316012798,0.0325517166,-0.9065845352,-0.6065221754,1.0000000000,0.0000000000,0.0000000000,0.0000000000,0.0000000000
0.0200000000,-0.6500000000,1.3000000000,-0.1264012244,0.0000000000,2.5246707350,3.0085162336,2.8560184135,1.3147928770,-0.9197981998,-1.3002702927,-1.0819593317,2.4790135183,-3.0820923152,-2.8710573858,0.9326265591,0.0330231971,-0.9047618728,-0.6065221754,1.0000000000,0.0000000000,0.0000000000,0.0000000000,0.0000000000
0.0200000000,-0.6500000000,1.3000000000,-0.1264012244,0.0000000000,2.5246707350,3.0085162336,2.8560184135,1.3147928770,-0.9197981998,-1.3002702927,-1.0819593317,2.4757340442,-3.0809967943,-2.8710667505,0.9338793066,0.0335824025,-0.9024542594,-0.6065221754,1.0000000000,0.0000000000,0.0000000000,0.0000000000,0.0000000000
0.0200000000,-0.6500000000,1.3000000000,-0.1264012244,0.0000000000,2.5246707350,3.0085162336,2.8560184135,1.3147928770,-0.9197981998,-1.3002702927,-1.0819593317,2.4716981753,-3.0796266085,-2.8710680937,0.9353641515,0.0342309493,-0.8996556847,-0.6065221754,1.0000000000,0.0000000000,0.0000000000,0.0000000000,0.0000000000
0.0200000000,-0.6500000000,1.3000000000,-0.1264012244,0.0000000000,2.5246707350,3.0085162336,2.8560184135,1.3147928770,-0.9197981998,-1.3002702927,-1.0819593317,2.4677555536,-3.0782768965,-2.8710667509,0.9367487902,0.0348450339,-0.8969876296,-0.6065221754,1.0000000000,0.0000000000,0.0000000000,0.0000000000,0.0000000000
0.0200000000,-0.6500000000,1.3000000000,-0.1264012244,0.0000000000,2.5246707350,3.0085162336,2.8560184135,1.3147928770,-0.9197981998,-1.3002702927,-1.0819593317,2.4642772098,-3.0770774448,-2.8710666187,0.9378831291,0.0353709235,-0.8947275834,-0.6065221754,1.0000000000,0.0000000000,0.0000000000,0.0000000000,0.0000000000
0.0200000000,-0.6500000000,1.3000000000,-0.1264012244,0.0000000000,2.5246707350,3.0085162336,2.8560184135,1.3147928770,-0.9197981998,-1.3002702927,-1.0819593317,2.4611138759,-3.0759804964,-2.8710666187,0.9388644604,0.0358401025,-0.8927271871,-0.6065221754,1.0000000000,0.0000000000,0.0000000000,0.0000000000,0.0000000000
0.0200000000,-0.6500000000,1.3000000000,-0.1264012244,0.0000000000,2.5246707350,3.0085162336,2.8560184135,1.3147928770,-0.9197981998,-1.3002702927,-1.0819593317,2.4580779800,-3.0749325597,-2.8710666187,0.9397929257,0.0362831292,-0.8908228952,-0.6065221754,1.0000000000,0.0000000000,0.0000000000,0.0000000000,0.0000000000
0.0200000000,-0.6500000000,1.3000000000,-0.1264012244,0.0000000000,2.5246707350,3.0085162336,2.8560184135,1.3147928770,-0.9197981998,-1.3002702927,-1.0819593317,2.4547785339,-3.0738526748,-2.8710666187,0.9409480314,0.0367593802,-0.8885967259,-0.6065221754,1.0000000000,0.0000000000,0.0000000000,0.0000000000,0.0000000000
0.0200000000,-0.6500000000,1.3000000000,-0.1264012244,0.0000000000,2.5246707350,3.0085162336,2.8560184135,1.3147928770,-0.9197981998,-1.3002702927,-1.0819593317,2.4515203830,-3.0729250803,-2.8710666187,0.9425027712,0.0372318926,-0.8859539203,-0.6065221754,1.0000000000,0.0000000000,0.0000000000,0.0000000000,0.0000000000
0.0200000000,-0.6500000000,1.3000000000,-0.1264012244,0.0000000000,2.5246707350,3.0085162336,2.8560184135,1.3147928770,-0.9197981998,-1.3002702927,-1.0819593317,2.4486354673,-3.0722900529,-2.8710666187,0.9445960377,0.0376769986,-0.8828494649,-0.6065221754,1.0000000000,0.0000000000,0.0000000000,0.0000000000,0.0000000000
0.0200000000,-0.6500000000,1.3000000000,-0.1264012244,0.0000000000,2.5246707350,3.0085162336,2.8560184135,1.3147928770,-0.9197981998,-1.3002702927,-1.0819593317,2.4460111954,-3.0718104456,-2.8710666187,0.9473814048,0.0381642314,-0.8791010198,-0.6065221754,1.0000000000,0.0000000000,0.0000000000,0.0000000000,0.0000000000
0.0200000000,-0.6500000000,1.3000000000,-0.1264012244,0.0000000000,2.5246707350,3.0085162336,2.8560184135,1.3147928770,-0.9197981998,-1.3002702927,-1.0819593317,2.4436630426,-3.0712694894,-2.8710666187,0.9506003897,0.0387390164,-0.8750080866,-0.6065221754,1.0000000000,0.0000000000,0.0000000000,0.0000000000,0.0000000000
0.0200000000,-0.6500000000,1.3000000000,-0.1264012244,0.0000000000,2.5246707350,3.0085162336,2.8560184135,1.3147928770,-0.9197981998,-1.3002702927,-1.0819593317,2.4418557588,-3.0705900025,-2.8710666187,0.9536722967,0.0393578693,-0.8712745725,-0.6065221754,1.0000000000,0.0000000000,0.0000000000,0.0000000000,0.0000000000
0.0200000000,-0.6500000000,1.3000000000,-0.1264012244,0.0000000000,2.5246707350,3.0085162336,2.8560184135,1.3147928770,-0.9197981998,-1.3002702927,-1.0819593317,2.4407351491,-3.0698032762,-2.8710666187,0.9561676838,0.0399552845,-0.8683929602,-0.6065221754,1.0000000000,0.0000000000,0.0000000000,0.0000000000,0.0000000000
0.0200000000,-0.6500000000,1.3000000000,-0.1264012244,0.0000000000,2.5246707350,3.0085162336,2.8560184135,1.3147928770,-0.9197981998,-1.3002702927,-1.0819593317,2.4401873107,-3.0688821570,-2.8710666187,0.9581657618,0.0405498358,-0.8662452503,-0.6065221754,1.0000000000,0.0000000000,0.0000000000,0.0000000000,0.0000000000
0.0200000000,-0.6500000000,1.3000000000,-0.1264012244,0.0000000000,2.5246707350,3.0085162336,2.8560184135,1.3147928770,-0.9197981998,-1.3002702927,-1.0819593317,2.4402610366,-3.0677571398,-2.8710666187,0.9596723165,0.0411707874,-0.8648529414,-0.6065221754,1.0000000000,0.0000000000,0.0000000000,0.0000000000,0.0000000000
0.0200000000,-0.6500000000,1.3000000000,-0.1264012244,0.0000000000,2.5246707350,3.0085162336,2.8560184135,1.3147928770,-0.9197981998,-1.3002702927,-1.0819593317,2.4409838233,-3.0664672418,-2.8710666187,0.9605898212,0.0417932256,-0.8643236601,-0.6065221754,1.0000000000,0.0000000000,0.0000000000,0.0000000000,0.0000000000
0.0200000000,-0.6500000000,1.3000000000,-0.1264012244,0.0000000000,2.5246707350,3.0085162336,2.8560184135,1.3147928770,-0.9197981998,-1.3002702927,-1.0819593317,2.4422931085,-3.0651304595,-2.8710666187,0.9608387484,0.0423630767,-0.8647044889,-0.6065221754,1.0000000000,0.0000000000,0.0000000000,0.0000000000,0.0000000000
0.0200000000,-0.6500000000,1.3000000000,-0.1264012244,0.0000000000,2.5246707350,3.0085162336,2.8560184135,1.3147928770,-0.9197981998,-1.3002702927,-1.0819593317,2.4441356653,-3.0638125363,-2.8710666187,0.9604157178,0.0428561121,-0.8659733991,-0.6065221754,1.0000000000,0.0000000000,0.0000000000,0.0000000000,0.0000000000
0.0200000000,-0.6500000000,1.3000000000,-0.1264012244,0.0000000000,2.5246707350,3.0085162336,2.8560184135,1.3147928770,-0.9197981998,-1.3002702927,-1.0819593317,2.4465144191,-3.0625780764,-2.8710666187,0.9592632652,0.0432426620,-0.8681840772,-0.6065221754,1.0000000000,0.0000000000,0.0000000000,0.0000000000,0.0000000000
0.0200000000,-0.6500000000,1.3000000000,-0.1264012244,0.0000000000,2.5246707350,3.0085162336,2.8560184135,1.3147928770,-0.9197981998,-1.3002702927,-1.0819593317,2.4491712484,-3.0617039865,-2.8710666187,0.9573770328,0.0434114312,-0.8712126394,-0.6065221754,1.0000000000,0.0000000000,0.0000000000,0.0000000000,0.0000000000
0.0200000000,-0.6500000000,1.3000000000,-0.1264012244,0.0000000000,2.5246707350,3.0085162336,2.8560184135,1.3147928770,-0.9197981998,-1.3002702927,-1.0819593317,2.4516969304,-3.0614343846,-2.8710666905,0.9549870867,0.0432856362,-0.8746383935,-0.6065221754,1.0000000000,0.0000000000,0.0000000000,0.0000000000,0.0000000000
0.0200000000,-0.6500000000,1.3000000000,-0.1264012244,0.0000000000,2.5246707350,3.0085162336,2.8560184135,1.3147928770,-0.9197981998,-1.3002702927,-1.0819593317,2.4539675355,-3.0618083911,-2.8710670465,0.9522512787,0.0428611684,-0.8782444360,-0.6065221754,1.0000000000,0.0000000000,0.0000000000,0.0000000000,0.0000000000
0.0200000000,-0.6500000000,1.3000000000,-0.1264012244,0.0000000000,2.5246707350,3.0085162336,2.8560184135,1.3147928770,-0.9197981998,-1.3002702927,-1.0819593317,2.4560137873,-3.0627529820,-2.8710568124,0.9492469037,0.0421479060,-0.8819757769,-0.6065221754,1.0000000000,0.0000000000,0.0000000000,0.0000000000,0.0000000000
0.0200000000,-0.6500000000,1.3000000000,-0.1264012244,0.0000000000,2.5246707350,3.0085162336,2.8560184135,1.3147928770,-0.9197981998,-1.3002702927,-1.0819593317,2.4580190439,-3.0640690943,-2.8709736146,0.9459904710,0.0411669311,-0.8859244042,-0.6065221754,1.0000000000,0.0000000000,0.0000000000,0.0000000000,0.0000000000
0.0200000000,-0.6500000000,1.3000000000,-0.1264012244,0.0000000000,2.5246707113,3.0085162490,2.8560184075,1.3147929002,-0.9197981954,-1.3002702927,-1.0819593317,2.4603030828,-3.0656379847,-2.8706929684,0.9424086251,0.0399240301,-0.8903100484,-0.6065221754,1.0000000000,0.0000000000,0.0000000000,0.0000000000,0.0000000000
0.0200000000,-0.6500000000,1.3000000000,-0.1264012244,0.0000000000,2.5246723413,3.0085151962,2.8560188184,1.3147912548,-0.9197984967,-1.3002702927,-1.0819593317,2.4631417055,-3.0673984877,-2.8702301315,0.9384543368,0.0385006377,-0.8952772892,-0.6065221754,1.0000000000,0.0000000000,0.0000000000,0.0000000000,0.0000000000
0.0200000000,-0.6500000000,1.3000000000,-0.1264012244,0.0000000000,2.5246768447,3.0085122163,2.8560200120,1.3147871258,-0.9197993796,-1.3002702927,-1.0819593317,2.4666000096,-3.0692056112,-2.8697361529,0.9341797368,0.0370081748,-0.9008049457,-0.6065221754,1.0000000000,0.0000000000,0.0000000000,0.0000000000,0.0000000000
0.0200000000,-0.6500000000,1.3000000000,-0.1264012244,0.0000000000,2.5246667996,3.0085181049,2.8560179739,1.3148009372,-0.9197979518,-1.3002702927,-1.0819593317,2.4705843691,-3.0708935357,-2.8693463592,0.9296930639,0.0355374845,-0.9067658578,-0.6065221754,1.0000000000,0.0000000000,0.0000000000,0.0000000000,0.0000000000
0.0200000000,-0.6500000000,1.3000000000,-0.1264012244,0.0000000000,2.5245770091,3.0085751937,2.8559960770,1.3148957374,-0.9197819723,-1.3002702927,-1.0819593317,2.4748582246,-3.0723207936,-2.8691664474,0.9251434211,0.0341711940,-0.9129339308,-0.6065221754,1.0000000000,0.0513904132,0.0000000000,0.0000000000,0.0000000000
0.0200000000,-0.6500000000,1.3000000000,-0.1264012244,0.0000000000,2.5242446355,3.0087960694,2.8559072286,1.3151854266,-0.9197159622,-1.3002702927,-1.0819593317,2.4790640745,-3.0733142156,-2.8693197462,0.9207487460,0.0330163623,-0.9189704363,-0.6065221754,1.0000000000,0.1180570799,0.0000000000,0.0000000000,0.0000000000
0.0200000000,-0.6500000000,1.3000000000,-0.1264012244,0.0000000000,2.5236092651,3.0092428229,2.8557182474,1.3156225294,-0.9195733733,-1.3002702927,-1.0819593317,2.4827887844,-3.0738245065,-2.8697820842,0.9167774918,0.0322572490,-0.9243954943,-0.6065221754,1.0000000000,0.1847237465,0.0000000000,0.0000000000,0.0000000000
0.0200000000,-0.6500000000,1.3000000000,-0.1264012244,0.0000000000,2.5228383529,3.0098375003,2.8554484636,1.3159411595,-0.9193662137,-1.3002702927,-1.0819593317,2.4859799621,-3.0739392898,-2.8703464772,0.9132102241,0.0320846719,-0.9290994812,-0.6065221754,1.0000000000,0.2513904132,0.0000000000,0.0000000000,0.0000000000
0.0200000000,-0.6500000000,1.3000000000,-0.1264012244,0.0000000000,2.5222021903,3.0104157330,2.8551584019,1.3158679383,-0.9191387392,-1.3002702927,-1.0819593317,2.4886135241,-3.0736778049,-2.8707644310,0.9101439375,0.0324435741,-0.9329981675,-0.6065221754,1.0000000000,0.3180570799,0.0000000000,0.0000000000,0.0000000000
0.0200000000,-0.6500000000,1.3000000000,-0.1264012244,0.0000000000,2.5218663173,3.0108812293,2.8548810715,1.3152186503,-0.9189148578,-1.3002702927,-1.0819593317,2.4909619044,-3.0729509742,-2.8709799744,0.9074424695,0.0329965049,-0.9365025667,-0.6065221754,1.0000000000,0.3847237465,0.0000000000,0.0000000000,0.0000000000
0.0200000000,-0.6500000000,1.3000000000,-0.1264012244,0.0000000000,2.5219590128,3.0111660500,2.8546361537,1.3138115293,-0.9187079922,-1.3002702927,-1.0819593317,2.4933022299,-3.0717385546,-2.8710556237,0.9049105154,0.0335423054,-0.9400039138,-0.6065221754,1.0000000000,0.4513904132,0.0000000000,0.0000000000,0.0000000000
0.0200000000,-0.6500000000,1.3000000000,-0.1264012244,0.0000000000,2.5225330812,3.0112162669,2.8544513711,1.3116568490,-0.9185398053,-1.3002702927,-1.0819593317,2.4957147137,-3.0702132156,-2.8710664303,0.9024913840,0.0339984933,-0.9435705980,-0.6065221754,1.0000000000,0.5180570799,0.0000000000,0.0000000000,0.0000000000
0.0200000000,-0.6500000000,1.3000000000,-0.1264012244,0.0000000000,2.5234579092,3.0110463051,2.8543478397,1.3091138401,-0.9184303768,-1.3002702927,-1.0819593317,2.4981022407,-3.0687428326,-2.8710676181,0.9002253441,0.0343850127,-0.9469994040,-0.6065221754,1.0000000000,0.5847237465,0.0000000000,0.0000000000,0.0000000000
0.0200000000,-0.6500000000,1.3000000000,-0.1264012244,0.0000000000,2.5245995141,3.0107146140,2.8543140880,1.3064024557,-0.9183729239,-1.3002702927,-1.0819593317,2.5004749487,-3.0674222673,-2.8710666187,0.8980625933,0.0347084679,-0.9503068753,-0.6065221754,1.0000000000,0.6513904132,0.0000000000,0.0000000000,0.0000000000
0.0200000000,-0.6500000000,1.3000000000,-0.1264012244,0.0000000000,2.5258528287,3.0102738926,2.8543359092,1.3036698566,-0.9183578108,-1.3002702927,-1.0819593317,2.5028838441,-3.0662921662,-2.8710666187,0.8959272878,0.0349636380,-0.9535730886,-0.6065221754,1.0000000000,0.7180570799,0.0000000000,0.0000000000,0.0000000000
0.0200000000,-0.6500000000,1.3000000000,-0.1264012244,0.0000000000,2.5271705551,3.0097502028,2.8544050896,1.3009583328,-0.9183787872,-1.3002702927,-1.0819593317,2.5054663696,-3.0653539419,-2.8710666187,0.8936829739,0.0351303333,-0.9569900133,-0.6065221754,1.0000000000,0.7847237465,0.0000000000,0.0000000000,0.0000000000
0.0200000000,-0.6500000000,1.3000000000,-0.1264012244,0.0000000000,2.5284000490,3.0092251469,2.8544974709,1.2985115951,-0.9184202507,-1.3002702927,-1.0819593317,2.5080128616,-3.0646460682,-2.8710666187,0.8914925501,0.0352063278,-0.9603044265,-0.6065221754,1.0000000000,0.8513904132,0.0000000000,0.0000000000,0.0000000000
0.0200000000,-0.6500000000,1.3000000000,-0.1264012244,0.0000000000,2.5294194790,3.0087636715,2.8545939211,1.2965238450,-0.9184698296,-1.3002702927,-1.0819593317,2.5103579865,-3.0641952148,-2.8710666187,0.8894838821,0.0351916648,-0.9633177743,-0.6065221754,1.0000000000,0.9180570799,0.0000000000,0.0000000000,0.0000000000
0.0200000000,-0.6500000000,1.3000000000,-0.1264012244,0.0000000000,2.5303204271,3.0083326319,2.8546966570,1.2947968733,-0.9185269622,-1.3002702927,-1.0819593317,2.5127041416,-3.0639480098,-2.8710666255,0.8874786862,0.0350891643,-0.9662967579,-0.6065221754,1.0000000000,0.9845955185,0.0000000000,0.0000000000,0.0000000000
0.0200000000,-0.6500000000,1.3000000000,-0.1264012244,0.0000000000,2.5311549623,3.0079189926,2.8548025197,1.2932016062,-0.9185877682,-1.3002702927,-1.0819593317,2.5151583152,-3.0638456412,-2.8710673672,0.8853778691,0.0349147904,-0.9693907898,-0.6065221754,1.0000000000,1.0000000000,0.0000000000,0.0000000000,0.0000000000
0.0200000000,-0.6500000000,1.3000000000,-0.1264012244,0.0000000000,2.5319138053,3.0075246052,2.8549122516,1.2917538608,-0.9186529790,-1.3002702927,-1.0819593317,2.5177911173,-3.0639351883,-2.8710677177,0.8831195653,0.0346369469,-0.9726838115,-0.6065221754,1.0000000000,1.0000000000,0.0000000000,0.0000000000,0.0000000000
0.0200000000,-0.6500000000,1.3000000000,-0.1264012244,0.0000000000,2.5326219139,3.0071402193,2.8550262274,1.2903835764,-0.9187220709,-1.3002702927,-1.0819593317,2.5208388701,-3.0642766340,-2.8710671480,0.8804940613,0.0341975843,-0.9764722062,-0.6065221754,1.0000000000,1.0000000000,0.0000000000,0.0000000000,0.0000000000
0.0200000000,-0.6500000000,1.3000000000,-0.1264012244,0.0000000000,2.5332790729,3.0067670826,2.8551435726,1.2890912744,-0.9187944144,-1.3002702927,-1.0819593317,2.5242782900,-3.0648586060,-2.8710639554,0.8775218569,0.0336021754,-0.9807287699,-0.6065221754,1.0000000000,1.0000000000,0.0000000000,0.0000000000,0.0000000000
0.0200000000,-0.6500000000,1.3000000000,-0.1264012244,0.0000000000,2.5338327021,3.0064337448,2.8552553884,1.2879682828,-0.9188645242,-1.3002702927,-1.0819593317,2.5280801942,-3.0657207522,-2.8710326511,0.8742282385,0.0328006654,-0.9854246020,-0.6065221754,1.0000000000,1.0000000000,0.0000000000,0.0000000000,0.0000000000
0.0200000000,-0.6500000000,1.3000000000,-0.1264012244,0.0000000000,2.5342714591,3.0061470594,2.8553592515,1.2870345735,-0.9189308514,-1.3002702927,-1.0819593317,2.5322191107,-3.0668631934,-2.8709670108,0.8706353177,0.0317880614,-0.9905303999,-0.6065221754,1.0000000000,1.0000000000,0.0000000000,0.0000000000,0.0000000000
0.0200000000,-0.6500000000,1.3000000000,-0.1264012244,0.0000000000,2.5345801013,3.0059304584,2.8554423799,1.2863518660,-0.9189847326,-1.3002702927,-1.0819593317,2.5359055429,-3.0679776448,-2.8708558663,0.8674329490,0.0308033925,-0.9950808300,-0.6065221754,1.0000000000,1.0000000000,0.0000000000,0.0000000000,0.0000000000
0.0200000000,-0.6500000000,1.3000000000,-0.1264012244,0.0000000000,2.5347420376,3.0057969189,2.8554993512,1.2859586625,-0.9190226040,-1.3002702927,-1.0819593317,2.5389022128,-3.0689844622,-2.8706993216,0.8648283775,0.0299084330,-0.9987856167,-0.6065221754,1.0000000000,1.0000000000,0.0000000000,0.0000000000,0.0000000000
0.0200000000,-0.6500000000,1.3000000000,-0.1264012244,0.0000000000,2.5348228110,3.0057069644,2.8555435172,1.2857254568,-0.9190528881,-1.3002702927,-1.0819593317,2.5416005232,-3.0699700930,-2.8704975205,0.8624807231,0.0290337112,-1.0021246686,-0.6065221754,1.0000000000,1.0000000000,0.0000000000,0.0000000000,0.0000000000
0.0200000000,-0.6500000000,1.3000000000,-0.1264012244,0.0000000000,2.5348810598,3.0056267581,2.8555858061,1.2855396792,-0.9190824221,-1.3002702927,-1.0819593317,2.5442840593,-3.0709846978,-2.8702448913,0.8601430204,0.0281370833,-1.0054465564,-0.6065221754,1.0000000000,1.0000000000,0.0000000000,0.0000000000,0.0000000000
0.0200000000,-0.6500000000,1.3000000000,-0.1264012244,0.0000000000,2.5349103141,3.0055600171,2.8556249987,1.2854128461,-0.9191104305,-1.3002702927,-1.0819593317,2.5469386070,-3.0720299182,-2.8699372724,0.8578273334,0.0272159510,-1.0087347727,-0.6065221754,1.0000000000,1.0000000000,0.0000000000,0.0000000000,0.0000000000
0.0200000000,-0.6500000000,1.3000000000,-0.1264012244,0.0000000000,2.5349025155,3.0055111436,2.8556598153,1.2853623941,-0.9191361713,-1.3002702927,-1.0819593317,2.5495028126,-3.0730901938,-2.8695794200,0.8555874051,0.0262857666,-1.0119122725,-0.6065221754,1.0000000000,1.0000000000,0.0000000000,0.0000000000,0.0000000000
0.0200000000,-0.6500000000,1.3000000000,-0.1264012244,0.0000000000,2.5348734514,3.0054712264,2.8556931390,1.2853608294,-0.9191614721,-1.3002702927,-1.0819593317,2.5519933116,-3.0741537688,-2.8691870341,0.8534097972,0.0253603575,-1.0149963751,-0.6065221754,1.0000000000,1.0000000000,0.0000000000,0.0000000000,0.0000000000
0.0200000000,-0.6500000000,1.3000000000,-0.1264012244,0.0000000000,2.5348306688,3.0054370052,2.8557256221,1.2853940460,-0.9191866378,-1.3002702927,-1.0819593317,2.5544011063,-3.0752087074,-2.8687697183,0.8513018747,0.0244515217,-1.0179756842,-0.6065221754,1.0000000000,1.0000000000,0.0000000000,0.0000000000,0.0000000000
0.0200000000,-0.6500000000,1.3000000000,-0.1264012244,0.0000000000,2.5347689342,3.0054119451,2.8557559419,1.2854708663,-0.9192107784,-1.3002702927,-1.0819593317,2.5567092592,-3.0762546908,-2.8683235765,0.8492775164,0.0235584339,-1.0208308867,-0.6065221754,1.0000000000,1.0000000000,0.0000000000,0.0000000000,0.0000000000
0.0200000000,-0.6500000000,1.3000000000,-0.1264012244,0.0000000000,2.5346881595,3.0053939036,2.8557856523,1.2855924571,-0.9192350954,-1.3002702927,-1.0819593317,2.5589683366,-3.0773100471,-2.8678440626,0.8472951416,0.0226644009,-1.0236221243,-0.6065221754,1.0000000000,1.0000000000,0.0000000000,0.0000000000,0.0000000000
0.0200000000,-0.6500000000,1.3000000000,-0.1264012244,0.0000000000,2.5345886064,3.0053793690,2.8558172262,1.2857607516,-0.9192615052,-1.3002702927,-1.0819593317,2.5612467550,-3.0783996831,-2.8673238818,0.8452986095,0.0217478043,-1.0264300205,-0.6065221754,1.0000000000,1.0000000000,0.0000000000,0.0000000000,0.0000000000
0.0200000000,-0.6500000000,1.3000000000,-0.1264012244,0.0000000000,2.5344723346,3.0053659139,2.8558519266,1.2859716597,-0.9192909131,-1.3002702927,-1.0819593317,2.5635895028,-3.0795381870,-2.8667614112,0.8432494591,0.0207955401,-1.0293094463,-0.6065221754,1.0000000000,1.0000000000,0.0000000000,0.0000000000,0.0000000000
0.0200000000,-0.6500000000,1.3000000000,-0.1264012244,0.0000000000,2.5343401158,3.0053558041,2.8558879264,1.2862206569,-0.9193218573,-1.3002702927,-1.0819593317,2.5659587741,-3.0807120094,-2.8661614245,0.8411763785,0.0198194752,-1.0322181850,-0.6065221754,1.0000000000,1.0000000000,0.0000000000,0.0000000000,0.0000000000
0.0200000000,-0.6500000000,1.3000000000,-0.1264012244,0.0000000000,2.5341904569,3.0053482707,2.8559261535,1.2865139252,-0.9193551379,-1.3002702927,-1.0819593317,2.5683543130,-3.0819199975,-2.8655232644,0.8390844209,0.0188202257,-1.0351511914,-0.6065221754,1.0000000000,1.0000000000,0.0000000000,0.0000000000,0.0000000000
0.0200000000,-0.6500000000,1.3000000000,-0.1264012244,0.0000000000,2.5340217883,3.0053414712,2.8559683360,1.2868591661,-0.9193921890,-1.3002702927,-1.0819593317,2.5707905933,-3.0831655659,-2.8648451588,0.8369680098,0.0177942015,-1.0381194283,-0.6065221754,1.0000000000,1.0000000000,0.0000000000,0.0000000000,0.0000000000
0.0200000000,-0.6500000000,1.3000000000,-0.1264012244,0.0000000000,2.5338368135,3.0053342806,2.8560147077,1.2872525794,-0.9194331360,-1.3002702927,-1.0819593317,2.5732375043,-3.0844303137,-2.8641384108,0.8348559229,0.0167557553,-1.0410839423,-0.6065221754,1.0000000000,1.0000000000,0.0000000000,0.0000000000,0.0000000000
0.0200000000,-0.6500000000,1.3000000000,-0.1264012244,0.0000000000,2.5336562741,3.0053293723,2.8560585449,1.2876372023,-0.9194720168,-1.3002702927,-1.0819593317,2.5755277236,-3.0856278595,-2.8634600976,0.8328735311,0.0157748592,-1.0438619369,-0.6065221754,1.0000000000,1.0000000000,0.0000000000,0.0000000000,0.0000000000
0.0200000000,-0.6500000000,1.3000000000,-0.1264012244,0.0000000000,2.5334486866,3.0053239668,2.8561090868,1.2880962160,-0.9195170934,-1.3002702927,-1.0819593317,2.5779247935,-3.0868965490,-2.8627198554,0.8308176215,0.0147398828,-1.0467469880,-0.6065221754,1.0000000000,1.0000000000,0.0000000000,0.0000000000,0.0000000000
0.0200000000,-0.6500000000,1.3000000000,-0.1264012244,0.0000000000,2.5331720779,3.0053140130,2.8561789201,1.2887417459,-0.9195796048,-1.3002702927,-1.0819593317,2.5807715883,-3.0884162963,-2.8617991541,0.8284260572,0.0135056630,-1.0501186870,-0.6065221754,1.0000000000,1.0000000000,0.0000000000,0.0000000000,0.0000000000
0.0200000000,-0.6500000000,1.3000000000,-0.1264012244,0.0000000000,2.5327932722,3.0052971929,2.8562773201,1.2896569704,-0.9196678245,-1.3002702927,-1.0819593317,2.5843614683,-3.0903443870,-2.8605978478,0.8254620163,0.0119450894,-1.0543142739,-0.6065221754,1.0000000000,1.0000000000,0.0000000000,0.0000000000,0.0000000000
0.0200000000,-0.6500000000,1.3000000000,-0.1264012244,0.0000000000,2.5323211401,3.0052746011,2.8564014617,1.2908179801,-0.9197792468,-1.3002702927,-1.0819593317,2.5886141014,-3.0926401597,-2.8591417238,0.8219866957,0.0100912305,-1.0592447733,-0.6065221754,1.0000000000,1.0000000000,0.0000000000,0.0000000000,0.0000000000
0.0200000000,-0.6500000000,1.3000000000,-0.1264012244,0.0000000000,2.5317816042,3.0052416418,2.8565489911,1.2921995240,-0.9199118381,-1.3002702927,-1.0819593317,2.5931308739,-3.0950681601,-2.8575571252,0.8184063915,0.0081358728,-1.0643677876,-0.6065221754,1.0000000000,1.0000000000,0.0000000000,0.0000000000,0.0000000000
0.0200000000,-0.6500000000,1.3000000000,-0.1264012244,0.0000000000,2.5311742170,3.0051959362,2.8567218463,1.2938177257,-0.9200673535,-1.3002702927,-1.0819593317,2.5978397683,-3.0975832020,-2.8558627057,0.8148110935,0.0061163871,-1.0695684931,-0.6065221754,1.0000000000,1.0000000000,0.0000000000,0.0000000000,0.0000000000
0.0200000000,-0.6500000000,1.3000000000,-0.1264012244,0.0000000000,2.5305564431,3.0051442207,2.8569017045,1.2955043528,-0.9202293360,-1.3002702927,-1.0819593317,2.6024373807,-3.1000210014,-2.8541883738,0.8113950186,0.0041619944,-1.0745513678,-0.6065221754,1.0000000000,1.0000000000,0.0000000000,0.0000000000,0.0000000000
0.0200000000,-0.6500000000,1.3000000000,-0.1264012244,0.0000000000,2.5300148689,3.0050939636,2.8570630791,1.2970199829,-0.9203748381,-1.3002702927,-1.0819593317,2.6063525031,-3.1020716390,-2.8527563834,0.8085723072,0.0025193394,-1.0787094067,-0.6065221754,1.0000000000,1.0000000000,0.0000000000,0.0000000000,0.0000000000
0.0200000000,-0.6500000000,1.3000000000,-0.1264012244,0.0000000000,2.5295334836,3.0050434586,2.8572109209,1.2984123806,-0.9205083502,-1.3002702927,-1.0819593317,2.6096858610,-3.1037869609,-2.8515277631,0.8062778062,0.0011472387,-1.0821419893,-0.6065221754,1.0000000000,1.0000000000,0.0000000000,0.0000000000,0.0000000000
0.0200000000,-0.6500000000,1.3000000000,-0.1264012244,0.0000000000,2.5290439668,3.0049878692,2.8573643832,1.2998726199,-0.9206473258,-1.3002702927,-1.0819593317,2.6129976008,-3.1054554942,-2.8503080551,0.8041020970,-0.0001863756,-1.0854509777,-0.6065221754,1.0000000000,1.0000000000,0.0000000000,0.0000000000,0.0000000000
0.0200000000,-0.6500000000,1.3000000000,-0.1264012244,0.0000000000,2.5285103032,3.0049248037,2.8575334369,1.3014952716,-0.9208007594,-1.3002702927,-1.0819593317,2.6165909762,-3.1072377997,-2.8489918297,0.8018094842,-0.0016109571,-1.0889759304,-0.6065221754,1.0000000000,1.0000000000,0.0000000000,0.0000000000,0.0000000000
0.0200000000,-0.6500000000,1.3000000000,-0.1264012244,0.0000000000,2.5279464343,3.0048552298,2.8577141922,1.3032404087,-0.9209650855,-1.3002702927,-1.0819593317,2.6203492112,-3.1090747317,-2.8476189955,0.7994834289,-0.0030789138,-1.0925931360,-0.6065221754,1.0000000000,1.0000000000,0.0000000000,0.0000000000,0.0000000000
0.0200000000,-0.6500000000,1.3000000000,-0.1264012244,0.0000000000,2.5273499823,3.0047794601,2.8579069501,1.3051340727,-0.9211409858,-1.3002702927,-1.0819593317,2.6243035011,-3.1109663962,-2.8461843279,0.7971432855,-0.0045896616,-1.0962956226,-0.6065221754,1.0000000000,1.0000000000,0.0000000000,0.0000000000,0.0000000000
0.0200000000,-0.6500000000,1.3000000000,-0.1264012244,0.0000000000,2.5267093653,3.0046963167,2.8581151892,1.3072278659,-0.9213319580,-1.3002702927,-1.0819593317,2.6285514012,-3.1129467286,-2.8446590179,0.7947586759,-0.0061702838,-1.1001489453,-0.6065221754,1.0000000000,1.0000000000,0.0000000000,0.0000000000,0.0000000000
0.0200000000,-0.6500000000,1.3000000000,-0.1264012244,0.0000000000,2.5260285171,3.0046060901,2.8583378062,1.3095038061,-0.9215368670,-1.3002702927,-1.0819593317,2.6330584900,-3.1150038573,-2.8430531079,0.7923397380,-0.0078113778,-1.1041305395,-0.6065221754,1.0000000000,1.0000000000,0.0000000000,0.0000000000,0.0000000000
0.0200000000,-0.6500000000,1.3000000000,-0.1264012244,0.0000000000,2.5252979331,3.0045113824,2.8585751637,1.3120216006,-0.9217569255,-1.3002702927,-1.0819593317,2.6379309027,-3.1171694106,-2.8413372406,0.7898877153,-0.0095314702,-1.1082800417,-0.6065221754,1.0000000000,1.0000000000,0.0000000000,0.0000000000,0.0000000000
0.0200000000,-0.6500000000,1.3000000000,-0.1264012244,0.0000000000,2.5245022610,3.0044108766,2.8588317479,1.3148459905,-0.9219965883,-1.3002702927,-1.0819593317,2.6432825089,-3.1194902642,-2.8394712429,0.7873688193,-0.0113540426,-1.1126794263,-0.6065221754,1.0000000000,1.0000000000,0.0000000000,0.0000000000,0.0000000000
0.0200000000,-0.6500000000,1.3000000000,-0.1264012244,0.0000000000,2.5236895337,3.0043131645,2.8590903626,1.3178029372,-0.9222399466,-1.3002702927,-1.0819593317,2.6488053095,-3.1218199563,-2.8375764971,0.7849227687,-0.0132122921,-1.1170511478,-0.6065221754,1.0000000000,1.0000000000,0.0000000000,0.0000000000,0.0000000000
0.0200000000,-0.6500000000,1.3000000000,-0.1264012244,0.0000000000,2.5229369967,3.0042316346,2.8593235803,1.3206258051,-0.9224618672,-1.3002702927,-1.0819593317,2.6540047995,-3.1239434353,-2.8358428880,0.7827987218,-0.0149494870,-1.1209580250,-0.6065221754,1.0000000000,1.0000000000,0.0000000000,0.0000000000,0.0000000000
0.0200000000,-0.6500000000,1.3000000000,-0.1264012244,0.0000000000,2.5222102703,3.0041639927,2.8595411458,1.3234361592,-0.9226715954,-1.3002702927,-1.0819593317,2.6591318954,-3.1259182031,-2.8341951497,0.7808806765,-0.0167189580,-1.1245516236,-0.6065221754,1.0000000000,1.0000000000,0.0000000000,0.0000000000,0.0000000000
0.0200000000,-0.6500000000,1.3000000000,-0.1264012244,0.0000000000,2.5214737226,3.0041096433,2.8597519552,1.3263544159,-0.9228776398,-1.3002702927,-1.0819593317,2.6644622455,-3.1277917343,-2.8325868659,0.7790218753,-0.0187561411,-1.1279641414,-0.6065221754,1.0000000000,1.0000000000,0.0000000000,0.0000000000,0.0000000000
0.0200000000,-0.6500000000,1.3000000000,-0.1264012244,0.0000000000,2.5207172157,3.0040712938,2.8599566329,1.3294257568,-0.9230810660,-1.3002702927,-1.0819593317,2.6700960619,-3.1295327433,-2.8309525344,0.7772157812,-0.0211260440,-1.1312152969,-0.6065221754,1.0000000000,1.0000000000,0.0000000000,0.0000000000,0.0000000000
0.0200000000,-0.6500000000,1.3000000000,-0.1264012244,0.0000000000,2.5198884184,3.0040582994,2.8601613899,1.3328799438,-0.9232897721,-1.3002702927,-1.0819593317,2.6765164404,-3.1310401801,-2.8290590690,0.7753871766,-0.0241749020,-1.1344075599,-0.6065221754,1.0000000000,1.0000000000,0.0000000000,0.0000000000,0.0000000000
0.0200000000,-0.6500000000,1.3000000000,-0.1264012244,0.0000000000,2.5190145611,3.0040817778,2.8603526066,1.3366144920,-0.9234914231,-1.3002702927,-1.0819593317,2.6835894564,-3.1321610493,-2.8266931062,0.7737172716,-0.0277014780,-1.1374683192,-0.6065221754,1.0000000000,1.0000000000,0.0000000000,0.0000000000,0.0000000000
0.0200000000,-0.6500000000,1.3000000000,-0.1264012244,0.0000000000,2.5181767146,3.0041558121,2.8605021957,1.3402937937,-0.9236589434,-1.3002702927,-1.0819593317,2.6907802082,-3.1326799378,-2.8235606426,0.7725804966,-0.0311002427,-1.1402376260,-0.6065221754,1.0000000000,1.0000000000,0.0000000000,0.0000000000,0.0000000000
0.0200000000,-0.6500000000,1.3000000000,-0.1264012244,0.0000000000,2.5174688792,3.0042645048,2.8605990974,1.3434871783,-0.9237777065,-1.3002702927,-1.0819593317,2.6974020311,-3.1328506573,-2.8199771444,0.7720968460,-0.0338678389,-1.1425723744,-0.6065221754,1.0000000000,1.0000000000,0.0000000000,0.0000000000,0.0000000000
0.0200000000,-0.6500000000,1.3000000000,-0.1264012244,0.0000000000,2.5169127081,3.0043962396,2.8606466903,1.3461046952,-0.9238491943,-1.3002702927,-1.0819593317,2.7034953939,-3.1328683575,-2.8161050969,0.7722038752,-0.0361394927,-1.1444304131,-0.6065221754,1.0000000000,1.0000000000,0.0000000000,0.0000000000,0.0000000000
0.0200000000,-0.6500000000,1.3000000000,-0.1264012244,0.0000000000,2.5165266664,3.0045316415,2.8606551628,1.3481262493,-0.9238813964,-1.3002702927,-1.0819593317,2.7093691928,-3.1328664065,-2.8119677358,0.7727798507,-0.0383009022,-1.1458022873,-0.6065221754,1.0000000000,1.0000000000,0.0000000000,0.0000000000,0.0000000000
0.0200000000,-0.6500000000,1.3000000000,-0.1264012244,0.0000000000,2.5163763845,3.0046430571,2.8606299364,1.3493876707,-0.9238767280,-1.3002702927,-1.0819593317,2.7151212992,-3.1328660067,-2.8074716910,0.7737930395,-0.0405571071,-1.1466360172,-0.6065221754,1.0000000000,1.0000000000,0.0000000000,0.0000000000,0.0000000000
0.0200000000,-0.6500000000,1.3000000000,-0.1264012244,0.0000000000,2.5165380726,3.0046860298,2.8605851436,1.3497070413,-0.9238445404,-1.3002702927,-1.0819593317,2.7205858299,-3.1328660067,-2.8026372795,0.7751160383,-0.0429334828,-1.1469747957,-0.6065221754,1.0000000000,1.0000000000,0.0000000000,0.0000000000,0.0000000000
0.0200000000,-0.6500000000,1.3000000000,-0.1264012244,0.0000000000,2.5170381062,3.0046373351,2.8605321744,1.3491103640,-0.9237944835,-1.3002702927,-1.0819593317,2.7259080695,-3.1328660067,-2.7973176583,0.7766227185,-0.0455393276,-1.1469829799,-0.6065221754,1.0000000000,1.0000000000,0.0000000000,0.0000000000,0.0000000000
0.0200000000,-0.6500000000,1.3000000000,-0.1264012244,0.0000000000,2.5179210384,3.0044853682,2.8604710327,1.3475671543,-0.9237261691,-1.3002702927,-1.0819593317,2.7313873376,-3.1328660067,-2.7911642162,0.7782565656,-0.0485832571,-1.1467900811,-0.6065221754,1.0000000000,1.0000000000,0.0000000000,0.0000000000,0.0000000000
0.0200000000,-0.6500000000,1.3000000000,-0.1264012244,0.0000000000,2.5190989719,3.0042635572,2.8603965314,1.3452858142,-0.9236378938,-1.3002702927,-1.0819593317,2.7369267534,-3.1328660067,-2.7843050550,0.7798108067,-0.0520446593,-1.1465770060,-0.6065221754,1.0000000000,1.0000000000,0.0000000000,0.0000000000,0.0000000000
0.0200000000,-0.6500000000,1.3000000000,-0.1264012244,0.0000000000,2.5202389335,3.0040859710,2.8602965061,1.3429466574,-0.9235283010,-1.3002702927,-1.0819593317,2.7420186647,-3.1328660067,-2.7774947307,0.7809600584,-0.0555816744,-1.1465655366,-0.6065221754,1.0000000000,1.0000000000,0.0000000000,0.0000000000,0.0000000000
0.0200000000,-0.6500000000,1.3000000000,-0.1264012244,0.0000000000,2.5210153426,3.0040604328,2.8601626298,1.3412384511,-0.9233995165,-1.3002702927,-1.0819593317,2.7464334659,-3.1328660067,-2.7713148530,0.7816419159,-0.0588835043,-1.1468163402,-0.6065221754,1.0000000000,1.0000000000,0.0000000000,0.0000000000,0.0000000000
0.0200000000,-0.6500000000,1.3000000000,-0.1264012244,0.0000000000,2.5213244790,3.0042208642,2.8599936657,1.3404101186,-0.9232538290,-1.3002702927,-1.0819593317,2.7501841692,-3.1328660067,-2.7659218728,0.7819668641,-0.0618344405,-1.1472550949,-0.6065221754,1.0000000000,1.0000000000,0.0000000000,0.0000000000,0.0000000000
0.0200000000,-0.6500000000,1.3000000000,-0.1264012244,0.0000000000,2.5211898187,3.0045754107,2.8597814118,1.3404558768,-0.9230844859,-1.3002702927,-1.0819593317,2.7534942716,-3.1328660067,-2.7610660766,0.7820683334,-0.0645411367,-1.1478084207,-0.6065221754,1.0000000000,1.0000000000,0.0000000000,0.0000000000,0.0000000000
0.0200000000,-0.6500000000,1.3000000000,-0.1264012244,0.0000000000,2.5206590208,3.0051160487,2.8595244438,1.3413466769,-0.9228895378,-1.3002702927,-1.0819593317,2.7563838145,-3.1328660067,-2.7567369889,0.7820300904,-0.0669880908,-1.1484008278,-0.6065221754,1.0000000000,1.0000000000,0.0000000000,0.0000000000,0.0000000000
0.0200000000,-0.6500000000,1.3000000000,-0.1264012244,0.0000000000,2.5197519238,3.0058622040,2.8592093692,1.3431252899,-0.9226579844,-1.3002702927,-1.0819593317,2.7589141277,-3.1328660067,-2.7528291867,0.7819059048,-0.0692208504,-1.1489882866,-0.6065221754,1.0000000000,1.0000000000,0.0000000000,0.0000000000,0.0000000000
0.0200000000,-0.6500000000,1.3000000000,-0.1264012244,0.0000000000,2.5184882567,3.0068551012,2.8588095282,1.3458540974,-0.9223679787,-1.3002702927,-1.0819593317,2.7612905030,-3.1328660067,-2.7489927226,0.7817416592,-0.0714244756,-1.1495568647,-0.6065221754,1.0000000000,1.0000000000,0.0000000000,0.0000000000,0.0000000000
0.0200000000,-0.6500000000,1.3000000000,-0.1264012244,0.0000000000,2.5170326386,3.0080367689,2.8583358408,1.3493196782,-0.9220243391,-1.3002702927,-1.0819593317,2.7634820059,-3.1328660067,-2.7451939915,0.7815797646,-0.0736063648,-1.1500439641,-0.6065221754,1.0000000000,1.0000000000,0.0000000000,0.0000000000,0.0000000000
0.0200000000,-0.6500000000,1.3000000000,-0.1264012244,0.0000000000,2.5157739805,3.0091571997,2.8578751734,1.3526940555,-0.9216873609,-1.3002702927,-1.0819593317,2.7652155604,-3.1328660067,-2.7418331390,0.7814649366,-0.0755284892,-1.1503515314,-0.6065221754,1.0000000000,1.0000000000,0.0000000000,0.0000000000,0.0000000000
0.0200000000,-0.6500000000,1.3000000000,-0.1264012244,0.0000000000,2.5149529795,3.0100280768,2.8574967853,1.3553005337,-0.9214067035,-1.3002702927,-1.0819593317,2.7664182336,-3.1328660067,-2.7390591565,0.7813983633,-0.0771053752,-1.1504725178,-0.6065221754,1.0000000000,1.0000000000,0.0000000000,0.0000000000,0.0000000000
0.0200000000,-0.6500000000,1.3000000000,-0.1264012244,0.0000000000,2.5145818915,3.0105891161,2.8572295574,1.3568962278,-0.9212048672,-1.3002702927,-1.0819593317,2.7671578910,-3.1328660067,-2.7368028826,0.7813276931,-0.0783879574,-1.1504796968,-0.6065221754,1.0000000000,1.0000000000,0.0000000000,0.0000000000,0.0000000000
0.0200000000,-0.6500000000,1.3000000000,-0.1264012244,0.0000000000,2.5144925415,3.0108933508,2.8570664683,1.3576671817,-0.9210793488,-1.3002702927,-1.0819593317,2.7675633895,-3.1328660067,-2.7349243951,0.7811557030,-0.0794786229,-1.1505067131,-0.6065221754,1.0000000000,1.0000000000,0.0000000000,0.0000000000,0.0000000000
0.0200000000,-0.6500000000,1.3000000000,-0.1264012244,0.0000000000,2.5145083467,3.0110314157,2.8569826329,1.3579524421,-0.9210137353,-1.3002702927,-1.0819593317,2.7677467747,-3.1328660067,-2.7333427171,0.7807898169,-0.0804461258,-1.1506850797,-0.6065221754,1.0000000000,1.0000000000,0.0000000000,0.0000000000,0.0000000000
0.0200000000,-0.6500000000,1.3000000000,-0.1264012244,0.0000000000,2.5145347993,3.0110780103,2.8569503842,1.3580168771,-0.9209880916,-1.3002702927,-1.0819593317,2.7677816014,-3.1328660067,-2.7320108157,0.7801634854,-0.0813337931,-1.1511080535,-0.6065221754,1.0000000000,1.0000000000,0.0000000000,0.0000000000,0.0000000000
0.0200000000,-0.6500000000,1.3000000000,-0.1264012244,0.0000000000,2.5145450367,3.0110878596,2.8569425539,1.3580192762,-0.9209817565,-1.3002702927,-1.0819593317,2.7677191318,-3.1328660067,-2.7308778002,0.7792721739,-0.0821721371,-1.1517943514,-0.6065221754,1.0000000000,1.0000000000,0.0000000000,0.0000000000,0.0000000000
0.0200000000,-0.6500000000,1.3000000000,-0.1264012244,0.0000000000,2.5145463780,3.0110879846,2.8569421567,1.3580155921,-0.9209814061,-1.3002702927,-1.0819593317,2.7675701087,-3.1328660067,-2.7299445395,0.7782253309,-0.0829352082,-1.1526365545,-0.6065221754,1.0000000000,1.0000000000,0.0000000000,0.0000000000,0.0000000000
0.0200000000,-0.6500000000,1.3000000000,-0.1264012244,0.0000000000,2.5145461545,3.0110875117,2.8569424708,1.3580149715,-0.9209816570,-1.3002702927,-1.0819593317,2.7673147857,-3.1328660067,-2.7292639517,0.7773660373,-0.0835119206,-1.1532832549,-0.6065221754,1.0000000000,1.0000000000,0.0000000000,0.0000000000,0.0000000000
0.0200000000,-0.6500000000,1.3000000000,-0.1264012244,0.0000000000,2.5145460175,3.0110873386,2.8569426013,1.3580149507,-0.9209817629,-1.3002702927,-1.0819593317,2.7669660363,-3.1328660067,-2.7289209391,0.7770995042,-0.0837589978,-1.1533398529,-0.6065221754,1.0000000000,1.0000000000,0.0000000000,0.0000000000,0.0000000000
0.0200000000,-0.6500000000,1.3000000000,-0.1264012244,0.0000000000,2.5145460790,3.0110871624,2.8569427007,1.3580147780,-0.9209818422,-1.3002702927,-1.0819593317,2.7665379904,-3.1328660067,-2.7288989171,0.7775426174,-0.0836580772,-1.1526899675,-0.6065221754,1.0000000000,1.0000000000,0.0000000000,0.0000000000,0.0000000000
0.0200000000,-0.6500000000,1.3000000000,-0.1264012244,0.0000000000,2.5145462314,3.0110867256,2.8569429472,1.3580144129,-0.9209820395,-1.3002702927,-1.0819593317,2.7660170246,-3.1328660067,-2.7291293294,0.7786562444,-0.0832565083,-1.1513552990,-0.6065221754,1.0000000000,1.0000000000,0.0000000000,0.0000000000,0.0000000000
0.0200000000,-0.6500000000,1.3000000000,-0.1264012244,0.0000000000,2.5145466355,3.0110861102,2.8569432584,1.3580135381,-0.9209822850,-1.3002702927,-1.0819593317,2.7653670214,-3.1328660067,-2.7296114757,0.7805062034,-0.0825394416,-1.1492511751,-0.6065221754,1.0000000000,1.0000000000,0.0000000000,0.0000000000,0.0000000000
0.0200000000,-0.6500000000,1.3000000000,-0.1264012244,0.0000000000,2.5145474948,3.0110855103,2.8569434739,1.3580118189,-0.9209824452,-1.3002702927,-1.0819593317,2.7645691052,-3.1328660067,-2.7303331860,0.7830960010,-0.0815134721,-1.1463625307,-0.6065221754,1.0000000000,1.0000000000,0.0000000000,0.0000000000,0.0000000000
0.0200000000,-0.6500000000,1.3000000000,-0.1264012244,0.0000000000,2.5145485683,3.0110853402,2.8569433786,1.3580098210,-0.9209823500,-1.3002702927,-1.0819593317,2.7638207275,-3.1328660067,-2.7310539232,0.7856298308,-0.0805036926,-1.1435520720,-0.6065221754,1.0000000000,1.0000000000,0.0000000000,0.0000000000,0.0000000000
0.0200000000,-0.6500000000,1.3000000000,-0.1264012244,0.0000000000,2.5145496678,3.0110858650,2.8569428407,1.3580079390,-0.9209818958,-1.3002702927,-1.0819593317,2.7631483965,-3.1328660067,-2.7317367730,0.7879890921,-0.0795592374,-1.1409467604,-0.6065221754,1.0000000000,1.0000000000,0.0000000000,0.0000000000,0.0000000000
0.0200000000,-0.6500000000,1.3000000000,-0.1264012244,0.0000000000,2.5145488779,3.0110893281,2.8569408074,1.3580099924,-0.9209802590,-1.3002702927,-1.0819593317,2.7624229499,-3.1328660067,-2.7324846649,0.7905498254,-0.0785330315,-1.1381200610,-0.6065221754,1.0000000000,1.0000000000,0.0000000000,0.0000000000,0.0000000000
0.0200000000,-0.6500000000,1.3000000000,-0.1264012244,0.0000000000,2.5145460915,3.0110961097,2.8569370563,1.3580161609,-0.9209772606,-1.3002702927,-1.0819593317,2.7615667523,-3.1328660067,-2.7333640538,0.7935520093,-0.0773307693,-1.1348020618,-0.6065221754,1.0000000000,1.0000000000,0.0000000000,0.0000000000,0.0000000000
0.0200000000,-0.6500000000,1.3000000000,-0.1264012244,0.0000000000,2.5145402754,3.0111071541,2.8569311910,1.3580285713,-0.9209725961,-1.3002702927,-1.0819593317,2.7606223699,-3.1328660067,-2.7343330477,0.7968469944,-0.0760115946,-1.1311570726,-0.6065221754,1.0000000000,1.0000000000,0.0000000000,0.0000000000,0.0000000000
0.0200000000,-0.6500000000,1.3000000000,-0.1264012244,0.0000000000,2.5145280329,3.0111258350,2.8569217321,1.3580540711,-0.9209651198,-1.3002702927,-1.0819593317,2.7596194553,-3.1328660067,-2.7353448582,0.8002797591,-0.0746393110,-1.1273488847,-0.6065221754,1.0000000000,1.0000000000,0.0000000000,0.0000000000,0.0000000000
0.0200000000,-0.6500000000,1.3000000000,-0.1264012244,0.0000000000,2.5145088757,3.0111527187,2.8569084078,1.3580934146,-0.9209546182,-1.3002702927,-1.0819593317,2.7585540281,-3.1328660067,-2.7364016219,0.8038579640,-0.0732111853,-1.1233679417,-0.6065221754,1.0000000000,1.0000000000,0.0000000000,0.0000000000,0.0000000000
0.0200000000,-0.6500000000,1.3000000000,-0.1264012244,0.0000000000,2.5144832734,3.0111872160,2.8568915129,1.3581460256,-0.9209413242,-1.3002702927,-1.0819593317,2.7574343370,-3.1328660067,-2.7374965153,0.8075581160,-0.0717362478,-1.1192412620,-0.6065221754,1.0000000000,1.0000000000,0.0000000000,0.0000000000,0.0000000000
0.0200000000,-0.6500000000,1.3000000000,-0.1264012244,0.0000000000,2.5144499280,3.0112303761,2.8568706658,1.3582154901,-0.9209249528,-1.3002702927,-1.0819593317,2.7562958347,-3.1328660067,-2.7385860527,0.8112337851,-0.0702733832,-1.1151280010,-0.6065221754,1.0000000000,1.0000000000,0.0000000000,0.0000000000,0.0000000000
0.0200000000,-0.6500000000,1.3000000000,-0.1264012244,0.0000000000,2.5144111293,3.0112792227,2.8568472810,1.3582963309,-0.9209066133,-1.3002702927,-1.0819593317,2.7551901438,-3.1328660067,-2.7396231211,0.8147293587,-0.0688845716,-1.1112039424,-0.6065221754,1.0000000000,1.0000000000,0.0000000000,0.0000000000,0.0000000000
0.0200000000,-0.6500000000,1.3000000000,-0.1264012244,0.0000000000,2.5143667374,3.0113341582,2.8568211318,1.3583888608,-0.9208861232,-1.3002702927,-1.0819593317,2.7540910556,-3.1328660067,-2.7406353980,0.8181372376,-0.0675327569,-1.1073669000,-0.6065221754,1.0000000000,1.0000000000,0.0000000000,0.0000000000,0.0000000000
0.0200000000,-0.6500000000,1.3000000000,-0.1264012244,0.0000000000,2.5143104653,3.0114028108,2.8567886993,1.3585087127,-0.9208607360,-1.3002702927,-1.0819593317,2.7529109874,-3.1328660067,-2.7416931298,0.8216871803,-0.0661268388,-1.1033520135,-0.6065221754,1.0000000000,1.0000000000,0.0000000000,0.0000000000,0.0000000000
0.0200000000,-0.6500000000,1.3000000000,-0.1264012244,0.0000000000,2.5142361952,3.0114925775,2.8567465735,1.3586710284,-0.9208277901,-1.3002702927,-1.0819593317,2.7515643454,-3.1328660067,-2.7428651458,0.8256046336,-0.0645774466,-1.0988995447,-0.6065221754,1.0000000000,1.0000000000,0.0000000000,0.0000000000,0.0000000000
0.0200000000,-0.6500000000,1.3000000000,-0.1264012244,0.0000000000,2.5141467365,3.0115992173,2.8566967589,1.3588661043,-0.9207888605,-1.3002702927,-1.0819593317,2.7500724057,-3.1328660067,-2.7441423914,0.8298716099,-0.0628923928,-1.0940365336,-0.6065221754,1.0000000000,1.0000000000,0.0000000000,0.0000000000,0.0000000000
0.0200000000,-0.6500000000,1.3000000000,-0.1264012244,0.0000000000,2.5140396990,3.0117264737,2.8566374800,1.3591026391,-0.9207425507,-1.3002702927,-1.0819593317,2.7484273565,-3.1328660067,-2.7455210746,0.8344627104,-0.0610811825,-1.0887844353,-0.6065221754,1.0000000000,1.0000000000,0.0000000000,0.0000000000,0.0000000000
0.0200000000,-0.6500000000,1.3000000000,-0.1264012244,0.0000000000,2.5139049926,3.0118884944,2.8565621018,1.3594119716,-0.9206836583,-1.3002702927,-1.0819593317,2.7465415690,-3.1328660067,-2.7470499708,0.8395088686,-0.0590905390,-1.0829755447,-0.6065221754,1.0000000000,0.9721146985,0.0000000000,0.0000000000,0.0000000000
0.0200000000,-0.6500000000,1.3000000000,-0.1264012244,0.0000000000,2.5137317488,3.0120981010,2.8564647625,1.3598206821,-0.9206076121,-1.3002702927,-1.0819593317,2.7443142457,-3.1328660067,-2.7487982785,0.8452313379,-0.0568338167,-1.0763464517,-0.6065221754,1.0000000000,0.9054480319,0.0000000000,0.0000000000,0.0000000000
0.0200000000,-0.6500000000,1.3000000000,-0.1264012244,0.0000000000,2.5135263413,3.0123478894,2.8563488384,1.3603135201,-0.9205170435,-1.3002702927,-1.0819593317,2.7418048004,-3.1328660067,-2.7507246255,0.8514965568,-0.0543632184,-1.0690555592,-0.6065221754,1.0000000000,0.8387813652,0.0000000000,0.0000000000,0.0000000000
0.0200000000,-0.6500000000,1.3000000000,-0.1264012244,0.0000000000,2.5133144696,3.0126127895,2.8562253903,1.3608429398,-0.9204205110,-1.3002702927,-1.0819593317,2.7392667840,-3.1328660067,-2.7526277309,0.8576026432,-0.0519490929,-1.0619103323,-0.6065221754,1.0000000000,0.7721146985,0.0000000000,0.0000000000,0.0000000000
0.0200000000,-0.6500000000,1.3000000000,-0.1264012244,0.0000000000,2.5131017271,3.0128890397,2.8560959279,1.3614036725,-0.9203191556,-1.3002702927,-1.0819593317,2.7367673428,-3.1328660067,-2.7544439452,0.8633160238,-0.0496812003,-1.0551716605,-0.6065221754,1.0000000000,0.7054480319,0.0000000000,0.0000000000,0.0000000000
0.0200000000,-0.6500000000,1.3000000000,-0.1264012244,0.0000000000,2.5128889731,3.0131726557,2.8559624938,1.3619848489,-0.9202146082,-1.3002702927,-1.0819593317,2.7342944854,-3.1328660067,-2.7562014914,0.8687579336,-0.0475134803,-1.0487144019,-0.6065221754,1.0000000000,0.6387813652,0.0000000000,0.0000000000,0.0000000000
0.0200000000,-0.6500000000,1.3000000000,-0.1264012244,0.0000000000,2.5126948408,3.0134395285,2.8558362589,1.3625344330,-0.9201156075,-1.3002702927,-1.0819593317,2.7319918963,-3.1328660067,-2.7578220607,0.8736972121,-0.0455359321,-1.0428317179,-0.6065221754,1.0000000000,0.5721146985,0.0000000000,0.0000000000,0.0000000000
0.0200000000,-0.6500000000,1.3000000000,-0.1264012244,0.0000000000,2.5125270418,3.0136798045,2.8557218166,1.3630320997,-0.9200257455,-1.3002702927,-1.0819593317,2.7299408035,-3.1328660067,-2.7592494107,0.8779642522,-0.0438166470,-1.0377265765,-0.6065221754,1.0000000000,0.5054480319,0.0000000000,0.0000000000,0.0000000000
0.0200000000,-0.6500000000,1.3000000000,-0.1264012244,0.0000000000,2.5123811423,3.0138996896,2.8556162388,1.3634911408,-0.9199427261,-1.3002702927,-1.0819593317,2.7280990391,-3.1328660067,-2.7605088019,0.8816282210,-0.0423273666,-1.0333122730,-0.6065221754,1.0000000000,0.4387813652,0.0000000000,0.0000000000,0.0000000000
0.0200000000,-0.6500000000,1.3000000000,-0.1264012244,0.0000000000,2.5122493294,3.0141090081,2.8555149102,1.3639306034,-0.9198629417,-1.3002702927,-1.0819593317,2.7263566188,-3.1328660067,-2.7616875461,0.8849550630,-0.0409598487,-1.0292792652,-0.6065221754,1.0000000000,0.3721146985,0.0000000000,0.0000000000,0.0000000000
0.0200000000,-0.6500000000,1.3000000000,-0.1264012244,0.0000000000,2.5121241594,3.0143166682,2.8554136846,1.3643675493,-0.9197831565,-1.3002702927,-1.0819593317,2.7246114768,-3.1328660067,-2.7628678178,0.8882018928,-0.0396104547,-1.0253297757,-0.6065221754,1.0000000000,0.3054480319,0.0000000000,0.0000000000,0.0000000000
0.0200000000,-0.6500000000,1.3000000000,-0.1264012244,0.0000000000,2.5120042971,3.0145248042,2.8553115299,1.3648064298,-0.9197025564,-1.3002702927,-1.0819593317,2.7228471299,-3.1328660067,-2.7640607634,0.8914079278,-0.0382645267,-1.0214174488,-0.6065221754,1.0000000000,0.2387813652,0.0000000000,0.0000000000,0.0000000000
0.0200000000,-0.6500000000,1.3000000000,-0.1264012244,0.0000000000,2.5118924797,3.0147299732,2.8552100663,1.3652406399,-0.9196224079,-1.3002702927,-1.0819593317,2.7211037921,-3.1328660067,-2.7652339831,0.8944742711,-0.0369623498,-1.0176570617,-0.6065221754,1.0000000000,0.1721146985,0.0000000000,0.0000000000,0.0000000000
0.0200000000,-0.6500000000,1.3000000000,-0.1264012244,0.0000000000,2.5117902153,3.0149297266,2.8551104613,1.3656647230,-0.9195436346,-1.3002702927,-1.0819593317,2.7193894507,-3.1328660067,-2.7663858087,0.8973781180,-0.0357092178,-1.0140763174,-0.6065221754,1.0000000000,0.1054480319,0.0000000000,0.0000000000,0.0000000000
0.0200000000,-0.6500000000,1.3000000000,-0.1264012244,0.0000000000,2.5116980021,3.0151222174,2.8550136592,1.3660741824,-0.9194669944,-1.3002702927,-1.0819593317,2.7177033919,-3.1328660067,-2.7675225097,0.9001255537,-0.0344992874,-1.0106704786,-0.6065221754,1.0000000000,0.0388344524,0.0000000000,0.0000000000,0.0000000000
0.0200000000,-0.6500000000,1.3000000000,-0.1264012244,0.0000000000,2.5116159126,3.0153055369,2.8549207176,1.3664646686,-0.9193933374,-1.3002702927,-1.0819593317,2.7160651581,-3.1328660067,-2.7686320832,0.9027108924,-0.0333398576,-1.0074516592,-0.6065221754,1.0000000000,0.0000000000,0.0000000000,0.0000000000,0.0000000000
0.0200000000,-0.6500000000,1.3000000000,-0.1264012244,0.0000000000,2.5115442879,3.0154788415,2.8548320885,1.3668346562,-0.9193230190,-1.3002702927,-1.0819593317,2.7144978185,-3.1328660067,-2.7696952583,0.9051115821,-0.0322468979,-1.0044492239,-0.6065221754,1.0000000000,0.0000000000,0.0000000000,0.0000000000,0.0000000000
0.0200000000,-0.6500000000,1.3000000000,-0.1264012244,0.0000000000,2.5114817675,3.0156461955,2.8547456428,1.3671927681,-0.9192543478,-1.3002702927,-1.0819593317,2.7129464885,-3.1328660067,-2.7707516398,0.9073751839,-0.0311883399,-1.0015976966,-0.6065221754,1.0000000000,0.0000000000,0.0000000000,0.0000000000,0.0000000000
0.0200000000,-0.6500000000,1.3000000000,-0.1264012244,0.0000000000,2.5114270111,3.0158129957,2.8546584830,1.3675503604,-0.9191850173,-1.3002702927,-1.0819593317,2.7113273591,-3.1328660067,-2.7718634877,0.9095671490,-0.0301155854,-0.9988052644,-0.6065221754,1.0000000000,0.0000000000,0.0000000000,0.0000000000,0.0000000000
0.0200000000,-0.6500000000,1.3000000000,-0.1264012244,0.0000000000,2.5113783864,3.0159842533,2.8545679694,1.3679179791,-0.9191129323,-1.3002702927,-1.0819593317,2.7095771997,-3.1328660067,-2.7730778903,0.9117611219,-0.0289867639,-0.9959767334,-0.6065221754,1.0000000000,0.0000000000,0.0000000000,0.0000000000,0.0000000000
0.0200000000,-0.6500000000,1.3000000000,-0.1264012244,0.0000000000,2.5113359633,3.0161586531,2.8544748412,1.3682929222,-0.9190386883,-1.3002702927,-1.0819593317,2.7077464749,-3.1328660067,-2.7743581480,0.9139678847,-0.0278202150,-0.9931137844,-0.6065221754,1.0000000000,0.0000000000,0.0000000000,0.0000000000,0.0000000000
0.0200000000,-0.6500000000,1.3000000000,-0.1264012244,0.0000000000,2.5113002365,3.0163337489,2.8543804291,1.3686698186,-0.9189633364,-1.3002702927,-1.0819593317,2.7058067917,-3.1328660067,-2.7757229156,0.9160984006,-0.0266238710,-0.9903040484,-0.6065221754,1.0000000000,0.0000000000,0.0000000000,0.0000000000,0.0000000000
0.0200000000,-0.6500000000,1.3000000000,-0.1264012244,0.0000000000,2.5112712948,3.0165087825,2.8542851550,1.3690467365,-0.9188872007,-1.3002702927,-1.0819593317,2.7036701799,-3.1328660067,-2.7772344889,0.9180559963,-0.0253826946,-0.9876278202,-0.6065221754,1.0000000000,0.0000000000,0.0000000000,0.0000000000,0.0000000000
0.0200000000,-0.6500000000,1.3000000000,-0.1264012244,0.0000000000,2.5112519969,3.0166873800,2.8541865501,1.3694316198,-0.9188082852,-1.3002702927,-1.0819593317,2.7012692116,-3.1328660067,-2.7789519660,0.9198940029,-0.0240534029,-0.9850117079,-0.6065221754,1.0000000000,0.0000000000,0.0000000000,0.0000000000,0.0000000000
0.0200000000,-0.6500000000,1.3000000000,-0.1264012244,0.0000000000,2.5112337273,3.0168552781,2.8540939666,1.3697931390,-0.9187341201,-1.3002702927,-1.0819593317,2.6987834669,-3.1328660067,-2.7807090312,0.9213337965,-0.0227839944,-0.9827961691,-0.6065221754,1.0000000000,0.0000000000,0.0000000000,0.0000000000,0.0000000000
0.0200000000,-0.6500000000,1.3000000000,-0.1264012244,0.0000000000,2.5112110061,3.0170015575,2.8540143907,1.3701071076,-0.9186703262,-1.3002702927,-1.0819593317,2.6963359161,-3.1328660067,-2.7823958354,0.9221623717,-0.0216780536,-0.9812389794,-0.6065221754,1.0000000000,0.0000000000,0.0000000000,0.0000000000,0.0000000000
0.0200000000,-0.6500000000,1.3000000000,-0.1264012244,0.0000000000,2.5111780219,3.0171325725,2.8539450876,1.3703883198,-0.9186147553,-1.3002702927,-1.0819593317,2.6939358942,-3.1328660067,-2.7839778359,0.9225045586,-0.0207287290,-0.9802036075,-0.6065221754,1.0000000000,0.0000000000,0.0000000000,0.0000000000,0.0000000000
0.0200000000,-0.6500000000,1.3000000000,-0.1264012244,0.0000000000,2.5111333367,3.0172444824,2.8538883711,1.3706273835,-0.9185692950,-1.3002702927,-1.0819593317,2.6917781608,-3.1328660067,-2.7853256347,0.9224310108,-0.0199930635,-0.9796681305,-0.6065221754,1.0000000000,0.0000000000,0.0000000000,0.0000000000,0.0000000000
0.0200000000,-0.6500000000,1.3000000000,-0.1264012244,0.0000000000,2.5110511991,3.0173624526,2.8538340692,1.3708857964,-0.9185258720,-1.3002702927,-1.0819593317,2.6893630159,-3.1328660067,-2.7866183580,0.9218974826,-0.0193786617,-0.9795141910,-0.6065221754,1.0000000000,0.0000000000,0.0000000000,0.0000000000,0.0000000000
0.0200000000,-0.6500000000,1.3000000000,-0.1264012244,0.0000000000,2.5108977423,3.0175218504,2.8537674952,1.3712488324,-0.9184728206,-1.3002702927,-1.0819593317,2.6860186613,-3.1328660067,-2.7881061774,0.9208800944,-0.0187488978,-0.9795460631,-0.6065221754,1.0000000000,0.0000000000,0.0000000000,0.0000000000,0.0000000000
0.0200000000,-0.6500000000,1.3000000000,-0.1264012244,0.0000000000,2.5106788730,3.0177047723,2.8536983625,1.3716943030,-0.9184180031,-1.3002702927,-1.0819593317,2.6820130318,-3.1328660067,-2.7895422281,0.9196418478,-0.0181874174,-0.9795456648,-0.6065221754,1.0000000000,0.0000000000,0.0000000000,0.0000000000,0.0000000000
0.0200000000,-0.6500000000,1.3000000000,-0.1264012244,0.0000000000,2.5103964555,3.0179026371,2.8536319075,1.3722271908,-0.9183657258,-1.3002702927,-1.0819593317,2.6774138149,-3.1328660067,-2.7908135945,0.9185049112,-0.0176915485,-0.9791776557,-0.6065221754,1.0000000000,0.0000000000,0.0000000000,0.0000000000,0.0000000000
0.0200000000,-0.6500000000,1.3000000000,-0.1264012244,0.0000000000,2.5100598571,3.0181101781,2.8535701939,1.3728537750,-0.9183176973,-1.3002702927,-1.0819593317,2.6722603044,-3.1328660067,-2.7919439569,0.9177467304,-0.0171930372,-0.9781681383,-0.6065221754,1.0000000000,0.0000000000,0.0000000000,0.0000000000,0.0000000000
0.0200000000,-0.6500000000,1.3000000000,-0.1264012244,0.0000000000,2.5096586794,3.0183312208,2.8535135657,1.3736153962,-0.9182743336,-1.3002702927,-1.0819593317,2.6664497070,-3.1328660067,-2.7930295744,0.9176200578,-0.0165886485,-0.9762300993,-0.6065221754,1.0000000000,0.0000000000,0.0000000000,0.0000000000,0.0000000000
0.0200000000,-0.6500000000,1.3000000000,-0.1264012244,0.0000000000,2.5092210161,3.0185536292,2.8534639402,1.3744584064,-0.9182369534,-1.3002704075,-1.0819593317,2.6604903431,-3.1328660067,-2.7940556898,0.9180556171,-0.0159041903,-0.9736342503,-0.6065221754,1.0000000000,0.0000000000,0.0000000000,0.0000000000,0.0000000000
0.0200000000,-0.6500000000,1.3000000000,-0.1264012244,0.0000000000,2.5087800257,3.0187642513,2.8534226872,1.3753149340,-0.9182063810,-1.3002706768,-1.0819593317,2.6549382406,-3.1328660067,-2.7949984860,0.9189062874,-0.0151862294,-0.9707499172,-0.6065221754,1.0000000000,0.0000000000,0.0000000000,0.0000000000,0.0000000000
0.0200000000,-0.6500000000,1.3000000000,-0.1264012244,0.0000000000,2.5082906388,3.0189868624,2.8533832317,1.3762522452,-0.9181775665,-1.3002706592,-1.0819593317,2.6492406861,-3.1328660067,-2.7959805436,0.9201373022,-0.0143722595,-0.9674224153,-0.6065221754,1.0000000000,0.0000000000,0.0000000000,0.0000000000,0.0000000000
0.0200000000,-0.6500000000,1.3000000000,-0.1264012244,0.0000000000,2.5077349223,3.0192309087,2.8533429826,1.3772970406,-0.9181485114,-1.3002705650,-1.0819593317,2.6432005916,-3.1328660067,-2.7970529420,0.9217353231,-0.0134362960,-0.9635993070,-0.6065221754,1.0000000000,0.0000000000,0.0000000000,0.0000000000,0.0000000000
0.0200000000,-0.6500000000,1.3000000000,-0.1264012244,0.0000000000,2.5071984972,3.0194605227,2.8533059638,1.3782742450,-0.9181220663,-1.3002568883,-1.0819593317,2.6375932170,-3.1328660067,-2.7980740173,0.9233820032,-0.0125231046,-0.9598886785,-0.6065221754,1.0000000000,0.0000000000,0.0000000000,0.0000000000,0.0000000000
0.0200000000,-0.6500000000,1.3000000000,-0.1264012244,0.0000000000,2.5067285306,3.0196555306,2.8532746816,1.3790868867,-0.9181000152,-1.3002285814,-1.0819593317,2.6328642169,-3.1328660067,-2.7989681942,0.9249196142,-0.0117078852,-0.9566152354,-0.6065221754,1.0000000000,0.0000000000,0.0000000000,0.0000000000,0.0000000000
0.0200000000,-0.6500000000,1.3000000000,-0.1264012244,0.0000000000,2.5062894326,3.0198324830,2.8532464508,1.3798096698,-0.9180803841,-1.3001806748,-1.0819593317,2.6286288777,-3.1328660067,-2.7997954179,0.9264251747,-0.0109400386,-0.9535587964,-0.6065221754,1.0000000000,0.0000000000,0.0000000000,0.0000000000,0.0000000000
0.0200000000,-0.6500000000,1.3000000000,-0.1264012244,0.0000000000,2.5058555051,3.0200043980,2.8532184680,1.3804946534,-0.9180610851,-1.3000996145,-1.0819593317,2.6245728866,-3.1328660067,-2.8006012743,0.9279095953,-0.0101902463,-0.9505928623,-0.6065221754,1.0000000000,0.0000000000,0.0000000000,0.0000000000,0.0000000000
0.0200000000,-0.6500000000,1.3000000000,-0.1264012244,0.0000000000,2.5054290867,3.0201707549,2.8531905697,1.3811395233,-0.9180420011,-1.2999858982,-1.0819593317,2.6206734684,-3.1328660067,-2.8013896453,0.9293656021,-0.0094574645,-0.9477166717,-0.6065221754,1.0000000000,0.0000000000,0.0000000000,0.0000000000,0.0000000000
0.0200000000,-0.6500000000,1.3000000000,-0.1264012244,0.0000000000,2.5050143755,3.0203290379,2.8531633373,1.3817331300,-0.9180235734,-1.2998396176,-1.0819593317,2.6170073723,-3.1328660067,-2.8021495076,0.9307923237,-0.0087485674,-0.9449594291,-0.6065221754,1.0000000000,0.0000000000,0.0000000000,0.0000000000,0.0000000000
0.0200000000,-0.6500000000,1.3000000000,-0.1264012244,0.0000000000,2.5045928958,3.0204870785,2.8531356991,1.3823071349,-0.9180049943,-1.2996523241,-1.0819593317,2.6134660983,-3.1328660067,-2.8028953359,0.9322116234,-0.0080510023,-0.9422586352,-0.6065221754,1.0000000000,0.0000000000,0.0000000000,0.0000000000,0.0000000000
0.0200000000,-0.6500000000,1.3000000000,-0.1264012244,0.0000000000,2.5041471198,3.0206526868,2.8531065712,1.3828947798,-0.9179854357,-1.2994189638,-1.0819593317,2.6099253134,-3.1328660519,-2.8036437539,0.9336446479,-0.0073509076,-0.9395465070,-0.6065221754,1.0000000000,0.0000000000,0.0000000000,0.0000000000,0.0000000000
0.0200000000,-0.6500000000,1.3000000000,-0.1264012244,0.0000000000,2.5036809711,3.0208247944,2.8530760085,1.3834947028,-0.9179649373,-1.2991414114,-1.0819593317,2.6063905184,-3.1328668105,-2.8043953408,0.9350869201,-0.0066484761,-0.9368298721,-0.6065221754,1.0000000000,0.0000000000,0.0000000000,0.0000000000,0.0000000000
0.0200000000,-0.6500000000,1.3000000000,-0.1264012244,0.0000000000,2.5032039648,3.0209994361,2.8530445534,1.3840914286,-0.9179439075,-1.2988239113,-1.0819593317,2.6029179528,-3.1328684231,-2.8051428062,0.9365275493,-0.0059499634,-0.9341407109,-0.6065221754,1.0000000000,0.0000000000,0.0000000000,0.0000000000,0.0000000000
0.0200000000,-0.6500000000,1.3000000000,-0.1264012244,0.0000000000,2.5026992206,3.0211824048,2.8530115569,1.3847011987,-0.9179218700,-1.2984563914,-1.0819593317,2.5994508233,-3.1328695093,-2.8058912353,0.9379849085,-0.0052496776,-0.9314389522,-0.6065221754,1.0000000000,0.0000000000,0.0000000000,0.0000000000,0.0000000000
0.0200000000,-0.6500000000,1.3000000000,-0.1264012244,0.0000000000,2.5021446320,3.0213815649,2.8529761506,1.3853479842,-0.9178981763,-1.2980282847,-1.0819593317,2.5959013236,-3.1328683278,-2.8066490360,0.9394841015,-0.0045387965,-0.9286659216,-0.6065221754,1.0000000000,0.0000000000,0.0000000000,0.0000000000,0.0000000000
0.0200000000,-0.6500000000,1.3000000000,-0.1264012244,0.0000000000,2.5015236315,3.0216030126,2.8529375243,1.3860516342,-0.9178722389,-1.2975308583,-1.0819593317,2.5921886969,-3.1328644264,-2.8074272821,0.9410521264,-0.0038062783,-0.9257643509,-0.6065221754,1.0000000000,0.0000000000,0.0000000000,0.0000000000,0.0000000000
0.0200000000,-0.6500000000,1.3000000000,-0.1264012244,0.0000000000,2.5008290908,3.0218494640,2.8528949486,1.3868210599,-0.9178435804,-1.2969520331,-1.0819593317,2.5882716293,-3.1328595126,-2.8082378889,0.9427131694,-0.0030408098,-0.9226960291,-0.6065221754,1.0000000000,0.0000000000,0.0000000000,0.0000000000,0.0000000000
0.0200000000,-0.6500000000,1.3000000000,-0.1264012244,0.0000000000,2.5000827351,3.0221129649,2.8528498105,1.3876311779,-0.9178131574,-1.2963122976,-1.0819593317,2.5842527105,-3.1328526005,-2.8090615421,0.9444232517,-0.0022612328,-0.9195420577,-0.6065221754,1.0000000000,0.0000000000,0.0000000000,0.0000000000,0.0000000000
0.0200000000,-0.6500000000,1.3000000000,-0.1264012244,0.0000000000,2.4993167982,3.0223814322,2.8528046209,1.3884425299,-0.9177826638,-1.2956491740,-1.0819593317,2.5803046837,-3.1328399044,-2.8098592194,0.9460991149,-0.0015050671,-0.9164468534,-0.6065221754,1.0000000000,0.0000000000,0.0000000000,0.0000000000,0.0000000000
0.0200000000,-0.6500000000,1.3000000000,-0.1264012244,0.0000000000,2.4985663818,3.0226420066,2.8527619243,1.3892142004,-0.9177538120,-1.2950020532,-1.0819593317,2.5766069445,-3.1328183828,-2.8105907730,0.9476560638,-0.0008106506,-0.9135585773,-0.6065221754,1.0000000000,0.0000000000,0.0000000000,0.0000000000,0.0000000000
0.0200000000,-0.6500000000,1.3000000000,-0.1264012244,0.0000000000,2.4978409862,3.0228921378,2.8527218066,1.3899405657,-0.9177266357,-1.2943750960,-1.0819593317,2.5731964510,-3.1327906780,-2.8112481999,0.9490844674,-0.0001842534,-0.9108996691,-0.6065221754,1.0000000000,0.0000000000,0.0000000000,0.0000000000,0.0000000000
0.0200000000,-0.6500000000,1.3000000000,-0.1264012244,0.0000000000,2.4971223427,3.0231382581,2.8526831135,1.3906415513,-0.9177003665,-1.2937499266,-1.0819593317,2.5699804840,-3.1327573893,-2.8118523469,0.9504255884,0.0003935628,-0.9083961596,-0.6065221754,1.0000000000,0.0000000000,0.0000000000,0.0000000000,0.0000000000
0.0200000000,-0.6500000000,1.3000000000,-0.1264012244,0.0000000000,2.4963898534,3.0233866666,2.8526451668,1.3913348623,-0.9176745911,-1.2931140919,-1.0819593317,2.5668527178,-3.1327155699,-2.8124277459,0.9517170859,0.0009438473,-0.9059732664,-0.6065221754,1.0000000000,0.0000000000,0.0000000000,0.0000000000,0.0000000000
0.0200000000,-0.6500000000,1.3000000000,-0.1264012244,0.0000000000,2.4956193213,3.0236446349,2.8526072489,1.3920400281,-0.9176488751,-1.2924528476,-1.0819593317,2.5636984507,-3.1326613260,-2.8130003269,0.9529983745,0.0014886586,-0.9035515408,-0.6065221754,1.0000000000,0.0000000000,0.0000000000,0.0000000000,0.0000000000
0.0200000000,-0.6500000000,1.3000000000,-0.1264012244,0.0000000000,2.4947869804,3.0239195717,2.8525685014,1.3927773937,-0.9176226745,-1.2917505773,-1.0819593317,2.5604031573,-3.1325908405,-2.8135954377,0.9543108260,0.0020500188,-0.9010493283,-0.6065221754,1.0000000000,0.0000000000,0.0000000000,0.0000000000,0.0000000000
0.0200000000,-0.6500000000,1.3000000000,-0.1264012244,0.0000000000,2.4938915920,3.0242127022,2.8525284047,1.3935504680,-0.9175955828,-1.2910017324,-1.0819593317,2.5569710201,-3.1325032267,-2.8142089588,0.9556588786,0.0026259082,-0.8984624328,-0.6065221754,1.0000000000,0.0000000000,0.0000000000,0.0000000000,0.0000000000
0.0200000000,-0.6500000000,1.3000000000,-0.1264012244,0.0000000000,2.4929513546,3.0245179554,2.8524878382,1.3943429600,-0.9175681993,-1.2902209445,-1.0819593317,2.5534790052,-3.1324019962,-2.8148259282,0.9570120196,0.0032025487,-0.8958491204,-0.6065221754,1.0000000000,0.0000000000,0.0000000000,0.0000000000,0.0000000000
0.0200000000,-0.6500000000,1.3000000000,-0.1264012244,0.0000000000,2.4919881681,3.0248273344,2.8524482425,1.3951343645,-0.9175415649,-1.2894307913,-1.0819593317,2.5499966359,-3.1322925962,-2.8154374761,0.9583372491,0.0037699118,-0.8932689245,-0.6065221754,1.0000000000,0.0000000000,0.0000000000,0.0000000000,0.0000000000
0.0200000000,-0.6500000000,1.3000000000,-0.1264012244,0.0000000000,2.4910262490,3.0251318595,2.8524112932,1.3959010593,-0.9175168887,-1.2886565563,-1.0819593317,2.5466061114,-3.1321805797,-2.8160326307,0.9595950004,0.0043156495,-0.8907927291,-0.6065221754,1.0000000000,0.0000000000,0.0000000000,0.0000000000,0.0000000000
0.0200000000,-0.6500000000,1.3000000000,-0.1264012244,0.0000000000,2.4901102914,3.0254183614,2.8523781444,1.3966125019,-0.9174948946,-1.2879302525,-1.0819593317,2.5434533586,-3.1320693363,-2.8165873360,0.9607382002,0.0048187585,-0.8885196610,-0.6065221754,1.0000000000,0.0000000000,0.0000000000,0.0000000000,0.0000000000
0.0200000000,-0.6500000000,1.3000000000,-0.1264012244,0.0000000000,2.4892534257,3.0256852056,2.8523478623,1.3972684218,-0.9174748070,-1.2872517543,-1.0819593317,2.5405758521,-3.1319555945,-2.8170924407,0.9617706928,0.0052746144,-0.8864568469,-0.6065221754,1.0000000000,0.0000000000,0.0000000000,0.0000000000,0.0000000000
0.0200000000,-0.6500000000,1.3000000000,-0.1264012244,0.0000000000,2.4883803919,3.0259525006,2.8523196773,1.3979125598,-0.9174563235,-1.2865762033,-1.0819593317,2.5377285173,-3.1318382306,-2.8175915037,0.9627571286,0.0057181667,-0.8844544921,-0.6065221754,1.0000000000,0.0000000000,0.0000000000,0.0000000000,0.0000000000
0.0200000000,-0.6500000000,1.3000000000,-0.1264012244,0.0000000000,2.4874094350,3.0262418925,2.8522928657,1.3985917151,-0.9174392034,-1.2858557471,-1.0819593317,2.5346449644,-3.1317164959,-2.8181321934,0.9637664310,0.0061873941,-0.8823513428,-0.6065221754,1.0000000000,0.0000000000,0.0000000000,0.0000000000,0.0000000000
0.0200000000,-0.6500000000,1.3000000000,-0.1264012244,0.0000000000,2.4862404949,3.0265797045,2.8522666439,1.3993620290,-0.9174232239,-1.2850321106,-1.0819593317,2.5310064264,-3.1315886770,-2.8187713623,0.9648788809,0.0067271605,-0.8799567776,-0.6065221754,1.0000000000,0.0000000000,0.0000000000,0.0000000000,0.0000000000
0.0200000000,-0.6500000000,1.3000000000,-0.1264012244,0.0000000000,2.4847763578,3.0269926510,2.8522396275,1.4002814248,-0.9174076611,-1.2840413649,-1.0819593317,2.5265291053,-3.1314451143,-2.8195575546,0.9661701303,0.0073765438,-0.8770953163,-0.6065221754,1.0000000000,0.0000000000,0.0000000000,0.0000000000,0.0000000000
0.0200000000,-0.6500000000,1.3000000000,-0.1264012244,0.0000000000,2.4831706129,3.0274392621,2.8522135969,1.4012608481,-0.9173933323,-1.2829801346,-1.0819593317,2.5216732685,-3.1312967685,-2.8204108336,0.9675210669,0.0080718876,-0.8740469174,-0.6065221754,1.0000000000,0.0000000000,0.0000000000,0.0000000000,0.0000000000
0.0200000000,-0.6500000000,1.3000000000,-0.1264012244,0.0000000000,2.4816994190,3.0278427675,2.8521929712,1.4021329227,-0.9173826856,-1.2820353035,-1.0819593317,2.5172297378,-3.1311764502,-2.8211973681,0.9687167639,0.0087046633,-0.8713058926,-0.6065221754,1.0000000000,0.0000000000,0.0000000000,0.0000000000,0.0000000000
0.0200000000,-0.6500000000,1.3000000000,-0.1264012244,0.0000000000,2.4805158035,3.0281601128,2.8521805014,1.4028031010,-0.9173773068,-1.2813098465,-1.0819593317,2.5136583062,-3.1311005512,-2.8218364589,0.9696267316,0.0092083946,-0.8691630241,-0.6065221754,1.0000000000,0.0000000000,0.0000000000,0.0000000000,0.0000000000
0.0200000000,-0.6500000000,1.3000000000,-0.1264012244,0.0000000000,2.4795746363,3.0284033751,2.8521757346,1.4032967318,-0.9173770012,-1.2807746240,-1.0819593317,2.5108365731,-3.1310640022,-2.8223483204,0.9702802870,0.0095987129,-0.8675456423,-0.6065221754,1.0000000000,0.0000000000,0.0000000000,0.0000000000,0.0000000000
0.0200000000,-0.6500000000,1.3000000000,-0.1264012244,0.0000000000,2.4787809547,3.0285997305,2.8521766923,1.4036739851,-0.9173805798,-1.2803669262,-1.0819593317,2.5084553599,-3.1310589262,-2.8227903777,0.9707702208,0.0099238191,-0.8662556000,-0.6065221754,1.0000000000,0.0000000000,0.0000000000,0.0000000000,0.0000000000
0.0200000000,-0.6500000000,1.3000000000,-0.1264012244,0.0000000000,2.4780390805,3.0287771399,2.8521810502,1.4039981032,-0.9173865908,-1.2800210307,-1.0819593317,2.5062001431,-3.1310762030,-2.8232207327,0.9711952598,0.0102333381,-0.8650863319,-0.6065221754,1.0000000000,0.0000000000,0.0000000000,0.0000000000,0.0000000000
0.0200000000,-0.6500000000,1.3000000000,-0.1264012244,0.0000000000,2.4772711898,3.0289580804,2.8521870670,1.4043192329,-0.9173939688,-1.2796852536,-1.0819593317,2.5038122363,-3.1311096463,-2.8236880108,0.9716348536,0.0105684029,-0.8638705750,-0.6065221754,1.0000000000,0.0000000000,0.0000000000,0.0000000000,0.0000000000
0.0200000000,-0.6500000000,1.3000000000,-0.1264012244,0.0000000000,2.4764625457,3.0291465636,2.8521945450,1.4046475756,-0.9174026280,-1.2793472072,-1.0819593317,2.5012577368,-3.1311603822,-2.8242016394,0.9720991998,0.0109360598,-0.8625871367,-0.6065221754,1.0000000000,0.0000000000,0.0000000000,0.0000000000,0.0000000000
0.0200000000,-0.6500000000,1.3000000000,-0.1264012244,0.0000000000,2.4756606786,3.0293285236,2.8522047358,1.4049515776,-0.9174133698,-1.2790391086,-1.0819593317,2.4986977208,-3.1312341978,-2.8247332652,0.9725371481,0.0113116150,-0.8613428448,-0.6065221754,1.0000000000,0.0000000000,0.0000000000,0.0000000000,0.0000000000
0.0200000000,-0.6500000000,1.3000000000,-0.1264012244,0.0000000000,2.4748787731,3.0295005189,2.8522177385,1.4052210318,-0.9174261969,-1.2787750703,-1.0819593317,2.4961473072,-3.1313282982,-2.8252746798,0.9729439012,0.0116897129,-0.8601469597,-0.6065221754,1.0000000000,0.0000000000,0.0000000000,0.0000000000,0.0000000000
0.0200000000,-0.6500000000,1.3000000000,-0.1264012244,0.0000000000,2.4741182456,3.0296629384,2.8522331467,1.4054552818,-0.9174407638,-1.2785588067,-1.0819593317,2.4935858926,-3.1314368716,-2.8258228832,0.9733283459,0.0120700719,-0.8589815373,-0.6065221754,1.0000000000,0.0000000000,0.0000000000,0.0000000000,0.0000000000
0.0200000000,-0.6500000000,1.3000000000,-0.1264012244,0.0000000000,2.4733819783,3.0298154210,2.8522507686,1.4056515067,-0.9174568876,-1.2783963606,-1.0819593317,2.4909971795,-3.1315560903,-2.8263756947,0.9736962946,0.0124525341,-0.8578343372,-0.6065221754,1.0000000000,0.0000000000,0.0000000000,0.0000000000,0.0000000000
0.0200000000,-0.6500000000,1.3000000000,-0.1264012244,0.0000000000,2.4726802660,3.0299566013,2.8522698641,1.4058176168,-0.9174740299,-1.2782689221,-1.0819593317,2.4884703770,-3.1316895547,-2.8269273079,0.9740408706,0.0128333851,-0.8567436723,-0.6065221754,1.0000000000,0.0000000000,0.0000000000,0.0000000000,0.0000000000
0.0200000000,-0.6500000000,1.3000000000,-0.1264012244,0.0000000000,2.4720148185,3.0300858348,2.8522905385,1.4059547603,-0.9174922917,-1.2781719878,-1.0819593317,2.4860325896,-3.1318411063,-2.8274782160,0.9743559326,0.0132120931,-0.8557263582,-0.6065221754,1.0000000000,0.0000000000,0.0000000000,0.0000000000,0.0000000000
0.0200000000,-0.6500000000,1.3000000000,-0.1264012244,0.0000000000,2.4713659333,3.0302055869,2.8523142993,1.4060457553,-0.9175127624,-1.2781454903,-1.0819593317,2.4835014456,-3.1320031642,-2.8280398574,0.9746558165,0.0135961453,-0.8547039444,-0.6065221754,1.0000000000,0.0000000000,0.0000000000,0.0000000000,0.0000000000
0.0200000000,-0.6500000000,1.3000000000,-0.1264012244,0.0000000000,2.4707116552,3.0303193319,2.8523424028,1.4060767362,-0.9175363463,-1.2782252027,-1.0819593317,2.4806925706,-3.1321662604,-2.8286229187,0.9749577893,0.0139928602,-0.8535930274,-0.6065221754,1.0000000000,0.0000000000,0.0000000000,0.0000000000,0.0000000000
0.0200000000,-0.6500000000,1.3000000000,-0.1264012244,0.0000000000,2.4700283043,3.0304302515,2.8523764368,1.4060369068,-0.9175642710,-1.2784353769,-1.0819593317,2.4774435544,-3.1323268095,-2.8292419514,0.9752760561,0.0144122166,-0.8523245577,-0.6065221754,1.0000000000,0.0000000000,0.0000000000,0.0000000000,0.0000000000
0.0200000000,-0.6500000000,1.3000000000,-0.1264012244,0.0000000000,2.4692978422,3.0305408419,2.8524173541,1.4059376658,-0.9175974704,-1.2787452468,-1.0819593317,2.4737530165,-3.1324957321,-2.8299110247,0.9756123189,0.0148642678,-0.8509038101,-0.6065221754,1.0000000000,0.0000000000,0.0000000000,0.0000000000,0.0000000000
0.0200000000,-0.6500000000,1.3000000000,-0.1264012244,0.0000000000,2.4685818829,3.0306422796,2.8524617737,1.4057644088,-0.9176329210,-1.2791962508,-1.0819593317,2.4697843693,-3.1326551408,-2.8305873772,0.9759478016,0.0153187584,-0.8493902828,-0.6065221754,1.0000000000,0.0000000000,0.0000000000,0.0000000000,0.0000000000
0.0200000000,-0.6500000000,1.3000000000,-0.1264012244,0.0000000000,2.4679755809,3.0307206812,2.8525047260,1.4054837665,-0.9176660527,-1.2798783317,-1.0819593317,2.4657230720,-3.1327666131,-2.8311984963,0.9762585321,0.0157244328,-0.8478416691,-0.6065221754,1.0000000000,0.0000000000,0.0000000000,0.0000000000,0.0000000000
0.0200000000,-0.6500000000,1.3000000000,-0.1264012244,0.0000000000,2.4674748825,3.0307754319,2.8525470447,1.4050956813,-0.9176975930,-1.2807840038,-1.0819593317,2.4615647533,-3.1328261466,-2.8317370760,0.9765435251,0.0160765838,-0.8462544347,-0.6065221754,1.0000000000,0.0000000000,0.0000000000,0.0000000000,0.0000000000
0.0200000000,-0.6500000000,1.3000000000,-0.1264012244,0.0000000000,2.4670753130,3.0308133575,2.8525856085,1.4046257326,-0.9177250732,-1.2818871878,-1.0819593317,2.4573717252,-3.1328563645,-2.8322381057,0.9768102147,0.0163990738,-0.8446572751,-0.6065221754,1.0000000000,0.0000000000,0.0000000000,0.0000000000,0.0000000000
0.0200000000,-0.6500000000,1.3000000000,-0.1264012244,0.0000000000,2.4668057487,3.0308375607,2.8526148724,1.4040886439,-0.9177439109,-1.2832052317,-1.0819593317,2.4532552598,-3.1328724657,-2.8327228264,0.9770624809,0.0167059013,-0.8430931625,-0.6065221754,1.0000000000,0.0000000000,0.0000000000,0.0000000000,0.0000000000
0.0200000000,-0.6500000000,1.3000000000,-0.1264012244,0.0000000000,2.4666703823,3.0308465428,2.8526351183,1.4034769214,-0.9177542829,-1.2847521770,-1.0819593317,2.4491985774,-3.1328710785,-2.8331870016,0.9772992139,0.0169939940,-0.8415555824,-0.6065221754,1.0000000000,0.0000000000,0.0000000000,0.0000000000,0.0000000000
0.0200000000,-0.6500000000,1.3000000000,-0.1264012244,0.0000000000,2.4666421138,3.0308500583,2.8526449691,1.4028499329,-0.9177550902,-1.2863716902,-1.0819593317,2.4454252400,-3.1328662863,-2.8336376060,0.9775081403,0.0172677530,-0.8401399489,-0.6065221754,1.0000000000,0.0000000000,0.0000000000,0.0000000000,0.0000000000
0.0200000000,-0.6500000000,1.3000000000,-0.1264012244,0.0000000000,2.4666997787,3.0308533440,2.8526442067,1.4022482111,-0.9177465469,-1.2879848684,-1.0819593317,2.4420581917,-3.1328660067,-2.8340736743,0.9776869848,0.0175280268,-0.8388933802,-0.6065221754,1.0000000000,0.0000000000,0.0000000000,0.0000000000,0.0000000000
0.0200000000,-0.6500000000,1.3000000000,-0.1264012244,0.0000000000,2.4668509905,3.0308538390,2.8526335853,1.4016381384,-0.9177287568,-1.2896309328,-1.0819593317,2.4389758376,-3.1328660067,-2.8345043370,0.9778371543,0.0177789383,-0.8377728287,-0.6065221754,1.0000000000,0.0000000000,0.0000000000,0.0000000000,0.0000000000
0.0200000000,-0.6500000000,1.3000000000,-0.1264012244,0.0000000000,2.4670903999,3.0308531499,2.8526143654,1.4009800215,-0.9177014231,-1.2913051577,-1.0819593317,2.4360095423,-3.1328660067,-2.8349598591,0.9779562817,0.0180358030,-0.8367279855,-0.6065221754,1.0000000000,0.0000000000,0.0000000000,0.0000000000,0.0000000000
0.0200000000,-0.6500000000,1.3000000000,-0.1264012244,0.0000000000,2.4673470156,3.0308642478,2.8525903869,1.4003741798,-0.9176684713,-1.2929843541,-1.0819593317,2.4332469545,-3.1328660067,-2.8354131953,0.9780589012,0.0182877816,-0.8357689797,-0.6065221754,1.0000000000,0.0000000000,0.0000000000,0.0000000000,0.0000000000
0.0200000000,-0.6500000000,1.3000000000,-0.1264012244,0.0000000000,2.4678279212,3.0308525108,2.8525499664,1.3995286799,-0.9176173291,-1.2947378196,-1.0819593317,2.4304211497,-3.1328660067,-2.8359516850,0.9780995383,0.0185702132,-0.8348669209,-0.6065221754,1.0000000000,0.0000000000,0.0000000000,0.0000000000,0.0000000000
0.0200000000,-0.6500000000,1.3000000000,-0.1264012244,0.0000000000,2.4687504823,3.0307852193,2.8524807125,1.3981169284,-0.9175335905,-1.2967010410,-1.0819593317,2.4271167989,-3.1328660067,-2.8366901579,0.9780381476,0.0189335859,-0.8339417568,-0.6065221754,1.0000000000,0.0000000000,0.0000000000,0.0000000000,0.0000000000
0.0200000000,-0.6500000000,1.3000000000,-0.1264012244,0.0000000000,2.4700515207,3.0306489867,2.8523896644,1.3962352835,-0.9174284705,-1.2985429421,-1.0819593317,2.4237717072,-3.1328660067,-2.8375305253,0.9778556944,0.0193245107,-0.8331437627,-0.6065221754,1.0000000000,0.0000000000,0.0000000000,0.0000000000,0.0000000000
0.0200000000,-0.6500000000,1.3000000000,-0.1264012244,0.0000000000,2.4716616444,3.0304088919,2.8522874244,1.3939912633,-0.9173203962,-1.2996245144,-1.0819593317,2.4211871133,-3.1328660067,-2.8383048319,0.9775102470,0.0196496598,-0.8327569752,-0.6065221754,1.0000000000,0.0000000000,0.0000000000,0.0000000000,0.0000000000
0.0200000000,-0.6500000000,1.3000000000,-0.1264012244,0.0000000000,2.4733280770,3.0301179354,2.8521873790,1.3917726949,-0.9172224772,-1.3001406113,-1.0819593317,2.4192849337,-3.1328660067,-2.8389489920,0.9770030122,0.0198777938,-0.8327443241,-0.6065221754,1.0000000000,0.0000000000,0.0000000000,0.0000000000,0.0000000000
0.0200000000,-0.6500000000,1.3000000000,-0.1264012244,0.0000000000,2.4748809187,3.0298167898,2.8520983819,1.3898398005,-0.9171421110,-1.3002581634,-1.0819593317,2.4179775386,-3.1328660067,-2.8394249622,0.9763388102,0.0199912427,-0.8330660092,-0.6065221754,1.0000000000,0.0000000000,0.0000000000,0.0000000000,0.0000000000
0.0200000000,-0.6500000000,1.3000000000,-0.1264012244,0.0000000000,2.4760564226,3.0295831567,2.8520348390,1.3885813358,-0.9170867504,-1.3002803119,-1.0819593317,2.4171038255,-3.1328660067,-2.8396584410,0.9755392497,0.0199576507,-0.8336359505,-0.6065221754,1.0000000000,0.0000000000,0.0000000000,0.0000000000,0.0000000000
0.0200000000,-0.6500000000,1.3000000000,-0.1264012244,0.0000000000,2.4768290012,3.0294271302,2.8519983306,1.3879909466,-0.9170560617,-1.3002711652,-1.0819593317,2.4166019214,-3.1328660067,-2.8395269933,0.9745542306,0.0197068285,-0.8344683041,-0.6065221754,1.0000000000,0.0000000000,0.0000000000,0.0000000000,0.0000000000
0.0200000000,-0.6500000000,1.3000000000,-0.1264012244,0.0000000000,2.4772263527,3.0293470298,2.8519850533,1.3879091430,-0.9170453021,-1.3002702927,-1.0819593317,2.4164004498,-3.1328660067,-2.8387794713,0.9733571971,0.0191089805,-0.8355317332,-0.6065221754,1.0000000000,0.0000000000,0.0000000000,0.0000000000,0.0000000000
0.0200000000,-0.6500000000,1.3000000000,-0.1264012244,0.0000000000,2.4773275325,3.0293298627,2.8519853531,1.3880949545,-0.9170459817,-1.3002706610,-1.0819593317,2.4164341588,-3.1328660067,-2.8370843031,0.9720192754,0.0180126049,-0.8366845309,-0.6065221754,1.0000000000,0.0000000000,0.0000000000,0.0000000000,0.0000000000
0.0200000000,-0.6500000000,1.3000000000,-0.1264012244,0.0000000000,2.4772765224,3.0293527480,2.8519912695,1.3885654682,-0.9170518599,-1.3002631876,-1.0819593317,2.4164798514,-3.1328660067,-2.8343941777,0.9707594224,0.0164355461,-0.8376191342,-0.6065221754,1.0000000000,0.0000000000,0.0000000000,0.0000000000,0.0000000000
0.0200000000,-0.6500000000,1.3000000000,-0.1264012244,0.0000000000,2.4770976334,3.0293730930,2.8520258232,1.3897070069,-0.9170852608,-1.3001134266,-1.0819593317,2.4163729227,-3.1328660067,-2.8310773484,0.9696507961,0.0145748506,-0.8382555226,-0.6065221754,1.0000000000,0.0000000000,0.0000000000,0.0000000000,0.0000000000
0.0200000000,-0.6500000000,1.3000000000,-0.1264012244,0.0000000000,2.4767489472,3.0293334399,2.8521171782,1.3916958458,-0.9171745347,-1.2994935253,-1.0819593317,2.4160692198,-3.1328660067,-2.8273372063,0.9686606786,0.0125255262,-0.8386397398,-0.6065221754,1.0000000000,0.0000000000,0.0000000000,0.0000000000,0.0000000000
0.0200000000,-0.6500000000,1.3000000000,-0.1264012244,0.0000000000,2.4761695269,3.0292307675,2.8522659138,1.3945801057,-0.9173234045,-1.2980793051,-1.0819593317,2.4155384832,-3.1328660067,-2.8231790212,0.9677129411,0.0102758148,-0.8388390215,-0.6065221754,1.0000000000,0.0000000000,0.0000000000,0.0000000000,0.0000000000
0.0200000000,-0.6500000000,1.3000000000,-0.1264012244,0.0000000000,2.4753095656,3.0291746836,2.8524177867,1.3982014583,-0.9174843710,-1.2958388721,-1.0819593317,2.4147413630,-3.1328660067,-2.8186136234,0.9667460024,0.0078195851,-0.8389030245,-0.6065221754,1.0000000000,0.0000000000,0.0000000000,0.0000000000,0.0000000000
0.0200000000,-0.6500000000,1.3000000000,-0.1264012244,0.0000000000,2.4743617003,3.0293492550,2.8524560702,1.4017488115,-0.9175473753,-1.2935485274,-1.0819593317,2.4137644646,-3.1328660067,-2.8142495959,0.9658223039,0.0054719709,-0.8388841588,-0.6065221754,1.0000000000,0.0000000000,0.0000000000,0.0000000000,0.0000000000
0.0200000000,-0.6500000000,1.3000000000,-0.1264012244,0.0000000000,2.4735829723,3.0297704450,2.8523425629,1.4049070618,-0.9174754556,-1.2916353376,-1.0819593317,2.4127591605,-3.1328660067,-2.8104502396,0.9649714907,0.0034195782,-0.8388584118,-0.6065221754,1.0000000000,0.0000000000,0.0000000000,0.0000000000,0.0000000000
0.0200000000,-0.6500000000,1.3000000000,-0.1264012244,0.0000000000,2.4731138689,3.0303974282,2.8520811139,1.4076607633,-0.9172716520,-1.2901444548,-1.0819593317,2.4118920394,-3.1328660067,-2.8074404906,0.9642143464,0.0017779864,-0.8388959335,-0.6065221754,1.0000000000,0.0000000000,0.0000000000,0.0000000000,0.0000000000
0.0200000000,-0.6500000000,1.3000000000,-0.1264012244,0.0000000000,2.4729568042,3.0311512918,2.8517138062,1.4100062863,-0.9169719981,-1.2891026854,-1.0819593317,2.4112826742,-3.1328660067,-2.8052397463,0.9635524340,0.0005566266,-0.8390402382,-0.6065221754,1.0000000000,0.0000000000,0.0000000000,0.0000000000,0.0000000000
0.0200000000,-0.6500000000,1.3000000000,-0.1264012244,0.0000000000,2.4729883649,3.0318780741,2.8513384947,1.4118674400,-0.9166600987,-1.2885717711,-1.0819593317,2.4109704319,-3.1328660067,-2.8038285588,0.9630255978,-0.0002467846,-0.8392625078,-0.6065221754,1.0000000000,0.0000000000,0.0000000000,0.0000000000,0.0000000000
0.0200000000,-0.6500000000,1.3000000000,-0.1264012244,0.0000000000,2.4730653292,3.0324434192,2.8510445183,1.4132256611,-0.9164130734,-1.2885448257,-1.0819593317,2.4109343361,-3.1328660067,-2.8031240927,0.9626660305,-0.0006672668,-0.8395116461,-0.6065221754,1.0000000000,0.0000000000,0.0000000000,0.0000000000,0.0000000000
0.0200000000,-0.6500000000,1.3000000000,-0.1264012244,0.0000000000,2.4732222659,3.0328992199,2.8507989760,1.4142615509,-0.9162044961,-1.2888493539,-1.0819593317,2.4111700789,-3.1328660067,-2.8029263816,0.9624062780,-0.0008174450,-0.8398255206,-0.6065221754,1.0000000000,0.0000000000,0.0000000000,0.0000000000,0.0000000000
0.0200000000,-0.6500000000,1.3000000000,-0.1264012244,0.0000000000,2.4735751070,3.0333565858,2.8505274226,1.4151886148,-0.9159720712,-1.2892937322,-1.0819593317,2.4117206098,-3.1328660067,-2.8030657830,0.9621547673,-0.0007997568,-0.8402863170,-0.6065221754,1.0000000000,0.0000000000,0.0000000000,0.0000000000,0.0000000000
0.0200000000,-0.6500000000,1.3000000000,-0.1264012244,0.0000000000,2.4741452250,3.0338562415,2.8502052509,1.4161189421,-0.9156955188,-1.2897663364,-1.0819593317,2.4125594255,-3.1328660067,-2.8034383570,0.9618966535,-0.0006687405,-0.8408845828,-0.6065221754,1.0000000000,0.0000000000,0.0000000000,0.0000000000,0.0000000000
0.0200000000,-0.6500000000,1.3000000000,-0.1264012244,0.0000000000,2.4747913169,3.0343206337,2.8498916689,1.4169968052,-0.9154255744,-1.2902839926,-1.0819593317,2.4135061542,-3.1328660067,-2.8040330697,0.9617702477,-0.0004021956,-0.8414173000,-0.6065221754,1.0000000000,0.0000000000,0.0000000000,0.0000000000,0.0000000000
0.0200000000,-0.6500000000,1.3000000000,-0.1264012244,0.0000000000,2.4753105068,3.0346621012,2.8496592494,1.4177465913,-0.9152244859,-1.2908614773,-1.0819593317,2.4142523721,-3.1328660067,-2.8047794078,0.9619652172,0.0000030793,-0.8415773084,-0.6065221754,1.0000000000,0.0000000000,0.0000000000,0.0000000000,0.0000000000
0.0200000000,-0.6500000000,1.3000000000,-0.1264012244,0.0000000000,2.4756229073,3.0348965888,2.8495094143,1.4183819872,-0.9150939900,-1.2914154578,-1.0819593317,2.4145786616,-3.1328660067,-2.8054954683,0.9625212072,0.0004652041,-0.8412235377,-0.6065221754,1.0000000000,0.0000000000,0.0000000000,0.0000000000,0.0000000000
0.0200000000,-0.6500000000,1.3000000000,-0.1264012244,0.0000000000,2.4757212937,3.0350522483,2.8494265268,1.4188778714,-0.9150212037,-1.2918358254,-1.0819593317,2.4143868010,-3.1328660067,-2.8060164222,0.9633814879,0.0008914724,-0.8403565577,-0.6065221754,1.0000000000,0.0000000000,0.0000000000,0.0000000000,0.0000000000
0.0200000000,-0.6500000000,1.3000000000,-0.1264012244,0.0000000000,2.4756023521,3.0351705305,2.8493893278,1.4192588051,-0.9149879370,-1.2921019163,-1.0819593317,2.4137662022,-3.1328660067,-2.8062366969,0.9643386593,0.0011887861,-0.8392028391,-0.6065221754,1.0000000000,0.0000000000,0.0000000000,0.0000000000,0.0000000000
0.0200000000,-0.6500000000,1.3000000000,-0.1264012244,0.0000000000,2.4752580544,3.0353038628,2.8493752226,1.4196620966,-0.9149740743,-1.2923569731,-1.0819593317,2.4130329590,-3.1328660067,-2.8061330225,0.9650047117,0.0012693117,-0.8382617461,-0.6065221754,1.0000000000,0.0000000000,0.0000000000,0.0000000000,0.0000000000
0.0200000000,-0.6500000000,1.3000000000,-0.1264012244,0.0000000000,2.4748050903,3.0354401115,2.8493764620,1.4200915418,-0.9149725130,-1.2927188959,-1.0819593317,2.4125475159,-3.1328660067,-2.8058519509,0.9651449356,0.0011590565,-0.8379154443,-0.6065221754,1.0000000000,0.0000000000,0.0000000000,0.0000000000,0.0000000000
0.0200000000,-0.6500000000,1.3000000000,-0.1264012244,0.0000000000,2.4743870889,3.0355473505,2.8493888345,1.4204676432,-0.9149799662,-1.2931592888,-1.0819593317,2.4123627333,-3.1328660067,-2.8056218235,0.9650037706,0.0010183912,-0.8379648631,-0.6065221754,1.0000000000,0.0000000000,0.0000000000,0.0000000000,0.0000000000
0.0200000000,-0.6500000000,1.3000000000,-0.1264012244,0.0000000000,2.4740493424,3.0356277018,2.8494046954,1.4208010965,-0.9149901531,-1.2936416475,-1.0819593317,2.4123435135,-3.1328660067,-2.8054934503,0.9648447925,0.0009239904,-0.8381023739,-0.6065221754,1.0000000000,0.0000000000,0.0000000000,0.0000000000,0.0000000000
0.0200000000,-0.6500000000,1.3000000000,-0.1264012244,0.0000000000,2.4738000506,3.0356891625,2.8494179009,1.4211045764,-0.9149982273,-1.2941019828,-1.0819593317,2.4123534643,-3.1328660067,-2.8053314347,0.9647010458,0.0008155509,-0.8382284182,-0.6065221754,1.0000000000,0.0000000000,0.0000000000,0.0000000000,0.0000000000
0.0200000000,-0.6500000000,1.3000000000,-0.1264012244,0.0000000000,2.4736581392,3.0357275878,2.8494250288,1.4213156737,-0.9150021374,-1.2944118319,-1.0819593317,2.4124515185,-3.1328660067,-2.8049480286,0.9642616965,0.0005395034,-0.8386528950,-0.6065221754,1.0000000000,0.0000000000,0.0000000000,0.0000000000,0.0000000000
0.0200000000,-0.6500000000,1.3000000000,-0.1264012244,0.0000000000,2.4736160297,3.0357399548,2.8494269208,1.4213867247,-0.9150030392,-1.2945123863,-1.0819593317,2.4127747750,-3.1328660067,-2.8043610696,0.9632311501,0.0000469672,-0.8397269472,-0.6065221754,1.0000000000,0.0000000000,0.0000000000,0.0000000000,0.0000000000
0.0200000000,-0.6500000000,1.3000000000,-0.1264012244,0.0000000000,2.4736116936,3.0357412915,2.8494270980,1.4213945182,-0.9150031132,-1.2945231823,-1.0819593317,2.4132366141,-3.1328660067,-2.8038575652,0.9618424018,-0.0004739776,-0.8412265320,-0.6065221754,1.0000000000,0.0000000000,0.0000000000,0.0000000000,0.0000000000
0.0200000000,-0.6500000000,1.3000000000,-0.1264012244,0.0000000000,2.4736120076,3.0357411968,2.8494270846,1.4213939697,-0.9150031072,-1.2945224155,-1.0819593317,2.4135840419,-3.1328660067,-2.8036259022,0.9605298463,-0.0008443729,-0.8426513239,-0.6065221754,1.0000000000,0.0000000000,0.0000000000,0.0000000000,0.0000000000
0.0200000000,-0.6500000000,1.3000000000,-0.1264012244,0.0000000000,2.4736120076,3.0357411968,2.8494270846,1.4213939697,-0.9150031072,-1.2945224155,-1.0819593317,2.4135227145,-3.1328660067,-2.8036549490,0.9596788831,-0.0009935847,-0.8435075724,-0.6065221754,1.0000000000,0.0000000000,0.0000000000,0.0000000000,0.0000000000
0.0200000000,-0.6500000000,1.3000000000,-0.1264012244,0.0000000000,2.4736120076,3.0357411968,2.8494270846,1.4213939697,-0.9150031072,-1.2945224155,-1.0819593317,2.4128679488,-3.1328660067,-2.8038192361,0.9594191335,-0.0009578188,-0.8435828355,-0.6065221754,1.0000000000,0.0000000000,0.0000000000,0.0000000000,0.0000000000
0.0200000000,-0.6500000000,1.3000000000,-0.1264012244,0.0000000000,2.4736120076,3.0357411968,2.8494270846,1.4213939697,-0.9150031072,-1.2945224155,-1.0819593317,2.4116347663,-3.1328660067,-2.8039632049,0.9595986793,-0.0008438922,-0.8430145938,-0.6065221754,1.0000000000,0.0000000000,0.0000000000,0.0000000000,0.0000000000
0.0200000000,-0.6500000000,1.3000000000,-0.1264012244,0.0000000000,2.4736120076,3.0357411968,2.8494270846,1.4213939697,-0.9150031072,-1.2945224155,-1.0819593317,2.4100373709,-3.1328660067,-2.8039994527,0.9599500310,-0.0007482504,-0.8421345436,-0.6065221754,1.0000000000,0.0000000000,0.0000000000,0.0000000000,0.0000000000
0.0200000000,-0.6500000000,1.3000000000,-0.1264012244,0.0000000000,2.4736120941,3.0357411366,2.8494270997,1.4213938236,-0.9150031216,-1.2945222703,-1.0819593317,2.4083408556,-3.1328660067,-2.8038737978,0.9602180588,-0.0007486352,-0.8412831520,-0.6065221754,1.0000000000,0.0000000000,0.0000000000,0.0000000000,0.0000000000
0.0200000000,-0.6500000000,1.3000000000,-0.1264012244,0.0000000000,2.4736113769,3.0357415908,2.8494269998,1.4213950425,-0.9150030238,-1.2945235994,-1.0819593317,2.4069028922,-3.1328660067,-2.8035481632,0.9601296648,-0.0009187851,-0.8408515954,-0.6065221754,1.0000000000,0.0484298990,0.0000000000,0.0000000000,0.0000000000
0.0200000000,-0.6500000000,1.3000000000,-0.1264012244,0.0000000000,2.4735935812,3.0357545023,2.8494235920,1.4214250036,-0.9149998155,-1.2945519930,-1.0819593317,2.4061712231,-3.1328660067,-2.8030486127,0.9594797685,-0.0012881261,-0.8412001314,-0.6065221754,1.0000000000,0.1150965656,0.0000000000,0.0000000000,0.0000000000
0.0200000000,-0.6500000000,1.3000000000,-0.1264012244,0.0000000000,2.4735173947,3.0358165478,2.8494051612,1.4215516031,-0.9149828481,-1.2946545150,-1.0819593317,2.4063416060,-3.1328660067,-2.8024675731,0.9582595138,-0.0018139591,-0.8424153906,-0.6065221754,1.0000000000,0.1817632323,0.0000000000,0.0000000000,0.0000000000
0.0200000000,-0.6500000000,1.3000000000,-0.1264012244,0.0000000000,2.4733677676,3.0359550553,2.8493594460,1.4217909084,-0.9149415012,-1.2948093101,-1.0819593317,2.4073401374,-3.1328660067,-2.8018729376,0.9565274787,-0.0024512478,-0.8444233425,-0.6065221754,1.0000000000,0.2484298990,0.0000000000,0.0000000000,0.0000000000
0.0200000000,-0.6500000000,1.3000000000,-0.1264012244,0.0000000000,2.4731586024,3.0361711245,2.8492826035,1.4221009082,-0.9148727400,-1.2949669227,-1.0819593317,2.4092068772,-3.1328660067,-2.8013262191,0.9542799984,-0.0031709228,-0.8472506701,-0.6065221754,1.0000000000,0.3150965656,0.0000000000,0.0000000000,0.0000000000
0.0200000000,-0.6500000000,1.3000000000,-0.1264012244,0.0000000000,2.4729088758,3.0364509613,2.8491781353,1.4224300869,-0.9147797689,-1.2951055372,-1.0819593317,2.4119817209,-3.1328660067,-2.8008852445,0.9515054572,-0.0039472633,-0.8509319951,-0.6065221754,1.0000000000,0.3817632323,0.0000000000,0.0000000000,0.0000000000
0.0200000000,-0.6500000000,1.3000000000,-0.1264012244,0.0000000000,2.4726534491,3.0367484148,2.8490645220,1.4227088907,-0.9146786764,-1.2952412936,-1.0819593317,2.4155157362,-3.1328660067,-2.8006501420,0.9483767340,-0.0046964905,-0.8552584808,-0.6065221754,1.0000000000,0.4484298990,0.0000000000,0.0000000000,0.0000000000
0.0200000000,-0.6500000000,1.3000000000,-0.1264012244,0.0000000000,2.4724398927,3.0369928717,2.8489716161,1.4228958044,-0.9145956274,-1.2953901510,-1.0819593317,2.4190628581,-3.1328660067,-2.8006307924,0.9454508966,-0.0053001420,-0.8594172908,-0.6065221754,1.0000000000,0.5150965656,0.0000000000,0.0000000000,0.0000000000
0.0200000000,-0.6500000000,1.3000000000,-0.1264012244,0.0000000000,2.4722532253,3.0371910911,2.8488986539,1.4230115563,-0.9145297333,-1.2955788535,-1.0819593317,2.4227915133,-3.1328660067,-2.8008103095,0.9425352707,-0.0058051022,-0.8636590434,-0.6065221754,1.0000000000,0.5817632323,0.0000000000,0.0000000000,0.0000000000
0.0200000000,-0.6500000000,1.3000000000,-0.1264012244,0.0000000000,2.4720698802,3.0373623555,2.8488395209,1.4230845149,-0.9144754527,-1.2958261509,-1.0819593317,2.4269809130,-3.1328660067,-2.8011705388,0.9393573142,-0.0062751605,-0.8683520997,-0.6065221754,1.0000000000,0.6484298990,0.0000000000,0.0000000000,0.0000000000
0.0200000000,-0.6500000000,1.3000000000,-0.1264012244,0.0000000000,2.4719209538,3.0374765777,2.8488046479,1.4231137421,-0.9144425083,-1.2960706029,-1.0819593317,2.4307125817,-3.1328660067,-2.8016130719,0.9365872353,-0.0066218743,-0.8724915818,-0.6065221754,1.0000000000,0.7150965656,0.0000000000,0.0000000000,0.0000000000
0.0200000000,-0.6500000000,1.3000000000,-0.1264012244,0.0000000000,2.4718066839,3.0375362680,2.8487925868,1.4231075265,-0.9144297590,-1.2962971584,-1.0819593317,2.4338438333,-3.1328660067,-2.8021028764,0.9343150732,-0.0068439626,-0.8759323812,-0.6065221754,1.0000000000,0.7817632323,0.0000000000,0.0000000000,0.0000000000
0.0200000000,-0.6500000000,1.3000000000,-0.1264012244,0.0000000000,2.4717029458,3.0375762335,2.8487889344,1.4230950915,-0.9144245560,-1.2965035497,-1.0819593317,2.4366400456,-3.1328660067,-2.8025956346,0.9323001986,-0.0070119732,-0.8790003025,-0.6065221754,1.0000000000,0.8484298990,0.0000000000,0.0000000000,0.0000000000
0.0200000000,-0.6500000000,1.3000000000,-0.1264012244,0.0000000000,2.4716106274,3.0375958745,2.8487938845,1.4230753191,-0.9144270616,-1.2966910467,-1.0819593317,2.4391054116,-3.1328660067,-2.8030922510,0.9305410936,-0.0071258034,-0.8816984310,-0.6065221754,1.0000000000,0.9150965656,0.0000000000,0.0000000000,0.0000000000
0.0200000000,-0.6500000000,1.3000000000,-0.1264012244,0.0000000000,2.4715209367,3.0376042671,2.8488040914,1.4230523947,-0.9144342623,-1.2968668215,-1.0819593317,2.4413999559,-3.1328660067,-2.8036034350,0.9289146339,-0.0072052390,-0.8842072192,-0.6065221754,1.0000000000,0.9816444684,0.0000000000,0.0000000000,0.0000000000
0.0200000000,-0.6500000000,1.3000000000,-0.1264012244,0.0000000000,2.4714288409,3.0376092766,2.8488162697,1.4230307690,-0.9144432439,-1.2970340848,-1.0819593317,2.4436166004,-3.1328660067,-2.8041246316,0.9273456608,-0.0072678315,-0.8866333082,-0.6065221754,1.0000000000,1.0000000000,0.0000000000,0.0000000000,0.0000000000
0.0200000000,-0.6500000000,1.3000000000,-0.1264012244,0.0000000000,2.4713376442,3.0376077391,2.8488315499,1.4230088789,-0.9144550272,-1.2971902121,-1.0819593317,2.4456969060,-3.1328660067,-2.8046514237,0.9258792285,-0.0073065902,-0.8889106092,-0.6065221754,1.0000000000,1.0000000000,0.0000000000,0.0000000000,0.0000000000
0.0200000000,-0.6500000000,1.3000000000,-0.1264012244,0.0000000000,2.4712368992,3.0376015937,2.8488504548,1.4229875432,-0.9144699790,-1.2973415758,-1.0819593317,2.4477771400,-3.1328660067,-2.8052228350,0.9244165164,-0.0073222927,-0.8911919068,-0.6065221754,1.0000000000,1.0000000000,0.0000000000,0.0000000000,0.0000000000
0.0200000000,-0.6500000000,1.3000000000,-0.1264012244,0.0000000000,2.4711166715,3.0375941028,2.8488727840,1.4229678102,-0.9144878207,-1.2974965210,-1.0819593317,2.4500137510,-3.1328660067,-2.8058743774,0.9228432375,-0.0073206341,-0.8936518139,-0.6065221754,1.0000000000,1.0000000000,0.0000000000,0.0000000000,0.0000000000
0.0200000000,-0.6500000000,1.3000000000,-0.1264012244,0.0000000000,2.4709769439,3.0375846038,2.8488988987,1.4229491137,-0.9145088565,-1.2976565345,-1.0819593317,2.4524182261,-3.1328660067,-2.8066109140,0.9211523165,-0.0073006537,-0.8963021770,-0.6065221754,1.0000000000,1.0000000000,0.0000000000,0.0000000000,0.0000000000
0.0200000000,-0.6500000000,1.3000000000,-0.1264012244,0.0000000000,2.4708226376,3.0375740088,2.8489275452,1.4229328446,-0.9145320758,-1.2978130711,-1.0819593317,2.4548815208,-3.1328660067,-2.8073984415,0.9194188815,-0.0072638731,-0.8990243807,-0.6065221754,1.0000000000,1.0000000000,0.0000000000,0.0000000000,0.0000000000
0.0200000000,-0.6500000000,1.3000000000,-0.1264012244,0.0000000000,2.4706556077,3.0375652273,2.8489568375,1.4229221678,-0.9145559227,-1.2979551539,-1.0819593317,2.4572991516,-3.1328660067,-2.8082031749,0.9177118685,-0.0072129200,-0.9017077016,-0.6065221754,1.0000000000,1.0000000000,0.0000000000,0.0000000000,0.0000000000
0.0200000000,-0.6500000000,1.3000000000,-0.1264012244,0.0000000000,2.4704738560,3.0375578108,2.8489872846,1.4229172394,-0.9145808332,-1.2980829585,-1.0819593317,2.4596826816,-3.1328660067,-2.8090359229,0.9160239649,-0.0071438758,-0.9043652106,-0.6065221754,1.0000000000,1.0000000000,0.0000000000,0.0000000000,0.0000000000
0.0200000000,-0.6500000000,1.3000000000,-0.1264012244,0.0000000000,2.4702825546,3.0375520449,2.8490180698,1.4229163419,-0.9146060832,-1.2982002541,-1.0819593317,2.4620403236,-3.1328660067,-2.8098762876,0.9143482196,-0.0070684704,-0.9070035145,-0.6065221754,1.0000000000,1.0000000000,0.0000000000,0.0000000000,0.0000000000
0.0200000000,-0.6500000000,1.3000000000,-0.1264012244,0.0000000000,2.4700834657,3.0375490146,2.8490483870,1.4229193318,-0.9146309747,-1.2983069585,-1.0819593317,2.4643653438,-3.1328660067,-2.8107106048,0.9126872234,-0.0069930274,-0.9096155489,-0.6065221754,1.0000000000,1.0000000000,0.0000000000,0.0000000000,0.0000000000
0.0200000000,-0.6500000000,1.3000000000,-0.1264012244,0.0000000000,2.4698756308,3.0375487117,2.8490783680,1.4229264321,-0.9146556222,-1.2984027195,-1.0819593317,2.4666592712,-3.1328660067,-2.8115430911,0.9110401145,-0.0069155967,-0.9122033592,-0.6065221754,1.0000000000,1.0000000000,0.0000000000,0.0000000000,0.0000000000
0.0200000000,-0.6500000000,1.3000000000,-0.1264012244,0.0000000000,2.4696661957,3.0375492531,2.8491080512,1.4229355387,-0.9146800570,-1.2984912356,-1.0819593317,2.4689162436,-3.1328660067,-2.8123520933,0.9094124210,-0.0068460371,-0.9147561053,-0.6065221754,1.0000000000,1.0000000000,0.0000000000,0.0000000000,0.0000000000
0.0200000000,-0.6500000000,1.3000000000,-0.1264012244,0.0000000000,2.4694616672,3.0375506745,2.8491365465,1.4229445689,-0.9147035037,-1.2985752844,-1.0819593317,2.4711255866,-3.1328660067,-2.8131141200,0.9078118096,-0.0067946591,-0.9172588069,-0.6065221754,1.0000000000,1.0000000000,0.0000000000,0.0000000000,0.0000000000
0.0200000000,-0.6500000000,1.3000000000,-0.1264012244,0.0000000000,2.4692586736,3.0375539757,2.8491637815,1.4229543289,-0.9147258963,-1.2986535897,-1.0819593317,2.4732924420,-3.1328660067,-2.8138417148,0.9062345398,-0.0067558687,-0.9197188338,-0.6065221754,1.0000000000,1.0000000000,0.0000000000,0.0000000000,0.0000000000
0.0200000000,-0.6500000000,1.3000000000,-0.1264012244,0.0000000000,2.4690641103,3.0375502656,2.8491935350,1.4229639731,-0.9147505203,-1.2987316762,-1.0819593317,2.4754324123,-3.1328660067,-2.8145244360,0.9046740649,-0.0067364398,-0.9221467553,-0.6065221754,1.0000000000,1.0000000000,0.0000000000,0.0000000000,0.0000000000
0.0200000000,-0.6500000000,1.3000000000,-0.1264012244,0.0000000000,2.4688832996,3.0375359538,2.8492266718,1.4229721342,-0.9147782586,-1.2988129554,-1.0819593317,2.4775416687,-3.1328660067,-2.8151515631,0.9031354929,-0.0067407802,-0.9245344242,-0.6065221754,1.0000000000,1.0000000000,0.0000000000,0.0000000000,0.0000000000
0.0200000000,-0.6500000000,1.3000000000,-0.1264012244,0.0000000000,2.4687147510,3.0375153460,2.8492608394,1.4229785237,-0.9148071790,-1.2988953316,-1.0819593317,2.4796028682,-3.1328660067,-2.8157224336,0.9016291169,-0.0067670174,-0.9268652344,-0.6065221754,1.0000000000,1.0000000000,0.0000000000,0.0000000000,0.0000000000
0.0200000000,-0.6500000000,1.3000000000,-0.1264012244,0.0000000000,2.4685604961,3.0374730403,2.8493054130,1.4229859057,-0.9148448199,-1.2989834794,-1.0819593317,2.4816859911,-3.1328660067,-2.8162414063,0.9001103009,-0.0068224907,-0.9292098725,-0.6065221754,1.0000000000,1.0000000000,0.0000000000,0.0000000000,0.0000000000
0.0200000000,-0.6500000000,1.3000000000,-0.1264012244,0.0000000000,2.4684213465,3.0373973819,2.8493672915,1.4229960283,-0.9148968271,-1.2990819873,-1.0819593317,2.4838446743,-3.1328660067,-2.8167188406,0.8985446996,-0.0069092491,-0.9316234631,-0.6065221754,1.0000000000,1.0000000000,0.0000000000,0.0000000000,0.0000000000
0.0200000000,-0.6500000000,1.3000000000,-0.1264012244,0.0000000000,2.4682965861,3.0372932311,2.8494427211,1.4230071312,-0.9149604457,-1.2991906189,-1.0819593317,2.4860425450,-3.1328660067,-2.8171563273,0.8969545955,-0.0070216671,-0.9340706038,-0.6065221754,1.0000000000,1.0000000000,0.0000000000,0.0000000000,0.0000000000
0.0200000000,-0.6500000000,1.3000000000,-0.1264012244,0.0000000000,2.4681869593,3.0371553842,2.8495364960,1.4230219955,-0.9150389967,-1.2993083348,-1.0819593317,2.4883319240,-3.1328660067,-2.8175491880,0.8953083420,-0.0071689916,-0.9366015642,-0.6065221754,1.0000000000,1.0000000000,0.0000000000,0.0000000000,0.0000000000
0.0200000000,-0.6500000000,1.3000000000,-0.1264012244,0.0000000000,2.4680962494,3.0369609406,2.8496658360,1.4230483168,-0.9151452138,-1.2994369265,-1.0819593317,2.4908725513,-3.1328660067,-2.8178893132,0.8935076867,-0.0073765733,-0.9393720492,-0.6065221754,1.0000000000,1.0000000000,0.0000000000,0.0000000000,0.0000000000
0.0200000000,-0.6500000000,1.3000000000,-0.1264012244,0.0000000000,2.4680258632,3.0366967030,2.8498391941,1.4230873957,-0.9152857087,-1.2995823690,-1.0819593317,2.4936885300,-3.1328660067,-2.8181847430,0.8915309852,-0.0076447454,-0.9424133147,-0.6065221754,1.0000000000,1.0000000000,0.0000000000,0.0000000000,0.0000000000
0.0200000000,-0.6500000000,1.3000000000,-0.1264012244,0.0000000000,2.4679739158,3.0363801966,2.8500459045,1.4231385261,-0.9154519859,-1.2997352459,-1.0819593317,2.4967695410,-3.1328660067,-2.8184221507,0.8893954769,-0.0079769646,-0.9457030288,-0.6065221754,1.0000000000,1.0000000000,0.0000000000,0.0000000000,0.0000000000
0.0200000000,-0.6500000000,1.3000000000,-0.1264012244,0.0000000000,2.4679430239,3.0360168474,2.8502863968,1.4232099987,-0.9156432015,-1.2998796890,-1.0819593317,2.5002777528,-3.1328660067,-2.8185598071,0.8870215516,-0.0084124138,-0.9493755303,-0.6065221754,1.0000000000,1.0000000000,0.0000000000,0.0000000000,0.0000000000
0.0200000000,-0.6500000000,1.3000000000,-0.1264012244,0.0000000000,2.4679341563,3.0356001872,2.8505664191,1.4233052785,-0.9158633546,-1.3000163327,-1.0819593317,2.5042436065,-3.1328660067,-2.8185984240,0.8843860254,-0.0089555831,-0.9534650551,-0.6065221754,1.0000000000,1.0000000000,0.0000000000,0.0000000000,0.0000000000
0.0200000000,-0.6500000000,1.3000000000,-0.1264012244,0.0000000000,2.4679441689,3.0351708562,2.8508530994,1.4234102396,-0.9160888592,-1.3001301359,-1.0819593317,2.5086143783,-3.1328660067,-2.8185008944,0.8815626283,-0.0096109096,-0.9578754227,-0.6065221754,1.0000000000,1.0000000000,0.0000000000,0.0000000000,0.0000000000
0.0200000000,-0.6500000000,1.3000000000,-0.1264012244,0.0000000000,2.4679707202,3.0347698854,2.8511151930,1.4235178846,-0.9162968770,-1.3002005746,-1.0819593317,2.5134190099,-3.1328660067,-2.8182175268,0.8785737531,-0.0104003098,-0.9625899680,-0.6065221754,1.0000000000,1.0000000000,0.0000000000,0.0000000000,0.0000000000
0.0200000000,-0.6500000000,1.3000000000,-0.1264012244,0.0000000000,2.4680129387,3.0343853578,2.8513585738,1.4236132237,-0.9164923843,-1.3002434289,-1.0819593317,2.5184814561,-3.1328660067,-2.8177852394,0.8755259187,-0.0112818513,-0.9674425690,-0.6065221754,1.0000000000,1.0000000000,0.0000000000,0.0000000000,0.0000000000
0.0200000000,-0.6500000000,1.3000000000,-0.1264012244,0.0000000000,2.4680731900,3.0340228622,2.8515721748,1.4236668777,-0.9166687472,-1.3002649399,-1.0819593317,2.5237055415,-3.1328660067,-2.8171883035,0.8725215674,-0.0122429017,-0.9722955150,-0.6065221754,1.0000000000,1.0000000000,0.0000000000,0.0000000000,0.0000000000
0.0200000000,-0.6500000000,1.3000000000,-0.1264012244,0.0000000000,2.4681452570,3.0336816541,2.8517606444,1.4236892159,-0.9168284507,-1.3002694243,-1.0819593317,2.5288897889,-3.1328660067,-2.8164801929,0.8696508110,-0.0132355308,-0.9769903299,-0.6065221754,1.0000000000,1.0000000000,0.0000000000,0.0000000000,0.0000000000
0.0200000000,-0.6500000000,1.3000000000,-0.1264012244,0.0000000000,2.4682106253,3.0333656705,2.8519322381,1.4237011924,-0.9169748742,-1.3002717008,-1.0819593317,2.5332994776,-3.1328660067,-2.8158259219,0.8672758935,-0.0140941405,-0.9809130331,-0.6065221754,1.0000000000,1.0000000000,0.0000000000,0.0000000000,0.0000000000
0.0200000000,-0.6500000000,1.3000000000,-0.1264012244,0.0000000000,2.4682706322,3.0330831858,2.8520807285,1.4236950040,-0.9171032323,-1.3002709452,-1.0819593317,2.5368236245,-3.1328660067,-2.8152230060,0.8654764244,-0.0148031807,-0.9839434457,-0.6065221754,1.0000000000,1.0000000000,0.0000000000,0.0000000000,0.0000000000
0.0200000000,-0.6500000000,1.3000000000,-0.1264012244,0.0000000000,2.4683252158,3.0328132255,2.8522198577,1.4236865192,-0.9172246356,-1.3002660646,-1.0819593317,2.5398607122,-3.1328660067,-2.8146473508,0.8639964031,-0.0154299082,-0.9864801604,-0.6065221754,1.0000000000,1.0000000000,0.0000000000,0.0000000000,0.0000000000
0.0200000000,-0.6500000000,1.3000000000,-0.1264012244,0.0000000000,2.4683720900,3.0325356131,2.8523636714,1.4236937158,-0.9173502148,-1.3002569533,-1.0819593317,2.5427085686,-3.1328660067,-2.8140917247,0.8626352860,-0.0160207618,-0.9888313251,-0.6065221754,1.0000000000,1.0000000000,0.0000000000,0.0000000000,0.0000000000
0.0200000000,-0.6500000000,1.3000000000,-0.1264012244,0.0000000000,2.4684105460,3.0322451725,2.8525160506,1.4237216924,-0.9174829463,-1.3002453316,-1.0819593317,2.5454208327,-3.1328660067,-2.8135605016,0.8613504532,-0.0165823961,-0.9910593903,-0.6065221754,1.0000000000,1.0000000000,0.0000000000,0.0000000000,0.0000000000
0.0200000000,-0.6500000000,1.3000000000,-0.1264012244,0.0000000000,2.4684411466,3.0319501078,2.8526714147,1.4237638009,-0.9176183710,-1.3002320585,-1.0819593317,2.5478502852,-3.1328660067,-2.8130611687,0.8602369518,-0.0170906032,-0.9930164510,-0.6065221754,1.0000000000,1.0000000000,0.0000000000,0.0000000000,0.0000000000
0.0200000000,-0.6500000000,1.3000000000,-0.1264012244,0.0000000000,2.4684634826,3.0316485260,2.8528306180,1.4238214754,-0.9177573447,-1.3002141985,-1.0819593317,2.5500430216,-3.1328660067,-2.8125847274,0.8592732810,-0.0175548466,-0.9947400645,-0.6065221754,1.0000000000,1.0000000000,0.0000000000,0.0000000000,0.0000000000
0.0200000000,-0.6500000000,1.3000000000,-0.1264012244,0.0000000000,2.4684780645,3.0313370279,2.8529956013,1.4238960066,-0.9179015344,-1.3001890698,-1.0819593317,2.5521193855,-3.1328660067,-2.8121167129,0.8583907174,-0.0179975373,-0.9963414681,-0.6065221754,1.0000000000,1.0000000000,0.0000000000,0.0000000000,0.0000000000
0.0200000000,-0.6500000000,1.3000000000,-0.1264012244,0.0000000000,2.4684846760,3.0310119676,2.8531684561,1.4239898604,-0.9180527571,-1.3001538415,-1.0819593317,2.5541698378,-3.1328660067,-2.8116457929,0.8575388130,-0.0184355312,-0.9979030676,-0.6065221754,1.0000000000,1.0000000000,0.0000000000,0.0000000000,0.0000000000
0.0200000000,-0.6500000000,1.3000000000,-0.1264012244,0.0000000000,2.4684843895,3.0306735787,2.8533490512,1.4241019420,-0.9182108655,-1.3001085360,-1.0819593317,2.5562529420,-3.1328660067,-2.8111675258,0.8566795798,-0.0188792448,-0.9994836577,-0.6065221754,1.0000000000,1.0000000000,0.0000000000,0.0000000000,0.0000000000
0.0200000000,-0.6500000000,1.3000000000,-0.1264012244,0.0000000000,2.4684897410,3.0303582494,2.8535165449,1.4241986164,-0.9183574245,-1.3000798191,-1.0819593317,2.5580999915,-3.1328660067,-2.8107445288,0.8559097815,-0.0192736120,-1.0008927317,-0.6065221754,1.0000000000,1.0000000000,0.0000000000,0.0000000000,0.0000000000
0.0200000000,-0.6500000000,1.3000000000,-0.1264012244,0.0000000000,2.4684978073,3.0300599847,2.8536743757,1.4242864301,-0.9184955006,-1.3000633849,-1.0819593317,2.5597078200,-3.1328660067,-2.8103709494,0.8552429673,-0.0196190598,-1.0021153834,-0.6065221754,1.0000000000,1.0000000000,0.0000000000,0.0000000000,0.0000000000
0.0200000000,-0.6500000000,1.3000000000,-0.1264012244,0.0000000000,2.4684955389,3.0297419452,2.8538436365,1.4243995348,-0.9186437641,-1.3000323275,-1.0819593317,2.5613225277,-3.1328660067,-2.8099848985,0.8545985722,-0.0199668554,-1.0033178340,-0.6065221754,1.0000000000,1.0000000000,0.0000000000,0.0000000000,0.0000000000
0.0200000000,-0.6500000000,1.3000000000,-0.1264012244,0.0000000000,2.4684708088,3.0293706228,2.8540435223,1.4245695691,-0.9188192106,-1.2999621535,-1.0819593317,2.5631589791,-3.1328660067,-2.8095317283,0.8539078132,-0.0203617832,-1.0046436489,-0.6065221754,1.0000000000,1.0000000000,0.0000000000,0.0000000000,0.0000000000
0.0200000000,-0.6500000000,1.3000000000,-0.1264012244,0.0000000000,2.4684114897,3.0289125091,2.8542932282,1.4248281714,-0.9190388356,-1.2998283696,-1.0819593317,2.5654320387,-3.1328660067,-2.8089567913,0.8531019073,-0.0208486280,-1.0062363936,-0.6065221754,1.0000000000,1.0000000000,0.0000000000,0.0000000000,0.0000000000
0.0200000000,-0.6500000000,1.3000000000,-0.1264012244,0.0000000000,2.4683029179,3.0283264230,2.8546162981,1.4252139245,-0.9193234838,-1.2996016430,-1.0819593317,2.5683959404,-3.1328660067,-2.8081948321,0.8521005351,-0.0214804868,-1.0082648429,-0.6065221754,1.0000000000,1.0000000000,0.0000000000,0.0000000000,0.0000000000
0.0200000000,-0.6500000000,1.3000000000,-0.1264012244,0.0000000000,2.4681314519,3.0275519127,2.8550462255,1.4257712621,-0.9197027178,-1.2992552868,-1.0819593317,2.5723226610,-3.1328660067,-2.8071727509,0.8508189010,-0.0223156468,-1.0109079471,-0.6065221754,1.0000000000,1.0000000000,0.0000000000,0.0000000000,0.0000000000
0.0200000000,-0.6500000000,1.3000000000,-0.1264012244,0.0000000000,2.4679249355,3.0266885991,2.8555270893,1.4264186550,-0.9201271158,-1.2988444045,-1.0819593317,2.5766954540,-3.1328660067,-2.8060263916,0.8494191161,-0.0232447452,-1.0138242633,-0.6065221754,1.0000000000,1.0000000000,0.0000000000,0.0000000000,0.0000000000
0.0200000000,-0.6500000000,1.3000000000,-0.1264012244,0.0000000000,2.4677216294,3.0259192056,2.8559579936,1.4270267052,-0.9205076644,-1.2984446477,-1.0819593317,2.5807007428,-3.1328660067,-2.8049734897,0.8481590180,-0.0240931209,-1.0164744202,-0.6065221754,1.0000000000,1.0000000000,0.0000000000,0.0000000000,0.0000000000
0.0200000000,-0.6500000000,1.3000000000,-0.1264012244,0.0000000000,2.4675418054,3.0253472119,2.8562819011,1.4275244885,-0.9207940754,-1.2980966033,-1.0819593317,2.5838567996,-3.1328660067,-2.8041403586,0.8471945990,-0.0247580689,-1.0185354483,-0.6065221754,1.0000000000,1.0000000000,0.0000000000,0.0000000000,0.0000000000
0.0200000000,-0.6500000000,1.3000000000,-0.1264012244,0.0000000000,2.4673790839,3.0249486009,2.8565121994,1.4279312713,-0.9209981848,-1.2977881071,-1.0819593317,2.5862618639,-3.1328660067,-2.8034991881,0.8464973429,-0.0252609671,-1.0200697465,-0.6065221754,1.0000000000,1.0000000000,0.0000000000,0.0000000000,0.0000000000
0.0200000000,-0.6500000000,1.3000000000,-0.1264012244,0.0000000000,2.4672248920,3.0246784056,2.8566737007,1.4282774342,-0.9211418542,-1.2975018222,-1.0819593317,2.5881475762,-3.1328660067,-2.8029911898,0.8459908012,-0.0256504741,-1.0212343376,-0.6065221754,1.0000000000,1.0000000000,0.0000000000,0.0000000000,0.0000000000
0.0200000000,-0.6500000000,1.3000000000,-0.1264012244,0.0000000000,2.4670711007,3.0244797771,2.8567974510,1.4285969213,-0.9212524015,-1.2972204166,-1.0819593317,2.5897943919,-3.1328660067,-2.8025458122,0.8455786472,-0.0259858855,-1.0222229552,-0.6065221754,1.0000000000,1.0000000000,0.0000000000,0.0000000000,0.0000000000
0.0200000000,-0.6500000000,1.3000000000,-0.1264012244,0.0000000000,2.4669110084,3.0243116420,2.8569059932,1.4289156097,-0.9213496711,-1.2969299411,-1.0819593317,2.5914145557,-3.1328660067,-2.8021098755,0.8451890207,-0.0263117728,-1.0231812924,-0.6065221754,1.0000000000,1.0000000000,0.0000000000,0.0000000000,0.0000000000
0.0200000000,-0.6500000000,1.3000000000,-0.1264012244,0.0000000000,2.4667379138,3.0241329270,2.8570218703,1.4292593764,-0.9214535073,-1.2966164466,-1.0819593317,2.5932203127,-3.1328660067,-2.8016302001,0.8447500619,-0.0266727080,-1.0242550422,-0.6065221754,1.0000000000,1.0000000000,0.0000000000,0.0000000000,0.0000000000
0.0200000000,-0.6500000000,1.3000000000,-0.1264012244,0.0000000000,2.4665510035,3.0239348962,2.8571497564,1.4296318769,-0.9215680255,-1.2962780040,-1.0819593317,2.5952282729,-3.1328660067,-2.8011002501,0.8442531581,-0.0270739508,-1.0254578719,-0.6065221754,1.0000000000,1.0000000000,0.0000000000,0.0000000000,0.0000000000
0.0200000000,-0.6500000000,1.3000000000,-0.1264012244,0.0000000000,2.4663571718,3.0237585430,2.8572670926,1.4300062266,-0.9216733713,-1.2959288766,-1.0819593317,2.5972060073,-3.1328660067,-2.8005763228,0.8437748397,-0.0274680864,-1.0266318249,-0.6065221754,1.0000000000,1.0000000000,0.0000000000,0.0000000000,0.0000000000
0.0200000000,-0.6500000000,1.3000000000,-0.1264012244,0.0000000000,2.4661560742,3.0236061393,2.8573727948,1.4303836509,-0.9217685853,-1.2955686323,-1.0819593317,2.5991876497,-3.1328660067,-2.8000539401,0.8433083620,-0.0278593015,-1.0277967396,-0.6065221754,1.0000000000,1.0000000000,0.0000000000,0.0000000000,0.0000000000
0.0200000000,-0.6500000000,1.3000000000,-0.1264012244,0.0000000000,2.4659459838,3.0234778024,2.8574670968,1.4307683173,-0.9218538789,-1.2951943293,-1.0819593317,2.6012279468,-3.1328660067,-2.7995234534,0.8428409739,-0.0282559336,-1.0289856958,-0.6065221754,1.0000000000,1.0000000000,0.0000000000,0.0000000000,0.0000000000
0.0200000000,-0.6500000000,1.3000000000,-0.1264012244,0.0000000000,2.4657251735,3.0233736494,2.8575502322,1.4311643931,-0.9219294637,-1.2948030259,-1.0819593317,2.6033816451,-3.1328660067,-2.7989752141,0.8423599244,-0.0286663200,-1.0302317733,-0.6065221754,1.0000000000,1.0000000000,0.0000000000,0.0000000000,0.0000000000
0.0200000000,-0.6500000000,1.3000000000,-0.1264012244,0.0000000000,2.4654912988,3.0232943182,2.8576222405,1.4315768258,-0.9219953871,-1.2943907558,-1.0819593317,2.6057071599,-3.1328660067,-2.7983987319,0.8418519832,-0.0290993889,-1.0315698781,-0.6065221754,1.0000000000,1.0000000000,0.0000000000,0.0000000000,0.0000000000
0.0200000000,-0.6500000000,1.3000000000,-0.1264012244,0.0000000000,2.4652407133,3.0232303923,2.8576883084,1.4320100768,-0.9220562729,-1.2939508258,-1.0819593317,2.6081333916,-3.1328660067,-2.7977996441,0.8413313150,-0.0295483331,-1.0329578266,-0.6065221754,1.0000000000,1.0000000000,0.0000000000,0.0000000000,0.0000000000
0.0200000000,-0.6500000000,1.3000000000,-0.1264012244,0.0000000000,2.4649772369,3.0231835734,2.8577470624,1.4324577624,-0.9221108747,-1.2934898334,-1.0819593317,2.6106302696,-3.1328660067,-2.7971857828,0.8408048672,-0.0300072690,-1.0343780353,-0.6065221754,1.0000000000,1.0000000000,0.0000000000,0.0000000000,0.0000000000
0.0200000000,-0.6500000000,1.3000000000,-0.1264012244,0.0000000000,2.4647062647,3.0231727300,2.8577882970,1.4329127576,-0.9221501210,-1.2930179375,-1.0819593317,2.6133238382,-3.1328660067,-2.7965470643,0.8402488107,-0.0304880741,-1.0359040743,-0.6065221754,1.0000000000,1.0000000000,0.0000000000,0.0000000000,0.0000000000
0.0200000000,-0.6500000000,1.3000000000,-0.1264012244,0.0000000000,2.4644331926,3.0232167350,2.8578018045,1.4333679372,-0.9221649385,-1.2925452983,-1.0819593317,2.6163401852,-3.1328660067,-2.7958733996,0.8396393080,-0.0310026306,-1.0376095395,-0.6065221754,1.0000000000,1.0000000000,0.0000000000,0.0000000000,0.0000000000
0.0200000000,-0.6500000000,1.3000000000,-0.1264012244,0.0000000000,2.4641476304,3.0233199582,2.8577866497,1.4338382929,-0.9221546077,-1.2920534232,-1.0819593317,2.6197543447,-3.1328660067,-2.7951473778,0.8389616709,-0.0315640826,-1.0395363948,-0.6065221754,1.0000000000,1.0000000000,0.0000000000,0.0000000000,0.0000000000
0.0200000000,-0.6500000000,1.3000000000,-0.1264012244,0.0000000000,2.4638464357,3.0234747139,2.8577470894,1.4343277792,-0.9221229247,-1.2915365858,-1.0819593317,2.6235112007,-3.1328660067,-2.7943730300,0.8382268285,-0.0321673375,-1.0416519138,-0.6065221754,1.0000000000,1.0000000000,0.0000000000,0.0000000000,0.0000000000
0.0200000000,-0.6500000000,1.3000000000,-0.1264012244,0.0000000000,2.4635970492,3.0237195322,2.8576553356,1.4347406441,-0.9220446501,-1.2911166222,-1.0819593317,2.6276325770,-3.1328660067,-2.7936048994,0.8374337489,-0.0327843766,-1.0439773146,-0.6065221754,1.0000000000,1.0000000000,0.0000000000,0.0000000000,0.0000000000
0.0200000000,-0.6500000000,1.3000000000,-0.1264012244,0.0000000000,2.4634148576,3.0240781002,2.8574974550,1.4350531910,-0.9219073139,-1.2908199426,-1.0819593317,2.6321805168,-3.1328660067,-2.7928512528,0.8365697141,-0.0334144683,-1.0465526966,-0.6065221754,1.0000000000,1.0000000000,0.0000000000,0.0000000000,0.0000000000
0.0200000000,-0.6500000000,1.3000000000,-0.1264012244,0.0000000000,2.4633193407,3.0245415374,2.8572756242,1.4352407064,-0.9217126478,-1.2906843022,-1.0819593317,2.6370965210,-3.1328660067,-2.7921315635,0.8356500329,-0.0340432665,-1.0493424441,-0.6065221754,1.0000000000,1.0000000000,0.0000000000,0.0000000000,0.0000000000
0.0200000000,-0.6500000000,1.3000000000,-0.1264012244,0.0000000000,2.4634292127,3.0251257105,2.8569676666,1.4351472244,-0.9214398366,-1.2909426601,-1.0819593317,2.6423044377,-3.1328660067,-2.7915436943,0.8347064661,-0.0346112654,-1.0523027696,-0.6065221754,1.0000000000,1.0000000000,0.0000000000,0.0000000000,0.0000000000
0.0200000000,-0.6500000000,1.3000000000,-0.1264012244,0.0000000000,2.4637534389,3.0258178008,2.8565787482,1.4347579139,-0.9210934042,-1.2916016443,-1.0819593317,2.6477135944,-3.1328660067,-2.7911030275,0.8337592377,-0.0351049558,-1.0553792393,-0.6065221754,1.0000000000,1.0000000000,0.0000000000,0.0000000000,0.0000000000
0.0200000000,-0.6500000000,1.3000000000,-0.1264012244,0.0000000000,2.4642237696,3.0264509714,2.8562006508,1.4341539251,-0.9207552988,-1.2924822059,-1.0819593317,2.6524317333,-3.1328660067,-2.7908482574,0.8329769940,-0.0354573576,-1.0580440603,-0.6065221754,1.0000000000,1.0000000000,0.0000000000,0.0000000000,0.0000000000
0.0200000000,-0.6500000000,1.3000000000,-0.1264012244,0.0000000000,2.4648437467,3.0270166632,2.8558367243,1.4333249947,-0.9204285795,-1.2935682262,-1.0819593317,2.6564430921,-3.1328660067,-2.7907785951,0.8323654751,-0.0356673962,-1.0602847356,-0.6065221754,1.0000000000,1.0000000000,0.0000000000,0.0000000000,0.0000000000
0.0200000000,-0.6500000000,1.3000000000,-0.1264012244,0.0000000000,2.4656919316,3.0275322311,2.8554622269,1.4321025692,-0.9200922170,-1.2947490843,-1.0819593317,2.6602852909,-3.1328660067,-2.7908314731,0.8318556320,-0.0357881185,-1.0623772822,-0.6065221754,1.0000000000,1.0000000000,0.0000000000,0.0000000000,0.0000000000
0.0200000000,-0.6500000000,1.3000000000,-0.1264012244,0.0000000000,2.4667894428,3.0280117165,2.8550674695,1.4304555999,-0.9197374559,-1.2960418793,-1.0819593317,2.6641248634,-3.1328660067,-2.7909968455,0.8314212786,-0.0358320812,-1.0644140100,-0.6065221754,1.0000000000,1.0000000000,0.0000000000,0.0000000000,0.0000000000
0.0200000000,-0.6500000000,1.3000000000,-0.1264012244,0.0000000000,2.4681894668,3.0283990053,2.8546660427,1.4282373645,-0.9193778139,-1.2972805787,-1.0819593317,2.6678301617,-3.1328660067,-2.7912755035,0.8311174705,-0.0357852815,-1.0662851348,-0.6065221754,1.0000000000,1.0000000000,0.0000000000,0.0000000000,0.0000000000
0.0200000000,-0.6500000000,1.3000000000,-0.1264012244,0.0000000000,2.4699334233,3.0286518619,2.8542668663,1.4253236112,-0.9190226221,-1.2982925917,-1.0819593317,2.6713868672,-3.1328660067,-2.7916499427,0.8309685195,-0.0356512813,-1.0679562754,-0.6065221754,1.0000000000,1.0000000000,0.0000000000,0.0000000000,0.0000000000
0.0200000000,-0.6500000000,1.3000000000,-0.1264012244,0.0000000000,2.4719643012,3.0287839345,2.8538731495,1.4218259134,-0.9186744273,-1.2991112406,-1.0819593317,2.6747639364,-3.1328660067,-2.7921064965,0.8309684906,-0.0354384775,-1.0694181860,-0.6065221754,1.0000000000,1.0000000000,0.0000000000,0.0000000000,0.0000000000
0.0200000000,-0.6500000000,1.3000000000,-0.1264012244,0.0000000000,2.4741275618,3.0287965467,2.8535065872,1.4180055721,-0.9183528603,-1.2996865367,-1.0819593317,2.6778069165,-3.1328660067,-2.7925860902,0.8311273618,-0.0351747638,-1.0705860238,-0.6065221754,1.0000000000,1.0000000000,0.0000000000,0.0000000000,0.0000000000
0.0200000000,-0.6500000000,1.3000000000,-0.1264012244,0.0000000000,2.4764273561,3.0286791260,2.8531708312,1.4138471799,-0.9180614449,-1.2999896190,-1.0819593317,2.6804824112,-3.1328660067,-2.7930892698,0.8314520103,-0.0348579724,-1.0714392950,-0.6065221754,1.0000000000,1.0000000000,0.0000000000,0.0000000000,0.0000000000
0.0200000000,-0.6500000000,1.3000000000,-0.1264012244,0.0000000000,2.4788178108,3.0284745812,2.8528547406,1.4094612151,-0.9177890540,-1.3001454073,-1.0819593317,2.6828820743,-3.1328660067,-2.7935978694,0.8319441337,-0.0344984965,-1.0720097130,-0.6065221754,1.0000000000,1.0000000000,0.0000000000,0.0000000000,0.0000000000
0.0200000000,-0.6500000000,1.3000000000,-0.1264012244,0.0000000000,2.4811917241,3.0282277159,2.8525574361,1.4050734551,-0.9175338396,-1.3002445540,-1.0819593317,2.6850569093,-3.1328660067,-2.7940883369,0.8325465830,-0.0341221262,-1.0723719372,-0.6065221754,1.0000000000,1.0000000000,0.0000000000,0.0000000000,0.0000000000
0.0200000000,-0.6500000000,1.3000000000,-0.1264012244,0.0000000000,2.4836317097,3.0279216189,2.8522717288,1.4005194097,-0.9172898041,-1.3002671464,-1.0819593317,2.6870308740,-3.1328660067,-2.7945743123,0.8333068301,-0.0337113335,-1.0724896190,-0.6065221754,1.0000000000,1.0000000000,0.0000000000,0.0000000000,0.0000000000
0.0200000000,-0.6500000000,1.3000000000,-0.1264012244,0.0000000000,2.4864249711,3.0275364602,2.8519547648,1.3952488141,-0.9170191143,-1.3002726725,-1.0819593317,2.6890207994,-3.1328660067,-2.7950882134,0.8344207044,-0.0332078629,-1.0722558138,-0.6065221754,1.0000000000,1.0000000000,0.0000000000,0.0000000000,0.0000000000
0.0200000000,-0.6500000000,1.3000000000,-0.1264012244,0.0000000000,2.4896667327,3.0270581813,2.8515975067,1.3890946612,-0.9167138211,-1.3002736006,-1.0819593317,2.6911108314,-3.1328660067,-2.7956531025,0.8359049788,-0.0325962350,-1.0716921907,-0.6065221754,1.0000000000,1.0000000000,0.0000000000,0.0000000000,0.0000000000
0.0200000000,-0.6500000000,1.3000000000,-0.1264012244,0.0000000000,2.4932716537,3.0265167057,2.8511917584,1.3821308518,-0.9163666680,-1.3002703135,-1.0819593317,2.6931049332,-3.1328660067,-2.7961908310,0.8379864381,-0.0318678830,-1.0704695445,-0.6065221754,1.0000000000,1.0000000000,0.0000000000,0.0000000000,0.0000000000
0.0200000000,-0.6500000000,1.3000000000,-0.1264012244,0.0000000000,2.4971403680,3.0259439133,2.8507359606,1.3745056393,-0.9159761828,-1.3002702927,-1.0819593317,2.6949082676,-3.1328660067,-2.7966556430,0.8407297899,-0.0310329502,-1.0684731987,-0.6065221754,1.0000000000,1.0000000000,0.0000000000,0.0000000000,0.0000000000
0.0200000000,-0.6500000000,1.3000000000,-0.1264012244,0.0000000000,2.5008391626,3.0254445297,2.8502531809,1.3669999014,-0.9155633034,-1.3002702927,-1.0819593317,2.6963235217,-3.1328660067,-2.7969628593,0.8439521067,-0.0301764973,-1.0657931630,-0.6065221754,1.0000000000,1.0000000000,0.0000000000,0.0000000000,0.0000000000
0.0200000000,-0.6500000000,1.3000000000,-0.1264012244,0.0000000000,2.5041270639,3.0250895218,2.8497491627,1.3600440122,-0.9151343161,-1.3002702927,-1.0819593317,2.6972841487,-3.1328660067,-2.7970770675,0.8475184340,-0.0293474241,-1.0625331962,-0.6065221754,1.0000000000,1.0000000000,0.0000000000,0.0000000000,0.0000000000
0.0200000000,-0.6500000000,1.3000000000,-0.1264012244,0.0000000000,2.5068473765,3.0249224616,2.8492322244,1.3539500543,-0.9146975433,-1.3002702927,-1.0819593317,2.6978156059,-3.1328660067,-2.7970030549,0.8512278230,-0.0285877629,-1.0589108185,-0.6065221754,1.0000000000,1.0000000000,0.0000000000,0.0000000000,0.0000000000
0.0200000000,-0.6500000000,1.3000000000,-0.1264012244,0.0000000000,2.5091140764,3.0250240295,2.8486196213,1.3483210618,-0.9141863981,-1.3002702927,-1.0819593317,2.6979535921,-3.1328660067,-2.7967191944,0.8554215920,-0.0278371388,-1.0545819578,-0.6065221754,1.0000000000,1.0000000000,0.0000000000,0.0000000000,0.0000000000
0.0200000000,-0.6500000000,1.3000000000,-0.1264012244,0.0000000000,2.5109929981,3.0254129432,2.8478856352,1.3430063275,-0.9135805334,-1.3002702927,-1.0819593317,2.6977760522,-3.1328660067,-2.7962544742,0.8601220826,-0.0270761601,-1.0495601351,-0.6065221754,1.0000000000,1.0000000000,0.0000000000,0.0000000000,0.0000000000
0.0200000000,-0.6500000000,1.3000000000,-0.1264012244,0.0000000000,2.5122560313,3.0261279478,2.8470596904,1.3385289483,-0.9129064179,-1.3002702927,-1.0819593317,2.6973099391,-3.1328660067,-2.7956643762,0.8649136430,-0.0263654871,-1.0442946866,-0.6065221754,1.0000000000,1.0000000000,0.0000000000,0.0000000000,0.0000000000
0.0200000000,-0.6500000000,1.3000000000,-0.1264012244,0.0000000000,2.5129407804,3.0271635670,2.8461408178,1.3348761126,-0.9121637081,-1.3002702927,-1.0819593317,2.6966334532,-3.1328660067,-2.7950099094,0.8696622445,-0.0257015660,-1.0389673350,-0.6065221754,1.0000000000,1.0000000000,0.0000000000,0.0000000000,0.0000000000
0.0200000000,-0.6500000000,1.3000000000,-0.1264012244,0.0000000000,2.5130938991,3.0285705520,2.8450856972,1.3319294055,-0.9113180404,-1.3002702927,-1.0819593317,2.6957890214,-3.1328660067,-2.7943343746,0.8744055364,-0.0250536022,-1.0335632735,-0.6065221754,1.0000000000,1.0000000000,0.0000000000,0.0000000000,0.0000000000
0.0200000000,-0.6500000000,1.3000000000,-0.1264012244,0.0000000000,2.5127496584,3.0305053070,2.8437803064,1.3294710342,-0.9102789179,-1.3002702927,-1.0819593317,2.6947872890,-3.1328660067,-2.7936793763,0.8793684564,-0.0243520835,-1.0278583877,-0.6065221754,1.0000000000,1.0000000000,0.0000000000,0.0000000000,0.0000000000
0.0200000000,-0.6500000000,1.3000000000,-0.1264012244,0.0000000000,2.5120670721,3.0328247761,2.8422951026,1.3275110565,-0.9091019512,-1.3002702927,-1.0819593317,2.6937840289,-3.1328660067,-2.7931802567,0.8841328507,-0.0236128565,-1.0223771439,-0.6065221754,1.0000000000,1.0000000000,0.0000000000,0.0000000000,0.0000000000
0.0200000000,-0.6500000000,1.3000000000,-0.1264012244,0.0000000000,2.5112268993,3.0353235914,2.8407352719,1.3260158473,-0.9078697034,-1.3002702927,-1.0819593317,2.6929054764,-3.1328660067,-2.7929164123,0.8883488537,-0.0228666199,-1.0175525592,-0.6065221754,1.0000000000,1.0000000000,0.0000000000,0.0000000000,0.0000000000
0.0200000000,-0.6500000000,1.3000000000,-0.1264012244,0.0000000000,2.5103691270,3.0380245333,2.8390546027,1.3247679321,-0.9065453163,-1.3002702927,-1.0819593317,2.6922030515,-3.1328660067,-2.7929487292,0.8920759756,-0.0220674899,-1.0133552279,-0.6065221754,1.0000000000,1.0000000000,0.0000000000,0.0000000000,0.0000000000
0.0200000000,-0.6500000000,1.3000000000,-0.1264012244,0.0000000000,2.5095286825,3.0411767589,2.8370727223,1.3235126761,-0.9049867669,-1.3002702927,-1.0819593317,2.6916585192,-3.1328660067,-2.7933291853,0.8956631475,-0.0211138754,-1.0094210153,-0.6065221754,1.0000000000,1.0000000000,0.0000000000,0.0000000000,0.0000000000
0.0200000000,-0.6500000000,1.3000000000,-0.1264012244,0.0000000000,2.5089473274,3.0446756962,2.8348094178,1.3221449475,-0.9032112953,-1.3002702927,-1.0819593317,2.6914193074,-3.1328660067,-2.7941848333,0.8988354166,-0.0199950466,-1.0061206096,-0.6065221754,1.0000000000,1.0000000000,0.0000000000,0.0000000000,0.0000000000
0.0200000000,-0.6500000000,1.3000000000,-0.1264012244,0.0000000000,2.5087569274,3.0484904826,2.8322529583,1.3205703700,-0.9012111777,-1.3002702927,-1.0819593317,2.6915247949,-3.1328660067,-2.7955207537,0.9016138610,-0.0187031560,-1.0034499421,-0.6065221754,1.0000000000,1.0000000000,0.0000000000,0.0000000000,0.0000000000
0.0200000000,-0.6500000000,1.3000000000,-0.1264012244,0.0000000000,2.5090687314,3.0525927251,2.8293964032,1.3187854806,-0.8989826923,-1.3002702927,-1.0819593317,2.6920234665,-3.1328660067,-2.7973347367,0.9039839268,-0.0172420349,-1.0014441168,-0.6065221754,1.0000000000,1.0000000000,0.0000000000,0.0000000000,0.0000000000
0.0200000000,-0.6500000000,1.3000000000,-0.1264012244,0.0000000000,2.5098760267,3.0568998570,2.8262998061,1.3169719353,-0.8965730419,-1.3002702927,-1.0819593317,2.6929112992,-3.1328660067,-2.7995210022,0.9059603617,-0.0156649037,-1.0000689010,-0.6065221754,1.0000000000,1.0000000000,0.0000000000,0.0000000000,0.0000000000
0.0200000000,-0.6500000000,1.3000000000,-0.1264012244,0.0000000000,2.5108767718,3.0610026988,2.8233193340,1.3156562090,-0.8942557169,-1.3002702927,-1.0819593317,2.6940143104,-3.1328660067,-2.8016903967,0.9075095021,-0.0141865127,-0.9992265697,-0.6065221754,1.0000000000,1.0000000000,0.0000000000,0.0000000000,0.0000000000
0.0200000000,-0.6500000000,1.3000000000,-0.1264012244,0.0000000000,2.5116266340,3.0646899755,2.8207156016,1.3152930649,-0.8922252890,-1.3002702927,-1.0819593317,2.6951026401,-3.1328660067,-2.8035098388,0.9087520301,-0.0129596694,-0.9986433436,-0.6065221754,1.0000000000,1.0000000000,0.0000000000,0.0000000000,0.0000000000
0.0200000000,-0.6500000000,1.3000000000,-0.1264012244,0.0000000000,2.5119344161,3.0681360252,2.8184227445,1.3158732473,-0.8904246108,-1.3002702927,-1.0819593317,2.6960852244,-3.1328660067,-2.8049812952,0.9098894159,-0.0119413814,-0.9980706654,-0.6065221754,1.0000000000,1.0000000000,0.0000000000,0.0000000000,0.0000000000
0.0200000000,-0.6500000000,1.3000000000,-0.1264012244,0.0000000000,2.5117454764,3.0714122662,2.8164101277,1.3173388564,-0.8888264547,-1.3002702927,-1.0819593317,2.6969253691,-3.1328660067,-2.8061359372,0.9109910511,-0.0111004606,-0.9974258726,-0.6065221754,1.0000000000,1.0000000000,0.0000000000,0.0000000000,0.0000000000
0.0200000000,-0.6500000000,1.3000000000,-0.1264012244,0.0000000000,2.5110652763,3.0745885555,2.8146341922,1.3196270745,-0.8873943393,-1.3002702927,-1.0819593317,2.6976147598,-3.1328660067,-2.8070341418,0.9120968077,-0.0103962339,-0.9966734876,-0.6065221754,1.0000000000,1.0000000000,0.0000000000,0.0000000000,0.0000000000
0.0200000000,-0.6500000000,1.3000000000,-0.1264012244,0.0000000000,2.5098544539,3.0778601744,2.8129921956,1.3228619503,-0.8860419117,-1.3002702927,-1.0819593317,2.6981656997,-3.1328660067,-2.8077734228,0.9132884895,-0.0097596886,-0.9957475819,-0.6065221754,1.0000000000,1.0000000000,0.0000000000,0.0000000000,0.0000000000
0.0200000000,-0.6500000000,1.3000000000,-0.1264012244,0.0000000000,2.5081376352,3.0811116756,2.8115586528,1.3269911035,-0.8848247583,-1.3002702927,-1.0819593317,2.6985028410,-3.1328660067,-2.8083855004,0.9145558378,-0.0091754608,-0.9946342398,-0.6065221754,1.0000000000,1.0000000000,0.0000000000,0.0000000000,0.0000000000
0.0200000000,-0.6500000000,1.3000000000,-0.1264012244,0.0000000000,2.5061066784,3.0841226761,2.8104074362,1.3316359814,-0.8838086694,-1.3002704104,-1.0819593317,2.6985806140,-3.1328660067,-2.8089124315,0.9158439760,-0.0086317511,-0.9933808412,-0.6065221754,1.0000000000,1.0000000000,0.0000000000,0.0000000000,0.0000000000
0.0200000000,-0.6500000000,1.3000000000,-0.1264012244,0.0000000000,2.5038618282,3.0867819718,2.8095655772,1.3365704792,-0.8830221675,-1.3002734143,-1.0819593317,2.6983687927,-3.1328660067,-2.8093810426,0.9171495777,-0.0081146559,-0.9919835487,-0.6065221754,1.0000000000,1.0000000000,0.0000000000,0.0000000000,0.0000000000
0.0200000000,-0.6500000000,1.3000000000,-0.1264012244,0.0000000000,2.5015643570,3.0889613545,2.8090131345,1.3413504911,-0.8824732337,-1.3002383782,-1.0819593317,2.6978559846,-3.1328660067,-2.8097967104,0.9184881455,-0.0076181588,-0.9904224808,-0.6065221754,1.0000000000,1.0000000000,0.0000000000,0.0000000000,0.0000000000
0.0200000000,-0.6500000000,1.3000000000,-0.1264012244,0.0000000000,2.4994327337,3.0905125340,2.8086870741,1.3453984506,-0.8821522055,-1.2999358543,-1.0819593317,2.6970762278,-3.1328660067,-2.8101443203,0.9198412528,-0.0071543459,-0.9887285329,-0.6065221754,1.0000000000,1.0000000000,0.0000000000,0.0000000000,0.0000000000
0.0200000000,-0.6500000000,1.3000000000,-0.1264012244,0.0000000000,2.4975466135,3.0915027870,2.8085142166,1.3487212140,-0.8820066417,-1.2992403517,-1.0819593317,2.6962163483,-3.1328660067,-2.8103973111,0.9210498685,-0.0067704243,-0.9871410299,-0.6065221754,1.0000000000,1.0000000000,0.0000000000,0.0000000000,0.0000000000
0.0200000000,-0.6500000000,1.3000000000,-0.1264012244,0.0000000000,2.4959110278,3.0921879742,2.8084390757,1.3516239340,-0.8819528812,-1.2986569724,-1.0819593317,2.6954954614,-3.1328660067,-2.8105554196,0.9219597667,-0.0064985227,-0.9859113176,-0.6065221754,1.0000000000,1.0000000000,0.0000000000,0.0000000000,0.0000000000
0.0200000000,-0.6500000000,1.3000000000,-0.1264012244,0.0000000000,2.4944758708,3.0926685886,2.8084488260,1.3541855674,-0.8819654750,-1.2983966380,-1.0819593317,2.6948889648,-3.1328660067,-2.8106335945,0.9226234996,-0.0063199076,-0.9849763547,-0.6065221754,1.0000000000,1.0000000000,0.0000000000,0.0000000000,0.0000000000
0.0200000000,-0.6500000000,1.3000000000,-0.1264012244,0.0000000000,2.4929344905,3.0930683179,2.8085306177,1.3567808476,-0.8820348445,-1.2979898666,-1.0819593317,2.6941789940,-3.1328660067,-2.8106671472,0.9232850443,-0.0061655156,-0.9839958418,-0.6065221754,1.0000000000,1.0000000000,0.0000000000,0.0000000000,0.0000000000
0.0200000000,-0.6500000000,1.3000000000,-0.1264012244,0.0000000000,2.4909859513,3.0935076215,2.8086703944,1.3598128537,-0.8821516359,-1.2969069942,-1.0819593317,2.6931903899,-3.1328660067,-2.8106851827,0.9241392475,-0.0059796589,-0.9826975916,-0.6065221754,1.0000000000,1.0000000000,0.0000000000,0.0000000000,0.0000000000
0.0200000000,-0.6500000000,1.3000000000,-0.1264012244,0.0000000000,2.4886859619,3.0940082317,2.8088475170,1.3632334726,-0.8822980865,-1.2952049360,-1.0819593317,2.6919968503,-3.1328660067,-2.8106940289,0.9251216832,-0.0057720988,-0.9811804157,-0.6065221754,1.0000000000,1.0000000000,0.0000000000,0.0000000000,0.0000000000
0.0200000000,-0.6500000000,1.3000000000,-0.1264012244,0.0000000000,2.4863544502,3.0945083269,2.8090387919,1.3667012040,-0.8824535277,-1.2933572434,-1.0819593317,2.6908073082,-3.1328660067,-2.8106966811,0.9260523624,-0.0055783089,-0.9797192568,-0.6065221754,1.0000000000,1.0000000000,0.0000000000,0.0000000000,0.0000000000
0.0200000000,-0.6500000000,1.3000000000,-0.1264012244,0.0000000000,2.4841715393,3.0949409877,2.8092489297,1.3700888564,-0.8826214380,-1.2915703169,-1.0819593317,2.6896794752,-3.1328660067,-2.8107055649,0.9269030852,-0.0053976219,-0.9783690913,-0.6065221754,1.0000000000,1.0000000000,0.0000000000,0.0000000000,0.0000000000
0.0200000000,-0.6500000000,1.3000000000,-0.1264012244,0.0000000000,2.4822360678,3.0952331583,2.8095001720,1.3733760642,-0.8828205517,-1.2899191142,-1.0819593317,2.6885631461,-3.1328660067,-2.8107349822,0.9277392819,-0.0052090741,-0.9770427532,-0.6065221754,0.9532279890,1.0000000000,0.0000000000,0.0000000000,0.0000000000
0.0200000000,-0.6500000000,1.3000000000,-0.1264012244,0.0000000000,2.4806203184,3.0953180615,2.8098159434,1.3765275492,-0.8830705588,-1.2884801228,-1.0819593317,2.6873806167,-3.1328660067,-2.8107924098,0.9286282468,-0.0049948373,-0.9756391461,-0.6065221754,0.8865613223,1.0000000000,0.0000000000,0.0000000000,0.0000000000
0.0200000000,-0.6500000000,1.3000000000,-0.1264012244,0.0000000000,2.4793494430,3.0951782236,2.8102007905,1.3794497416,-0.8833750951,-1.2873554102,-1.0819593317,2.6861253973,-3.1328660067,-2.8108748940,0.9295614665,-0.0047581451,-0.9741643487,-0.6065221754,0.8198946557,1.0000000000,0.0000000000,0.0000000000,0.0000000000
0.0200000000,-0.6500000000,1.3000000000,-0.1264012244,0.0000000000,2.4783103541,3.0949196403,2.8106146588,1.3820540286,-0.8837008030,-1.2865798068,-1.0819593317,2.6849014076,-3.1328660067,-2.8109655567,0.9304463842,-0.0045269621,-0.9727550616,-0.6065221754,0.7532279890,1.0000000000,0.0000000000,0.0000000000,0.0000000000
0.0200000000,-0.6500000000,1.3000000000,-0.1264012244,0.0000000000,2.4773965538,3.0946712519,2.8110047810,1.3842017817,-0.8840029812,-1.2862287315,-1.0819593317,2.6838248945,-3.1328660067,-2.8110474888,0.9311940809,-0.0043286093,-0.9715488907,-0.6065221754,0.6865613223,1.0000000000,0.0000000000,0.0000000000,0.0000000000
0.0200000000,-0.6500000000,1.3000000000,-0.1264012244,0.0000000000,2.4765405434,3.0945665947,2.8113072178,1.3856962823,-0.8842279017,-1.2864120615,-1.0819593317,2.6829979371,-3.1328660067,-2.8111062891,0.9317422377,-0.0041836870,-0.9706498167,-0.6065221754,0.6198946557,1.0000000000,0.0000000000,0.0000000000,0.0000000000
0.0200000000,-0.6500000000,1.3000000000,-0.1264012244,0.0000000000,2.4757808454,3.0946760027,2.8114694464,1.3863691626,-0.8843332484,-1.2871912964,-1.0819593317,2.6824811255,-3.1328660067,-2.8111364361,0.9320695487,-0.0040996797,-0.9701032215,-0.6065221754,0.5532279890,1.0000000000,0.0000000000,0.0000000000,0.0000000000
0.0200000000,-0.6500000000,1.3000000000,-0.1264012244,0.0000000000,2.4751158963,3.0950114870,2.8114912393,1.3862904232,-0.8843164272,-1.2886925688,-1.0819593317,2.6822175180,-3.1328660067,-2.8111458543,0.9322295916,-0.0040613773,-0.9698308305,-0.6065221754,0.4865613223,1.0000000000,0.0000000000,0.0000000000,0.0000000000
0.0200000000,-0.6500000000,1.3000000000,-0.1264012244,0.0000000000,2.4744628066,3.0955726016,2.8114424299,1.3857158024,-0.8842117251,-1.2910030870,-1.0819593317,2.6820801368,-3.1328660067,-2.8111475173,0.9323109828,-0.0040435376,-0.9696904795,-0.6065221754,0.4198946557,1.0000000000,0.0000000000,0.0000000000,0.0000000000
0.0200000000,-0.6500000000,1.3000000000,-0.1264012244,0.0000000000,2.4738757687,3.0962977708,2.8114181120,1.3848046862,-0.8840643489,-1.2936972706,-1.0819593317,2.6820205297,-3.1328660067,-2.8111468536,0.9323459099,-0.0040366037,-0.9696297562,-0.6065221754,0.3532279890,1.0000000000,0.0000000000,0.0000000000,0.0000000000
0.0200000000,-0.6500000000,1.3000000000,-0.1264012244,0.0000000000,2.4734555317,3.0970161031,2.8114497893,1.3836200590,-0.8839204240,-1.2960370758,-1.0819593317,2.6820027064,-3.1328660067,-2.8111459923,0.9323563411,-0.0040348797,-0.9696114939,-0.6065221754,0.2865613223,1.0000000000,0.0000000000,0.0000000000,0.0000000000
0.0200000000,-0.6500000000,1.3000000000,-0.1264012244,0.0000000000,2.4732168899,3.0976401324,2.8114899905,1.3819861175,-0.8837831720,-1.2977941216,-1.0819593317,2.6819980546,-3.1328660067,-2.8111454763,0.9323590799,-0.0040345783,-0.9696066572,-0.6065221754,0.2198946557,1.0000000000,0.0000000000,0.0000000000,0.0000000000
0.0200000000,-0.6500000000,1.3000000000,-0.1264012244,0.0000000000,2.4731109269,3.0981081820,2.8114874802,1.3801310467,-0.8836565729,-1.2989694359,-1.0819593317,2.6819978932,-3.1328660067,-2.8111452157,0.9323591875,-0.0040346915,-0.9696064314,-0.6065221754,0.1532279890,1.0000000000,0.0000000000,0.0000000000,0.0000000000
0.0200000000,-0.6500000000,1.3000000000,-0.1264012244,0.0000000000,2.4731076831,3.0983936772,2.8114264425,1.3782859190,-0.8835466963,-1.2996154791,-1.0819593317,2.6819977908,-3.1328660067,-2.8111451244,0.9323592456,-0.0040347263,-0.9696063119,-0.6065221754,0.0865613223,1.0000000000,0.0000000000,0.0000000000,0.0000000000
0.0200000000,-0.6500000000,1.3000000000,-0.1264012244,0.0000000000,2.4731184230,3.0986069023,2.8112858856,1.3760268031,-0.8834212176,-1.2999545289,-1.0819593317,2.6819983853,-3.1328660067,-2.8111451258,0.9323588911,-0.0040347986,-0.9696069222,-0.6065221754,0.0200081197,1.0000000000,0.0000000000,0.0000000000,0.0000000000
0.0200000000,-0.6500000000,1.3000000000,-0.1264012244,0.0000000000,2.4731000213,3.0988188153,2.8110308586,1.3729206669,-0.8832493055,-1.3001719337,-1.0819593317,2.6819988899,-3.1328660067,-2.8111451429,0.9323585906,-0.0040348513,-0.9696074424,-0.6065221754,0.0000000000,1.0000000000,0.0000000000,0.0000000000,0.0000000000
0.0200000000,-0.6500000000,1.3000000000,-0.1264012244,0.0000000000,2.4729261674,3.0990658375,2.8106941271,1.3693675763,-0.8830467818,-1.3002699452,-1.0819593317,2.6819993196,-3.1328660067,-2.8111451699,0.9323583350,-0.0040348897,-0.9696078875,-0.6065221754,0.0000000000,1.0000000000,0.0000000000,0.0000000000,0.0000000000
0.0200000000,-0.6500000000,1.3000000000,-0.1264012244,0.0000000000,2.4723780695,3.0994214417,2.8103117380,1.3658625068,-0.8828291902,-1.3002810397,-1.0819593317,2.6819995139,-3.1328660067,-2.8111451800,0.9323582195,-0.0040349084,-0.9696080885,-0.6065221754,0.0000000000,1.0000000000,0.0000000000,0.0000000000,0.0000000000
0.0200000000,-0.6500000000,1.3000000000,-0.1264012244,0.0000000000,2.4714808079,3.0998925326,2.8099474134,1.3628221857,-0.8826199846,-1.3002716338,-1.0819593317,2.6819995899,-3.1328660067,-2.8111451839,0.9323581744,-0.0040349158,-0.9696081671,-0.6065221754,0.0000000000,1.0000000000,0.0000000000,0.0000000000,0.0000000000
0.0200000000,-0.6500000000,1.3000000000,-0.1264012244,0.0000000000,2.4701672099,3.1005122338,2.8096293926,1.3604680397,-0.8824284810,-1.3002720231,-1.0819593317,2.6819995876,-3.1328660067,-2.8111451838,0.9323581758,-0.0040349156,-0.9696081648,-0.6065221754,0.0000000000,1.0000000000,0.0000000000,0.0000000000,0.0000000000
0.0200000000,-0.6500000000,1.3000000000,-0.1264012244,0.0000000000,2.4682553078,3.1013588014,2.8093272365,1.3585965341,-0.8822366679,-1.3002737712,-1.0819593317,2.6819995516,-3.1328660067,-2.8111452220,0.9323581930,-0.0040348916,-0.9696081387,-0.6065221754,0.0000000000,1.0000000000,0.0000000000,0.0000000000,0.0000000000
0.0200000000,-0.6500000000,1.3000000000,-0.1264012244,0.0000000000,2.4656732024,3.1024469511,2.8090506594,1.3572490705,-0.8820511316,-1.3002221997,-1.0819593317,2.6819995881,-3.1328660067,-2.8111451734,0.9323581766,-0.0040349211,-0.9696081624,-0.6065221754,0.0000000000,1.0000000000,0.0000000000,0.0000000000,0.0000000000
0.0200000000,-0.6500000000,1.3000000000,-0.1264012244,0.0000000000,2.4623315382,3.1037834230,2.8088273170,1.3565757088,-0.8818899387,-1.3000220148,-1.0819593317,2.6819998864,-3.1328660067,-2.8111447823,0.9323580437,-0.0040351589,-0.9696083563,-0.6065221754,0.0000000000,1.0000000000,0.0000000000,0.0000000000,0.0000000000
0.0200000000,-0.6500000000,1.3000000000,-0.1264012244,0.0000000000,2.4581417315,3.1053587849,2.8086599460,1.3564851888,-0.8817635897,-1.2993961714,-1.0819593317,2.6820008010,-3.1328660067,-2.8111436639,0.9323576464,-0.0040358429,-0.9696089532,-0.6065221754,0.0000000000,1.0000000000,0.0000000000,0.0000000000,0.0000000000
0.0200000000,-0.6500000000,1.3000000000,-0.1264012244,0.0000000000,2.4531823252,3.1071028668,2.8085626642,1.3570288232,-0.8816893898,-1.2981398516,-1.0819593317,2.6820017173,-3.1328660067,-2.8111419494,0.9323571717,-0.0040368625,-0.9696095354,-0.6065221754,0.0000000000,1.0000000000,0.0000000000,0.0000000000,0.0000000000
0.0200000000,-0.6500000000,1.3000000000,-0.1264012244,0.0000000000,2.4478234571,3.1088596672,2.8085448095,1.3582108459,-0.8816801517,-1.2962268744,-1.0819593317,2.6820010629,-3.1328660067,-2.8111407106,0.9323571923,-0.0040375208,-0.9696090549,-0.6065221754,0.0000000000,1.0000000000,0.0000000000,0.0000000000,0.0000000000
0.0200000000,-0.6500000000,1.3000000000,-0.1264012244,0.0000000000,2.4430360531,3.1103397497,2.8085847027,1.3596452140,-0.8817189225,-1.2942044661,-1.0819593317,2.6819970301,-3.1328660067,-2.8111414469,0.9323584408,-0.0040368578,-0.9696062712,-0.6065221754,0.0000000000,1.0000000000,0.0000000000,0.0000000000,0.0000000000
0.0200000000,-0.6500000000,1.3000000000,-0.1264012244,0.0000000000,2.4386803983,3.1115923478,2.8086792969,1.3612972917,-0.8818031188,-1.2920777310,-1.0819593317,2.6819870611,-3.1328660067,-2.8111497665,0.9323622484,-0.0040315853,-0.9695996872,-0.6065221754,0.0000000000,1.0000000000,0.0000000000,0.0000000000,0.0000000000
0.0200000000,-0.6500000000,1.3000000000,-0.1264012244,0.0000000000,2.4340838621,3.1128538914,2.8088167654,1.3631652511,-0.8819228422,-1.2897150125,-1.0819593317,2.6819678957,-3.1328660067,-2.8111738053,0.9323703725,-0.0040169697,-0.9695874916,-0.6065221754,0.0000000000,1.0000000000,0.0000000000,0.0000000000,0.0000000000
0.0200000000,-0.6500000000,1.3000000000,-0.1264012244,0.0000000000,2.4294615357,3.1140688603,2.8089885392,1.3651578450,-0.8820707342,-1.2872232788,-1.0819593317,2.6819402005,-3.1328660067,-2.8112153870,0.9323828816,-0.0039920222,-0.9695701698,-0.6065221754,0.0000000000,1.0000000000,0.0000000000,0.0000000000,0.0000000000
0.0200000000,-0.6500000000,1.3000000000,-0.1264012244,0.0000000000,2.4251569629,3.1151560236,2.8091763963,1.3670669994,-0.8822309735,-1.2848077205,-1.0819593317,2.6819026705,-3.1328660067,-2.8112854189,0.9324013994,-0.0039505586,-0.9695472687,-0.6065221754,0.0000000000,1.0000000000,0.0000000000,0.0000000000,0.0000000000
0.0200000000,-0.6500000000,1.3000000000,-0.1264012244,0.0000000000,2.4211778823,3.1161141074,2.8093795716,1.3688893279,-0.8824029321,-1.2824739672,-1.0819593317,2.6818556116,-3.1328660067,-2.8113833379,0.9324257995,-0.0038929080,-0.9695189499,-0.6065221754,0.0000000000,1.0000000000,0.0000000000,0.0000000000,0.0000000000
0.0200000000,-0.6500000000,1.3000000000,-0.1264012244,0.0000000000,2.4176766004,3.1169387626,2.8095700224,1.3705139169,-0.8825636147,-1.2803794096,-1.0819593317,2.6818084727,-3.1328660067,-2.8114895802,0.9324515214,-0.0038305270,-0.9694905508,-0.6065221754,0.0000000000,1.0000000000,0.0000000000,0.0000000000,0.0000000000
0.0200000000,-0.6500000000,1.3000000000,-0.1264012244,0.0000000000,2.4149029684,3.1175905185,2.8097218521,1.3717993351,-0.8826916411,-1.2787153904,-1.0819593317,2.6817691236,-3.1328660067,-2.8115809427,0.9324729073,-0.0037770240,-0.9694673782,-0.6065221754,0.0000000000,1.0000000000,0.0000000000,0.0000000000,0.0000000000
0.0200000000,-0.6500000000,1.3000000000,-0.1264012244,0.0000000000,2.4128479647,3.1180615951,2.8098417344,1.3727642499,-0.8827924550,-1.2774555207,-1.0819593317,2.6817352628,-3.1328660067,-2.8116612817,0.9324908237,-0.0037301435,-0.9694482447,-0.6065221754,0.0000000000,1.0000000000,0.0000000000,0.0000000000,0.0000000000
0.0200000000,-0.6500000000,1.3000000000,-0.1264012244,0.0000000000,2.4110693502,3.1184551557,2.8099546371,1.3736120107,-0.8828869666,-1.2763322576,-1.0819593317,2.6817006560,-3.1328660067,-2.8117552431,0.9325115868,-0.0036753902,-0.9694280065,-0.6065221754,0.0000000000,1.0000000000,0.0000000000,0.0000000000,0.0000000000
0.0200000000,-0.6500000000,1.3000000000,-0.1264012244,0.0000000000,2.4090942253,3.1188818819,2.8100870428,1.3745593034,-0.8829973537,-1.2750602121,-1.0819593317,2.6816586739,-3.1328660067,-2.8118896563,0.9325420651,-0.0035969873,-0.9694011327,-0.6065221754,0.0000000000,1.0000000000,0.0000000000,0.0000000000,0.0000000000
0.0200000000,-0.6500000000,1.3000000000,-0.1264012244,0.0000000000,2.4063540082,3.1194731490,2.8102718909,1.3758681801,-0.8831511523,-1.2732922634,-1.0819593317,2.6816006811,-3.1328660745,-2.8121000831,0.9325911679,-0.0034740592,-0.9693605603,-0.6065221754,0.0000000000,1.0000000000,0.0000000000,0.0000000000,0.0000000000
0.0200000000,-0.6500000000,1.3000000000,-0.1264012244,0.0000000000,2.4027604822,3.1202466480,2.8105159371,1.3775826114,-0.8833539749,-1.2709682904,-1.0819593317,2.6815241074,-3.1328665566,-2.8123953066,0.9326604354,-0.0033015630,-0.9693050860,-0.6065221754,0.0000000000,1.0000000000,0.0000000000,0.0000000000,0.0000000000
0.0200000000,-0.6500000000,1.3000000000,-0.1264012244,0.0000000000,2.3988583179,3.1210814629,2.8107845504,1.3794460808,-0.8835769614,-1.2684323301,-1.0819593317,2.6814393644,-3.1328669214,-2.8127339935,0.9327404739,-0.0031035953,-0.9692420294,-0.6065221754,0.0000000000,1.0000000000,0.0000000000,0.0000000000,0.0000000000
0.0200000000,-0.6500000000,1.3000000000,-0.1264012244,0.0000000000,2.3953595795,3.1218286313,2.8110266922,1.3811139137,-0.8837777636,-1.2661554005,-1.0819593317,2.6813638602,-3.1328659221,-2.8130472049,0.9328166601,-0.0029201603,-0.9691824914,-0.6065221754,0.0000000000,1.0000000000,0.0000000000,0.0000000000,0.0000000000
0.0200000000,-0.6500000000,1.3000000000,-0.1264012244,0.0000000000,2.3927599592,3.1223821710,2.8112078192,1.3823535787,-0.8839278547,-1.2644584102,-1.0819593317,2.6813078862,-3.1328672519,-2.8132881400,0.9328753179,-0.0027790663,-0.9691374499,-0.6065221754,0.0000000000,1.0000000000,0.0000000000,0.0000000000,0.0000000000
0.0200000000,-0.6500000000,1.3000000000,-0.1264012244,0.0000000000,2.3909448902,3.1227655030,2.8113364840,1.3832212008,-0.8840343217,-1.2632641298,-1.0819593317,2.6812684040,-3.1328714613,-2.8134693284,0.9329189104,-0.0026730782,-0.9691051448,-0.6065221754,0.0000000000,1.0000000000,0.0000000000,0.0000000000,0.0000000000
0.0200000000,-0.6500000000,1.3000000000,-0.1264012244,0.0000000000,2.3894603828,3.1230769832,2.8114436659,1.3839266240,-0.8841227095,-1.2622823738,-1.0819593317,2.6812368285,-3.1328733083,-2.8136318673,0.9329610300,-0.0025775002,-0.9690744088,-0.6065221754,0.0000000000,1.0000000000,0.0000000000,0.0000000000,0.0000000000
0.0200000000,-0.6500000000,1.3000000000,-0.1264012244,0.0000000000,2.3879671725,3.1233902321,2.8115525592,1.3846252811,-0.8842120990,-1.2612968425,-1.0819593317,2.6812070200,-3.1328679894,-2.8138075045,0.9330128772,-0.0024731349,-0.9690360521,-0.6065221754,0.0000000000,1.0000000000,0.0000000000,0.0000000000,0.0000000000
0.0200000000,-0.6500000000,1.3000000000,-0.1264012244,0.0000000000,2.3861259950,3.1237788699,2.8116863583,1.3854726054,-0.8843215712,-1.2600912360,-1.0819593317,2.6811728391,-3.1328507010,-2.8140279880,0.9330856522,-0.0023407852,-0.9689808853,-0.6065221754,0.0000000000,1.0000000000,0.0000000000,0.0000000000,0.0000000000
0.0200000000,-0.6500000000,1.3000000000,-0.1264012244,0.0000000000,2.3835894390,3.1243183348,2.8118693198,1.3866264476,-0.8844712671,-1.2584411166,-1.0819593317,2.6811280533,-3.1328166196,-2.8143264141,0.9331910039,-0.0021604460,-0.9688994211,-0.6065221754,0.0000000000,1.0000000000,0.0000000000,0.0000000000,0.0000000000
0.0200000000,-0.6500000000,1.3000000000,-0.1264012244,0.0000000000,2.3803459914,3.1250117120,2.8121078177,1.3880788298,-0.8846686242,-1.2563052383,-1.0819593317,2.6810727623,-3.1327678229,-2.8147085455,0.9333298162,-0.0019288648,-0.9687916781,-0.6065221754,0.0000000000,1.0000000000,0.0000000000,0.0000000000,0.0000000000
0.0200000000,-0.6500000000,1.3000000000,-0.1264012244,0.0000000000,2.3768861947,3.1257516175,2.8123594817,1.3896256875,-0.8848752889,-1.2540502507,-1.0819593317,2.6810154201,-3.1327074569,-2.8151214589,0.9334854176,-0.0016776453,-0.9686701659,-0.6065221754,0.0000000000,1.0000000000,0.0000000000,0.0000000000,0.0000000000
0.0200000000,-0.6500000000,1.3000000000,-0.1264012244,0.0000000000,2.3735899388,3.1264551311,2.8125875071,1.3911171914,-0.8850565812,-1.2519874598,-1.0819593317,2.6809626732,-3.1326343484,-2.8155215600,0.9336457988,-0.0014324985,-0.9685432254,-0.6065221754,0.0000000000,1.0000000000,0.0000000000,0.0000000000,0.0000000000
0.0200000000,-0.6500000000,1.3000000000,-0.1264012244,0.0000000000,2.3707723211,3.1270666534,2.8127897982,1.3923668047,-0.8852189067,-1.2502230467,-1.0819593317,2.6809208264,-3.1325516235,-2.8158744119,0.9337947713,-0.0012150011,-0.9684249678,-0.6065221754,0.0000000000,1.0000000000,0.0000000000,0.0000000000,0.0000000000
0.0200000000,-0.6500000000,1.3000000000,-0.1264012244,0.0000000000,2.3682669516,3.1276183293,2.8129733315,1.3934600009,-0.8853661262,-1.2486699186,-1.0819593317,2.6808867572,-3.1324582326,-2.8161986965,0.9339397797,-0.0010137025,-0.9683092710,-0.6065221754,0.0000000000,1.0000000000,0.0000000000,0.0000000000,0.0000000000
0.0200000000,-0.6500000000,1.3000000000,-0.1264012244,0.0000000000,2.3655063482,3.1281972841,2.8131131977,1.3947947592,-0.8854511431,-1.2472918495,-1.0819593317,2.6808485034,-3.1323433141,-2.8165553305,0.9341170744,-0.0007890049,-0.9681627697,-0.6065221754,0.0000000000,1.0000000000,0.0000000000,0.0000000000,0.0000000000
0.0200000000,-0.6500000000,1.3000000000,-0.1264012244,0.0000000000,2.3619982556,3.1288858816,2.8131984848,1.3967088382,-0.8854446645,-1.2460250785,-1.0819593317,2.6807963544,-3.1321971981,-2.8169982666,0.9343556648,-0.0005064193,-0.9679595441,-0.6065221754,0.0000000000,1.0000000000,0.0000000000,0.0000000000,0.0000000000
0.0200000000,-0.6500000000,1.3000000000,-0.1264012244,0.0000000000,2.3576646364,3.1297090559,2.8132423328,1.3992520993,-0.8853567060,-1.2448375677,-1.0819593317,2.6807307823,-3.1320120099,-2.8175407077,0.9346603074,-0.0001579798,-0.9676968093,-0.6065221754,0.0000000000,1.0000000000,0.0000000000,0.0000000000,0.0000000000
0.0200000000,-0.6500000000,1.3000000000,-0.1264012244,0.0000000000,2.3529826958,3.1305393724,2.8131963634,1.4021098125,-0.8851578610,-1.2438730003,-1.0819593317,2.6806530253,-3.1318233606,-2.8181113727,0.9350016660,0.0002125760,-0.9673949098,-0.6065221754,0.0000000000,1.0000000000,0.0000000000,0.0000000000,0.0000000000
0.0200000000,-0.6500000000,1.3000000000,-0.1264012244,0.0000000000,2.3483410505,3.1312383625,2.8129722459,1.4051133966,-0.8847676130,-1.2434301799,-1.0819593317,2.6805607614,-3.1316736544,-2.8186386309,0.9353556979,0.0005623731,-0.9670671950,-0.6065221754,0.0000000000,1.0000000000,0.0000000000,0.0000000000,0.0000000000
0.0200000000,-0.6500000000,1.3000000000,-0.1264012244,0.0000000000,2.3436880793,3.1318180789,2.8125759069,1.4082271364,-0.8841969987,-1.2434021272,-1.0819593317,2.6804514540,-3.1315615164,-2.8191310925,0.9357278759,0.0008970619,-0.9667082324,-0.6065221754,0.0000000000,1.0000000000,0.0000000000,0.0000000000,0.0000000000
0.0200000000,-0.6500000000,1.3000000000,-0.1264012244,0.0000000000,2.3391968054,3.1322610844,2.8120567528,1.4109135157,-0.8835450702,-1.2431646322,-1.0819593317,2.6803183527,-3.1315058704,-2.8195776696,0.9361100639,0.0012091035,-0.9663223022,-0.6065221754,0.0000000000,1.0000000000,0.0000000000,0.0000000000,0.0000000000
0.0200000000,-0.6500000000,1.3000000000,-0.1264012244,0.0000000000,2.3348995106,3.1325595187,2.8114185159,1.4130959110,-0.8828222442,-1.2426409532,-1.0819593317,2.6801607562,-3.1315103114,-2.8199751106,0.9365009120,0.0014964611,-0.9659100759,-0.6065221754,0.0000000000,1.0000000000,0.0000000000,0.0000000000,0.0000000000
0.0200000000,-0.6500000000,1.3000000000,-0.1264012244,0.0000000000,2.3307425640,3.1327514098,2.8106633574,1.4147141575,-0.8820425577,-1.2417069880,-1.0819593317,2.6799679037,-3.1315790760,-2.8203302315,0.9369039131,0.0017640298,-0.9654644015,-0.6065221754,0.0000000000,1.0000000000,0.0000000000,0.0000000000,0.0000000000
0.0200000000,-0.6500000000,1.3000000000,-0.1264012244,0.0000000000,2.3268119987,3.1328414723,2.8098281385,1.4155981009,-0.8812568104,-1.2401880273,-1.0819593317,2.6797400654,-3.1317215159,-2.8206405513,0.9373139013,0.0020092375,-0.9649906549,-0.6065221754,0.0000000000,1.0000000000,0.0000000000,0.0000000000,0.0000000000
0.0200000000,-0.6500000000,1.3000000000,-0.1264012244,0.0000000000,2.3227606611,3.1328639942,2.8087688669,1.4158986228,-0.8803300893,-1.2381114044,-1.0819593317,2.6794395420,-3.1319386452,-2.8209171941,0.9377588846,0.0022458117,-0.9644447439,-0.6065221754,0.0000000000,1.0000000000,0.0000000000,0.0000000000,0.0000000000
0.0200000000,-0.6500000000,1.3000000000,-0.1264012244,0.0000000000,2.3182804671,3.1328694233,2.8073943630,1.4158429274,-0.8791673354,-1.2355702614,-1.0819593317,2.6790426479,-3.1322189287,-2.8211780100,0.9382590538,0.0024890206,-0.9637976946,-0.6065221754,0.0000000000,1.0000000000,0.0000000000,0.0000000000,0.0000000000
0.0200000000,-0.6500000000,1.3000000000,-0.1264012244,0.0000000000,2.3137962962,3.1328661043,2.8057987548,1.4155579862,-0.8778348088,-1.2329406608,-1.0819593317,2.6785941142,-3.1324838093,-2.8213726969,0.9387598807,0.0027006813,-0.9631168165,-0.6065221754,0.0000000000,1.0000000000,0.0000000000,0.0000000000,0.0000000000
0.0200000000,-0.6500000000,1.3000000000,-0.1264012244,0.0000000000,2.3093891634,3.1328660067,2.8039480105,1.4151330946,-0.8762944154,-1.2303740770,-1.0819593317,2.6781076118,-3.1326821117,-2.8214624913,0.9392442105,0.0028557369,-0.9624197446,-0.6065221754,0.0000000000,1.0000000000,0.0000000000,0.0000000000,0.0000000000
0.0200000000,-0.6500000000,1.3000000000,-0.1264012244,0.0000000000,2.3044412015,3.1328660067,2.8014859571,1.4144780994,-0.8742501601,-1.2274623969,-1.0819593317,2.6775309860,-3.1328025934,-2.8213937915,0.9397739174,0.0029345342,-0.9616133988,-0.6065221754,0.0000000000,1.0000000000,0.0000000000,0.0000000000,0.0000000000
0.0200000000,-0.6500000000,1.3000000000,-0.1264012244,0.0000000000,2.2996831326,3.1328660067,2.7987891731,1.4136986757,-0.8720159080,-1.2246292429,-1.0819593317,2.6769647849,-3.1328558734,-2.8212264042,0.9402699061,0.0029506090,-0.9608326998,-0.6065221754,0.0000000000,1.0000000000,0.0000000000,0.0000000000,0.0000000000
0.0200000000,-0.6500000000,1.3000000000,-0.1264012244,0.0000000000,2.2956861656,3.1328660067,2.7962200121,1.4129054196,-0.8698928551,-1.2222145591,-1.0819593317,2.6764895879,-3.1328665646,-2.8210361490,0.9406732019,0.0029315486,-0.9601850963,-0.6065221754,0.0000000000,1.0000000000,0.0000000000,0.0000000000,0.0000000000
0.0200000000,-0.6500000000,1.3000000000,-0.1264012244,0.0000000000,2.2919059977,3.1328660067,2.7935674480,1.4120423979,-0.8677065914,-1.2199125866,-1.0819593317,2.6760453177,-3.1328669504,-2.8208786760,0.9410445187,0.0029223181,-0.9595897194,-0.6065221754,0.0000000000,1.0000000000,0.0000000000,0.0000000000,0.0000000000
0.0200000000,-0.6500000000,1.3000000000,-0.1264012244,0.0000000000,2.2881766367,3.1328660067,2.7907454638,1.4110769920,-0.8653873550,-1.2176321372,-1.0819593317,2.6756161987,-3.1328666206,-2.8207779200,0.9414008070,0.0029398753,-0.9590257878,-0.6065221754,0.0000000000,1.0000000000,0.0000000000,0.0000000000,0.0000000000
0.0200000000,-0.6500000000,1.3000000000,-0.1264012244,0.0000000000,2.2840865634,3.1328660067,2.7873905906,1.4098430835,-0.8626427173,-1.2151450356,-1.0819593317,2.6751662930,-3.1328675605,-2.8207707526,0.9417757400,0.0030110718,-0.9584490621,-0.6065221754,0.0000000000,1.0000000000,0.0000000000,0.0000000000,0.0000000000
0.0200000000,-0.6500000000,1.3000000000,-0.1264012244,0.0000000000,2.2795268388,3.1328660067,2.7833711045,1.4082628994,-0.8593692889,-1.2124019087,-1.0819593317,2.6746921560,-3.1328681598,-2.8208856577,0.9421750463,0.0031523134,-0.9578566275,-0.6065221754,0.0000000000,1.0000000000,0.0000000000,0.0000000000,0.0000000000
0.0200000000,-0.6500000000,1.3000000000,-0.1264012244,0.0000000000,2.2746602727,3.1328660067,2.7787326326,1.4062602372,-0.8556180847,-1.2095681428,-1.0819593317,2.6742392430,-3.1328488044,-2.8211754300,0.9425714457,0.0033857459,-0.9573039248,-0.6065221754,0.0000000000,1.0000000000,0.0000000000,0.0000000000,0.0000000000
0.0200000000,-0.6500000000,1.3000000000,-0.1264012244,0.0000000000,2.2699818493,3.1328660067,2.7739805132,1.4040444411,-0.8517989222,-1.2069484507,-1.0819593317,2.6738540544,-3.1327874630,-2.8215981490,0.9429261280,0.0036811692,-0.9568435775,-0.6065221754,0.0000000000,1.0000000000,0.0000000000,0.0000000000,0.0000000000
0.0200000000,-0.6500000000,1.3000000000,-0.1264012244,0.0000000000,2.2660770782,3.1328660067,2.7697174276,1.4018683260,-0.8484000790,-1.2049014765,-1.0819593317,2.6735904146,-3.1326577391,-2.8221013951,0.9431938033,0.0040014918,-0.9565362451,-0.6065221754,0.0000000000,1.0000000000,0.0000000000,0.0000000000,0.0000000000
0.0200000000,-0.6500000000,1.3000000000,-0.1264012244,0.0000000000,2.2624749172,3.1328660067,2.7654514287,1.3994626722,-0.8450309384,-1.2032088850,-1.0819593317,2.6734109196,-3.1324068796,-2.8227357060,0.9434120141,0.0043813106,-0.9563349609,-0.6065221754,0.0000000000,1.0000000000,0.0000000000,0.0000000000,0.0000000000
0.0200000000,-0.6500000000,1.3000000000,-0.1264012244,0.0000000000,2.2590009314,3.1328660067,2.7609666190,1.3966834174,-0.8415236359,-1.2018148147,-1.0819593317,2.6733078757,-3.1319978641,-2.8235364674,0.9435922547,0.0048418180,-0.9562298684,-0.6065221754,0.0000000000,1.0000000000,0.0000000000,0.0000000000,0.0000000000
0.0200000000,-0.6500000000,1.3000000000,-0.1264012244,0.0000000000,2.2558222708,3.1328660067,2.7563635605,1.3935061244,-0.8379660729,-1.2008905429,-1.0819593317,2.6732918906,-3.1314360020,-2.8244861566,0.9437281638,0.0053728545,-0.9562287526,-0.6065221754,0.0000000000,1.0000000000,0.0000000000,0.0000000000,0.0000000000
0.0200000000,-0.6500000000,1.3000000000,-0.1264012244,0.0000000000,2.2530709827,3.1328660067,2.7517490306,1.3899532862,-0.8344450228,-1.2005451144,-1.0819593317,2.6733610313,-3.1307537817,-2.8255500432,0.9438200916,0.0059561275,-0.9563249808,-0.6065221754,0.0000000000,1.0000000000,0.0000000000,0.0000000000,0.0000000000
0.0200000000,-0.6500000000,1.3000000000,-0.1264012244,0.0000000000,2.2509602826,3.1328660067,2.7473193068,1.3860951357,-0.8311169601,-1.2009328619,-1.0819593317,2.6735089715,-3.1300165613,-2.8266616726,0.9438695524,0.0065566869,-0.9565040530,-0.6065221754,0.0000000000,1.0000000000,0.0000000000,0.0000000000,0.0000000000
0.0200000000,-0.6500000000,1.3000000000,-0.1264012244,0.0000000000,2.2496604959,3.1328660067,2.7432201369,1.3819813921,-0.8280934153,-1.2021851128,-1.0819593317,2.6737056485,-3.1293003329,-2.8277534900,0.9438928870,0.0071417610,-0.9567264814,-0.6065221754,0.0000000000,1.0000000000,0.0000000000,0.0000000000,0.0000000000
0.0200000000,-0.6500000000,1.3000000000,-0.1264012244,0.0000000000,2.2493462464,3.1328660067,2.7395814418,1.3776367322,-0.8254758372,-1.2044483957,-1.0819593317,2.6739300631,-3.1286574315,-2.8287781624,0.9439004082,0.0076881706,-0.9569658191,-0.6065221754,0.0000000000,1.0000000000,0.0000000000,0.0000000000,0.0000000000
0.0200000000,-0.6500000000,1.3000000000,-0.1264012244,0.0000000000,2.2499875249,3.1328660067,2.7364858748,1.3731968335,-0.8233106202,-1.2076250943,-1.0819593317,2.6741359209,-3.1281389597,-2.8296859009,0.9439122136,0.0081733050,-0.9571750792,-0.6065221754,0.0000000000,1.0000000000,0.0000000000,0.0000000000,0.0000000000
0.0200000000,-0.6500000000,1.3000000000,-0.1264012244,0.0000000000,2.2515800174,3.1328660067,2.7339455222,1.3686789432,-0.8216004231,-1.2117043421,-1.0819593317,2.6743090294,-3.1277551613,-2.8304702130,0.9439325844,0.0085945380,-0.9573432077,-0.6065221754,0.0000000000,1.0000000000,0.0000000000,0.0000000000,0.0000000000
0.0200000000,-0.6500000000,1.3000000000,-0.1264012244,0.0000000000,2.2540659843,3.1328660067,2.7319761319,1.3641455804,-0.8203466990,-1.2166007498,-1.0819593317,2.6744375244,-3.1275094270,-2.8311224884,0.9439632506,0.0089476124,-0.9574624324,-0.6065221754,0.0000000000,1.0000000000,0.0000000000,0.0000000000,0.0000000000
0.0200000000,-0.6500000000,1.3000000000,-0.1264012244,0.0000000000,2.2573874073,3.1328660067,2.7306128568,1.3596767021,-0.8195648602,-1.2222177115,-1.0819593317,2.6745191640,-3.1273933251,-2.8316347968,0.9439987430,0.0092272334,-0.9575364454,-0.6065221754,0.0000000000,1.0000000000,0.0000000000,0.0000000000,0.0000000000
0.0200000000,-0.6500000000,1.3000000000,-0.1264012244,0.0000000000,2.2610988841,3.1328660067,2.7298277130,1.3555971179,-0.8192086097,-1.2279623711,-1.0819593317,2.6745626310,-3.1273685845,-2.8319975897,0.9440311546,0.0094267337,-0.9575755347,-0.6065221754,0.0000000000,1.0000000000,0.0000000000,0.0000000000,0.0000000000
0.0200000000,-0.6500000000,1.3000000000,-0.1264012244,0.0000000000,2.2646409347,3.1328660067,2.7294856058,1.3521956694,-0.8191509775,-1.2331590914,-1.0819593317,2.6745838063,-3.1273798664,-2.8322267753,0.9440529082,0.0095530481,-0.9575964128,-0.6065221754,0.0000000000,1.0000000000,0.0000000000,0.0000000000,0.0000000000
0.0200000000,-0.6500000000,1.3000000000,-0.1264012244,0.0000000000,2.2682419407,3.1328660067,2.7294484528,1.3491060923,-0.8193073234,-1.2382278686,-1.0819593317,2.6745920954,-3.1274093035,-2.8323730100,0.9440682300,0.0096339542,-0.9576061621,-0.6065221754,0.0000000000,1.0000000000,0.0000000000,0.0000000000,0.0000000000
0.0200000000,-0.6500000000,1.3000000000,-0.1264012244,0.0000000000,2.2719204631,3.1328660067,2.7295848164,1.3461488014,-0.8195863609,-1.2432898545,-1.0819593317,2.6745969450,-3.1274335660,-2.8324726630,0.9440783805,0.0096890384,-0.9576128002,-0.6065221754,0.0000000000,1.0000000000,0.0000000000,0.0000000000,0.0000000000
0.0200000000,-0.6500000000,1.3000000000,-0.1264012244,0.0000000000,2.2757937218,3.1328660067,2.7299279830,1.3432574031,-0.8200167446,-1.2484899643,-1.0819593317,2.6745979945,-3.1274549188,-2.8325283688,0.9440840519,0.0097198409,-0.9576158625,-0.6065221754,0.0000000000,1.0000000000,0.0000000000,0.0000000000,0.0000000000
0.0200000000,-0.6500000000,1.3000000000,-0.1264012244,0.0000000000,2.2803015023,3.1328660067,2.7305383703,1.3401070045,-0.8206607301,-1.2544159420,-1.0819593317,2.6745986054,-3.1274674140,-2.8325608395,0.9440873068,0.0097377858,-0.9576177012,-0.6065221754,0.0000000000,1.0000000000,0.0000000000,0.0000000000,0.0000000000
0.0200000000,-0.6500000000,1.3000000000,-0.1264012244,0.0000000000,2.2852161863,3.1328660067,2.7313576002,1.3368285539,-0.8214672001,-1.2607851828,-1.0819593317,2.6745985664,-3.1274732278,-2.8325726667,0.9440884414,0.0097443140,-0.9576183224,-0.6065221754,0.0000000000,1.0000000000,0.0000000000,0.0000000000,0.0000000000
0.0200000000,-0.6500000000,1.3000000000,-0.1264012244,0.0000000000,2.2896907431,3.1328660067,2.7322180628,1.3339511273,-0.8222786082,-1.2665315569,-1.0819593317,2.6745984884,-3.1274759571,-2.8325776218,0.9440889091,0.0097470480,-0.9576185666,-0.6065221754,0.0000000000,1.0000000000,0.0000000000,0.0000000000,0.0000000000
0.0200000000,-0.6500000000,1.3000000000,-0.1264012244,0.0000000000,2.2936263371,3.1328660067,2.7330992646,1.3315351253,-0.8230759343,-1.2715311372,-1.0819593317,2.6745984888,-3.1274759828,-2.8325776796,0.9440889148,0.0097470799,-0.9576185698,-0.6065221754,0.0000000000,1.0000000000,0.0000000000,0.0000000000,0.0000000000
0.0200000000,-0.6500000000,1.3000000000,-0.1264012244,0.0000000000,2.2971806518,3.1328660067,2.7339692891,1.3293985966,-0.8238480850,-1.2759771928,-1.0819593317,2.6745984757,-3.1274751160,-2.8325757269,0.9440887250,0.0097460018,-0.9576184622,-0.6065221754,0.0000000000,1.0000000000,0.0000000000,0.0000000000,0.0000000000
0.0200000000,-0.6500000000,1.3000000000,-0.1264012244,0.0000000000,2.3001703768,3.1328660067,2.7347306942,1.3276217498,-0.8245175311,-1.2797106434,-1.0819593317,2.6745984755,-3.1274751045,-2.8325757009,0.9440887225,0.0097459874,-0.9576184607,-0.6065221754,0.0000000000,1.0000000000,0.0000000000,0.0000000000,0.0000000000
0.0200000000,-0.6500000000,1.3000000000,-0.1264012244,0.0000000000,2.3027357182,3.1328660067,2.7354399669,1.3261286869,-0.8251311270,-1.2828674693,-1.0819593317,2.6745984755,-3.1274751045,-2.8325757009,0.9440887225,0.0097459874,-0.9576184607,-0.6065221754,0.0000000000,1.0000000000,0.0000000000,0.0000000000,0.0000000000
0.0200000000,-0.6500000000,1.3000000000,-0.1264012244,0.0000000000,2.3053944598,3.1328660067,2.7362395177,1.3245090082,-0.8258235970,-1.2858723735,-1.0819593317,2.6745984755,-3.1274751045,-2.8325757009,0.9440887225,0.0097459874,-0.9576184607,-0.6065221754,0.0000000000,1.0000000000,0.0000000000,0.0000000000,0.0000000000
0.0200000000,-0.6500000000,1.3000000000,-0.1264012244,0.0000000000,2.3085724825,3.1328660067,2.7372461337,1.3224498547,-0.8267028714,-1.2891245835,-1.0819593317,2.6745984755,-3.1274751045,-2.8325757009,0.9440887225,0.0097459874,-0.9576184607,-0.6065221754,0.0000000000,1.0000000000,0.0000000000,0.0000000000,0.0000000000
0.0200000000,-0.6500000000,1.3000000000,-0.1264012244,0.0000000000,2.3121684565,3.1328660067,2.7384329391,1.3200360222,-0.8277428663,-1.2925479416,-1.0819593317,2.6745984755,-3.1274751045,-2.8325757009,0.9440887225,0.0097459874,-0.9576184607,-0.6065221754,0.0000000000,1.0000000000,0.0000000000,0.0000000000,0.0000000000
0.0200000000,-0.6500000000,1.3000000000,-0.1264012244,0.0000000000,2.3157678226,3.1328660067,2.7396935624,1.3173936823,-0.8288629444,-1.2953840432,-1.0819593317,2.6745984755,-3.1274751045,-2.8325757009,0.9440887225,0.0097459874,-0.9576184607,-0.6065221754,0.0000000000,1.0000000000,0.0000000000,0.0000000000,0.0000000000
0.0200000000,-0.6500000000,1.3000000000,-0.1264012244,0.0000000000,2.3192085151,3.1328660067,2.7409738165,1.3145855968,-0.8300206263,-1.2973826953,-1.0819593317,2.6745984755,-3.1274751045,-2.8325757009,0.9440887225,0.0097459874,-0.9576184607,-0.6065221754,0.0000000000,1.0000000000,0.0000000000,0.0000000000,0.0000000000
0.0200000000,-0.6500000000,1.3000000000,-0.1264012244,0.0000000000,2.3226007320,3.1328660067,2.7423097716,1.3115996113,-0.8312408797,-1.2987919918,-1.0819593317,2.6745984755,-3.1274751045,-2.8325757009,0.9440887225,0.0097459874,-0.9576184607,-0.6065221754,0.0000000000,1.0000000000,0.0000000000,0.0000000000,0.0000000000
0.0200000000,-0.6500000000,1.3000000000,-0.1264012244,0.0000000000,2.3260466670,3.1328660067,2.7437438988,1.3083498032,-0.8325614298,-1.2996726591,-1.0819593317,2.6745984755,-3.1274751045,-2.8325757009,0.9440887225,0.0097459874,-0.9576184607,-0.6065221754,0.0000000000,1.0000000000,0.0000000000,0.0000000000,0.0000000000
0.0200000000,-0.6500000000,1.3000000000,-0.1264012244,0.0000000000,2.3293922783,3.1328660067,2.7452196006,1.3050368704,-0.8339233658,-1.3001007329,-1.0819593317,2.6745984755,-3.1274751045,-2.8325757009,0.9440887225,0.0097459874,-0.9576184607,-0.6065221754,0.0000000000,1.0000000000,0.0000000000,0.0000000000,0.0000000000
0.0200000000,-0.6500000000,1.3000000000,-0.1264012244,0.0000000000,2.3322123039,3.1328660067,2.7465897945,1.3022067711,-0.8351714913,-1.3002648623,-1.0819593317,2.6745984755,-3.1274751045,-2.8325757009,0.9440887225,0.0097459874,-0.9576184607,-0.6065221754,0.0000000000,1.0000000000,0.0000000000,0.0000000000,0.0000000000
0.0200000000,-0.6500000000,1.3000000000,-0.1264012244,0.0000000000,2.3344933579,3.1328660067,2.7478307910,1.2999189318,-0.8362833415,-1.3002722463,-1.0819593317,2.6745984755,-3.1274751045,-2.8325757009,0.9440887225,0.0097459874,-0.9576184607,-0.6065221754,0.0000000000,1.0000000000,0.0000000000,0.0000000000,0.0000000000
0.0200000000,-0.6500000000,1.3000000000,-0.1264012244,0.0000000000,2.3360661644,3.1328660067,2.7488673667,1.2984250027,-0.8371828983,-1.3002737836,-1.0819593317,2.6745984755,-3.1274751045,-2.8325757009,0.9440887225,0.0097459874,-0.9576184607,-0.6065221754,0.0000000000,1.0000000000,0.0000000000,0.0000000000,0.0000000000
0.0200000000,-0.6500000000,1.3000000000,-0.1264012244,0.0000000000,2.3369420171,3.1328660067,2.7496948896,1.2977211218,-0.8378690453,-1.3002705348,-1.0819593317,2.6745984755,-3.1274751045,-2.8325757009,0.9440887225,0.0097459874,-0.9576184607,-0.6065221754,0.0000000000,1.0000000000,0.0000000000,0.0000000000,0.0000000000
0.0200000000,-0.6500000000,1.3000000000,-0.1264012244,0.0000000000,2.3371134730,3.1328660067,2.7503047572,1.2978271998,-0.8383352322,-1.3002702927,-1.0819593317,2.6745984755,-3.1274751045,-2.8325757009,0.9440887225,0.0097459874,-0.9576184607,-0.6065221754,0.0000000000,1.0000000000,0.0000000000,0.0000000000,0.0000000000
0.0200000000,-0.6500000000,1.3000000000,-0.1264012244,0.0000000000,2.3365193130,3.1328660067,2.7506746670,1.2988375704,-0.8385601121,-1.3002702927,-1.0819593317,2.6745984755,-3.1274751045,-2.8325757009,0.9440887225,0.0097459874,-0.9576184607,-0.6065221754,0.0000000000,1.0000000000,0.0000000000,0.0000000000,0.0000000000
0.0200000000,-0.6500000000,1.3000000000,-0.1264012244,0.0000000000,2.3353242877,3.1328660067,2.7508350445,1.3005596684,-0.8385788211,-1.3002702927,-1.0819593317,2.6745984755,-3.1274751045,-2.8325757009,0.9440887225,0.0097459874,-0.9576184607,-0.6065221754,0.0000000000,1.0000000000,0.0000000000,0.0000000000,0.0000000000
0.0200000000,-0.6500000000,1.3000000000,-0.1264012244,0.0000000000,2.3336302309,3.1328660067,2.7508009958,1.3028754339,-0.8384096602,-1.3002702927,-1.0819593317,2.6745984755,-3.1274751045,-2.8325757009,0.9440887225,0.0097459874,-0.9576184607,-0.6065221754,0.0343089317,1.0000000000,0.0000000000,0.0000000000,0.0000000000
0.0200000000,-0.6500000000,1.3000000000,-0.1264012244,0.0000000000,2.3315303152,3.1328660067,2.7506021411,1.3056749759,-0.8380812061,-1.3002702927,-1.0819593317,2.6745984755,-3.1274751045,-2.8325757009,0.9440887225,0.0097459874,-0.9576184607,-0.6065221754,0.1009755984,1.0000000000,0.0000000000,0.0000000000,0.0000000000
0.0200000000,-0.6500000000,1.3000000000,-0.1264012244,0.0000000000,2.3288476594,3.1328660067,2.7502138287,1.3091826777,-0.8375578891,-1.3002799898,-1.0819593317,2.6745984755,-3.1274751045,-2.8325757009,0.9440887225,0.0097459874,-0.9576184607,-0.6065221754,0.1676422651,1.0000000000,0.0000000000,0.0000000000,0.0000000000
0.0200000000,-0.6500000000,1.3000000000,-0.1264012244,0.0000000000,2.3257676942,3.1328660067,2.7496625626,1.3131030756,-0.8368781966,-1.3002377417,-1.0819593317,2.6745984755,-3.1274751045,-2.8325757009,0.9440887225,0.0097459874,-0.9576184607,-0.6065221754,0.2343089317,1.0000000000,0.0000000000,0.0000000000,0.0000000000
0.0200000000,-0.6500000000,1.3000000000,-0.1264012244,0.0000000000,2.3228303141,3.1328660067,2.7490725146,1.3166938635,-0.8361876369,-1.3000406906,-1.0819593317,2.6745984755,-3.1274751045,-2.8325757009,0.9440887225,0.0097459874,-0.9576184607,-0.6065221754,0.3009755984,1.0000000000,0.0000000000,0.0000000000,0.0000000000
0.0200000000,-0.6500000000,1.3000000000,-0.1264012244,0.0000000000,2.3203820013,3.1328660067,2.7485559652,1.3194883478,-0.8356073044,-1.2995614849,-1.0819593317,2.6745984755,-3.1274751045,-2.8325757009,0.9440887225,0.0097459874,-0.9576184607,-0.6065221754,0.3676422651,1.0000000000,0.0000000000,0.0000000000,0.0000000000
0.0200000000,-0.6500000000,1.3000000000,-0.1264012244,0.0000000000,2.3180827460,3.1328660067,2.7480592667,1.3218252758,-0.8350768801,-1.2986054707,-1.0819593317,2.6745984755,-3.1274751045,-2.8325757009,0.9440887225,0.0097459874,-0.9576184607,-0.6065221754,0.4343089317,1.0000000000,0.0000000000,0.0000000000,0.0000000000
0.0200000000,-0.6500000000,1.3000000000,-0.1264012244,0.0000000000,2.3157121473,3.1328660067,2.7475448679,1.3239187238,-0.8345556067,-1.2970430021,-1.0819593317,2.6745984755,-3.1274751045,-2.8325757009,0.9440887225,0.0097459874,-0.9576184607,-0.6065221754,0.5009755984,1.0000000000,0.0000000000,0.0000000000,0.0000000000
0.0200000000,-0.6500000000,1.3000000000,-0.1264012244,0.0000000000,2.3132151873,3.1328660067,2.7469937341,1.3257115504,-0.8340372158,-1.2946770734,-1.0819593317,2.6745984755,-3.1274751045,-2.8325757009,0.9440887225,0.0097459874,-0.9576184607,-0.6065221754,0.5676422651,1.0000000000,0.0000000000,0.0000000000,0.0000000000
0.0200000000,-0.6500000000,1.3000000000,-0.1264012244,0.0000000000,2.3103497006,3.1328660067,2.7463373662,1.3274651598,-0.8334526521,-1.2914702572,-1.0819593317,2.6745984755,-3.1274751045,-2.8325757009,0.9440887225,0.0097459874,-0.9576184607,-0.6065221754,0.6343089317,1.0000000000,0.0000000000,0.0000000000,0.0000000000
0.0200000000,-0.6500000000,1.3000000000,-0.1264012244,0.0000000000,2.3071225454,3.1328660067,2.7455638184,1.3293164967,-0.8327806121,-1.2876475512,-1.0819593317,2.6745984755,-3.1274751045,-2.8325757009,0.9440887225,0.0097459874,-0.9576184607,-0.6065221754,0.7009755984,1.0000000000,0.0000000000,0.0000000000,0.0000000000
0.0200000000,-0.6500000000,1.3000000000,-0.1264012244,0.0000000000,2.3042411696,3.1328660067,2.7448488206,1.3310353763,-0.8321586053,-1.2841032765,-1.0819593317,2.6745984755,-3.1274751045,-2.8325757009,0.9440887225,0.0097459874,-0.9576184607,-0.6065221754,0.7676422651,1.0000000000,0.0000000000,0.0000000000,0.0000000000
0.0200000000,-0.6500000000,1.3000000000,-0.1264012244,0.0000000000,2.3022154392,3.1328660067,2.7443272976,1.3324422694,-0.8316951460,-1.2813847501,-1.0819593317,2.6745984755,-3.1274751045,-2.8325757009,0.9440887225,0.0097459874,-0.9576184607,-0.6065221754,0.8343089317,1.0000000000,0.0000000000,0.0000000000,0.0000000000
0.0200000000,-0.6500000000,1.3000000000,-0.1264012244,0.0000000000,2.3011790709,3.1328660067,2.7439900988,1.3335574575,-0.8313810512,-1.2795376960,-1.0819593317,2.6745984755,-3.1274751045,-2.8325757009,0.9440887225,0.0097459874,-0.9576184607,-0.6065221754,0.9009755984,1.0000000000,0.0000000000,0.0000000000,0.0000000000
0.0200000000,-0.6500000000,1.3000000000,-0.1264012244,0.0000000000,2.3010721691,3.1328660067,2.7437367408,1.3343343243,-0.8311415745,-1.2785303550,-1.0819593317,2.6745984755,-3.1274751045,-2.8325757009,0.9440887225,0.0097459874,-0.9576184607,-0.6065221754,0.9675686428,1.0000000000,0.0000000000,0.0000000000,0.0000000000
0.0200000000,-0.6500000000,1.3000000000,-0.1264012244,0.0000000000,2.3018944835,3.1328660067,2.7434176446,1.3346147423,-0.8308687857,-1.2784445203,-1.0819593317,2.6745984755,-3.1274751045,-2.8325757009,0.9440887225,0.0097459874,-0.9576184607,-0.6065221754,1.0000000000,1.0000000000,0.0000000000,0.0000000000,0.0000000000
0.0200000000,-0.6500000000,1.3000000000,-0.1264012244,0.0000000000,2.3034834337,3.1328660067,2.7428355883,1.3342022437,-0.8304213287,-1.2792960988,-1.0819593317,2.6745984755,-3.1274751045,-2.8325757009,0.9440887225,0.0097459874,-0.9576184607,-0.6065221754,1.0000000000,1.0000000000,0.0000000000,0.0000000000,0.0000000000
0.0200000000,-0.6500000000,1.3000000000,-0.1264012244,0.0000000000,2.3055351909,3.1328660067,2.7418347126,1.3329513834,-0.8296893162,-1.2810024542,-1.0819593317,2.6745984755,-3.1274751045,-2.8325757009,0.9440887225,0.0097459874,-0.9576184607,-0.6065221754,1.0000000000,1.0000000000,0.0000000000,0.0000000000,0.0000000000
0.0200000000,-0.6500000000,1.3000000000,-0.1264012244,0.0000000000,2.3078097171,3.1328660067,2.7402548999,1.3306784537,-0.8285627241,-1.2835465595,-1.0819593317,2.6745984755,-3.1274751045,-2.8325757009,0.9440887225,0.0097459874,-0.9576184607,-0.6065221754,1.0000000000,1.0000000000,0.0000000000,0.0000000000,0.0000000000
0.0200000000,-0.6500000000,1.3000000000,-0.1264012244,0.0000000000,2.3101227160,3.1328660067,2.7381579831,1.3274833560,-0.8270889667,-1.2867673694,-1.0819593317,2.6745984755,-3.1274751045,-2.8325757009,0.9440887225,0.0097459874,-0.9576184607,-0.6065221754,1.0000000000,1.0000000000,0.0000000000,0.0000000000,0.0000000000
0.0200000000,-0.6500000000,1.3000000000,-0.1264012244,0.0000000000,2.3121660170,3.1328660067,2.7359240452,1.3238606414,-0.8255419309,-1.2901725787,-1.0819593317,2.6745984755,-3.1274751045,-2.8325757009,0.9440887225,0.0097459874,-0.9576184607,-0.6065221754,1.0000000000,1.0000000000,0.0000000000,0.0000000000,0.0000000000
0.0200000000,-0.6500000000,1.3000000000,-0.1264012244,0.0000000000,2.3138720837,3.1328660067,2.7339610740,1.3202556345,-0.8242196107,-1.2931766204,-1.0819593317,2.6745984755,-3.1274751045,-2.8325757009,0.9440887225,0.0097459874,-0.9576184607,-0.6065221754,1.0000000000,1.0000000000,0.0000000000,0.0000000000,0.0000000000
0.0200000000,-0.6500000000,1.3000000000,-0.1264012244,0.0000000000,2.3154268142,3.1328660067,2.7323102150,1.3165848170,-0.8231613765,-1.2956682540,-1.0819593317,2.6745984755,-3.1274751045,-2.8325757009,0.9440887225,0.0097459874,-0.9576184607,-0.6065221754,1.0000000000,1.0000000000,0.0000000000,0.0000000000,0.0000000000
0.0200000000,-0.6500000000,1.3000000000,-0.1264012244,0.0000000000,2.3170487380,3.1328660067,2.7310145243,1.3126346337,-0.8224193436,-1.2974488206,-1.0819593317,2.6745984755,-3.1274751045,-2.8325757009,0.9440887225,0.0097459874,-0.9576184607,-0.6065221754,1.0000000000,1.0000000000,0.0000000000,0.0000000000,0.0000000000
0.0200000000,-0.6500000000,1.3000000000,-0.1264012244,0.0000000000,2.3186936335,3.1328660067,2.7300056537,1.3085779970,-0.8219219836,-1.2986853866,-1.0819593317,2.6745984755,-3.1274751045,-2.8325757009,0.9440887225,0.0097459874,-0.9576184607,-0.6065221754,1.0000000000,1.0000000000,0.0000000000,0.0000000000,0.0000000000
0.0200000000,-0.6500000000,1.3000000000,-0.1264012244,0.0000000000,2.3203093475,3.1328660067,2.7292621036,1.3046343998,-0.8216322725,-1.2994627777,-1.0819593317,2.6745984755,-3.1274751045,-2.8325757009,0.9440887225,0.0097459874,-0.9576184607,-0.6065221754,1.0000000000,1.0000000000,0.0000000000,0.0000000000,0.0000000000
0.0200000000,-0.6500000000,1.3000000000,-0.1264012244,0.0000000000,2.3219006090,3.1328660067,2.7287541974,1.3007836292,-0.8215271335,-1.2998445822,-1.0819593317,2.6745984755,-3.1274751045,-2.8325757009,0.9440887225,0.0097459874,-0.9576184607,-0.6065221754,1.0000000000,1.0000000000,0.0000000000,0.0000000000,0.0000000000
0.0200000000,-0.6500000000,1.3000000000,-0.1264012244,0.0000000000,2.3234575303,3.1328660067,2.7283606623,1.2970535459,-0.8215029722,-1.3001046966,-1.0819593317,2.6745984755,-3.1274751045,-2.8325757009,0.9440887225,0.0097459874,-0.9576184607,-0.6065221754,1.0000000000,1.0000000000,0.0000000000,0.0000000000,0.0000000000
0.0200000000,-0.6500000000,1.3000000000,-0.1264012244,0.0000000000,2.3248661407,3.1328660067,2.7280844545,1.2937075909,-0.8215429794,-1.3002382391,-1.0819593317,2.6745984755,-3.1274751045,-2.8325757009,0.9440887225,0.0097459874,-0.9576184607,-0.6065221754,1.0000000000,1.0000000000,0.0000000000,0.0000000000,0.0000000000
0.0200000000,-0.6500000000,1.3000000000,-0.1264012244,0.0000000000,2.3263038311,3.1328660067,2.7279193952,1.2903392015,-0.8216713471,-1.3002652303,-1.0819593317,2.6745984755,-3.1274751045,-2.8325757009,0.9440887225,0.0097459874,-0.9576184607,-0.6065221754,1.0000000000,1.0000000000,0.0000000000,0.0000000000,0.0000000000
0.0200000000,-0.6500000000,1.3000000000,-0.1264012244,0.0000000000,2.3280119327,3.1328660067,2.7278416080,1.2864058012,-0.8219062676,-1.3002714815,-1.0819593317,2.6745984755,-3.1274751045,-2.8325757009,0.9440887225,0.0097459874,-0.9576184607,-0.6065221754,1.0000000000,1.0000000000,0.0000000000,0.0000000000,0.0000000000
0.0200000000,-0.6500000000,1.3000000000,-0.1264012244,0.0000000000,2.3301130127,3.1328660067,2.7278337304,1.2816231027,-0.8222555408,-1.3002790973,-1.0819593317,2.6745984755,-3.1274751045,-2.8325757009,0.9440887225,0.0097459874,-0.9576184607,-0.6065221754,1.0000000000,1.0000000000,0.0000000000,0.0000000000,0.0000000000
0.0200000000,-0.6500000000,1.3000000000,-0.1264012244,0.0000000000,2.3324564127,3.1328660067,2.7279211101,1.2763460261,-0.8227111281,-1.3002725652,-1.0819593317,2.6745984755,-3.1274751045,-2.8325757009,0.9440887225,0.0097459874,-0.9576184607,-0.6065221754,1.0000000000,1.0000000000,0.0000000000,0.0000000000,0.0000000000
0.0200000000,-0.6500000000,1.3000000000,-0.1264012244,0.0000000000,2.3348440970,3.1328660067,2.7281799787,1.2710787615,-0.8232871085,-1.3002702927,-1.0819593317,2.6745984755,-3.1274751045,-2.8325757009,0.9440887225,0.0097459874,-0.9576184607,-0.6065221754,1.0000000000,1.0000000000,0.0000000000,0.0000000000,0.0000000000
0.0200000000,-0.6500000000,1.3000000000,-0.1264012244,0.0000000000,2.3372847231,3.1328660067,2.7285871788,1.2657863482,-0.8239699031,-1.3002702927,-1.0819593317,2.6745984755,-3.1274751045,-2.8325757009,0.9440887225,0.0097459874,-0.9576184607,-0.6065221754,1.0000000000,1.0000000000,0.0000000000,0.0000000000,0.0000000000
0.0200000000,-0.6500000000,1.3000000000,-0.1264012244,0.0000000000,2.3395040317,3.1328660067,2.7290427672,1.2610240344,-0.8246462770,-1.3002702927,-1.0819593317,2.6745984755,-3.1274751045,-2.8325757009,0.9440887225,0.0097459874,-0.9576184607,-0.6065221754,1.0000000000,1.0000000000,0.0000000000,0.0000000000,0.0000000000
0.0200000000,-0.6500000000,1.3000000000,-0.1264012244,0.0000000000,2.3413458744,3.1328660067,2.7295022706,1.2571212690,-0.8252598686,-1.3002702927,-1.0819593317,2.6745984755,-3.1274751045,-2.8325757009,0.9440887225,0.0097459874,-0.9576184607,-0.6065221754,1.0000000000,1.0000000000,0.0000000000,0.0000000000,0.0000000000
0.0200000000,-0.6500000000,1.3000000000,-0.1264012244,0.0000000000,2.3429577500,3.1328660067,2.7300043763,1.2537613907,-0.8258616997,-1.3002702927,-1.0819593317,2.6745984755,-3.1274751045,-2.8325757009,0.9440887225,0.0097459874,-0.9576184607,-0.6065221754,1.0000000000,1.0000000000,0.0000000000,0.0000000000,0.0000000000
0.0200000000,-0.6500000000,1.3000000000,-0.1264012244,0.0000000000,2.3445972185,3.1328660067,2.7306186276,1.2503846204,-0.8265419712,-1.3002702927,-1.0819593317,2.6745984755,-3.1274751045,-2.8325757009,0.9440887225,0.0097459874,-0.9576184607,-0.6065221754,1.0000000000,1.0000000000,0.0000000000,0.0000000000,0.0000000000
0.0200000000,-0.6500000000,1.3000000000,-0.1264012244,0.0000000000,2.3463688947,3.1328660067,2.7313528416,1.2467616567,-0.8273231677,-1.3002702927,-1.0819593317,2.6745984755,-3.1274751045,-2.8325757009,0.9440887225,0.0097459874,-0.9576184607,-0.6065221754,1.0000000000,1.0000000000,0.0000000000,0.0000000000,0.0000000000
0.0200000000,-0.6500000000,1.3000000000,-0.1264012244,0.0000000000,2.3481433875,3.1328660067,2.7321835068,1.2431655948,-0.8281689056,-1.3002702927,-1.0819593317,2.6745984755,-3.1274751045,-2.8325757009,0.9440887225,0.0097459874,-0.9576184607,-0.6065221754,1.0000000000,1.0000000000,0.0000000000,0.0000000000,0.0000000000
0.0200000000,-0.6500000000,1.3000000000,-0.1264012244,0.0000000000,2.3498048668,3.1328660067,2.7330881071,1.2398246680,-0.8290471250,-1.3002702927,-1.0819593317,2.6745984755,-3.1274751045,-2.8325757009,0.9440887225,0.0097459874,-0.9576184607,-0.6065221754,1.0000000000,1.0000000000,0.0000000000,0.0000000000,0.0000000000
0.0200000000,-0.6500000000,1.3000000000,-0.1264012244,0.0000000000,2.3513420217,3.1328660067,2.7340418073,1.2367638780,-0.8299379866,-1.3002702927,-1.0819593317,2.6745984755,-3.1274751045,-2.8325757009,0.9440887225,0.0097459874,-0.9576184607,-0.6065221754,1.0000000000,1.0000000000,0.0000000000,0.0000000000,0.0000000000
0.0200000000,-0.6500000000,1.3000000000,-0.1264012244,0.0000000000,2.3527734302,3.1328660067,2.7351769911,1.2339388904,-0.8309403686,-1.3002702927,-1.0819593317,2.6745984755,-3.1274751045,-2.8325757009,0.9440887225,0.0097459874,-0.9576184607,-0.6065221754,1.0000000000,1.0000000000,0.0000000000,0.0000000000,0.0000000000
0.0200000000,-0.6500000000,1.3000000000,-0.1264012244,0.0000000000,2.3541513851,3.1328660067,2.7365829031,1.2312364273,-0.8321268143,-1.3002702927,-1.0819593317,2.6745984755,-3.1274751045,-2.8325757009,0.9440887225,0.0097459874,-0.9576184607,-0.6065221754,1.0000000000,1.0000000000,0.0000000000,0.0000000000,0.0000000000
0.0200000000,-0.6500000000,1.3000000000,-0.1264012244,0.0000000000,2.3553138460,3.1328660067,2.7381347227,1.2289650830,-0.8333890814,-1.3002702927,-1.0819593317,2.6745984755,-3.1274751045,-2.8325757009,0.9440887225,0.0097459874,-0.9576184607,-0.6065221754,1.0000000000,1.0000000000,0.0000000000,0.0000000000,0.0000000000
0.0200000000,-0.6500000000,1.3000000000,-0.1264012244,0.0000000000,2.3560326312,3.1328660067,2.7397013998,1.2275579589,-0.8346069356,-1.3002702927,-1.0819593317,2.6745984755,-3.1274751045,-2.8325757009,0.9440887225,0.0097459874,-0.9576184607,-0.6065221754,1.0000000000,1.0000000000,0.0000000000,0.0000000000,0.0000000000
0.0200000000,-0.6500000000,1.3000000000,-0.1264012244,0.0000000000,2.3563383243,3.1328660067,2.7412594092,1.2269410400,-0.8357706779,-1.3002702927,-1.0819593317,2.6745984755,-3.1274751045,-2.8325757009,0.9440887225,0.0097459874,-0.9576184607,-0.6065221754,1.0000000000,1.0000000000,0.0000000000,0.0000000000,0.0000000000
0.0200000000,-0.6500000000,1.3000000000,-0.1264012244,0.0000000000,2.3561967867,3.1328660067,2.7427746264,1.2271649539,-0.8368551992,-1.3002702927,-1.0819593317,2.6745984755,-3.1274751045,-2.8325757009,0.9440887225,0.0097459874,-0.9576184607,-0.6065221754,1.0000000000,1.0000000000,0.0000000000,0.0000000000,0.0000000000
0.0200000000,-0.6500000000,1.3000000000,-0.1264012244,0.0000000000,2.3556855570,3.1328660067,2.7442822632,1.2280734937,-0.8378970065,-1.3002702927,-1.0819593317,2.6745984755,-3.1274751045,-2.8325757009,0.9440887225,0.0097459874,-0.9576184607,-0.6065221754,1.0000000000,1.0000000000,0.0000000000,0.0000000000,0.0000000000
0.0200000000,-0.6500000000,1.3000000000,-0.1264012244,0.0000000000,2.3548267059,3.1328660067,2.7457889953,1.2296177829,-0.8389052361,-1.3002702927,-1.0819593317,2.6745984755,-3.1274751045,-2.8325757009,0.9440887225,0.0097459874,-0.9576184607,-0.6065221754,1.0000000000,1.0000000000,0.0000000000,0.0000000000,0.0000000000
0.0200000000,-0.6500000000,1.3000000000,-0.1264012244,0.0000000000,2.3538012723,3.1328660067,2.7471552737,1.2314673162,-0.8397969335,-1.3002702927,-1.0819593317,2.6745984755,-3.1274751045,-2.8325757009,0.9440887225,0.0097459874,-0.9576184607,-0.6065221754,1.0000000000,1.0000000000,0.0000000000,0.0000000000,0.0000000000
0.0200000000,-0.6500000000,1.3000000000,-0.1264012244,0.0000000000,2.3526919300,3.1328660067,2.7483147346,1.2334694490,-0.8405325319,-1.3002702927,-1.0819593317,2.6745984755,-3.1274751045,-2.8325757009,0.9440887225,0.0097459874,-0.9576184607,-0.6065221754,1.0000000000,1.0000000000,0.0000000000,0.0000000000,0.0000000000
0.0200000000,-0.6500000000,1.3000000000,-0.1264012244,0.0000000000,2.3512154783,3.1328660067,2.7495732996,1.2361546022,-0.8413074164,-1.3002702927,-1.0819593317,2.6745984755,-3.1274751045,-2.8325757009,0.9440887225,0.0097459874,-0.9576184607,-0.6065221754,1.0000000000,1.0000000000,0.0000000000,0.0000000000,0.0000000000
0.0200000000,-0.6500000000,1.3000000000,-0.1264012244,0.0000000000,2.3493700758,3.1328660067,2.7509979326,1.2395352343,-0.8421695244,-1.3002702927,-1.0819593317,2.6745984755,-3.1274751045,-2.8325757009,0.9440887225,0.0097459874,-0.9576184607,-0.6065221754,1.0000000000,1.0000000000,0.0000000000,0.0000000000,0.0000000000
0.0200000000,-0.6500000000,1.3000000000,-0.1264012244,0.0000000000,2.3474523288,3.1328660067,2.7523907472,1.2431283984,-0.8430008834,-1.3002702927,-1.0819593317,2.6745984755,-3.1274751045,-2.8325757009,0.9440887225,0.0097459874,-0.9576184607,-0.6065221754,1.0000000000,1.0000000000,0.0000000000,0.0000000000,0.0000000000
0.0200000000,-0.6500000000,1.3000000000,-0.1264012244,0.0000000000,2.3457820161,3.1328660067,2.7536085620,1.2463645414,-0.8437254771,-1.3002702927,-1.0819593317,2.6745984755,-3.1274751045,-2.8325757009,0.9440887225,0.0097459874,-0.9576184607,-0.6065221754,1.0000000000,1.0000000000,0.0000000000,0.0000000000,0.0000000000
0.0200000000,-0.6500000000,1.3000000000,-0.1264012244,0.0000000000,2.3446056112,3.1328660067,2.7545422714,1.2487893516,-0.8442859398,-1.3002702927,-1.0819593317,2.6745984755,-3.1274751045,-2.8325757009,0.9440887225,0.0097459874,-0.9576184607,-0.6065221754,1.0000000000,1.0000000000,0.0000000000,0.0000000000,0.0000000000
0.0200000000,-0.6500000000,1.3000000000,-0.1264012244,0.0000000000,2.3437561014,3.1328660067,2.7555124886,1.2508929168,-0.8448914851,-1.3002702927,-1.0819593317,2.6745984755,-3.1274751045,-2.8325757009,0.9440887225,0.0097459874,-0.9576184607,-0.6065221754,1.0000000000,1.0000000000,0.0000000000,0.0000000000,0.0000000000
0.0200000000,-0.6500000000,1.3000000000,-0.1264012244,0.0000000000,2.3432068614,3.1328660067,2.7565834447,1.2527486566,-0.8455848811,-1.3002702927,-1.0819593317,2.6745984755,-3.1274751045,-2.8325757009,0.9440887225,0.0097459874,-0.9576184607,-0.6065221754,1.0000000000,1.0000000000,0.0000000000,0.0000000000,0.0000000000
0.0200000000,-0.6500000000,1.3000000000,-0.1264012244,0.0000000000,2.3432082288,3.1328660067,2.7577254218,1.2539892578,-0.8463627724,-1.3002702927,-1.0819593317,2.6745984755,-3.1274751045,-2.8325757009,0.9440887225,0.0097459874,-0.9576184607,-0.6065221754,1.0000000000,1.0000000000,0.0000000000,0.0000000000,0.0000000000
0.0200000000,-0.6500000000,1.3000000000,-0.1264012244,0.0000000000,2.3439173336,3.1328660067,2.7590704199,1.2545337154,-0.8473256933,-1.3002702927,-1.0819593317,2.6745984755,-3.1274751045,-2.8325757009,0.9440887225,0.0097459874,-0.9576184607,-0.6065221754,1.0000000000,1.0000000000,0.0000000000,0.0000000000,0.0000000000
0.0200000000,-0.6500000000,1.3000000000,-0.1264012244,0.0000000000,2.3454466776,3.1328660067,2.7607051905,1.2543049740,-0.8485397763,-1.3002702927,-1.0819593317,2.6745984755,-3.1274751045,-2.8325757009,0.9440887225,0.0097459874,-0.9576184607,-0.6065221754,1.0000000000,1.0000000000,0.0000000000,0.0000000000,0.0000000000
0.0200000000,-0.6500000000,1.3000000000,-0.1264012244,0.0000000000,2.3479615068,3.1328660067,2.7626879193,1.2531173210,-0.8500542098,-1.3002702927,-1.0819593317,2.6745984755,-3.1274751045,-2.8325757009,0.9440887225,0.0097459874,-0.9576184607,-0.6065221754,1.0000000000,1.0000000000,0.0000000000,0.0000000000,0.0000000000
0.0200000000,-0.6500000000,1.3000000000,-0.1264012244,0.0000000000,2.3513654684,3.1328660067,2.7650664642,1.2511174169,-0.8518917570,-1.3002702927,-1.0819593317,2.6745984755,-3.1274751045,-2.8325757009,0.9440887225,0.0097459874,-0.9576184607,-0.6065221754,1.0000000000,1.0000000000,0.0000000000,0.0000000000,0.0000000000
0.0200000000,-0.6500000000,1.3000000000,-0.1264012244,0.0000000000,2.3556625280,3.1328660067,2.7678703073,1.2483033304,-0.8540686961,-1.3002702927,-1.0819593317,2.6745984755,-3.1274751045,-2.8325757009,0.9440887225,0.0097459874,-0.9576184607,-0.6065221754,1.0000000000,1.0000000000,0.0000000000,0.0000000000,0.0000000000
0.0200000000,-0.6500000000,1.3000000000,-0.1264012244,0.0000000000,2.3603907426,3.1328660067,2.7708295654,1.2449885250,-0.8563677529,-1.3002702927,-1.0819593317,2.6745984755,-3.1274751045,-2.8325757009,0.9440887225,0.0097459874,-0.9576184607,-0.6065221754,1.0000000000,1.0000000000,0.0000000000,0.0000000000,0.0000000000
0.0200000000,-0.6500000000,1.3000000000,-0.1264012244,0.0000000000,2.3650960844,3.1328662268,2.7736806342,1.2415149131,-0.8585801873,-1.3002702927,-1.0819593317,2.6745984755,-3.1274751045,-2.8325757009,0.9440887225,0.0097459874,-0.9576184607,-0.6065221754,1.0000000000,1.0000000000,0.0000000000,0.0000000000,0.0000000000
0.0200000000,-0.6500000000,1.3000000000,-0.1264012244,0.0000000000,2.3693512917,3.1328807932,2.7761937918,1.2382343680,-0.8605247256,-1.3002702927,-1.0819593317,2.6745984755,-3.1274751045,-2.8325757009,0.9440887225,0.0097459874,-0.9576184607,-0.6065221754,1.0000000000,1.0000000000,0.0000000000,0.0000000000,0.0000000000
0.0200000000,-0.6500000000,1.3000000000,-0.1264012244,0.0000000000,2.3738085254,3.1328518070,2.7787182120,1.2346507509,-0.8624731019,-1.3002702927,-1.0819593317,2.6745984755,-3.1274751045,-2.8325757009,0.9440887225,0.0097459874,-0.9576184607,-0.6065221754,1.0000000000,1.0000000000,0.0000000000,0.0000000000,0.0000000000
0.0200000000,-0.6500000000,1.3000000000,-0.1264012244,0.0000000000,2.3788249301,3.1327453700,2.7814384560,1.2304825506,-0.8645683397,-1.3002702927,-1.0819593317,2.6745984755,-3.1274751045,-2.8325757009,0.9440887225,0.0097459874,-0.9576184607,-0.6065221754,1.0000000000,1.0000000000,0.0000000000,0.0000000000,0.0000000000
0.0200000000,-0.6500000000,1.3000000000,-0.1264012244,0.0000000000,2.3835415182,3.1325232017,2.7838648414,1.2264595680,-0.8664374358,-1.3002702927,-1.0819593317,2.6745984755,-3.1274751045,-2.8325757009,0.9440887225,0.0097459874,-0.9576184607,-0.6065221754,1.0000000000,1.0000000000,0.0000000000,0.0000000000,0.0000000000
0.0200000000,-0.6500000000,1.3000000000,-0.1264012244,0.0000000000,2.3873965354,3.1321592892,2.7856720334,1.2230516105,-0.8678317846,-1.3002702927,-1.0819593317,2.6745984755,-3.1274751045,-2.8325757009,0.9440887225,0.0097459874,-0.9576184607,-0.6065221754,1.0000000000,1.0000000000,0.0000000000,0.0000000000,0.0000000000
0.0200000000,-0.6500000000,1.3000000000,-0.1264012244,0.0000000000,2.3906775383,3.1316367874,2.7870106693,1.2200220873,-0.8688683159,-1.3002702927,-1.0819593317,2.6745984755,-3.1274751045,-2.8325757009,0.9440887225,0.0097459874,-0.9576184607,-0.6065221754,1.0000000000,1.0000000000,0.0000000000,0.0000000000,0.0000000000
0.0200000000,-0.6500000000,1.3000000000,-0.1264012244,0.0000000000,2.3938912640,3.1309569152,2.7881829041,1.2169863274,-0.8697816096,-1.3002702927,-1.0819593317,2.6745984755,-3.1274751045,-2.8325757009,0.9440887225,0.0097459874,-0.9576184607,-0.6065221754,1.0000000000,1.0000000000,0.0000000000,0.0000000000,0.0000000000
0.0200000000,-0.6500000000,1.3000000000,-0.1264012244,0.0000000000,2.3971342012,3.1300736667,2.7892061320,1.2138482201,-0.8705865669,-1.3002702927,-1.0819593317,2.6745984755,-3.1274751045,-2.8325757009,0.9440887225,0.0097459874,-0.9576184607,-0.6065221754,1.0000000000,1.0000000000,0.0000000000,0.0000000000,0.0000000000
0.0200000000,-0.6500000000,1.3000000000,-0.1264012244,0.0000000000,2.4002666185,3.1290254560,2.7900303212,1.2107323254,-0.8712431354,-1.3002702927,-1.0819593317,2.6745984755,-3.1274751045,-2.8325757009,0.9440887225,0.0097459874,-0.9576184607,-0.6065221754,1.0000000000,1.0000000000,0.0000000000,0.0000000000,0.0000000000
0.0200000000,-0.6500000000,1.3000000000,-0.1264012244,0.0000000000,2.4032102344,3.1279343880,2.7907160269,1.2077605869,-0.8717947521,-1.3002702927,-1.0819593317,2.6745984755,-3.1274751045,-2.8325757009,0.9440887225,0.0097459874,-0.9576184607,-0.6065221754,1.0000000000,1.0000000000,0.0000000000,0.0000000000,0.0000000000
0.0200000000,-0.6500000000,1.3000000000,-0.1264012244,0.0000000000,2.4057940409,3.1269586781,2.7913041001,1.2051491647,-0.8722690346,-1.3002702927,-1.0819593317,2.6745984755,-3.1274751045,-2.8325757009,0.9440887225,0.0097459874,-0.9576184607,-0.6065221754,1.0000000000,1.0000000000,0.0000000000,0.0000000000,0.0000000000
0.0200000000,-0.6500000000,1.3000000000,-0.1264012244,0.0000000000,2.4077622580,3.1261953754,2.7917362842,1.2031487471,-0.8726194126,-1.3002702927,-1.0819593317,2.6745984755,-3.1274751045,-2.8325757009,0.9440887225,0.0097459874,-0.9576184607,-0.6065221754,1.0000000000,1.0000000000,0.0000000000,0.0000000000,0.0000000000
0.0200000000,-0.6500000000,1.3000000000,-0.1264012244,0.0000000000,2.4092450225,3.1255644144,2.7920159894,1.2016158945,-0.8728502674,-1.3002702927,-1.0819593317,2.6745984755,-3.1274751045,-2.8325757009,0.9440887225,0.0097459874,-0.9576184607,-0.6065221754,1.0000000000,1.0000000000,0.0000000000,0.0000000000,0.0000000000
0.0200000000,-0.6500000000,1.3000000000,-0.1264012244,0.0000000000,2.4105238287,3.1249439269,2.7921942458,1.2002652978,-0.8730032419,-1.3002702927,-1.0819593317,2.6745984755,-3.1274751045,-2.8325757009,0.9440887225,0.0097459874,-0.9576184607,-0.6065221754,1.0000000000,1.0000000000,0.0000000000,0.0000000000,0.0000000000
0.0200000000,-0.6500000000,1.3000000000,-0.1264012244,0.0000000000,2.4118801709,3.1242120444,2.7923220834,1.1988116481,-0.8731199791,-1.3002702927,-1.0819593317,2.6745984755,-3.1274751045,-2.8325757009,0.9440887225,0.0097459874,-0.9576184607,-0.6065221754,1.0000000000,1.0000000000,0.0000000000,0.0000000000,0.0000000000
0.0200000000,-0.6500000000,1.3000000000,-0.1264012244,0.0000000000,2.4136869665,3.1231962102,2.7924579031,1.1968734821,-0.8732488372,-1.3002702927,-1.0819593317,2.6745984755,-3.1274751045,-2.8325757009,0.9440887225,0.0097459874,-0.9576184607,-0.6065221754,1.0000000000,1.0000000000,0.0000000000,0.0000000000,0.0000000000
0.0200000000,-0.6500000000,1.3000000000,-0.1264012244,0.0000000000,2.4162014416,3.1217961819,2.7926575162,1.1941933832,-0.8734346824,-1.3002702927,-1.0819593317,2.6745984755,-3.1274751045,-2.8325757009,0.9440887225,0.0097459874,-0.9576184607,-0.6065221754,1.0000000000,1.0000000000,0.0000000000,0.0000000000,0.0000000000
0.0200000000,-0.6500000000,1.3000000000,-0.1264012244,0.0000000000,2.4194746969,3.1199904362,2.7929291897,1.1907101583,-0.8736853008,-1.3002702927,-1.0819593317,2.6745984755,-3.1274751045,-2.8325757009,0.9440887225,0.0097459874,-0.9576184607,-0.6065221754,1.0000000000,1.0000000000,0.0000000000,0.0000000000,0.0000000000
0.0200000000,-0.6500000000,1.3000000000,-0.1264012244,0.0000000000,2.4232499739,3.1178902556,2.7932261721,1.1866821099,-0.8739627554,-1.3002702927,-1.0819593317,2.6745984755,-3.1274751045,-2.8325757009,0.9440887225,0.0097459874,-0.9576184607,-0.6065221754,1.0000000000,1.0000000000,0.0000000000,0.0000000000,0.0000000000
0.0200000000,-0.6500000000,1.3000000000,-0.1264012244,0.0000000000,2.4274902894,3.1155094816,2.7935453766,1.1821808020,-0.8742607563,-1.3002702927,-1.0819593317,2.6745984755,-3.1274751045,-2.8325757009,0.9440887225,0.0097459874,-0.9576184607,-0.6065221754,1.0000000000,1.0000000000,0.0000000000,0.0000000000,0.0000000000
0.0200000000,-0.6500000000,1.3000000000,-0.1264012244,0.0000000000,2.4323544859,3.1127607927,2.7939053830,1.1770819379,-0.8745907752,-1.3002702927,-1.0819593317,2.6745984755,-3.1274751045,-2.8325757009,0.9440887225,0.0097459874,-0.9576184607,-0.6065221754,1.0000000000,1.0000000000,0.0000000000,0.0000000000,0.0000000000
0.0200000000,-0.6500000000,1.3000000000,-0.1264012244,0.0000000000,2.4377813432,3.1096788711,2.7942970394,1.1714273762,-0.8749473181,-1.3002702927,-1.0819593317,2.6745984755,-3.1274751045,-2.8325757009,0.9440887225,0.0097459874,-0.9576184607,-0.6065221754,1.0000000000,1.0000000000,0.0000000000,0.0000000000,0.0000000000
0.0200000000,-0.6500000000,1.3000000000,-0.1264012244,0.0000000000,2.4434908539,3.1064294690,2.7947284578,1.1655701219,-0.8753286966,-1.3002702927,-1.0819593317,2.6745984755,-3.1274751045,-2.8325757009,0.9440887225,0.0097459874,-0.9576184607,-0.6065221754,1.0000000000,1.0000000000,0.0000000000,0.0000000000,0.0000000000
0.0200000000,-0.6500000000,1.3000000000,-0.1264012244,0.0000000000,2.4493086702,3.1031188127,2.7951954954,1.1597055757,-0.8757285012,-1.3002702927,-1.0819593317,2.6745984755,-3.1274751045,-2.8325757009,0.9440887225,0.0097459874,-0.9576184607,-0.6065221754,1.0000000000,1.0000000000,0.0000000000,0.0000000000,0.0000000000
0.0200000000,-0.6500000000,1.3000000000,-0.1264012244,0.0000000000,2.4553837732,3.0996522313,2.7957199640,1.1537171243,-0.8761624547,-1.3002702927,-1.0819593317,2.6745984755,-3.1274751045,-2.8325757009,0.9440887225,0.0097459874,-0.9576184607,-0.6065221754,1.0000000000,1.0000000000,0.0000000000,0.0000000000,0.0000000000
0.0200000000,-0.6500000000,1.3000000000,-0.1264012244,0.0000000000,2.4619610459,3.0958744710,2.7963512934,1.1474525625,-0.8766634015,-1.3002702927,-1.0819593317,2.6745984755,-3.1274751045,-2.8325757009,0.9440887225,0.0097459874,-0.9576184607,-0.6065221754,1.0000000000,1.0000000000,0.0000000000,0.0000000000,0.0000000000
0.0200000000,-0.6500000000,1.3000000000,-0.1264012244,0.0000000000,2.4690332680,3.0917834270,2.7970965522,1.1409394396,-0.8772357555,-1.3002702927,-1.0819593317,2.6745984755,-3.1274751045,-2.8325757009,0.9440887225,0.0097459874,-0.9576184607,-0.6065221754,1.0000000000,1.0000000000,0.0000000000,0.0000000000,0.0000000000
0.0200000000,-0.6500000000,1.3000000000,-0.1264012244,0.0000000000,2.4769107442,3.0871706133,2.7980371437,1.1340397860,-0.8779321859,-1.3002702927,-1.0819593317,2.6745984755,-3.1274751045,-2.8325757009,0.9440887225,0.0097459874,-0.9576184607,-0.6065221754,1.0000000000,1.0000000000,0.0000000000,0.0000000000,0.0000000000
0.0200000000,-0.6500000000,1.3000000000,-0.1264012244,0.0000000000,2.4851476673,3.0822791864,2.7991456058,1.1272158595,-0.8787291460,-1.3002702927,-1.0819593317,2.6745983743,-3.1274749161,-2.8325754900,0.9440887353,0.0097458773,-0.9576183753,-0.6065221754,1.0000000000,1.0000000000,0.0000000000,0.0000000000,0.0000000000
0.0200000000,-0.6500000000,1.3000000000,-0.1264012244,0.0000000000,2.4931367353,3.0774463251,2.8003759844,1.1210733121,-0.8795892526,-1.3002702927,-1.0819593317,2.6745976057,-3.1274734845,-2.8325738872,0.9440888331,0.0097450402,-0.9576177257,-0.6065221754,1.0000000000,1.0000000000,0.0000000000,0.0000000000,0.0000000000
0.0200000000,-0.6500000000,1.3000000000,-0.1264012244,0.0000000000,2.5009689123,3.0725791563,2.8017950488,1.1156882283,-0.8805560153,-1.3002702927,-1.0819593317,2.6746002077,-3.1274782598,-2.8325793401,0.9440883129,0.0097478517,-0.9576201295,-0.6065221754,1.0000000000,1.0000000000,0.0000000000,0.0000000000,0.0000000000
0.0200000000,-0.6500000000,1.3000000000,-0.1264012244,0.0000000000,2.5085957568,3.0677153410,2.8033764017,1.1110359146,-0.8816150399,-1.3002702927,-1.0819593317,2.6746106721,-3.1274976714,-2.8326011422,0.9440869889,0.0097592394,-0.9576289625,-0.6065221754,1.0000000000,1.0000000000,0.0000000000,0.0000000000,0.0000000000
0.0200000000,-0.6500000000,1.3000000000,-0.1264012244,0.0000000000,2.5157428283,3.0630181196,2.8050753435,1.1073151325,-0.8827380930,-1.3002702927,-1.0819593317,2.6746401722,-3.1275533868,-2.8326622569,0.9440857557,0.0097916420,-0.9576511581,-0.6065221754,1.0000000000,1.0000000000,0.0000000000,0.0000000000,0.0000000000
0.0200000000,-0.6500000000,1.3000000000,-0.1264012244,0.0000000000,2.5224754573,3.0584460540,2.8069006690,1.1044713803,-0.8839334228,-1.3002702927,-1.0819593317,2.6746962687,-3.1276617764,-2.8327767420,0.9440904618,0.0098537036,-0.9576856172,-0.6065221754,1.0000000000,1.0000000000,0.0000000000,0.0000000000,0.0000000000
0.0200000000,-0.6500000000,1.3000000000,-0.1264012244,0.0000000000,2.5288750806,3.0539430225,2.8088714392,1.1024612316,-0.8852157867,-1.3002702927,-1.0819593317,2.6747774902,-3.1278334253,-2.8329427388,0.9441174790,0.0099476136,-0.9577141099,-0.6065221754,1.0000000000,1.0000000000,0.0000000000,0.0000000000,0.0000000000
0.0200000000,-0.6500000000,1.3000000000,-0.1264012244,0.0000000000,2.5350193762,3.0494292487,2.8110438659,1.1013560934,-0.8866236808,-1.3002702927,-1.0819593317,2.6748733229,-3.1280812845,-2.8331431758,0.9442049875,0.0100716750,-0.9576894089,-0.6065221754,1.0000000000,1.0000000000,0.0000000000,0.0000000000,0.0000000000
0.0200000000,-0.6500000000,1.3000000000,-0.1264012244,0.0000000000,2.5411606540,3.0447250579,2.8134939203,1.1010686448,-0.8882096764,-1.3002702927,-1.0819593317,2.6749490368,-3.1284205576,-2.8333278203,0.9444175129,0.0102116147,-0.9575217927,-0.6065221754,1.0000000000,1.0000000000,0.0000000000,0.0000000000,0.0000000000
0.0200000000,-0.6500000000,1.3000000000,-0.1264012244,0.0000000000,2.5474483921,3.0396954246,2.8163069888,1.1016606326,-0.8900319108,-1.3002702927,-1.0819593317,2.6749795918,-3.1288947593,-2.8334512236,0.9448286537,0.0103574997,-0.9571163695,-0.6065221754,1.0000000000,1.0000000000,0.0000000000,0.0000000000,0.0000000000
0.0200000000,-0.6500000000,1.3000000000,-0.1264012244,0.0000000000,2.5537685880,3.0344194176,2.8194459285,1.1031430739,-0.8920704090,-1.3002702927,-1.0819593317,2.6749792682,-3.1295598079,-2.8334508392,0.9454755710,0.0104831772,-0.9564294403,-0.6065221754,1.0000000000,1.0000000000,0.0000000000,0.0000000000,0.0000000000
0.0200000000,-0.6500000000,1.3000000000,-0.1264012244,0.0000000000,2.5598374637,3.0291535125,2.8227404395,1.1053372982,-0.8942180070,-1.3002702927,-1.0819593317,2.6750496239,-3.1304162989,-2.8333049466,0.9462543636,0.0105574884,-0.9556066449,-0.6065221754,1.0000000000,1.0000000000,0.0000000000,0.0000000000,0.0000000000
0.0200000000,-0.6500000000,1.3000000000,-0.1264012244,0.0000000000,2.5653979080,3.0241487764,2.8260088897,1.1079958444,-0.8963598876,-1.3002702927,-1.0819593317,2.6753848945,-3.1313635706,-2.8330373696,0.9469141691,0.0105468619,-0.9549911433,-0.6065221754,1.0000000000,1.0000000000,0.0000000000,0.0000000000,0.0000000000
0.0200000000,-0.6500000000,1.3000000000,-0.1264012244,0.0000000000,2.5702281796,3.0196749378,2.8290177224,1.1107301739,-0.8983417974,-1.3002702927,-1.0819593317,2.6760396236,-3.1321395883,-2.8327065552,0.9472223273,0.0104376937,-0.9548599074,-0.6065221754,1.0000000000,1.0000000000,0.0000000000,0.0000000000,0.0000000000
0.0200000000,-0.6500000000,1.3000000000,-0.1264012244,0.0000000000,2.5741700995,3.0159057402,2.8316228167,1.1133638421,-0.9000672245,-1.3002702927,-1.0819593317,2.6769167993,-3.1325951665,-2.8323032081,0.9471514363,0.0102153886,-0.9552068818,-0.6065221754,1.0000000000,1.0000000000,0.0000000000,0.0000000000,0.0000000000
0.0200000000,-0.6500000000,1.3000000000,-0.1264012244,0.0000000000,2.5774293271,3.0126445962,2.8339505899,1.1160604358,-0.9016193227,-1.3002702927,-1.0819593317,2.6779349672,-3.1327985436,-2.8318474931,0.9467891423,0.0099047474,-0.9559136619,-0.6065221754,1.0000000000,1.0000000000,0.0000000000,0.0000000000,0.0000000000
0.0200000000,-0.6500000000,1.3000000000,-0.1264012244,0.0000000000,2.5804140030,3.0094482699,2.8363260940,1.1193114284,-0.9032165465,-1.3002702927,-1.0819593317,2.6791483104,-3.1328608472,-2.8313771368,0.9461510807,0.0095284962,-0.9569918082,-0.6065221754,1.0000000000,1.0000000000,0.0000000000,0.0000000000,0.0000000000
0.0200000000,-0.6500000000,1.3000000000,-0.1264012244,0.0000000000,2.5827196565,3.0066441652,2.8385386421,1.1231128976,-0.9047230724,-1.3002702927,-1.0819593317,2.6803656690,-3.1328691175,-2.8310802111,0.9453876789,0.0092184151,-0.9582351701,-0.6065221754,1.0000000000,1.0000000000,0.0000000000,0.0000000000,0.0000000000
0.0200000000,-0.6500000000,1.3000000000,-0.1264012244,0.0000000000,2.5843153678,3.0042448694,2.8405791633,1.1275374169,-0.9061342570,-1.3002702927,-1.0819593317,2.6815171343,-3.1328660110,-2.8309892501,0.9446091514,0.0090149950,-0.9595026482,-0.6065221754,1.0000000000,1.0000000000,0.0000000000,0.0000000000,0.0000000000
0.0200000000,-0.6500000000,1.3000000000,-0.1264012244,0.0000000000,2.5852672465,3.0022458999,2.8424206666,1.1324188248,-0.9074286075,-1.3002702927,-1.0819593317,2.6825442079,-3.1328661218,-2.8310630147,0.9439147556,0.0089164760,-0.9606579018,-0.6065221754,1.0000000000,1.0000000000,0.0000000000,0.0000000000,0.0000000000
0.0200000000,-0.6500000000,1.3000000000,-0.1264012244,0.0000000000,2.5855947938,3.0009048433,2.8437694159,1.1366896437,-0.9083928987,-1.3002702927,-1.0819593317,2.6832795509,-3.1328672972,-2.8312166520,0.9434359687,0.0089035024,-0.9614813610,-0.6065221754,1.0000000000,1.0000000000,0.0000000000,0.0000000000,0.0000000000
0.0200000000,-0.6500000000,1.3000000000,-0.1264012244,0.0000000000,2.5854802500,3.0000221031,2.8447755417,1.1405656315,-0.9091283856,-1.3002702927,-1.0819593317,2.6838099747,-3.1328667298,-2.8314160818,0.9431176480,0.0089468943,-0.9620603316,-0.6065221754,1.0000000000,1.0000000000,0.0000000000,0.0000000000,0.0000000000
0.0200000000,-0.6500000000,1.3000000000,-0.1264012244,0.0000000000,2.5851277492,2.9992606761,2.8457307358,1.1447412096,-0.9098382601,-1.3002702927,-1.0819593317,2.6843014769,-3.1328593428,-2.8316389192,0.9428549804,0.0090138594,-0.9625678970,-0.6065221754,1.0000000000,1.0000000000,0.0000000000,0.0000000000,0.0000000000
0.0200000000,-0.6500000000,1.3000000000,-0.1264012244,0.0000000000,2.5845736983,2.9986654205,2.8465744238,1.1489149017,-0.9104766392,-1.3002702927,-1.0819593317,2.6847241853,-3.1328464653,-2.8318770842,0.9426574398,0.0091019548,-0.9629811442,-0.6065221754,1.0000000000,1.0000000000,0.0000000000,0.0000000000,0.0000000000
0.0200000000,-0.6500000000,1.3000000000,-0.1264012244,0.0000000000,2.5840370062,2.9981965870,2.8472737281,1.1525358808,-0.9110094786,-1.3002703368,-1.0819593317,2.6850723101,-3.1328291567,-2.8320840679,0.9425052076,0.0091823666,-0.9633118710,-0.6065221754,1.0000000000,1.0000000000,0.0000000000,0.0000000000,0.0000000000
0.0200000000,-0.6500000000,1.3000000000,-0.1264012244,0.0000000000,2.5835782727,2.9978795066,2.8477815643,1.1553110720,-0.9113995979,-1.3002705236,-1.0819593317,2.6853222350,-3.1328124969,-2.8322396846,0.9424050032,0.0092456505,-0.9635405441,-0.6065221754,1.0000000000,1.0000000000,0.0000000000,0.0000000000,0.0000000000
0.0200000000,-0.6500000000,1.3000000000,-0.1264012244,0.0000000000,2.5831209751,2.9976921478,2.8481469751,1.1575719913,-0.9116863377,-1.3002707517,-1.0819593317,2.6854977603,-3.1327913562,-2.8323674619,0.9423516676,0.0093033483,-0.9636856128,-0.6065221754,1.0000000000,1.0000000000,0.0000000000,0.0000000000,0.0000000000
0.0200000000,-0.6500000000,1.3000000000,-0.1264012244,0.0000000000,2.5825566340,2.9975651632,2.8484784983,1.1599352769,-0.9119540802,-1.3002707525,-1.0819593317,2.6856562606,-3.1327506367,-2.8325080016,0.9423256416,0.0093732391,-0.9637966878,-0.6065221754,1.0000000000,1.0000000000,0.0000000000,0.0000000000,0.0000000000
0.0200000000,-0.6500000000,1.3000000000,-0.1264012244,0.0000000000,2.5818061121,2.9974186821,2.8488882925,1.1629696702,-0.9122882306,-1.3002715249,-1.0819593317,2.6858563965,-3.1326809845,-2.8326966328,0.9423016382,0.0094691612,-0.9639292147,-0.6065221754,1.0000000000,1.0000000000,0.0000000000,0.0000000000,0.0000000000
0.0200000000,-0.6500000000,1.3000000000,-0.1264012244,0.0000000000,2.5808533316,2.9972460883,2.8493955352,1.1667808632,-0.9127029667,-1.3002819496,-1.0819593317,2.6861048957,-3.1325852201,-2.8329349872,0.9422748281,0.0095910353,-0.9640912235,-0.6065221754,1.0000000000,1.0000000000,0.0000000000,0.0000000000,0.0000000000
0.0200000000,-0.6500000000,1.3000000000,-0.1264012244,0.0000000000,2.5797448144,2.9970784162,2.8499457669,1.1710730406,-0.9131568831,-1.3002939679,-1.0819593317,2.6863761141,-3.1324650504,-2.8332086897,0.9422570453,0.0097335321,-0.9642578274,-0.6065221754,1.0000000000,1.0000000000,0.0000000000,0.0000000000,0.0000000000
0.0200000000,-0.6500000000,1.3000000000,-0.1264012244,0.0000000000,2.5784954927,2.9968980682,2.8505243643,1.1757492447,-0.9136409564,-1.3002707007,-1.0819593317,2.6866763696,-3.1323019940,-2.8335328369,0.9422546425,0.0099059333,-0.9644271097,-0.6065221754,1.0000000000,1.0000000000,0.0000000000,0.0000000000,0.0000000000
0.0200000000,-0.6500000000,1.3000000000,-0.1264012244,0.0000000000,2.5770680649,2.9967020099,2.8511359183,1.1808930253,-0.9141613980,-1.3002322418,-1.0819593317,2.6870100082,-3.1320783795,-2.8339256593,0.9422763760,0.0101196564,-0.9645942848,-0.6065221754,1.0000000000,1.0000000000,0.0000000000,0.0000000000,0.0000000000
0.0200000000,-0.6500000000,1.3000000000,-0.1264012244,0.0000000000,2.5755276997,2.9964742229,2.8517694521,1.1863389068,-0.9147072621,-1.3000956648,-1.0819593317,2.6873817858,-3.1318086167,-2.8343715051,0.9423097962,0.0103639435,-0.9647720318,-0.6065221754,1.0000000000,1.0000000000,0.0000000000,0.0000000000,0.0000000000
0.0200000000,-0.6500000000,1.3000000000,-0.1264012244,0.0000000000,2.5739373382,2.9961623849,2.8524177342,1.1919265393,-0.9152732180,-1.2997021797,-1.0819593317,2.6878156307,-3.1314874379,-2.8348766970,0.9423451355,0.0106402777,-0.9649810683,-0.6065221754,1.0000000000,1.0000000000,0.0000000000,0.0000000000,0.0000000000
0.0200000000,-0.6500000000,1.3000000000,-0.1264012244,0.0000000000,2.5723258555,2.9957845054,2.8530657272,1.1975554215,-0.9158457713,-1.2990505582,-1.0819593317,2.6883041954,-3.1311272727,-2.8354244382,0.9423760023,0.0109384604,-0.9652227361,-0.6065221754,1.0000000000,1.0000000000,0.0000000000,0.0000000000,0.0000000000
0.0200000000,-0.6500000000,1.3000000000,-0.1264012244,0.0000000000,2.5708195067,2.9954102634,2.8536479650,1.2027831116,-0.9163667679,-1.2981106587,-1.0819593317,2.6888159961,-3.1307780029,-2.8359462685,0.9423778468,0.0112172175,-0.9655003090,-0.6065221754,1.0000000000,1.0000000000,0.0000000000,0.0000000000,0.0000000000
0.0200000000,-0.6500000000,1.3000000000,-0.1264012244,0.0000000000,2.5694278205,2.9950428997,2.8541583291,1.2075755585,-0.9168312438,-1.2968613128,-1.0819593317,2.6893557223,-3.1304421641,-2.8364381285,0.9423449765,0.0114732813,-0.9658210411,-0.6065221754,1.0000000000,1.0000000000,0.0000000000,0.0000000000,0.0000000000
0.0200000000,-0.6500000000,1.3000000000,-0.1264012244,0.0000000000,2.5680737587,2.9946964776,2.8546385833,1.2122305140,-0.9172717123,-1.2954962912,-1.0819593317,2.6899344498,-3.1301188082,-2.8369099518,0.9422730407,0.0117110933,-0.9661954165,-0.6065221754,1.0000000000,1.0000000000,0.0000000000,0.0000000000,0.0000000000
0.0200000000,-0.6500000000,1.3000000000,-0.1264012244,0.0000000000,2.5667511538,2.9943770086,2.8550905027,1.2167674966,-0.9176893110,-1.2940367247,-1.0819593317,2.6905496316,-3.1298095140,-2.8373603383,0.9421623754,0.0119299705,-0.9666218674,-0.6065221754,1.0000000000,1.0000000000,0.0000000000,0.0000000000,0.0000000000
0.0200000000,-0.6500000000,1.3000000000,-0.1264012244,0.0000000000,2.5654400518,2.9940523094,2.8555395959,1.2213106283,-0.9181054965,-1.2925047219,-1.0819593317,2.6912396220,-3.1295038155,-2.8378066929,0.9419987444,0.0121364297,-0.9671331911,-0.6065221754,1.0000000000,1.0000000000,0.0000000000,0.0000000000,0.0000000000
0.0200000000,-0.6500000000,1.3000000000,-0.1264012244,0.0000000000,2.5640709888,2.9936859454,2.8560275640,1.2261588332,-0.9185564119,-1.2908811855,-1.0819593317,2.6920745731,-3.1291832549,-2.8382790736,0.9417544898,0.0123411390,-0.9677907763,-0.6065221754,1.0000000000,1.0000000000,0.0000000000,0.0000000000,0.0000000000
0.0200000000,-0.6500000000,1.3000000000,-0.1264012244,0.0000000000,2.5627322061,2.9933038226,2.8565201006,1.2309891487,-0.9190107819,-1.2892605814,-1.0819593317,2.6929922559,-3.1288686192,-2.8387464218,0.9414509031,0.0125316514,-0.9685429772,-0.6065221754,1.0000000000,1.0000000000,0.0000000000,0.0000000000,0.0000000000
0.0200000000,-0.6500000000,1.3000000000,-0.1264012244,0.0000000000,2.5616283717,2.9929627980,2.8569431688,1.2350516934,-0.9193998388,-1.2879194013,-1.0819593317,2.6938231372,-3.1286067271,-2.8391389242,0.9411556099,0.0126838163,-0.9692411272,-0.6065221754,1.0000000000,1.0000000000,0.0000000000,0.0000000000,0.0000000000
0.0200000000,-0.6500000000,1.3000000000,-0.1264012244,0.0000000000,2.5607751870,2.9926653058,2.8572923075,1.2382967158,-0.9197193835,-1.2868742827,-1.0819593317,2.6945631385,-3.1284009221,-2.8394514671,0.9408679125,0.0127947707,-0.9698835870,-0.6065221754,1.0000000000,1.0000000000,0.0000000000,0.0000000000,0.0000000000
0.0200000000,-0.6500000000,1.3000000000,-0.1264012244,0.0000000000,2.5600690999,2.9923900725,2.8576001356,1.2410740154,-0.9199999670,-1.2860002733,-1.0819593317,2.6952646052,-3.1282283763,-2.8397182463,0.9405754872,0.0128803727,-0.9705091204,-0.6065221754,1.0000000000,1.0000000000,0.0000000000,0.0000000000,0.0000000000
0.0200000000,-0.6500000000,1.3000000000,-0.1264012244,0.0000000000,2.5594031001,2.9921169909,2.8578992098,1.2437373516,-0.9202721327,-1.2851734115,-1.0819593317,2.6959725402,-3.1280657418,-2.8399743922,0.9402716156,0.0129580639,-0.9711478232,-0.6065221754,1.0000000000,1.0000000000,0.0000000000,0.0000000000,0.0000000000
0.0200000000,-0.6500000000,1.3000000000,-0.1264012244,0.0000000000,2.5587581603,2.9918420989,2.8581955981,1.2463505106,-0.9205415368,-1.2843720254,-1.0819593317,2.6966933142,-3.1279083390,-2.8402255363,0.9399560314,0.0130307971,-0.9718033080,-0.6065221754,1.0000000000,1.0000000000,0.0000000000,0.0000000000,0.0000000000
0.0200000000,-0.6500000000,1.3000000000,-0.1264012244,0.0000000000,2.5581729654,2.9915732253,2.8584771625,1.2487838234,-0.9207968205,-1.2836407486,-1.0819593317,2.6974093253,-3.1277646896,-2.8404589792,0.9396319770,0.0130924266,-0.9724633079,-0.6065221754,1.0000000000,1.0000000000,0.0000000000,0.0000000000,0.0000000000
0.0200000000,-0.6500000000,1.3000000000,-0.1264012244,0.0000000000,2.5576208631,2.9913048183,2.8587523029,1.2511280765,-0.9210458821,-1.2829482105,-1.0819593317,2.6981400451,-3.1276301882,-2.8406851481,0.9392929195,0.0131472461,-0.9731440292,-0.6065221754,1.0000000000,1.0000000000,0.0000000000,0.0000000000,0.0000000000
0.0200000000,-0.6500000000,1.3000000000,-0.1264012244,0.0000000000,2.5570752838,2.9910312953,2.8590294241,1.2534739378,-0.9212966228,-1.2822631456,-1.0819593317,2.6989050821,-3.1275002523,-2.8409144577,0.9389322277,0.0131995234,-0.9738618347,-0.6065221754,1.0000000000,1.0000000000,0.0000000000,0.0000000000,0.0000000000
0.0200000000,-0.6500000000,1.3000000000,-0.1264012244,0.0000000000,2.5565227370,2.9907470358,2.8593146267,1.2558757759,-0.9215546075,-1.2815691262,-1.0819593317,2.6997203835,-3.1273722374,-2.8411526153,0.9385426781,0.0132508992,-0.9746315236,-0.6065221754,1.0000000000,1.0000000000,0.0000000000,0.0000000000,0.0000000000
0.0200000000,-0.6500000000,1.3000000000,-0.1264012244,0.0000000000,2.5559775981,2.9904526463,2.8596049218,1.2582923482,-0.9218169075,-1.2808827339,-1.0819593317,2.7005838766,-3.1272489027,-2.8413949762,0.9381226194,0.0132985727,-0.9754533198,-0.6065221754,1.0000000000,1.0000000000,0.0000000000,0.0000000000,0.0000000000
0.0200000000,-0.6500000000,1.3000000000,-0.1264012244,0.0000000000,2.5554451011,2.9901581737,2.8598927945,1.2606784856,-0.9220769778,-1.2802117688,-1.0819593317,2.7014693625,-3.1271316578,-2.8416375624,0.9376874993,0.0133434263,-0.9762999586,-0.6065221754,1.0000000000,1.0000000000,0.0000000000,0.0000000000,0.0000000000
0.0200000000,-0.6500000000,1.3000000000,-0.1264012244,0.0000000000,2.5549288183,2.9898721841,2.8601719750,1.2629985797,-0.9223293987,-1.2795619735,-1.0819593317,2.7023571483,-3.1270219688,-2.8418777508,0.9372491701,0.0133863652,-0.9771507722,-0.6065221754,1.0000000000,1.0000000000,0.0000000000,0.0000000000,0.0000000000
0.0200000000,-0.6500000000,1.3000000000,-0.1264012244,0.0000000000,2.5544346592,2.9895991990,2.8604384373,1.2652222811,-0.9225705833,-1.2789411281,-1.0819593317,2.7032346994,-3.1269219327,-2.8421131359,0.9368140555,0.0134273542,-0.9779936707,-0.6065221754,1.0000000000,1.0000000000,0.0000000000,0.0000000000,0.0000000000
0.0200000000,-0.6500000000,1.3000000000,-0.1264012244,0.0000000000,2.5539645974,2.9893360507,2.8606939153,1.2673532533,-0.9228019412,-1.2783509926,-1.0819593317,2.7041073181,-3.1268320750,-2.8423438240,0.9363780336,0.0134656478,-0.9788351030,-0.6065221754,1.0000000000,1.0000000000,0.0000000000,0.0000000000,0.0000000000
0.0200000000,-0.6500000000,1.3000000000,-0.1264012244,0.0000000000,2.5535104159,2.9890817560,2.8609404864,1.2694187970,-0.9230255041,-1.2777817692,-1.0819593317,2.7049854699,-3.1267499356,-2.8425725829,0.9359372209,0.0135019681,-0.9796837608,-0.6065221754,1.0000000000,1.0000000000,0.0000000000,0.0000000000,0.0000000000
0.0200000000,-0.6500000000,1.3000000000,-0.1264012244,0.0000000000,2.5530577947,2.9888345551,2.8611818814,1.2714646369,-0.9232448366,-1.2772161892,-1.0819593317,2.7058773849,-3.1266705400,-2.8428030354,0.9354902647,0.0135379888,-0.9805448562,-0.6065221754,1.0000000000,1.0000000000,0.0000000000,0.0000000000,0.0000000000
0.0200000000,-0.6500000000,1.3000000000,-0.1264012244,0.0000000000,2.5526079109,2.9885967686,2.8614164360,1.2734788880,-0.9234584301,-1.2766557600,-1.0819593317,2.7067685813,-3.1265928312,-2.8430325529,0.9350454753,0.0135739257,-0.9814034146,-0.6065221754,1.0000000000,1.0000000000,0.0000000000,0.0000000000,0.0000000000
0.0200000000,-0.6500000000,1.3000000000,-0.1264012244,0.0000000000,2.5522097067,2.9883816818,2.8616270134,1.2752745183,-0.9236500340,-1.2761593116,-1.0819593317,2.7075657754,-3.1265266812,-2.8432378787,0.9346453861,0.0136056427,-0.9821737653,-0.6065221754,1.0000000000,1.0000000000,0.0000000000,0.0000000000,0.0000000000
0.0200000000,-0.6500000000,1.3000000000,-0.1264012244,0.0000000000,2.5518426832,2.9881825861,2.8618215098,1.2769340253,-0.9238270939,-1.2757021425,-1.0819593317,2.7083147015,-3.1264686562,-2.8434298826,0.9342682003,0.0136346989,-0.9828988363,-0.6065221754,1.0000000000,1.0000000000,0.0000000000,0.0000000000,0.0000000000
0.0200000000,-0.6500000000,1.3000000000,-0.1264012244,0.0000000000,2.5513960598,2.9879695176,2.8620385897,1.2788817287,-0.9240263343,-1.2751512796,-1.0819593317,2.7092330996,-3.1263971913,-2.8436622711,0.9338140288,0.0136703198,-0.9837791862,-0.6065221754,1.0000000000,1.0000000000,0.0000000000,0.0000000000,0.0000000000
0.0200000000,-0.6500000000,1.3000000000,-0.1264012244,0.0000000000,2.5507724253,2.9877138910,2.8623137757,1.2814957901,-0.9242812903,-1.2743892910,-1.0819593317,2.7105093972,-3.1262929506,-2.8439818742,0.9331960677,0.0137206083,-0.9849887577,-0.6065221754,1.0000000000,1.0000000000,0.0000000000,0.0000000000,0.0000000000
0.0200000000,-0.6500000000,1.3000000000,-0.1264012244,0.0000000000,2.5499194675,2.9873925225,2.8626712620,1.2849994876,-0.9246142931,-1.2733519674,-1.0819593317,2.7122501415,-3.1261475529,-2.8444150837,0.9323618531,0.0137894314,-0.9866293800,-0.6065221754,1.0000000000,1.0000000000,0.0000000000,0.0000000000,0.0000000000
0.0200000000,-0.6500000000,1.3000000000,-0.1264012244,0.0000000000,2.5489170657,2.9870417835,2.8630734730,1.2890493504,-0.9249907086,-1.2721374892,-1.0819593317,2.7142917891,-3.1259735078,-2.8449214156,0.9313923306,0.0138709495,-0.9885443237,-0.6065221754,1.0000000000,1.0000000000,0.0000000000,0.0000000000,0.0000000000
0.0200000000,-0.6500000000,1.3000000000,-0.1264012244,0.0000000000,2.5478827053,2.9867513021,2.8634414337,1.2930479532,-0.9253396424,-1.2708957681,-1.0819593317,2.7163753264,-3.1257814644,-2.8454366041,0.9304296961,0.0139585941,-0.9904709712,-0.6065221754,1.0000000000,1.0000000000,0.0000000000,0.0000000000,0.0000000000
0.0200000000,-0.6500000000,1.3000000000,-0.1264012244,0.0000000000,2.5468125951,2.9865312647,2.8637690806,1.2969815167,-0.9256561552,-1.2696240487,-1.0819593317,2.7185045693,-3.1255687352,-2.8459613674,0.9294764632,0.0140532474,-0.9924084468,-0.6065221754,1.0000000000,1.0000000000,0.0000000000,0.0000000000,0.0000000000
0.0200000000,-0.6500000000,1.3000000000,-0.1264012244,0.0000000000,2.5458836595,2.9863626824,2.8640388535,1.3003406309,-0.9259185806,-1.2685239867,-1.0819593317,2.7203482111,-3.1253792893,-2.8464158004,0.9286607470,0.0141371471,-0.9940761729,-0.6065221754,1.0000000000,1.0000000000,0.0000000000,0.0000000000,0.0000000000
0.0200000000,-0.6500000000,1.3000000000,-0.1264012244,0.0000000000,2.5451942283,2.9862546366,2.8642279920,1.3027917590,-0.9261039867,-1.2677104403,-1.0819593317,2.7217125184,-3.1252346324,-2.8467527229,0.9280650931,0.0142011608,-0.9953022071,-0.6065221754,1.0000000000,1.0000000000,0.0000000000,0.0000000000,0.0000000000
0.0200000000,-0.6500000000,1.3000000000,-0.1264012244,0.0000000000,2.5446840007,2.9862024626,2.8643498498,1.3045370647,-0.9262259319,-1.2671130764,-1.0819593317,2.7227156624,-3.1251214840,-2.8470008888,0.9276394485,0.0142509039,-0.9961911206,-0.6065221754,1.0000000000,1.0000000000,0.0000000000,0.0000000000,0.0000000000
0.0200000000,-0.6500000000,1.3000000000,-0.1264012244,0.0000000000,2.5442591413,2.9861847402,2.8644346220,1.3059278733,-0.9263133892,-1.2666206044,-1.0819593317,2.7235496983,-3.1250209696,-2.8472073869,0.9272974883,0.0142947192,-0.9969180120,-0.6065221754,1.0000000000,1.0000000000,0.0000000000,0.0000000000,0.0000000000
0.0200000000,-0.6500000000,1.3000000000,-0.1264012244,0.0000000000,2.5438127259,2.9861787864,2.8645156106,1.3073605407,-0.9263984381,-1.2661066471,-1.0819593317,2.7244342700,-3.1249110280,-2.8474260509,0.9269414038,0.0143423206,-0.9976821958,-0.6065221754,1.0000000000,1.0000000000,0.0000000000,0.0000000000,0.0000000000
0.0200000000,-0.6500000000,1.3000000000,-0.1264012244,0.0000000000,2.5432825751,2.9861659617,2.8646156595,1.3090778531,-0.9265026752,-1.2654960074,-1.0819593317,2.7254924528,-3.1247807295,-2.8476873705,0.9265134924,0.0143987477,-0.9985983302,-0.6065221754,1.0000000000,1.0000000000,0.0000000000,0.0000000000,0.0000000000
0.0200000000,-0.6500000000,1.3000000000,-0.1264012244,0.0000000000,2.5427312380,2.9861552382,2.8647180028,1.3108571670,-0.9266096330,-1.2648608116,-1.0819593317,2.7265889520,-3.1246447693,-2.8479587480,0.9260715923,0.0144578379,-0.9995461312,-0.6065221754,1.0000000000,1.0000000000,0.0000000000,0.0000000000,0.0000000000
0.0200000000,-0.6500000000,1.3000000000,-0.1264012244,0.0000000000,2.5421642739,2.9861555704,2.8648159805,1.3126609260,-0.9267134728,-1.2642106346,-1.0819593317,2.7277228997,-3.1245012200,-2.8482391253,0.9256203792,0.0145199552,-1.0005203887,-0.6065221754,1.0000000000,1.0000000000,0.0000000000,0.0000000000,0.0000000000
0.0200000000,-0.6500000000,1.3000000000,-0.1264012244,0.0000000000,2.5415467471,2.9861710352,2.8649131983,1.3145937088,-0.9268185189,-1.2635087343,-1.0819593317,2.7289824173,-3.1243382600,-2.8485487768,0.9251269795,0.0145895575,-1.0015944990,-0.6065221754,1.0000000000,1.0000000000,0.0000000000,0.0000000000,0.0000000000
0.0200000000,-0.6500000000,1.3000000000,-0.1264012244,0.0000000000,2.5408377503,2.9862070513,2.8650134394,1.3167760610,-0.9269294646,-1.2627117482,-1.0819593317,2.7304678617,-3.1241421135,-2.8489110574,0.9245544251,0.0146719576,-1.0028515763,-0.6065221754,1.0000000000,1.0000000000,0.0000000000,0.0000000000,0.0000000000
0.0200000000,-0.6500000000,1.3000000000,-0.1264012244,0.0000000000,2.5400826817,2.9862540111,2.8651146858,1.3190804408,-0.9270429468,-1.2618641174,-1.0819593317,2.7320496445,-3.1239305686,-2.8492973916,0.9239497416,0.0147610035,-1.0041850535,-0.6065221754,1.0000000000,1.0000000000,0.0000000000,0.0000000000,0.0000000000
0.0200000000,-0.6500000000,1.3000000000,-0.1264012244,0.0000000000,2.5392411133,2.9863219091,2.8652178988,1.3216185494,-0.9271612523,-1.2609285262,-1.0819593317,2.7338552461,-3.1236863793,-2.8497349669,0.9232666076,0.0148622393,-1.0056998070,-0.6065221754,1.0000000000,1.0000000000,0.0000000000,0.0000000000,0.0000000000
0.0200000000,-0.6500000000,1.3000000000,-0.1264012244,0.0000000000,2.5381830519,2.9864373850,2.8653294738,1.3247585983,-0.9272945328,-1.2597788003,-1.0819593317,2.7362632308,-3.1233582320,-2.8503066207,0.9223667065,0.0149931061,-1.0077080937,-0.6065221754,1.0000000000,1.0000000000,0.0000000000,0.0000000000,0.0000000000
0.0200000000,-0.6500000000,1.3000000000,-0.1264012244,0.0000000000,2.5368145041,2.9866153657,2.8654564578,1.3287709846,-0.9274521911,-1.2583155026,-1.0819593317,2.7395018286,-3.1229141891,-2.8510655294,0.9211670492,0.0151659334,-1.0103978171,-0.6065221754,1.0000000000,1.0000000000,0.0000000000,0.0000000000,0.0000000000
0.0200000000,-0.6500000000,1.3000000000,-0.1264012244,0.0000000000,2.5354852108,2.9868085421,2.8655679319,1.3326401187,-0.9275952430,-1.2569220451,-1.0819593317,2.7427955741,-3.1224643242,-2.8518247975,0.9199495849,0.0153354908,-1.0131304296,-0.6065221754,1.0000000000,1.0000000000,0.0000000000,0.0000000000,0.0000000000
0.0200000000,-0.6500000000,1.3000000000,-0.1264012244,0.0000000000,2.5344036737,2.9869878945,2.8656459031,1.3357611962,-0.9277008180,-1.2558245540,-1.0819593317,2.7456701060,-3.1220753898,-2.8524712999,0.9188874802,0.0154748970,-1.0155145656,-0.6065221754,1.0000000000,1.0000000000,0.0000000000,0.0000000000,0.0000000000
0.0200000000,-0.6500000000,1.3000000000,-0.1264012244,0.0000000000,2.5334227586,2.9871655500,2.8657082548,1.3385770427,-0.9277894725,-1.2548607223,-1.0819593317,2.7484437769,-3.1217047063,-2.8530818718,0.9178594156,0.0156016482,-1.0178183951,-0.6065221754,1.0000000000,1.0000000000,0.0000000000,0.0000000000,0.0000000000
0.0200000000,-0.6500000000,1.3000000000,-0.1264012244,0.0000000000,2.5324604953,2.9873490330,2.8657647588,1.3413371209,-0.9278725034,-1.2539483960,-1.0819593317,2.7513369533,-3.1213250473,-2.8537052916,0.9167786446,0.0157249299,-1.0202304599,-0.6065221754,1.0000000000,1.0000000000,0.0000000000,0.0000000000,0.0000000000
0.0200000000,-0.6500000000,1.3000000000,-0.1264012244,0.0000000000,2.5315451713,2.9875326181,2.8658138128,1.3439587786,-0.9279475152,-1.2531100572,-1.0819593317,2.7542423192,-3.1209493127,-2.8543201556,0.9156869722,0.0158414408,-1.0226594579,-0.6065221754,1.0000000000,1.0000000000,0.0000000000,0.0000000000,0.0000000000
0.0200000000,-0.6500000000,1.3000000000,-0.1264012244,0.0000000000,2.5307767614,2.9876885165,2.8658541504,1.3461599637,-0.9280097803,-1.2524145237,-1.0819593317,2.7567229783,-3.1206302757,-2.8548422337,0.9147524960,0.0159388745,-1.0247360180,-0.6065221754,1.0000000000,1.0000000000,0.0000000000,0.0000000000,0.0000000000
0.0200000000,-0.6500000000,1.3000000000,-0.1264012244,0.0000000000,2.5302045174,2.9878056723,2.8658837782,1.3478005996,-0.9280558106,-1.2519041445,-1.0819593317,2.7586079244,-3.1203896891,-2.8552363250,0.9140397440,0.0160109594,-1.0263168990,-0.6065221754,1.0000000000,1.0000000000,0.0000000000,0.0000000000,0.0000000000
0.0200000000,-0.6500000000,1.3000000000,-0.1264012244,0.0000000000,2.5297991941,2.9878915840,2.8659033813,1.3489632736,-0.9280872550,-1.2515563865,-1.0819593317,2.7600124523,-3.1202132687,-2.8555252986,0.9135048134,0.0160613800,-1.0274990898,-0.6065221754,1.0000000000,1.0000000000,0.0000000000,0.0000000000,0.0000000000
0.0200000000,-0.6500000000,1.3000000000,-0.1264012244,0.0000000000,2.5295131761,2.9879551821,2.8659158179,1.3497844214,-0.9281082737,-1.2513251594,-1.0819593317,2.7610749764,-3.1200826191,-2.8557393367,0.9130963332,0.0160962939,-1.0283976206,-0.6065221754,1.0000000000,1.0000000000,0.0000000000,0.0000000000,0.0000000000
0.0200000000,-0.6500000000,1.3000000000,-0.1264012244,0.0000000000,2.5292988475,2.9880053971,2.8659239465,1.3504004788,-0.9281230272,-1.2511643728,-1.0819593317,2.7619339108,-3.1199793451,-2.8559086211,0.9127629326,0.0161218586,-1.0291275218,-0.6065221754,1.0000000000,1.0000000000,0.0000000000,0.0000000000,0.0000000000
0.0200000000,-0.6500000000,1.3000000000,-0.1264012244,0.0000000000,2.5291055245,2.9880517426,2.8659308088,1.3509567145,-0.9281359440,-1.2510250990,-1.0819593317,2.7627371977,-3.1198838253,-2.8560653660,0.9124496435,0.0161446185,-1.0298118134,-0.6065221754,1.0000000000,1.0000000000,0.0000000000,0.0000000000,0.0000000000
0.0200000000,-0.6500000000,1.3000000000,-0.1264012244,0.0000000000,2.5288786269,2.9881044322,2.8659396889,1.3516094743,-0.9281517990,-1.2508542999,-1.0819593317,2.7636425181,-3.1197750460,-2.8562440283,0.9120980283,0.0161716450,-1.0305814403,-0.6065221754,1.0000000000,1.0000000000,0.0000000000,0.0000000000,0.0000000000
0.0200000000,-0.6500000000,1.3000000000,-0.1264012244,0.0000000000,2.5286201053,2.9881626748,2.8659506580,1.3523529196,-0.9281705779,-1.2506515005,-1.0819593317,2.7646325541,-3.1196547168,-2.8564417135,0.9117153196,0.0162028062,-1.0314211002,-0.6065221754,1.0000000000,1.0000000000,0.0000000000,0.0000000000,0.0000000000
0.0200000000,-0.6500000000,1.3000000000,-0.1264012244,0.0000000000,2.5283838675,2.9882158459,2.8659607079,1.3530322891,-0.9281877596,-1.2504660364,-1.0819593317,2.7655365673,-3.1195448173,-2.8566222538,0.9113658525,0.0162312752,-1.0321878068,-0.6065221754,1.0000000000,1.0000000000,0.0000000000,0.0000000000,0.0000000000
0.0200000000,-0.6500000000,1.3000000000,-0.1264012244,0.0000000000,2.5281737005,2.9882635851,2.8659694563,1.3536369335,-0.9282028845,-1.2503035093,-1.0819593317,2.7663530988,-3.1194460257,-2.8567846081,0.9110495103,0.0162564641,-1.0328810911,-0.6065221754,1.0000000000,1.0000000000,0.0000000000,0.0000000000,0.0000000000
0.0200000000,-0.6500000000,1.3000000000,-0.1264012244,0.0000000000,2.5279785174,2.9883085772,2.8659773030,1.3541990056,-0.9282167012,-1.2501566274,-1.0819593317,2.7671312942,-3.1193526778,-2.8569382123,0.9107468680,0.0162796289,-1.0335431376,-0.6065221754,1.0000000000,1.0000000000,0.0000000000,0.0000000000,0.0000000000
0.0200000000,-0.6500000000,1.3000000000,-0.1264012244,0.0000000000,2.5277838358,2.9883541435,2.8659848465,1.3547603205,-0.9282302504,-1.2500146421,-1.0819593317,2.7679294210,-3.1192578417,-2.8570945472,0.9104352021,0.0163024792,-1.0342236080,-0.6065221754,1.0000000000,1.0000000000,0.0000000000,0.0000000000,0.0000000000
0.0200000000,-0.6500000000,1.3000000000,-0.1264012244,0.0000000000,2.5275779755,2.9884030107,2.8659925498,1.3553546501,-0.9282443550,-1.2498692036,-1.0819593317,2.7687960160,-3.1191558050,-2.8572630922,0.9100954958,0.0163263760,-1.0349639719,-0.6065221754,1.0000000000,1.0000000000,0.0000000000,0.0000000000,0.0000000000
0.0200000000,-0.6500000000,1.3000000000,-0.1264012244,0.0000000000,2.5273494745,2.9884578661,2.8660008626,1.3560151467,-0.9282598187,-1.2497121913,-1.0819593317,2.7697790665,-3.1190409341,-2.8574532006,0.9097089281,0.0163526506,-1.0358052516,-0.6065221754,1.0000000000,1.0000000000,0.0000000000,0.0000000000,0.0000000000
0.0200000000,-0.6500000000,1.3000000000,-0.1264012244,0.0000000000,2.5270868709,2.9885213970,2.8660102345,1.3567749627,-0.9282774453,-1.2495354847,-1.0819593317,2.7709265594,-3.1189075955,-2.8576742253,0.9092566778,0.0163826344,-1.0367884694,-0.6065221754,1.0000000000,1.0000000000,0.0000000000,0.0000000000,0.0000000000
0.0200000000,-0.6500000000,1.3000000000,-0.1264012244,0.0000000000,2.5267536372,2.9886026436,2.8660218956,1.3577401240,-0.9282996284,-1.2493161189,-1.0819593317,2.7724057253,-3.1187366799,-2.8579580051,0.9086723990,0.0164204062,-1.0380574380,-0.6065221754,1.0000000000,1.0000000000,0.0000000000,0.0000000000,0.0000000000
0.0200000000,-0.6500000000,1.3000000000,-0.1264012244,0.0000000000,2.5263143072,2.9887107298,2.8660368887,1.3590137897,-0.9283285656,-1.2490337910,-1.0819593317,2.7743888253,-3.1185088174,-2.8583368541,0.9078872873,0.0164698146,-1.0397608091,-0.6065221754,1.0000000000,1.0000000000,0.0000000000,0.0000000000,0.0000000000
0.0200000000,-0.6500000000,1.3000000000,-0.1264012244,0.0000000000,2.5258365892,2.9888287853,2.8660529848,1.3603993832,-0.9283598633,-1.2487304732,-1.0819593317,2.7765628752,-3.1182596847,-2.8587513322,0.9070256474,0.0165233321,-1.0416292833,-0.6065221754,1.0000000000,1.0000000000,0.0000000000,0.0000000000,0.0000000000
0.0200000000,-0.6500000000,1.3000000000,-0.1264012244,0.0000000000,2.5254001875,2.9889368961,2.8660675841,1.3616654634,-0.9283883692,-1.2484552482,-1.0819593317,2.7785578308,-3.1180314111,-2.8591312403,0.9062345210,0.0165721159,-1.0433443816,-0.6065221754,1.0000000000,1.0000000000,0.0000000000,0.0000000000,0.0000000000
0.0200000000,-0.6500000000,1.3000000000,-0.1264012244,0.0000000000,2.5250848059,2.9890151478,2.8660780869,1.3625805896,-0.9284089312,-1.2482571986,-1.0819593317,2.7800036481,-3.1178661262,-2.8594063793,0.9056609500,0.0166073231,-1.0445876246,-0.6065221754,1.0000000000,1.0000000000,0.0000000000,0.0000000000,0.0000000000
0.0200000000,-0.6500000000,1.3000000000,-0.1264012244,0.0000000000,2.5249862320,2.9890396313,2.8660813595,1.3628666472,-0.9284153497,-1.2481954763,-1.0819593317,2.7804564042,-3.1178143995,-2.8594924981,0.9054812923,0.0166183171,-1.0449769969,-0.6065221754,1.0000000000,1.0000000000,0.0000000000,0.0000000000,0.0000000000
0.0200000000,-0.6500000000,1.3000000000,-0.1264012244,0.0000000000,2.5249862320,2.9890396313,2.8660813595,1.3628666472,-0.9284153497,-1.2481954763,-1.0819593317,2.7804564042,-3.1178143995,-2.8594924981,0.9054812923,0.0166183171,-1.0449769969,-0.6065221754,1.0000000000,1.0000000000,0.0000000000,0.0000000000,0.0000000000
0.0200000000,-0.6500000000,1.3000000000,-0.1264012244,0.0000000000,2.5249862320,2.9890396313,2.8660813595,1.3628666472,-0.9284153497,-1.2481954763,-1.0819593317,2.7804564042,-3.1178143995,-2.8594924981,0.9054812923,0.0166183171,-1.0449769969,-0.6065221754,1.0000000000,1.0000000000,0.0000000000,0.0000000000,0.0000000000
0.0200000000,-0.6500000000,1.3000000000,-0.1264012244,0.0000000000,2.5249862320,2.9890396313,2.8660813595,1.3628666472,-0.9284153497,-1.2481954763,-1.0819593317,2.7804564042,-3.1178143995,-2.8594924981,0.9054812923,0.0166183171,-1.0449769969,-0.6065221754,1.0000000000,1.0000000000,0.0000000000,0.0000000000,0.0000000000
0.0200000000,-0.6500000000,1.3000000000,-0.1264012244,0.0000000000,2.5249862320,2.9890396313,2.8660813595,1.3628666472,-0.9284153497,-1.2481954763,-1.0819593317,2.7804564042,-3.1178143995,-2.8594924981,0.9054812923,0.0166183171,-1.0449769969,-0.6065221754,1.0000000000,1.0000000000,0.0000000000,0.0000000000,0.0000000000
0.0200000000,-0.6500000000,1.3000000000,-0.1264012244,0.0000000000,2.5249862320,2.9890396313,2.8660813595,1.3628666472,-0.9284153497,-1.2481954763,-1.0819593317,2.7804564042,-3.1178143995,-2.8594924981,0.9054812923,0.0166183171,-1.0449769969,-0.6065221754,1.0000000000,1.0000000000,0.0000000000,0.0000000000,0.0000000000
0.0200000000,-0.6500000000,1.3000000000,-0.1264012244,0.0000000000,2.5249862320,2.9890396313,2.8660813595,1.3628666472,-0.9284153497,-1.2481954763,-1.0819593317,2.7804564042,-3.1178143995,-2.8594924981,0.9054812923,0.0166183171,-1.0449769969,-0.6065221754,1.0000000000,1.0000000000,0.0000000000,0.0000000000,0.0000000000
0.0200000000,-0.6500000000,1.3000000000,-0.1264012244,0.0000000000,2.5249862320,2.9890396313,2.8660813595,1.3628666472,-0.9284153497,-1.2481954763,-1.0819593317,2.7804564042,-3.1178143995,-2.8594924981,0.9054812923,0.0166183171,-1.0449769969,-0.6065221754,1.0000000000,1.0000000000,0.0000000000,0.0000000000,0.0000000000
0.0200000000,-0.6500000000,1.3000000000,-0.1264012244,0.0000000000,2.5249862320,2.9890396313,2.8660813595,1.3628666472,-0.9284153497,-1.2481954763,-1.0819593317,2.7804564042,-3.1178143995,-2.8594924981,0.9054812923,0.0166183171,-1.0449769969,-0.6065221754,1.0000000000,1.0000000000,0.0000000000,0.0000000000,0.0000000000
0.0200000000,-0.6500000000,1.3000000000,-0.1264012244,0.0000000000,2.5249862320,2.9890396313,2.8660813595,1.3628666472,-0.9284153497,-1.2481954763,-1.0819593317,2.7804564042,-3.1178143995,-2.8594924981,0.9054812923,0.0166183171,-1.0449769969,-0.6065221754,1.0000000000,1.0000000000,0.0000000000,0.0000000000,0.0000000000
0.0200000000,-0.6500000000,1.3000000000,-0.1264012244,0.0000000000,2.5249862320,2.9890396313,2.8660813595,1.3628666472,-0.9284153497,-1.2481954763,-1.0819593317,2.7804564042,-3.1178143995,-2.8594924981,0.9054812923,0.0166183171,-1.0449769969,-0.6065221754,1.0000000000,1.0000000000,0.0000000000,0.0000000000,0.0000000000
0.0200000000,-0.6500000000,1.3000000000,-0.1264012244,0.0000000000,2.5249862320,2.9890396313,2.8660813595,1.3628666472,-0.9284153497,-1.2481954763,-1.0819593317,2.7804564042,-3.1178143995,-2.8594924981,0.9054812923,0.0166183171,-1.0449769969,-0.6065221754,1.0000000000,1.0000000000,0.0000000000,0.0000000000,0.0000000000
0.0200000000,-0.6500000000,1.3000000000,-0.1264012244,0.0000000000,2.5249862320,2.9890396313,2.8660813595,1.3628666472,-0.9284153497,-1.2481954763,-1.0819593317,2.7804564042,-3.1178143995,-2.8594924981,0.9054812923,0.0166183171,-1.0449769969,-0.6065221754,1.0000000000,1.0000000000,0.0000000000,0.0000000000,0.0000000000
0.0200000000,-0.6500000000,1.3000000000,-0.1264012244,0.0000000000,2.5249862320,2.9890396313,2.8660813595,1.3628666472,-0.9284153497,-1.2481954763,-1.0819593317,2.7804564042,-3.1178143995,-2.8594924981,0.9054812923,0.0166183171,-1.0449769969,-0.6065221754,1.0000000000,1.0000000000,0.0000000000,0.0000000000,0.0000000000
0.0200000000,-0.6500000000,1.3000000000,-0.1264012244,0.0000000000,2.5249862320,2.9890396313,2.8660813595,1.3628666472,-0.9284153497,-1.2481954763,-1.0819593317,2.7804564042,-3.1178143995,-2.8594924981,0.9054812923,0.0166183171,-1.0449769969,-0.6065221754,1.0000000000,1.0000000000,0.0000000000,0.0000000000,0.0000000000
0.0200000000,-0.6500000000,1.3000000000,-0.1264012244,0.0000000000,2.5249862320,2.9890396313,2.8660813595,1.3628666472,-0.9284153497,-1.2481954763,-1.0819593317,2.7804564042,-3.1178143995,-2.8594924981,0.9054812923,0.0166183171,-1.0449769969,-0.6065221754,1.0000000000,1.0000000000,0.0000000000,0.0000000000,0.0000000000
0.0200000000,-0.6500000000,1.3000000000,-0.1264012244,0.0000000000,2.5249862320,2.9890396313,2.8660813595,1.3628666472,-0.9284153497,-1.2481954763,-1.0819593317,2.7804564042,-3.1178143995,-2.8594924981,0.9054812923,0.0166183171,-1.0449769969,-0.6065221754,1.0000000000,1.0000000000,0.0000000000,0.0000000000,0.0000000000
0.0200000000,-0.6500000000,1.3000000000,-0.1264012244,0.0000000000,2.5249862320,2.9890396313,2.8660813595,1.3628666472,-0.9284153497,-1.2481954763,-1.0819593317,2.7804564042,-3.1178143995,-2.8594924981,0.9054812923,0.0166183171,-1.0449769969,-0.6065221754,1.0000000000,1.0000000000,0.0000000000,0.0000000000,0.0000000000
0.0200000000,-0.6500000000,1.3000000000,-0.1264012244,0.0000000000,2.5249862320,2.9890396313,2.8660813595,1.3628666472,-0.9284153497,-1.2481954763,-1.0819593317,2.7804564042,-3.1178143995,-2.8594924981,0.9054812923,0.0166183171,-1.0449769969,-0.6065221754,1.0000000000,1.0000000000,0.0000000000,0.0000000000,0.0000000000
0.0200000000,-0.6500000000,1.3000000000,-0.1264012244,0.0000000000,2.5249862320,2.9890396313,2.8660813595,1.3628666472,-0.9284153497,-1.2481954763,-1.0819593317,2.7804564042,-3.1178143995,-2.8594924981,0.9054812923,0.0166183171,-1.0449769969,-0.6065221754,1.0000000000,1.0000000000,0.0000000000,0.0000000000,0.0000000000
0.0200000000,-0.6500000000,1.3000000000,-0.1264012244,0.0000000000,2.5249862320,2.9890396313,2.8660813595,1.3628666472,-0.9284153497,-1.2481954763,-1.0819593317,2.7804564042,-3.1178143995,-2.8594924981,0.9054812923,0.0166183171,-1.0449769969,-0.6065221754,1.0000000000,1.0000000000,0.0000000000,0.0000000000,0.0000000000
0.0200000000,-0.6500000000,1.3000000000,-0.1264012244,0.0000000000,2.5249862320,2.9890396313,2.8660813595,1.3628666472,-0.9284153497,-1.2481954763,-1.0819593317,2.7804564042,-3.1178143995,-2.8594924981,0.9054812923,0.0166183171,-1.0449769969,-0.6065221754,1.0000000000,1.0000000000,0.0000000000,0.0000000000,0.0000000000
0.0200000000,-0.6500000000,1.3000000000,-0.1264012244,0.0000000000,2.5249862320,2.9890396313,2.8660813595,1.3628666472,-0.9284153497,-1.2481954763,-1.0819593317,2.7804564042,-3.1178143995,-2.8594924981,0.9054812923,0.0166183171,-1.0449769969,-0.6065221754,1.0000000000,1.0000000000,0.0000000000,0.0000000000,0.0000000000
0.0200000000,-0.6500000000,1.3000000000,-0.1264012244,0.0000000000,2.5249862320,2.9890396313,2.8660813595,1.3628666472,-0.9284153497,-1.2481954763,-1.0819593317,2.7804564042,-3.1178143995,-2.8594924981,0.9054812923,0.0166183171,-1.0449769969,-0.6065221754,1.0000000000,1.0000000000,0.0000000000,0.0000000000,0.0000000000
0.0200000000,-0.6500000000,1.3000000000,-0.1264012244,0.0000000000,2.5249862320,2.9890396313,2.8660813595,1.3628666472,-0.9284153497,-1.2481954763,-1.0819593317,2.7804564042,-3.1178143995,-2.8594924981,0.9054812923,0.0166183171,-1.0449769969,-0.6065221754,1.0000000000,1.0000000000,0.0000000000,0.0000000000,0.0000000000
0.0200000000,-0.6500000000,1.3000000000,-0.1264012244,0.0000000000,2.5249862320,2.9890396313,2.8660813595,1.3628666472,-0.9284153497,-1.2481954763,-1.0819593317,2.7804564042,-3.1178143995,-2.8594924981,0.9054812923,0.0166183171,-1.0449769969,-0.6065221754,1.0000000000,1.0000000000,0.0000000000,0.0000000000,0.0000000000
0.0200000000,-0.6500000000,1.3000000000,-0.1264012244,0.0000000000,2.5249862320,2.9890396313,2.8660813595,1.3628666472,-0.9284153497,-1.2481954763,-1.0819593317,2.7804564042,-3.1178143995,-2.8594924981,0.9054812923,0.0166183171,-1.0449769969,-0.6065221754,1.0000000000,1.0000000000,0.0000000000,0.0000000000,0.0000000000
0.0200000000,-0.6500000000,1.3000000000,-0.1264012244,0.0000000000,2.5249862320,2.9890396313,2.8660813595,1.3628666472,-0.9284153497,-1.2481954763,-1.0819593317,2.7804564042,-3.1178143995,-2.8594924981,0.9054812923,0.0166183171,-1.0449769969,-0.6065221754,1.0000000000,1.0000000000,0.0000000000,0.0000000000,0.0000000000
0.0200000000,-0.6500000000,1.3000000000,-0.1264012244,0.0000000000,2.5249862320,2.9890396313,2.8660813595,1.3628666472,-0.9284153497,-1.2481954763,-1.0819593317,2.7804564042,-3.1178143995,-2.8594924981,0.9054812923,0.0166183171,-1.0449769969,-0.6065221754,1.0000000000,1.0000000000,0.0000000000,0.0000000000,0.0000000000
0.0200000000,-0.6500000000,1.3000000000,-0.1264012244,0.0000000000,2.5249862320,2.9890396313,2.8660813595,1.3628666472,-0.9284153497,-1.2481954763,-1.0819593317,2.7804564042,-3.1178143995,-2.8594924981,0.9054812923,0.0166183171,-1.0449769969,-0.6065221754,1.0000000000,1.0000000000,0.0000000000,0.0000000000,0.0000000000
0.0200000000,-0.6500000000,1.3000000000,-0.1264012244,0.0000000000,2.5249862320,2.9890396313,2.8660813595,1.3628666472,-0.9284153497,-1.2481954763,-1.0819593317,2.7804564042,-3.1178143995,-2.8594924981,0.9054812923,0.0166183171,-1.0449769969,-0.6065221754,1.0000000000,1.0000000000,0.0000000000,0.0000000000,0.0000000000
0.0200000000,-0.6500000000,1.3000000000,-0.1264012244,0.0000000000,2.5249862320,2.9890396313,2.8660813595,1.3628666472,-0.9284153497,-1.2481954763,-1.0819593317,2.7804564042,-3.1178143995,-2.8594924981,0.9054812923,0.0166183171,-1.0449769969,-0.6065221754,1.0000000000,1.0000000000,0.0000000000,0.0000000000,0.0000000000
0.0200000000,-0.6500000000,1.3000000000,-0.1264012244,0.0000000000,2.5249862320,2.9890396313,2.8660813595,1.3628666472,-0.9284153497,-1.2481954763,-1.0819593317,2.7804564042,-3.1178143995,-2.8594924981,0.9054812923,0.0166183171,-1.0449769969,-0.6065221754,1.0000000000,1.0000000000,0.0000000000,0.0000000000,0.0000000000
0.0200000000,-0.6500000000,1.3000000000,-0.1264012244,0.0000000000,2.5249862320,2.9890396313,2.8660813595,1.3628666472,-0.9284153497,-1.2481954763,-1.0819593317,2.7804564042,-3.1178143995,-2.8594924981,0.9054812923,0.0166183171,-1.0449769969,-0.6065221754,1.0000000000,1.0000000000,0.0000000000,0.0000000000,0.0000000000
0.0200000000,-0.6500000000,1.3000000000,-0.1264012244,0.0000000000,2.5249862320,2.9890396313,2.8660813595,1.3628666472,-0.9284153497,-1.2481954763,-1.0819593317,2.7804564042,-3.1178143995,-2.8594924981,0.9054812923,0.0166183171,-1.0449769969,-0.6065221754,1.0000000000,1.0000000000,0.0000000000,0.0000000000,0.0000000000
0.0200000000,-0.6500000000,1.3000000000,-0.1264012244,0.0000000000,2.5249862320,2.9890396313,2.8660813595,1.3628666472,-0.9284153497,-1.2481954763,-1.0819593317,2.7804564042,-3.1178143995,-2.8594924981,0.9054812923,0.0166183171,-1.0449769969,-0.6065221754,1.0000000000,1.0000000000,0.0000000000,0.0000000000,0.0000000000
0.0200000000,-0.6500000000,1.3000000000,-0.1264012244,0.0000000000,2.5249862320,2.9890396313,2.8660813595,1.3628666472,-0.9284153497,-1.2481954763,-1.0819593317,2.7804564042,-3.1178143995,-2.8594924981,0.9054812923,0.0166183171,-1.0449769969,-0.6065221754,1.0000000000,1.0000000000,0.0000000000,0.0000000000,0.0000000000
0.0200000000,-0.6500000000,1.3000000000,-0.1264012244,0.0000000000,2.5249862320,2.9890396313,2.8660813595,1.3628666472,-0.9284153497,-1.2481954763,-1.0819593317,2.7804564042,-3.1178143995,-2.8594924981,0.9054812923,0.0166183171,-1.0449769969,-0.6065221754,1.0000000000,1.0000000000,0.0000000000,0.0000000000,0.0000000000
0.0200000000,-0.6500000000,1.3000000000,-0.1264012244,0.0000000000,2.5249862320,2.9890396313,2.8660813595,1.3628666472,-0.9284153497,-1.2481954763,-1.0819593317,2.7804564042,-3.1178143995,-2.8594924981,0.9054812923,0.0166183171,-1.0449769969,-0.6065221754,1.0000000000,1.0000000000,0.0000000000,0.0000000000,0.0000000000
0.0200000000,-0.6500000000,1.3000000000,-0.1264012244,0.0000000000,2.5249862320,2.9890396313,2.8660813595,1.3628666472,-0.9284153497,-1.2481954763,-1.0819593317,2.7804564042,-3.1178143995,-2.8594924981,0.9054812923,0.0166183171,-1.0449769969,-0.6065221754,1.0000000000,1.0000000000,0.0000000000,0.0000000000,0.0000000000
0.0200000000,-0.6500000000,1.3000000000,-0.1264012244,0.0000000000,2.5249862320,2.9890396313,2.8660813595,1.3628666472,-0.9284153497,-1.2481954763,-1.0819593317,2.7804564042,-3.1178143995,-2.8594924981,0.9054812923,0.0166183171,-1.0449769969,-0.6065221754,1.0000000000,1.0000000000,0.0000000000,0.0000000000,0.0000000000
0.0200000000,-0.6500000000,1.3000000000,-0.1264012244,0.0000000000,2.5249862320,2.9890396313,2.8660813595,1.3628666472,-0.9284153497,-1.2481954763,-1.0819593317,2.7804564042,-3.1178143995,-2.8594924981,0.9054812923,0.0166183171,-1.0449769969,-0.6065221754,1.0000000000,1.0000000000,0.0000000000,0.0000000000,0.0000000000
0.0200000000,-0.6500000000,1.3000000000,-0.1264012244,0.0000000000,2.5249862320,2.9890396313,2.8660813595,1.3628666472,-0.9284153497,-1.2481954763,-1.0819593317,2.7804564042,-3.1178143995,-2.8594924981,0.9054812923,0.0166183171,-1.0449769969,-0.6065221754,1.0000000000,1.0000000000,0.0000000000,0.0000000000,0.0000000000
0.0200000000,-0.6500000000,1.3000000000,-0.1264012244,0.0000000000,2.5249862320,2.9890396313,2.8660813595,1.3628666472,-0.9284153497,-1.2481954763,-1.0819593317,2.7804564042,-3.1178143995,-2.8594924981,0.9054812923,0.0166183171,-1.0449769969,-0.6065221754,1.0000000000,1.0000000000,0.0000000000,0.0000000000,0.0000000000
0.0200000000,-0.6500000000,1.3000000000,-0.1264012244,0.0000000000,2.5249862320,2.9890396313,2.8660813595,1.3628666472,-0.9284153497,-1.2481954763,-1.0819593317,2.7804564042,-3.1178143995,-2.8594924981,0.9054812923,0.0166183171,-1.0449769969,-0.6065221754,1.0000000000,1.0000000000,0.0000000000,0.0000000000,0.0000000000
0.0200000000,-0.6500000000,1.3000000000,-0.1264012244,0.0000000000,2.5249862320,2.9890396313,2.8660813595,1.3628666472,-0.9284153497,-1.2481954763,-1.0819593317,2.7804564042,-3.1178143995,-2.8594924981,0.9054812923,0.0166183171,-1.0449769969,-0.6065221754,1.0000000000,1.0000000000,0.0000000000,0.0000000000,0.0000000000
0.0200000000,-0.6500000000,1.3000000000,-0.1264012244,0.0000000000,2.5249862320,2.9890396313,2.8660813595,1.3628666472,-0.9284153497,-1.2481954763,-1.0819593317,2.7804564042,-3.1178143995,-2.8594924981,0.9054812923,0.0166183171,-1.0449769969,-0.6065221754,1.0000000000,1.0000000000,0.0000000000,0.0000000000,0.0000000000
0.0200000000,-0.6500000000,1.3000000000,-0.1264012244,0.0000000000,2.5249862320,2.9890396313,2.8660813595,1.3628666472,-0.9284153497,-1.2481954763,-1.0819593317,2.7804564042,-3.1178143995,-2.8594924981,0.9054812923,0.0166183171,-1.0449769969,-0.6065221754,1.0000000000,1.0000000000,0.0000000000,0.0000000000,0.0000000000
0.0200000000,-0.6500000000,1.3000000000,-0.1264012244,0.0000000000,2.5249862320,2.9890396313,2.8660813595,1.3628666472,-0.9284153497,-1.2481954763,-1.0819593317,2.7804564042,-3.1178143995,-2.8594924981,0.9054812923,0.0166183171,-1.0449769969,-0.6065221754,1.0000000000,1.0000000000,0.0000000000,0.0000000000,0.0000000000
0.0200000000,-0.6500000000,1.3000000000,-0.1264012244,0.0000000000,2.5249862320,2.9890396313,2.8660813595,1.3628666472,-0.9284153497,-1.2481954763,-1.0819593317,2.7804564042,-3.1178143995,-2.8594924981,0.9054812923,0.0166183171,-1.0449769969,-0.6065221754,1.0000000000,1.0000000000,0.0000000000,0.0000000000,0.0000000000
0.0170963526,-0.6500000000,1.3000000000,-0.1264012244,0.0000000000,2.5249862320,2.9890396313,2.8660813595,1.3628666472,-0.9284153497,-1.2481954763,-1.0819593317,2.7804564042,-3.1178143995,-2.8594924981,0.9054812923,0.0166183171,-1.0449769969,-0.6065221754,1.0000000000,1.0000000000,0.0000000000,0.0000000000,0.0000000000
